osm_id,matrix_index
512034,0
512039,1
512051,2
512057,3
512063,4
512064,5
20977775,6
20977783,7
20977807,8
20978209,9
20978257,10
20978316,11
20978320,12
20978340,13
20978343,14
20978551,15
20978627,16
20978722,17
20978726,18
20978790,19
20978794,20
20978821,21
21133583,22
21280193,23
21280251,24
21280254,25
21280286,26
21280316,27
21280319,28
21280345,29
21280388,30
21280413,31
21432788,32
21432792,33
21432834,34
21432842,35
21432844,36
21432861,37
21648788,38
21648952,39
21649702,40
21649767,41
21649781,42
21649787,43
21650017,44
21650045,45
21672845,46
21672882,47
21672897,48
21672943,49
21672958,50
21672962,51
21673578,52
21673581,53
21673584,54
21673613,55
21686234,56
21686237,57
21686260,58
21686265,59
21686269,60
21686272,61
21686296,62
21686313,63
21686318,64
21686358,65
21686371,66
21686374,67
21686395,68
21686411,69
21686419,70
21686456,71
21686467,72
21686469,73
21686472,74
21686475,75
21686479,76
21686487,77
21686490,78
21686503,79
21686509,80
21686515,81
21686594,82
21686610,83
21686908,84
21686909,85
21686911,86
21687044,87
21687048,88
21687052,89
21687093,90
21687117,91
21687123,92
21732654,93
21732656,94
21732671,95
21732679,96
21732697,97
21732874,98
21732929,99
21732936,100
21732959,101
21732980,102
21732984,103
21732988,104
21732995,105
21733267,106
21733269,107
21733272,108
21733274,109
21733275,110
21733283,111
21733284,112
21733290,113
21733301,114
21733321,115
21733328,116
21733330,117
21733331,118
21733332,119
21817951,120
21817963,121
21817966,122
21818014,123
21818094,124
21818096,125
21818133,126
21818143,127
21818201,128
21818213,129
21818215,130
21818218,131
21818244,132
21818249,133
21818251,134
21818254,135
21818266,136
24306323,137
24306337,138
24306344,139
24306390,140
24306395,141
24306424,142
24306464,143
24306472,144
24311169,145
24311258,146
24311332,147
24311381,148
24311614,149
24311677,150
24311697,151
24311744,152
24311944,153
24360236,154
24555431,155
24555473,156
24555474,157
24555481,158
24555496,159
24555507,160
24555545,161
24555547,162
24555564,163
24555573,164
24555574,165
24958081,166
24958083,167
24958098,168
24958158,169
24958163,170
24958167,171
24958178,172
24958180,173
24958183,174
24958187,175
24958194,176
24958197,177
24958203,178
24958205,179
24958206,180
24958208,181
24958210,182
24958212,183
24958219,184
24958221,185
24958224,186
25029794,187
25029808,188
25029841,189
25030939,190
25030944,191
25030949,192
25030954,193
25030957,194
25030979,195
25031025,196
25031031,197
25031035,198
25031043,199
25031048,200
25031050,201
25031069,202
25031097,203
25031103,204
25100837,205
25100845,206
25100858,207
25103088,208
25103117,209
25105821,210
25105953,211
25113818,212
25113830,213
25113833,214
25117432,215
25117447,216
25117503,217
25117508,218
25283538,219
25283546,220
25283557,221
25283578,222
25283580,223
25283582,224
25283584,225
25283588,226
25283590,227
25283591,228
25283631,229
25283640,230
25283646,231
25283662,232
25283727,233
25283783,234
25283809,235
25283810,236
25284066,237
25284069,238
25422067,239
25422068,240
25422070,241
25422071,242
25422074,243
25422075,244
25422076,245
25422081,246
25422086,247
25438844,248
25440131,249
25552996,250
25553000,251
25553025,252
25553050,253
25553053,254
25553070,255
25553075,256
25553088,257
25553096,258
25553132,259
25553134,260
25928708,261
25928709,262
25928711,263
25928712,264
25928719,265
25928721,266
26421523,267
26421527,268
26421529,269
26421531,270
26421534,271
26421538,272
26734760,273
26734761,274
26744721,275
26744735,276
26744737,277
26744739,278
26744741,279
26744757,280
26744826,281
26744854,282
26744869,283
26744871,284
26744882,285
26744883,286
26744889,287
26744912,288
26744915,289
26744931,290
26744933,291
26745775,292
26745785,293
26745799,294
26745821,295
26745824,296
26745826,297
26745834,298
26745836,299
26745850,300
26745868,301
26745908,302
26745913,303
26745917,304
26745918,305
26754383,306
26754384,307
26754386,308
26754387,309
26754432,310
26754434,311
26768322,312
26768323,313
26768326,314
26819800,315
26819802,316
26819805,317
26819809,318
26819811,319
26819851,320
26819869,321
26819876,322
26819891,323
26819892,324
26819953,325
26907020,326
26915333,327
26915335,328
26915336,329
26915341,330
26915342,331
26915350,332
26915351,333
26915352,334
26915354,335
26915356,336
26915362,337
26915366,338
26915380,339
26915393,340
26915399,341
26915439,342
26915441,343
26915452,344
26915456,345
26915508,346
26915509,347
26915522,348
26915525,349
26915542,350
26936832,351
26936902,352
26936904,353
26936931,354
26936932,355
26936933,356
26936934,357
26936935,358
26936936,359
26936937,360
26936938,361
26936940,362
26936946,363
26936967,364
26936968,365
26936969,366
26936970,367
26936971,368
26936973,369
26938716,370
26938717,371
26938718,372
26938719,373
26938721,374
27088458,375
27088461,376
27088467,377
27088471,378
27088479,379
27088480,380
27088481,381
27088482,382
27088492,383
27088507,384
27194895,385
27194900,386
27194902,387
27194904,388
27194905,389
27194916,390
27194921,391
27194922,392
27194923,393
27194925,394
27194927,395
27194929,396
27194932,397
27194940,398
27194941,399
27194943,400
27194947,401
27194954,402
27194958,403
27194959,404
27194960,405
27194961,406
27194964,407
27194965,408
27194968,409
27194969,410
27194975,411
27194987,412
27194989,413
27212962,414
27212974,415
27212980,416
27213003,417
27213006,418
27213014,419
27213017,420
27213062,421
27213072,422
27213101,423
27213116,424
27213121,425
27213137,426
27427973,427
27427992,428
27427995,429
27428016,430
27428128,431
27428129,432
27428130,433
27428132,434
27428361,435
27428375,436
27537983,437
27537989,438
27537993,439
27537998,440
27538005,441
27538064,442
27538078,443
27538087,444
27538116,445
27538122,446
27538130,447
27538138,448
27749563,449
27787754,450
30222159,451
30222167,452
30298853,453
30324356,454
30347275,455
30553227,456
30553228,457
30553230,458
30559005,459
30559007,460
30559031,461
30559033,462
30559045,463
30559047,464
30559051,465
30560615,466
30560616,467
30560617,468
30560619,469
30560625,470
30560634,471
30560639,472
30560656,473
30560679,474
30560684,475
30560694,476
30560711,477
30560713,478
30560723,479
30560728,480
30560737,481
30560739,482
30560741,483
30560744,484
30560805,485
30560806,486
30560807,487
30560812,488
30561264,489
30561265,490
30561269,491
30561270,492
30561271,493
30561292,494
30561536,495
30561549,496
30561550,497
30561551,498
30561569,499
30561596,500
30561872,501
30561874,502
30561892,503
30561964,504
30561966,505
30561974,506
31380987,507
31380988,508
32161926,509
32161927,510
32161932,511
32161935,512
32161940,513
32161946,514
32161955,515
32164304,516
32175710,517
32177021,518
32530888,519
32530890,520
32530893,521
32530894,522
32530900,523
32648101,524
32648102,525
32648104,526
32648106,527
32648108,528
32648112,529
33146152,530
33146158,531
33146181,532
33146187,533
33489972,534
33489985,535
33489999,536
33490014,537
33490024,538
33490050,539
33490408,540
33490415,541
33490419,542
33490453,543
33490994,544
34822542,545
35127152,546
35689148,547
35689149,548
35689214,549
35689221,550
35689224,551
35689227,552
35689233,553
35689238,554
35799300,555
35799311,556
35799314,557
35799317,558
35799319,559
35803367,560
35803370,561
35803374,562
35803378,563
35803381,564
35803386,565
35803389,566
35803393,567
35803397,568
35803399,569
35803405,570
35803408,571
35803412,572
35803421,573
35803425,574
35964588,575
35964592,576
36133847,577
36133848,578
36134740,579
36301133,580
36301150,581
36301155,582
36301194,583
36301199,584
36306136,585
36306137,586
36306139,587
36306142,588
36306144,589
36306156,590
36306162,591
36306169,592
39955745,593
39955839,594
39956093,595
40131266,596
40131285,597
40131289,598
40131323,599
40131385,600
40131390,601
40131467,602
40131527,603
40131542,604
40131563,605
40131578,606
40131583,607
40131587,608
40131591,609
40131594,610
40131602,611
40131615,612
43457476,613
43457479,614
43457501,615
43457519,616
43457527,617
43457538,618
43457547,619
43457551,620
49488657,621
49488736,622
49488778,623
49488807,624
49488813,625
49488820,626
49488863,627
49488886,628
49488903,629
49488925,630
49488930,631
49499533,632
49499570,633
49499699,634
49499721,635
49499966,636
49503111,637
51154584,638
51154591,639
55484320,640
59148178,641
59148184,642
59149720,643
59608948,644
59662220,645
59662240,646
59662248,647
59662253,648
59667683,649
59667686,650
59667690,651
59667691,652
59667699,653
59667701,654
59667704,655
59667707,656
59667709,657
59667717,658
59667720,659
59667721,660
59667723,661
59667724,662
59667728,663
59667730,664
59667743,665
59667746,666
59667749,667
59667751,668
59667752,669
59667755,670
59667758,671
59667760,672
59667761,673
59667763,674
59667764,675
59667766,676
59667771,677
59783841,678
59783988,679
59783990,680
59783991,681
59783993,682
59784000,683
59784002,684
59784003,685
59784005,686
59784008,687
59784010,688
59784012,689
59983379,690
59983380,691
60303330,692
60303331,693
60312494,694
60312496,695
60335057,696
60335058,697
61131178,698
61138982,699
61138985,700
61292883,701
61292902,702
63800712,703
63800734,704
63800740,705
63800758,706
63800763,707
63800771,708
63800787,709
63800795,710
63800808,711
63800856,712
63800864,713
63800870,714
68280171,715
68280179,716
68280191,717
68280199,718
68280209,719
68280215,720
68280218,721
75773878,722
75773880,723
75773882,724
75773888,725
75773892,726
75773898,727
75773906,728
75773908,729
75914846,730
75946774,731
75946776,732
75958527,733
75958535,734
75958538,735
75958540,736
75958545,737
75958546,738
75958547,739
75958551,740
75959517,741
75959521,742
75959522,743
75961572,744
75964362,745
75964365,746
75964368,747
75964372,748
75964374,749
75964377,750
75976567,751
75976568,752
75978131,753
75980139,754
75980141,755
75980142,756
75980143,757
75980145,758
75982011,759
75982012,760
75982013,761
75982897,762
75982899,763
75982900,764
75984167,765
75988178,766
75988179,767
75988180,768
75989691,769
75992201,770
75992804,771
75992805,772
76463495,773
76463502,774
76463642,775
76463644,776
76463712,777
76463722,778
76463723,779
76463744,780
76463820,781
76463825,782
76465724,783
76468557,784
76537273,785
76863293,786
76915115,787
76916619,788
76918044,789
76918045,790
76919905,791
76925728,792
76926004,793
76926513,794
76926943,795
76926965,796
76977884,797
76986155,798
76986157,799
77666542,800
77862756,801
77862757,802
77862759,803
77870415,804
77870420,805
77870434,806
77870446,807
77870451,808
77870460,809
79416740,810
79416748,811
79416812,812
79416815,813
79422703,814
79422708,815
79422718,816
79422724,817
79422727,818
79422730,819
79422739,820
79422743,821
79422747,822
79422751,823
79424171,824
79424194,825
79874461,826
79875692,827
79876798,828
79877106,829
79879930,830
79880808,831
79885679,832
79885702,833
79885703,834
80155239,835
80158549,836
80159102,837
80396904,838
81049201,839
81051384,840
81497916,841
81497921,842
81497925,843
81497927,844
81497928,845
81497954,846
81497959,847
82020804,848
82020818,849
82020842,850
82020860,851
82020895,852
82020909,853
82020910,854
82020914,855
82626804,856
82653670,857
82653671,858
82682761,859
82682763,860
83859990,861
83862166,862
86048134,863
86048188,864
86675601,865
88225816,866
88225819,867
88225822,868
88225828,869
88225833,870
88225838,871
88225840,872
88225861,873
88225870,874
88225875,875
89131370,876
89131371,877
90467965,878
92898348,879
92898357,880
92898366,881
92898374,882
92898381,883
92898387,884
92898394,885
92898401,886
92898411,887
92898422,888
92898430,889
92898466,890
92898502,891
92898511,892
92898521,893
92898526,894
92898530,895
92898533,896
94122793,897
94565227,898
94565238,899
94565240,900
94565244,901
94565247,902
94565254,903
94565256,904
94565274,905
94565275,906
94565278,907
94565280,908
94565283,909
95103420,910
95103421,911
95103426,912
95103434,913
95103462,914
95882436,915
95882440,916
95882442,917
95882446,918
95882449,919
95882451,920
95897305,921
95897308,922
95897310,923
95897320,924
95897334,925
95897402,926
95897403,927
95897404,928
95897407,929
95897408,930
95897411,931
95897413,932
95897442,933
96655263,934
96655265,935
96655267,936
96655268,937
96655304,938
96656889,939
110073086,940
110073118,941
110073137,942
110073154,943
110228933,944
110252631,945
110295415,946
110396121,947
110396127,948
110412460,949
110412464,950
110412468,951
110664281,952
110664285,953
110664286,954
110664288,955
110686876,956
110686900,957
110719567,958
110767736,959
110804033,960
110804042,961
110842557,962
110842568,963
110843846,964
110909094,965
110909097,966
110909126,967
113991681,968
113991691,969
113991694,970
113991701,971
113991712,972
113991732,973
113991755,974
113991840,975
113991861,976
113991878,977
113991882,978
121996660,979
121996670,980
121996676,981
121996689,982
124576985,983
124579044,984
124579048,985
124580319,986
124584519,987
124584524,988
124586230,989
124586231,990
124586232,991
124586235,992
124586240,993
124586242,994
124591307,995
124591310,996
124591316,997
124604027,998
124604028,999
124604030,1000
132331192,1001
132331226,1002
133214908,1003
133214911,1004
133214937,1005
133215054,1006
133215061,1007
133215068,1008
133215069,1009
133215073,1010
134390925,1011
135633975,1012
135634011,1013
135634037,1014
135634178,1015
135634183,1016
135634339,1017
135634474,1018
135634504,1019
135634630,1020
135634714,1021
135634728,1022
135634756,1023
135634766,1024
135634796,1025
135635081,1026
135635088,1027
135635095,1028
135635101,1029
135635113,1030
135635414,1031
135635591,1032
135635604,1033
135635657,1034
135635676,1035
135635697,1036
135635773,1037
137500688,1038
137501480,1039
137501485,1040
137504343,1041
137505462,1042
137505463,1043
137505464,1044
137507575,1045
137507579,1046
137507827,1047
137508552,1048
137509063,1049
137509066,1050
137510273,1051
137510277,1052
137512230,1053
137512499,1054
137516607,1055
137516609,1056
137516612,1057
137517386,1058
138081420,1059
138084537,1060
138221924,1061
138221926,1062
141639194,1063
141640171,1064
141640173,1065
141643270,1066
142350519,1067
142350530,1068
144122387,1069
144204755,1070
144204768,1071
144213130,1072
145856827,1073
146013804,1074
146013817,1075
146013828,1076
146013833,1077
146013842,1078
146782741,1079
146791103,1080
146797205,1081
146797206,1082
146797761,1083
147133853,1084
147134161,1085
147134168,1086
147134197,1087
147134506,1088
147134760,1089
147135310,1090
147136544,1091
147136547,1092
147136613,1093
147136766,1094
147136780,1095
147136935,1096
147136948,1097
147136953,1098
147136958,1099
147139381,1100
147139383,1101
147139385,1102
147139390,1103
147139414,1104
147140610,1105
147140613,1106
147140631,1107
147140881,1108
147141348,1109
147141353,1110
147142368,1111
147142372,1112
147142903,1113
147142911,1114
147144350,1115
147144377,1116
147144380,1117
147144783,1118
147144945,1119
147144996,1120
147145645,1121
147146481,1122
147146927,1123
147146928,1124
147147160,1125
147147163,1126
147147531,1127
147147547,1128
147147561,1129
147147851,1130
147149241,1131
147149698,1132
147149702,1133
147150234,1134
147150237,1135
147150239,1136
148395837,1137
148395839,1138
148494422,1139
148494472,1140
148503850,1141
148503853,1142
148503857,1143
148503863,1144
148503869,1145
148503895,1146
148503935,1147
148503968,1148
148503990,1149
148947703,1150
148992482,1151
148992483,1152
148992486,1153
148992491,1154
148992493,1155
148992496,1156
148992497,1157
148992498,1158
148992500,1159
148992507,1160
148992515,1161
148992516,1162
148992527,1163
148992529,1164
148992531,1165
148992532,1166
148992535,1167
148995892,1168
148997168,1169
148997184,1170
148997202,1171
148999297,1172
148999298,1173
148999300,1174
148999301,1175
148999302,1176
148999318,1177
149432649,1178
149432656,1179
149432662,1180
149672047,1181
149672056,1182
149672062,1183
149672065,1184
149672068,1185
149672091,1186
149672132,1187
149672140,1188
149672169,1189
149672191,1190
149672954,1191
150461775,1192
150461781,1193
150461800,1194
150461803,1195
150464573,1196
150464575,1197
150464580,1198
150465508,1199
150465513,1200
150465516,1201
150465519,1202
150465521,1203
150465522,1204
150475326,1205
150477801,1206
150477823,1207
150548775,1208
150548782,1209
150548783,1210
150548787,1211
151031048,1212
151031065,1213
151364063,1214
151364428,1215
151364436,1216
151364484,1217
151376096,1218
151376101,1219
151376115,1220
151381782,1221
151381786,1222
151381789,1223
151381791,1224
152459284,1225
152525782,1226
152525785,1227
152714808,1228
152714811,1229
152714813,1230
154675135,1231
154675157,1232
154675162,1233
154675179,1234
154675182,1235
154675186,1236
154675215,1237
154745346,1238
154745389,1239
154745399,1240
154745403,1241
154745413,1242
154745449,1243
154745456,1244
154745458,1245
154745470,1246
154745503,1247
154772221,1248
155029984,1249
155029988,1250
155032587,1251
155033824,1252
155033828,1253
155033833,1254
155036462,1255
155036464,1256
155036468,1257
155036471,1258
155036698,1259
155038905,1260
155044453,1261
155044457,1262
155046054,1263
155046056,1264
155046058,1265
155049348,1266
155049576,1267
155051695,1268
155051703,1269
155051908,1270
155054416,1271
155054418,1272
155055059,1273
155055065,1274
155055069,1275
155055072,1276
155056381,1277
155057192,1278
155057194,1279
155058052,1280
155299183,1281
155300331,1282
155300339,1283
155301343,1284
155306549,1285
155308613,1286
155308960,1287
155309558,1288
155309559,1289
155311027,1290
155311508,1291
155311509,1292
155311511,1293
155312287,1294
155312295,1295
155312296,1296
155315380,1297
155613435,1298
155614054,1299
155614904,1300
155615883,1301
155615884,1302
155617286,1303
155643964,1304
156455782,1305
156455789,1306
156455811,1307
156461950,1308
156466805,1309
156466806,1310
156702856,1311
156702861,1312
156702895,1313
156702922,1314
156702926,1315
156702929,1316
156702931,1317
156702936,1318
156702940,1319
156702958,1320
156702962,1321
156702967,1322
156702971,1323
156702975,1324
156702979,1325
156702983,1326
156702986,1327
156702991,1328
156702998,1329
156703005,1330
156703007,1331
156703012,1332
156703019,1333
156703021,1334
156703023,1335
156703029,1336
156703032,1337
156703035,1338
156703042,1339
156703045,1340
156703047,1341
156703053,1342
156703056,1343
156703061,1344
156703066,1345
156703103,1346
156703107,1347
156703121,1348
156703132,1349
156703138,1350
156703143,1351
156996556,1352
156996563,1353
156996588,1354
157008158,1355
157008170,1356
157008194,1357
157008206,1358
157008223,1359
157008227,1360
157008231,1361
157008241,1362
157008283,1363
157008299,1364
157013650,1365
157013670,1366
157013691,1367
157013699,1368
157013709,1369
162629306,1370
162629315,1371
162629320,1372
162629326,1373
162629346,1374
162629351,1375
162629376,1376
162629393,1377
162779520,1378
162779543,1379
166157345,1380
166168471,1381
168084328,1382
169329352,1383
169329373,1384
169329397,1385
169332697,1386
169332715,1387
169332770,1388
169652096,1389
171026600,1390
171772123,1391
171772158,1392
171772242,1393
171772260,1394
171772284,1395
171772301,1396
171772323,1397
171772457,1398
178841228,1399
178841234,1400
178841243,1401
179913505,1402
180558950,1403
180558955,1404
180558959,1405
180937433,1406
180937436,1407
180937439,1408
180937440,1409
180937441,1410
180937447,1411
180937455,1412
180939919,1413
180939920,1414
180945556,1415
180946886,1416
180946890,1417
180951223,1418
180951226,1419
180958485,1420
180958509,1421
180960114,1422
180960126,1423
180960135,1424
180960199,1425
180960374,1426
180960634,1427
180962350,1428
180964333,1429
181314314,1430
186083614,1431
186083622,1432
186083624,1433
186084231,1434
186084236,1435
188476591,1436
188476598,1437
188476603,1438
188673415,1439
188674949,1440
188674953,1441
188674956,1442
188674963,1443
188676083,1444
188676092,1445
188677393,1446
188679667,1447
188680235,1448
188680237,1449
188683580,1450
188683812,1451
188683814,1452
188684978,1453
188684981,1454
188690952,1455
192294937,1456
192294943,1457
192294946,1458
192294951,1459
192294954,1460
192294955,1461
192294956,1462
192294965,1463
192294968,1464
192294972,1465
192727851,1466
192727853,1467
192728682,1468
192728684,1469
192731141,1470
192731142,1471
192731147,1472
192731153,1473
192733014,1474
192738866,1475
192738870,1476
192741386,1477
192741387,1478
192741392,1479
192741394,1480
192741405,1481
192741435,1482
192742246,1483
192742758,1484
192743760,1485
192744297,1486
192744303,1487
192744790,1488
192745023,1489
192745026,1490
192745153,1491
192745155,1492
192745483,1493
192745487,1494
192964386,1495
192964392,1496
192964394,1497
192964398,1498
192964399,1499
192964400,1500
192964402,1501
192984037,1502
192992757,1503
194347780,1504
194347847,1505
194708795,1506
194710558,1507
194711000,1508
194711001,1509
194713187,1510
194715602,1511
194715605,1512
194717345,1513
194725468,1514
194725469,1515
194725471,1516
194725791,1517
194725792,1518
194725795,1519
194731834,1520
194733759,1521
194733760,1522
194734258,1523
194734262,1524
194745888,1525
194746549,1526
194749701,1527
195568289,1528
197804061,1529
197860296,1530
197860314,1531
197860333,1532
197860504,1533
197860516,1534
197860524,1535
197860527,1536
199043785,1537
199043790,1538
199043795,1539
199043801,1540
199043807,1541
199043812,1542
199043817,1543
199043826,1544
199043834,1545
199043839,1546
199049024,1547
199261105,1548
199261109,1549
199261111,1550
199269869,1551
199269871,1552
199269874,1553
199269877,1554
199269879,1555
199269881,1556
201161615,1557
201161619,1558
201161625,1559
201161629,1560
201161633,1561
201161637,1562
201161691,1563
201161696,1564
201161704,1565
201161708,1566
201161711,1567
201161735,1568
206140954,1569
206140967,1570
206142198,1571
206142200,1572
206142202,1573
208514099,1574
208514100,1575
208514101,1576
208515651,1577
208515713,1578
219044399,1579
219044422,1580
219044427,1581
224387785,1582
224387792,1583
224387806,1584
228567415,1585
228567422,1586
228591742,1587
228594795,1588
228598447,1589
228605546,1590
228607235,1591
228607237,1592
228608773,1593
236060693,1594
236060695,1595
236061478,1596
236061485,1597
236063869,1598
236063873,1599
236065030,1600
236065032,1601
236066905,1602
236066915,1603
236071498,1604
236071521,1605
236082246,1606
236082249,1607
236082251,1608
236089816,1609
236091541,1610
236091653,1611
236091723,1612
236091963,1613
236091974,1614
236091975,1615
236092510,1616
236092879,1617
236092881,1618
236103510,1619
236103524,1620
236103702,1621
236106101,1622
236107395,1623
236109551,1624
236114287,1625
236115165,1626
236128764,1627
236130703,1628
236130705,1629
236132612,1630
236132614,1631
237188735,1632
237189209,1633
237196403,1634
237198900,1635
237198901,1636
237198902,1637
240175401,1638
240177520,1639
240179765,1640
240179768,1641
240179771,1642
240179772,1643
240182269,1644
240183634,1645
240192405,1646
240193460,1647
240193468,1648
242921261,1649
242921380,1650
242921381,1651
242921418,1652
242921419,1653
242921575,1654
242921704,1655
242921712,1656
242921717,1657
242921783,1658
242921784,1659
242921785,1660
242921923,1661
242921943,1662
242922019,1663
242922020,1664
242922202,1665
242922242,1666
242922428,1667
242922655,1668
242922704,1669
242922880,1670
242922882,1671
242922883,1672
242922884,1673
242922885,1674
242922993,1675
242922994,1676
242922998,1677
242923000,1678
242923002,1679
242923003,1680
245457922,1681
245457924,1682
245457932,1683
245457933,1684
245457945,1685
245457946,1686
245457948,1687
245462972,1688
245462975,1689
245462977,1690
245462980,1691
245462985,1692
245462995,1693
245462996,1694
245462999,1695
245463000,1696
245463003,1697
245463005,1698
245463010,1699
245463011,1700
245463013,1701
246173693,1702
246173708,1703
246551644,1704
246551654,1705
246551716,1706
246551728,1707
246551738,1708
246551774,1709
246551782,1710
246551784,1711
246551833,1712
246551844,1713
246551848,1714
246551851,1715
246551859,1716
246551863,1717
246551897,1718
246551901,1719
246551903,1720
246551907,1721
246551911,1722
246551919,1723
246551922,1724
247122992,1725
247122993,1726
247123166,1727
247123168,1728
247123172,1729
247123177,1730
247123224,1731
247123233,1732
247123241,1733
247123323,1734
247189221,1735
247259805,1736
247897253,1737
247897267,1738
248037851,1739
248037853,1740
248539899,1741
248539900,1742
248539902,1743
248539903,1744
248539904,1745
248539905,1746
248539906,1747
248539911,1748
248539912,1749
248780644,1750
248780650,1751
248780651,1752
248780652,1753
248780653,1754
248780661,1755
248781409,1756
248781410,1757
248781411,1758
248781741,1759
248781744,1760
248782307,1761
248782308,1762
248782310,1763
248782313,1764
248782314,1765
248782316,1766
248782319,1767
248782320,1768
248782321,1769
248783352,1770
248783354,1771
248783355,1772
248783356,1773
248783357,1774
248783753,1775
249247095,1776
249247096,1777
249247214,1778
249247298,1779
249247529,1780
249247530,1781
249247537,1782
249250497,1783
249250498,1784
249489428,1785
249489435,1786
249489439,1787
249489444,1788
249609794,1789
249609797,1790
249609799,1791
249609801,1792
249609805,1793
249609810,1794
249609811,1795
249609813,1796
249609821,1797
249609822,1798
249609828,1799
249626103,1800
249626105,1801
249626107,1802
249626122,1803
249626126,1804
249626141,1805
249626153,1806
249626156,1807
249626163,1808
249805891,1809
249805892,1810
249805893,1811
249805895,1812
249805896,1813
249805897,1814
249805898,1815
249805900,1816
249805901,1817
249805902,1818
249805903,1819
249805907,1820
249805908,1821
249805909,1822
249805910,1823
249805911,1824
249805913,1825
249820010,1826
249820012,1827
249820013,1828
250068870,1829
250875919,1830
251707125,1831
251707128,1832
251707129,1833
251716145,1834
251716286,1835
251716287,1836
251716547,1837
251717155,1838
251718173,1839
251718174,1840
251718275,1841
251718276,1842
251718401,1843
251718403,1844
251718412,1845
251753075,1846
251753077,1847
252638881,1848
252638884,1849
252638885,1850
252685593,1851
253837355,1852
253837374,1853
253837378,1854
253837393,1855
253837401,1856
253837410,1857
253837414,1858
253855794,1859
253877610,1860
253877726,1861
253877730,1862
253877731,1863
253877953,1864
255196631,1865
255196633,1866
255196642,1867
256838187,1868
256838191,1869
257388915,1870
258360047,1871
258360048,1872
258642477,1873
258642479,1874
258642488,1875
258642495,1876
258642499,1877
258642591,1878
258642621,1879
258642631,1880
258642635,1881
258642639,1882
258642643,1883
258642651,1884
258642665,1885
258642671,1886
258642683,1887
258642685,1888
258642687,1889
258642691,1890
258642701,1891
258642707,1892
258642715,1893
258642748,1894
258642754,1895
258642763,1896
258642772,1897
258642774,1898
258642781,1899
258642786,1900
258642800,1901
258642807,1902
258642815,1903
258642818,1904
258642822,1905
258642837,1906
258642857,1907
258642876,1908
258642900,1909
258642903,1910
258642914,1911
258642916,1912
258642921,1913
258642923,1914
258642925,1915
258642938,1916
258642941,1917
258642972,1918
258642980,1919
258642984,1920
258642987,1921
258643003,1922
258643016,1923
258643030,1924
258643039,1925
258643041,1926
258643046,1927
258643061,1928
258643069,1929
258643078,1930
258643080,1931
258643093,1932
258643104,1933
258643117,1934
258643119,1935
258643125,1936
258643130,1937
258643160,1938
258643162,1939
258913605,1940
258913606,1941
258913607,1942
258913609,1943
258913612,1944
258913614,1945
258913618,1946
258913619,1947
258913621,1948
258913627,1949
258913633,1950
258913634,1951
258913635,1952
258913637,1953
258913639,1954
258913641,1955
258913642,1956
258916374,1957
258916390,1958
261599369,1959
261599370,1960
261599377,1961
261599381,1962
261599386,1963
261599387,1964
261599396,1965
261599410,1966
261599414,1967
261599416,1968
261599418,1969
261599420,1970
261599430,1971
261599431,1972
261599437,1973
261599462,1974
261615139,1975
261615140,1976
261615142,1977
261615166,1978
261615194,1979
261615562,1980
261615563,1981
261615566,1982
261615569,1983
261615578,1984
261615579,1985
261615658,1986
261617372,1987
261617374,1988
261617375,1989
261617376,1990
261617381,1991
262154399,1992
262154411,1993
262154414,1994
262275530,1995
262288049,1996
262288052,1997
262463290,1998
262463299,1999
262463812,2000
262463815,2001
262464369,2002
262464373,2003
262464374,2004
262464386,2005
262464388,2006
262464478,2007
262464479,2008
262464481,2009
262464487,2010
262464488,2011
262464491,2012
262464497,2013
262464498,2014
262464501,2015
262464502,2016
262464504,2017
262464505,2018
262464625,2019
262464696,2020
262464740,2021
262464742,2022
262464789,2023
262465873,2024
262465972,2025
262466249,2026
262466250,2027
262466340,2028
262466456,2029
263436377,2030
263436379,2031
263436380,2032
263437906,2033
263440071,2034
263440073,2035
263440076,2036
263440079,2037
263440081,2038
263440083,2039
263712642,2040
263712644,2041
264200416,2042
264200419,2043
264490942,2044
264490943,2045
264490944,2046
264490945,2047
264490946,2048
264490947,2049
264490948,2050
264490949,2051
264490952,2052
264491205,2053
264491206,2054
264491208,2055
264491209,2056
264499116,2057
264499626,2058
264499627,2059
264499631,2060
264499634,2061
264857419,2062
264857420,2063
264857422,2064
264857427,2065
264857432,2066
264857434,2067
264858187,2068
264858194,2069
264858198,2070
264858200,2071
265512485,2072
265512632,2073
265519140,2074
265520208,2075
265585935,2076
265586348,2077
265587632,2078
265587926,2079
265588009,2080
265588737,2081
265588738,2082
265589244,2083
265591316,2084
265592425,2085
265624416,2086
265624421,2087
265624426,2088
265624428,2089
265625272,2090
265626885,2091
265626887,2092
265626893,2093
265626897,2094
265626999,2095
265627003,2096
265627005,2097
265871300,2098
265871302,2099
265871346,2100
265871536,2101
265871733,2102
265871745,2103
265871748,2104
265871749,2105
265871847,2106
265872930,2107
265873117,2108
265873121,2109
266023904,2110
266024166,2111
266024329,2112
266024340,2113
266024344,2114
266024345,2115
266024346,2116
266024347,2117
266024348,2118
266024349,2119
266024358,2120
266024575,2121
266024582,2122
266024667,2123
266024668,2124
266024669,2125
266024983,2126
266186964,2127
266186967,2128
266186969,2129
266186970,2130
266187443,2131
266187449,2132
266187453,2133
266187459,2134
266187471,2135
266187472,2136
266187511,2137
266190132,2138
266298359,2139
266298376,2140
266298378,2141
266298681,2142
266298874,2143
266298882,2144
266298884,2145
266298893,2146
266298896,2147
266298898,2148
266298899,2149
266298906,2150
266298907,2151
266298908,2152
266298915,2153
266298918,2154
266298922,2155
266298987,2156
266298992,2157
266299223,2158
266299226,2159
266299346,2160
266299479,2161
266475272,2162
266630798,2163
266633264,2164
266633267,2165
266633268,2166
266633273,2167
266633274,2168
266633276,2169
266633277,2170
266633280,2171
266633283,2172
266635388,2173
266635389,2174
266635391,2175
266635392,2176
266635393,2177
266635394,2178
266635395,2179
266635396,2180
266635411,2181
266635412,2182
266745693,2183
266745694,2184
266746563,2185
266746588,2186
266746608,2187
266746611,2188
266746642,2189
266746680,2190
266746681,2191
266746771,2192
266746772,2193
266746784,2194
266746846,2195
266746847,2196
266747129,2197
266747130,2198
266747400,2199
266747461,2200
266747470,2201
266747471,2202
266747655,2203
266747656,2204
266747657,2205
266747857,2206
266756532,2207
266757864,2208
266759298,2209
266759313,2210
266759315,2211
266759317,2212
266759427,2213
266759534,2214
266760116,2215
266760118,2216
266760151,2217
266760907,2218
266773322,2219
266774144,2220
266921401,2221
266921402,2222
266921416,2223
266921419,2224
266921503,2225
266921504,2226
266921588,2227
266921705,2228
266921706,2229
266921707,2230
266921920,2231
266921962,2232
266921977,2233
266922364,2234
266922380,2235
266922495,2236
266922714,2237
266923145,2238
266924072,2239
266924379,2240
266924386,2241
266924391,2242
266924544,2243
266924545,2244
266924550,2245
266924569,2246
266924767,2247
266924986,2248
266924991,2249
266925274,2250
266925279,2251
266925281,2252
266925947,2253
266925953,2254
266925954,2255
266925957,2256
266925966,2257
266925969,2258
266925971,2259
266926096,2260
266926100,2261
266926894,2262
266926988,2263
266927021,2264
266927024,2265
266927025,2266
266927028,2267
266977403,2268
266977698,2269
266980758,2270
266980896,2271
266981281,2272
266981285,2273
266981287,2274
266981291,2275
266981327,2276
266981329,2277
266981330,2278
266981374,2279
266981376,2280
266981444,2281
266981477,2282
266981667,2283
266981671,2284
266981865,2285
266981871,2286
266981969,2287
266981989,2288
266982213,2289
266982624,2290
266982954,2291
266983015,2292
266990204,2293
266990212,2294
266990214,2295
266990216,2296
266990218,2297
267034587,2298
267166718,2299
267166721,2300
267167368,2301
267198018,2302
267198035,2303
267198037,2304
267238909,2305
267367348,2306
267367349,2307
267367578,2308
267367579,2309
267367581,2310
267367698,2311
267367699,2312
267367701,2313
267367703,2314
267367704,2315
267368171,2316
267368175,2317
267368183,2318
267368184,2319
267368236,2320
267368238,2321
267368388,2322
267368425,2323
267368426,2324
267368672,2325
267368674,2326
267368676,2327
267368677,2328
267368680,2329
267368682,2330
267368684,2331
267368874,2332
267368879,2333
267369074,2334
267369077,2335
267397932,2336
267397946,2337
267400913,2338
267402201,2339
267403583,2340
267408131,2341
267408132,2342
267408133,2343
267408134,2344
267408135,2345
267408136,2346
267422296,2347
267422298,2348
267422299,2349
267422300,2350
267423733,2351
267426602,2352
267426604,2353
267426606,2354
267426608,2355
267503880,2356
267503882,2357
267503997,2358
267504004,2359
267504088,2360
267504144,2361
267504313,2362
267504681,2363
267504795,2364
267505153,2365
267505275,2366
267557668,2367
267557700,2368
267557702,2369
267557788,2370
267559396,2371
267559397,2372
267559488,2373
267559494,2374
267559495,2375
267637122,2376
267965986,2377
267966018,2378
267966020,2379
267966037,2380
267966322,2381
267966325,2382
267966328,2383
267966329,2384
267966330,2385
267966336,2386
267966340,2387
267966343,2388
267966383,2389
267966392,2390
267966400,2391
267966408,2392
267966465,2393
267966467,2394
268021345,2395
268052311,2396
268110995,2397
268111105,2398
268322176,2399
268322193,2400
268322196,2401
268322248,2402
268322280,2403
268322282,2404
268325193,2405
268325195,2406
268400612,2407
268400613,2408
268400614,2409
268400621,2410
268401277,2411
268402303,2412
268551361,2413
268591025,2414
268731105,2415
268751774,2416
268751775,2417
268858781,2418
268911463,2419
268911466,2420
268911793,2421
268911853,2422
269480722,2423
269480725,2424
269480726,2425
269480808,2426
269646284,2427
269646338,2428
269646421,2429
269646427,2430
269646429,2431
269646531,2432
269646534,2433
269646536,2434
269646537,2435
269646538,2436
269646540,2437
269646542,2438
269646546,2439
269646547,2440
269646549,2441
269646550,2442
269646563,2443
269646564,2444
269646565,2445
269646567,2446
269646577,2447
269646583,2448
269646585,2449
269646587,2450
269646591,2451
269646592,2452
269646608,2453
269646609,2454
269646759,2455
269646822,2456
269713452,2457
269713457,2458
269782114,2459
269782115,2460
269782117,2461
269782119,2462
269782120,2463
269782124,2464
269782125,2465
269782126,2466
269782128,2467
269901879,2468
269901987,2469
269902203,2470
269902343,2471
269902350,2472
269902357,2473
269902358,2474
269902361,2475
269902396,2476
269903251,2477
269903253,2478
270644372,2479
270644377,2480
270747001,2481
270747007,2482
270747009,2483
270747015,2484
270747021,2485
271096790,2486
271097283,2487
271097285,2488
271097287,2489
271097292,2490
271240654,2491
271240657,2492
271240667,2493
271240668,2494
271240671,2495
271240672,2496
271240674,2497
271241294,2498
271241296,2499
271241302,2500
271241428,2501
271241429,2502
271834348,2503
271834349,2504
271834350,2505
271834352,2506
271834353,2507
271834354,2508
271834357,2509
271834363,2510
271834404,2511
271834405,2512
271880490,2513
271881735,2514
272299431,2515
272299432,2516
272299433,2517
272300407,2518
272300409,2519
273370535,2520
273370561,2521
273373467,2522
273373470,2523
273373472,2524
273373475,2525
273373480,2526
273373485,2527
273374210,2528
273374211,2529
273379573,2530
273379576,2531
273379590,2532
273379593,2533
273379595,2534
273379612,2535
273456985,2536
273456986,2537
273870575,2538
273870576,2539
273872194,2540
273872195,2541
273872196,2542
273872199,2543
273872203,2544
273877982,2545
273877986,2546
273900550,2547
273900551,2548
273900552,2549
274868147,2550
275107517,2551
275107520,2552
275107533,2553
275227939,2554
275795760,2555
276349477,2556
276349496,2557
276349515,2558
276349569,2559
276349627,2560
276349638,2561
276349655,2562
276349663,2563
276349688,2564
276349708,2565
276349714,2566
276349721,2567
276518041,2568
276518043,2569
276518045,2570
276518049,2571
276518051,2572
276518052,2573
276518053,2574
276518054,2575
276518059,2576
276518064,2577
276518071,2578
276518072,2579
276518080,2580
276518082,2581
276518087,2582
276518107,2583
276518108,2584
276518799,2585
276871640,2586
276871647,2587
276871668,2588
277290454,2589
278455841,2590
278516139,2591
278516953,2592
278516958,2593
278516959,2594
278516965,2595
278558217,2596
278558221,2597
278558224,2598
278559755,2599
278559756,2600
278559757,2601
278559764,2602
278559780,2603
278561124,2604
278561125,2605
278711944,2606
278810743,2607
278812537,2608
278812839,2609
278814964,2610
278815425,2611
278874034,2612
278874035,2613
278874046,2614
278874047,2615
278874052,2616
278874056,2617
278995519,2618
279008111,2619
279008112,2620
279008114,2621
279008119,2622
279008444,2623
279008446,2624
279008449,2625
279009395,2626
279009414,2627
279009415,2628
279011021,2629
279011025,2630
279011026,2631
279011028,2632
279011029,2633
279011033,2634
279011035,2635
279011771,2636
279368199,2637
279368533,2638
279700304,2639
279972703,2640
279975364,2641
280261140,2642
280261141,2643
280265215,2644
280265355,2645
280267361,2646
280267372,2647
280710434,2648
280757006,2649
280757704,2650
280758129,2651
280758130,2652
280760873,2653
280761196,2654
280823838,2655
280833594,2656
280833596,2657
280833694,2658
280834004,2659
280915162,2660
280915167,2661
280915168,2662
280915169,2663
280915170,2664
281158316,2665
281163310,2666
281168685,2667
281169674,2668
281169739,2669
281170046,2670
281170047,2671
281170048,2672
281170305,2673
281170424,2674
281170696,2675
281170879,2676
281171145,2677
281171370,2678
281171556,2679
281528450,2680
281532944,2681
281532945,2682
281762598,2683
281762682,2684
281763676,2685
281763966,2686
281764382,2687
281764384,2688
281764423,2689
281764443,2690
281764444,2691
281764668,2692
281764669,2693
281765232,2694
281765235,2695
281765237,2696
281765239,2697
281765241,2698
281765243,2699
281765431,2700
281766208,2701
281766209,2702
281766288,2703
281766292,2704
281985493,2705
281985716,2706
281986366,2707
281986817,2708
281986885,2709
281987401,2710
281987402,2711
281987403,2712
281987765,2713
281987977,2714
281988235,2715
281988327,2716
281988329,2717
281989338,2718
281989340,2719
281989542,2720
281989543,2721
281989675,2722
282074724,2723
282214412,2724
282214418,2725
282260205,2726
282260231,2727
282264580,2728
282266603,2729
282266610,2730
282266692,2731
282266752,2732
282268309,2733
282418120,2734
282418121,2735
282418122,2736
282418126,2737
282419253,2738
282419254,2739
282419262,2740
282419264,2741
282419265,2742
282419266,2743
282423329,2744
282448304,2745
282448306,2746
283033834,2747
283290412,2748
283372565,2749
283536524,2750
283536571,2751
283536726,2752
283536796,2753
283536797,2754
283536808,2755
283536809,2756
283537354,2757
283537360,2758
283537475,2759
283537635,2760
283537636,2761
283626028,2762
283626036,2763
283626037,2764
283626067,2765
283626082,2766
285213440,2767
285762803,2768
285955641,2769
285961653,2770
285961655,2771
285966454,2772
286555094,2773
286555097,2774
286555101,2775
286555102,2776
286558603,2777
286560470,2778
286561232,2779
286561237,2780
286562290,2781
286581013,2782
286581017,2783
286634973,2784
286652803,2785
286652811,2786
286652812,2787
286652813,2788
286839950,2789
286840016,2790
286841133,2791
286921292,2792
286921295,2793
286921304,2794
286921329,2795
286921355,2796
286921362,2797
286921366,2798
286921377,2799
286921410,2800
286936818,2801
286936820,2802
286936821,2803
286936823,2804
286936827,2805
286968149,2806
286968153,2807
286968154,2808
286968156,2809
286968157,2810
286968158,2811
286968168,2812
286973091,2813
287656893,2814
287656897,2815
287656898,2816
287656902,2817
287656903,2818
287656915,2819
287656916,2820
287656930,2821
287661925,2822
287661931,2823
287661935,2824
287661954,2825
287661956,2826
287661976,2827
287661977,2828
287661978,2829
287661980,2830
287661982,2831
287661983,2832
287661985,2833
287661986,2834
287661987,2835
287662673,2836
287662676,2837
287662681,2838
287662684,2839
287662685,2840
287835665,2841
287835670,2842
287835681,2843
287835684,2844
287838585,2845
287838591,2846
287862871,2847
287862945,2848
288006883,2849
288013018,2850
288014407,2851
288014408,2852
288014410,2853
288014411,2854
288101485,2855
288101486,2856
288101487,2857
288101489,2858
288101490,2859
288101503,2860
288101507,2861
288101508,2862
288101514,2863
288112500,2864
288112516,2865
288112529,2866
288112628,2867
288112645,2868
288112655,2869
288112669,2870
288112680,2871
288112682,2872
288112685,2873
288112687,2874
288112691,2875
288114812,2876
288114813,2877
288114819,2878
288158196,2879
288158197,2880
288158199,2881
288518291,2882
288518292,2883
288518293,2884
288518294,2885
288518295,2886
288799061,2887
288799085,2888
288901851,2889
288901853,2890
288901861,2891
288909232,2892
288909235,2893
288969942,2894
288970300,2895
288970301,2896
288981747,2897
288999613,2898
288999757,2899
289001152,2900
289001335,2901
289004612,2902
289020902,2903
289020915,2904
289020926,2905
289020936,2906
289020956,2907
289020962,2908
289020963,2909
289020965,2910
289020967,2911
289020968,2912
289020972,2913
289020976,2914
289020977,2915
289135118,2916
289135121,2917
289135122,2918
289135123,2919
289135340,2920
289175392,2921
289186222,2922
289186225,2923
289186227,2924
289186228,2925
289186231,2926
289321628,2927
289328488,2928
289328489,2929
289328490,2930
289328492,2931
289329280,2932
290518525,2933
290518527,2934
290518529,2935
290518531,2936
290518532,2937
290528556,2938
290528558,2939
290528845,2940
290528847,2941
290529719,2942
290790171,2943
290980514,2944
291051253,2945
291051715,2946
291580966,2947
291580969,2948
291580970,2949
291580976,2950
291580977,2951
291580979,2952
291580982,2953
291580992,2954
291742708,2955
291742709,2956
291742710,2957
292077194,2958
292692344,2959
292692346,2960
292692351,2961
292867143,2962
293246511,2963
293246514,2964
293246518,2965
293246520,2966
293246526,2967
293246531,2968
293246533,2969
293247231,2970
293247252,2971
293252010,2972
293252012,2973
293252020,2974
293551519,2975
293551523,2976
293551525,2977
293672965,2978
293672966,2979
293672979,2980
293672983,2981
293772443,2982
293772450,2983
293772467,2984
295015564,2985
295015565,2986
297597791,2987
297597793,2988
297597797,2989
297597803,2990
297597804,2991
297597825,2992
297597830,2993
297597831,2994
297597836,2995
297597858,2996
297597870,2997
297597911,2998
297597967,2999
297597979,3000
297597980,3001
297597985,3002
297597990,3003
297597991,3004
297597996,3005
297597997,3006
297597999,3007
297598002,3008
297598008,3009
297598010,3010
297598033,3011
297598034,3012
297598035,3013
297598042,3014
297598043,3015
297598067,3016
297598069,3017
297598072,3018
297598099,3019
297598158,3020
297598173,3021
297699664,3022
297700955,3023
297700970,3024
297701001,3025
297701063,3026
297701066,3027
297701067,3028
297701069,3029
297701071,3030
297701074,3031
297701075,3032
297701095,3033
297701285,3034
297714150,3035
297714155,3036
297714159,3037
297714176,3038
297714188,3039
297714191,3040
297861090,3041
297885320,3042
297885323,3043
297885327,3044
297885330,3045
297885338,3046
297886857,3047
297886873,3048
297906081,3049
297906655,3050
297995814,3051
298137869,3052
298137873,3053
298137892,3054
298137894,3055
298137901,3056
298137903,3057
298375758,3058
298375763,3059
298375785,3060
298382132,3061
298382133,3062
298382611,3063
298382612,3064
298389030,3065
298510959,3066
298511107,3067
298512146,3068
298512221,3069
298874399,3070
298996651,3071
298996652,3072
298996653,3073
298996666,3074
298996670,3075
298996674,3076
298996675,3077
298999999,3078
299000001,3079
299000002,3080
299000007,3081
299000021,3082
299000022,3083
299000030,3084
299000032,3085
299000035,3086
299000036,3087
299000037,3088
299000038,3089
299000040,3090
299000042,3091
299000047,3092
299000054,3093
299000061,3094
299000066,3095
299000070,3096
299000071,3097
299000072,3098
299000073,3099
299000074,3100
299000075,3101
299000076,3102
299000077,3103
299000078,3104
299000079,3105
299002772,3106
299002780,3107
299002813,3108
299002842,3109
299002872,3110
299002873,3111
299002874,3112
299002875,3113
299002876,3114
299002877,3115
299002878,3116
299002879,3117
299002880,3118
299002881,3119
299002882,3120
299002883,3121
299002884,3122
299002885,3123
299002886,3124
299011556,3125
299011563,3126
299011565,3127
299011578,3128
299011590,3129
299011593,3130
299011597,3131
299011606,3132
299011637,3133
299011638,3134
299011640,3135
299011641,3136
299011643,3137
299011646,3138
299011651,3139
299011652,3140
299011654,3141
299011655,3142
299013563,3143
299013566,3144
299013567,3145
299013568,3146
299013570,3147
299014400,3148
299014405,3149
299014406,3150
299018678,3151
299018680,3152
299018681,3153
299019804,3154
299020023,3155
299020026,3156
299020035,3157
299020036,3158
299020037,3159
299020041,3160
299020042,3161
299020044,3162
299020057,3163
299020058,3164
299020083,3165
299020135,3166
299020146,3167
299020147,3168
299020148,3169
299020149,3170
299020150,3171
299020155,3172
299022319,3173
299022320,3174
299022322,3175
299022327,3176
299022333,3177
299022360,3178
299022361,3179
299022365,3180
299022378,3181
299022380,3182
299024696,3183
299049942,3184
299049984,3185
299049999,3186
299050005,3187
299050360,3188
299050362,3189
299082360,3190
299082363,3191
299082366,3192
299214663,3193
299214664,3194
299214668,3195
299214674,3196
299214681,3197
299214686,3198
299214695,3199
299214698,3200
299214700,3201
299214714,3202
299214726,3203
299214752,3204
299216241,3205
299217483,3206
299217484,3207
299218322,3208
299228980,3209
299229271,3210
299238666,3211
299280318,3212
299280319,3213
299280323,3214
299280333,3215
299281626,3216
299281637,3217
299309952,3218
299312658,3219
299312659,3220
299312662,3221
299312669,3222
299312670,3223
299312672,3224
299312675,3225
299312678,3226
299312679,3227
299312680,3228
299312681,3229
299312682,3230
299312683,3231
299312685,3232
299312690,3233
299312691,3234
299312692,3235
299312693,3236
299312694,3237
299312695,3238
299312696,3239
299312697,3240
299312698,3241
299315673,3242
299315677,3243
299315682,3244
299315685,3245
299453836,3246
299487288,3247
299488535,3248
299488664,3249
299488710,3250
299536158,3251
299553370,3252
299553630,3253
299553632,3254
299830381,3255
299830382,3256
299929910,3257
299929911,3258
299932490,3259
299932668,3260
299932671,3261
300114236,3262
300120061,3263
300120065,3264
300120066,3265
300295004,3266
300317900,3267
300317964,3268
300318053,3269
300318107,3270
300318122,3271
300318127,3272
300318133,3273
300318137,3274
300318187,3275
300318238,3276
300376703,3277
300376915,3278
300700829,3279
300700830,3280
300700833,3281
300700834,3282
300700844,3283
300992195,3284
301088098,3285
301088099,3286
301142352,3287
301142360,3288
301142366,3289
301142400,3290
301224375,3291
301224616,3292
301563287,3293
301984207,3294
302997491,3295
302997495,3296
302997549,3297
302997551,3298
302997610,3299
302997611,3300
302997612,3301
302997647,3302
302997648,3303
302997649,3304
302997675,3305
302997744,3306
302998331,3307
302998332,3308
302998363,3309
302998364,3310
302998365,3311
302998366,3312
302998405,3313
303189189,3314
303189191,3315
303189192,3316
303189193,3317
303189194,3318
303189195,3319
303354044,3320
303354235,3321
303354238,3322
303354459,3323
303935475,3324
304043394,3325
304043452,3326
304043625,3327
304043688,3328
304044032,3329
304044121,3330
304045928,3331
304046353,3332
304157139,3333
304157658,3334
304157660,3335
304158987,3336
304158988,3337
304158989,3338
304159121,3339
304159129,3340
304245940,3341
304246153,3342
304246161,3343
304249751,3344
304250074,3345
304250085,3346
304250170,3347
304250179,3348
304250873,3349
304250883,3350
304250903,3351
304250904,3352
304250905,3353
304250930,3354
304251023,3355
304251386,3356
304251401,3357
304251402,3358
304251406,3359
304251408,3360
304251409,3361
304251412,3362
304251415,3363
304251417,3364
304251420,3365
304251421,3366
304251426,3367
304251428,3368
304251429,3369
304251430,3370
304251456,3371
304251598,3372
304251602,3373
304251603,3374
304251606,3375
304251610,3376
304251617,3377
304251620,3378
304251731,3379
304251735,3380
304251865,3381
304251870,3382
304252099,3383
304252174,3384
304252687,3385
304252777,3386
304252778,3387
304252972,3388
304253092,3389
304253094,3390
304253102,3391
304253121,3392
304253230,3393
304253231,3394
304253232,3395
304253244,3396
304253254,3397
304253258,3398
304253275,3399
304253346,3400
304253353,3401
304253354,3402
304253355,3403
304253722,3404
304253795,3405
304253797,3406
304253799,3407
304253800,3408
304253804,3409
304253822,3410
304253922,3411
304253923,3412
304253927,3413
304254102,3414
304254111,3415
304254112,3416
304254195,3417
304254197,3418
304254198,3419
304254321,3420
304254378,3421
304254590,3422
304254599,3423
304264985,3424
304265164,3425
304265529,3426
304265532,3427
304265635,3428
304265637,3429
304265661,3430
304265663,3431
304265665,3432
304265832,3433
304265838,3434
304273206,3435
304275082,3436
304275320,3437
304275445,3438
304275448,3439
304336804,3440
304341694,3441
304401618,3442
304500825,3443
304602258,3444
304663362,3445
304663574,3446
304663830,3447
304664055,3448
304664423,3449
304664424,3450
304664507,3451
304664583,3452
304664585,3453
304665174,3454
304665254,3455
304665361,3456
304665585,3457
304665726,3458
304672281,3459
304672292,3460
304672294,3461
304729587,3462
304729596,3463
304729604,3464
304729620,3465
304729623,3466
304729629,3467
304729630,3468
304729633,3469
304729644,3470
304729650,3471
304729659,3472
304729675,3473
304730431,3474
304730447,3475
304731237,3476
304735192,3477
304931028,3478
304931069,3479
304931078,3480
304931083,3481
304933516,3482
304933518,3483
304933519,3484
304933524,3485
304933527,3486
304933531,3487
304933533,3488
304933534,3489
304933535,3490
304933537,3491
304933538,3492
304933547,3493
304933549,3494
304933555,3495
304942651,3496
304942652,3497
304942653,3498
304942659,3499
304942661,3500
304942662,3501
304942680,3502
304942682,3503
304942688,3504
304942853,3505
304942917,3506
304944526,3507
304944528,3508
304944533,3509
304944534,3510
304944535,3511
304944537,3512
304944545,3513
304944546,3514
304944547,3515
304944550,3516
304944551,3517
304944557,3518
304944559,3519
304944560,3520
304944561,3521
304944562,3522
304947604,3523
304947839,3524
304950868,3525
304979645,3526
304979662,3527
304979670,3528
304979671,3529
304979672,3530
304979677,3531
304979681,3532
304994296,3533
305704713,3534
305704973,3535
305707072,3536
305707074,3537
305784336,3538
305789434,3539
305789435,3540
305791461,3541
305970298,3542
305970600,3543
305970612,3544
305970621,3545
305970626,3546
305971721,3547
305975520,3548
305975523,3549
305976121,3550
305976123,3551
305976128,3552
305976129,3553
305976933,3554
305976936,3555
305976943,3556
305978234,3557
305978239,3558
305978298,3559
305978432,3560
305978433,3561
305978436,3562
305978437,3563
305978755,3564
305978761,3565
305986076,3566
305986792,3567
306021502,3568
306021522,3569
306101598,3570
306472239,3571
306474411,3572
306474413,3573
306474426,3574
306474624,3575
306474625,3576
306475438,3577
306475439,3578
306478091,3579
306523158,3580
306523159,3581
307350292,3582
307350302,3583
307350391,3584
307407999,3585
307408001,3586
307408005,3587
307408006,3588
307408014,3589
307408016,3590
307408020,3591
307412037,3592
307722853,3593
309122327,3594
309122330,3595
309429151,3596
309442012,3597
309442015,3598
309442016,3599
309442018,3600
309442019,3601
309442020,3602
309442021,3603
309442022,3604
309442023,3605
309442024,3606
309442025,3607
309442026,3608
309442027,3609
309442028,3610
309442029,3611
309442030,3612
309442031,3613
309442032,3614
309442033,3615
309442034,3616
309442035,3617
309442036,3618
309442037,3619
309442038,3620
309442039,3621
309442830,3622
309442832,3623
309442835,3624
309444121,3625
309444123,3626
309737374,3627
309737379,3628
309913180,3629
309918260,3630
309918262,3631
309918391,3632
309920921,3633
309920923,3634
309926613,3635
309926619,3636
309926622,3637
309926625,3638
309926628,3639
309926630,3640
309926638,3641
309926642,3642
309926646,3643
309926649,3644
309926653,3645
309926665,3646
309926677,3647
309926682,3648
309926686,3649
309926692,3650
309926695,3651
309926696,3652
309926766,3653
309926784,3654
309926792,3655
309926795,3656
309926799,3657
309926802,3658
309926806,3659
309926818,3660
309926823,3661
309926827,3662
309926838,3663
309926842,3664
309926845,3665
309926851,3666
309926852,3667
309926857,3668
309926861,3669
309926954,3670
309926956,3671
309926995,3672
309927000,3673
309927002,3674
309927003,3675
309934760,3676
309934788,3677
309934983,3678
310006667,3679
310007130,3680
310007330,3681
310007438,3682
310007960,3683
310009178,3684
310078872,3685
310078874,3686
310078956,3687
310078957,3688
310079152,3689
310079415,3690
310079792,3691
310079804,3692
310109825,3693
310109850,3694
310110080,3695
310110090,3696
310110123,3697
310110266,3698
310110309,3699
310110653,3700
310110668,3701
310110925,3702
310110926,3703
310110927,3704
310110955,3705
310111290,3706
310111326,3707
310125324,3708
310126015,3709
310126017,3710
310126279,3711
310128064,3712
310128069,3713
310129108,3714
310129109,3715
310204228,3716
310204368,3717
310204433,3718
310204498,3719
310204501,3720
310204575,3721
310204963,3722
310204964,3723
310205128,3724
310205140,3725
310205142,3726
310205460,3727
310205461,3728
310205462,3729
310205463,3730
310205464,3731
310205581,3732
310205582,3733
310205602,3734
310205720,3735
310205721,3736
310206181,3737
310206183,3738
310206373,3739
310206377,3740
310206379,3741
310206405,3742
310206417,3743
310206418,3744
310206431,3745
310206468,3746
310206558,3747
310206559,3748
310206560,3749
310244305,3750
310245973,3751
310399247,3752
310399250,3753
310399252,3754
310399254,3755
310399259,3756
310399285,3757
310399395,3758
310399404,3759
310399410,3760
310399676,3761
310399832,3762
310399835,3763
310399842,3764
310399843,3765
310399953,3766
310399959,3767
310400389,3768
310400393,3769
310400484,3770
310400491,3771
310400601,3772
310400602,3773
310400605,3774
310400649,3775
310400783,3776
310400798,3777
310401019,3778
310401311,3779
310401767,3780
310401858,3781
310401859,3782
310401860,3783
310401862,3784
310401864,3785
310401969,3786
310401970,3787
310401971,3788
310401972,3789
310401973,3790
310403239,3791
310403420,3792
310403452,3793
310403743,3794
310403809,3795
310404235,3796
310404288,3797
310404346,3798
310404360,3799
310404367,3800
310405548,3801
310405559,3802
310405637,3803
310595190,3804
310595202,3805
311126784,3806
311242128,3807
311242131,3808
311242135,3809
311242150,3810
311242160,3811
311242162,3812
311242166,3813
311321219,3814
311321220,3815
311321588,3816
311321593,3817
311322040,3818
311322641,3819
311322644,3820
311322649,3821
311322661,3822
311323105,3823
311323117,3824
311323124,3825
311323986,3826
311323990,3827
311325084,3828
311325126,3829
311326224,3830
311326477,3831
311326480,3832
311327408,3833
311327410,3834
311333055,3835
311333727,3836
311333776,3837
311334119,3838
311334207,3839
311335507,3840
311335525,3841
313827118,3842
314591693,3843
314591697,3844
314591698,3845
314591711,3846
314591738,3847
314591741,3848
314591745,3849
314591746,3850
314591749,3851
314591756,3852
314591763,3853
314597916,3854
314854782,3855
314855447,3856
314856323,3857
314859735,3858
314859736,3859
314860160,3860
314933652,3861
314933653,3862
314933654,3863
314933655,3864
314933656,3865
314933657,3866
314933658,3867
314933661,3868
314933663,3869
314973987,3870
314974008,3871
314974013,3872
314974014,3873
314974015,3874
314974018,3875
314974033,3876
314974037,3877
314974039,3878
314974040,3879
314974049,3880
314974058,3881
314974063,3882
314974066,3883
314974067,3884
314974068,3885
314974073,3886
314974078,3887
314974083,3888
314974084,3889
315230243,3890
315231966,3891
315829627,3892
315829631,3893
315829633,3894
315829635,3895
315829637,3896
315829638,3897
315829644,3898
315829646,3899
315829647,3900
315829649,3901
315829657,3902
315829660,3903
315829662,3904
315829663,3905
315829665,3906
315829667,3907
315829669,3908
315829670,3909
315829672,3910
315829674,3911
315829676,3912
315829678,3913
315829679,3914
315829681,3915
315829683,3916
315829688,3917
315829690,3918
315829692,3919
315829694,3920
315829696,3921
315829698,3922
315829700,3923
315829704,3924
315829706,3925
315829715,3926
315834363,3927
315834367,3928
315834381,3929
315834399,3930
315834401,3931
315834404,3932
315835824,3933
315835829,3934
315835906,3935
315835917,3936
316055310,3937
316056096,3938
316059267,3939
316059268,3940
316059272,3941
316059753,3942
316102660,3943
316102661,3944
316102663,3945
316102803,3946
316102807,3947
316827977,3948
316921354,3949
316921357,3950
316921358,3951
316921359,3952
316921361,3953
316921364,3954
316921365,3955
316921370,3956
316921373,3957
316921382,3958
316921384,3959
316921385,3960
316921391,3961
316921394,3962
316921399,3963
316921403,3964
316921406,3965
316921407,3966
316921408,3967
316921414,3968
316921416,3969
316921421,3970
316921426,3971
317966643,3972
317967968,3973
317967969,3974
318112566,3975
318317723,3976
318319126,3977
318537584,3978
318537586,3979
319314757,3980
319314767,3981
319714086,3982
319714087,3983
321231424,3984
321233419,3985
321233420,3986
321233421,3987
321373415,3988
321373681,3989
321373684,3990
321373685,3991
321374001,3992
321375043,3993
321375046,3994
321375049,3995
321375134,3996
321375135,3997
321375513,3998
321375773,3999
321375774,4000
321375781,4001
321375995,4002
321376147,4003
321376148,4004
321376150,4005
321376152,4006
321376637,4007
321376639,4008
321376641,4009
322724116,4010
322724117,4011
322724128,4012
322724129,4013
322724134,4014
322724138,4015
322724145,4016
322724146,4017
322724162,4018
322724819,4019
322724822,4020
322724824,4021
322724825,4022
322725087,4023
322725089,4024
322725090,4025
322725091,4026
322725092,4027
322725093,4028
322725094,4029
322725095,4030
322725096,4031
322725722,4032
322725724,4033
322726027,4034
322800077,4035
322800082,4036
322800091,4037
322800397,4038
322800398,4039
322883169,4040
322884488,4041
322886427,4042
323088711,4043
323092437,4044
323093020,4045
323916537,4046
324581174,4047
324581176,4048
325218132,4049
325218133,4050
325218134,4051
325218137,4052
325218138,4053
325218141,4054
327457916,4055
327457918,4056
327458332,4057
327458977,4058
327459560,4059
327459652,4060
327459985,4061
327460130,4062
327460166,4063
327460442,4064
327463672,4065
327467830,4066
327468053,4067
327468765,4068
327474629,4069
327478090,4070
327478169,4071
327478250,4072
327484525,4073
327484526,4074
327485113,4075
327485938,4076
327485939,4077
327508448,4078
327514185,4079
327514361,4080
329590357,4081
330315528,4082
330315529,4083
330315530,4084
330315983,4085
330317754,4086
330317953,4087
331073018,4088
331075644,4089
331094537,4090
331094538,4091
331097105,4092
332070572,4093
332070576,4094
332070578,4095
332070580,4096
332070589,4097
333118947,4098
333136616,4099
335725453,4100
335725630,4101
335725752,4102
335725789,4103
335726067,4104
335726338,4105
335726339,4106
335726340,4107
335726342,4108
335726346,4109
335726356,4110
335726575,4111
335726593,4112
335726849,4113
335727140,4114
335727144,4115
335727164,4116
335727836,4117
335727963,4118
335727965,4119
335728164,4120
335990441,4121
335990931,4122
335991318,4123
335991480,4124
335991893,4125
335991894,4126
335992445,4127
335993005,4128
335993174,4129
335994090,4130
335994738,4131
335994741,4132
335994745,4133
335994749,4134
335994805,4135
335994807,4136
335997136,4137
336001216,4138
336001248,4139
336002336,4140
336028775,4141
336028777,4142
338577110,4143
338577840,4144
338577987,4145
338579283,4146
338579284,4147
338579485,4148
338583960,4149
338585878,4150
338585881,4151
338585882,4152
338586076,4153
338586077,4154
338586110,4155
338586194,4156
338590007,4157
338590877,4158
338591183,4159
338591237,4160
338591326,4161
338591738,4162
338592236,4163
338592458,4164
338592687,4165
338593032,4166
338594056,4167
338595165,4168
338805071,4169
338805082,4170
338805149,4171
338805150,4172
338805734,4173
338805887,4174
338805889,4175
338805890,4176
338805894,4177
338806012,4178
338806013,4179
338806054,4180
338806058,4181
338806217,4182
338806251,4183
338806253,4184
338806339,4185
338806342,4186
338806346,4187
338806347,4188
338806453,4189
338806479,4190
338806586,4191
338806589,4192
338806601,4193
338806606,4194
338806629,4195
338807054,4196
338871185,4197
338871193,4198
338871224,4199
338871267,4200
338871365,4201
338871371,4202
338871437,4203
338871798,4204
338871799,4205
338871800,4206
338871801,4207
338871802,4208
338872657,4209
338872832,4210
338872858,4211
339830641,4212
339830642,4213
339830644,4214
340014832,4215
340079444,4216
340311933,4217
340461495,4218
340463966,4219
341793261,4220
341793263,4221
343566860,4222
343566863,4223
343567120,4224
343567189,4225
343567190,4226
343567191,4227
343567216,4228
343567759,4229
343567760,4230
343567762,4231
343567775,4232
343568001,4233
343568771,4234
343763158,4235
343763169,4236
343763217,4237
343763222,4238
343763257,4239
343768329,4240
343768333,4241
343770659,4242
343770662,4243
343770667,4244
343770671,4245
343770675,4246
344050250,4247
344050252,4248
344602771,4249
344602805,4250
344602863,4251
344602947,4252
344602948,4253
344602949,4254
344602950,4255
344602951,4256
344602952,4257
344603066,4258
344603219,4259
344603255,4260
344603294,4261
344603301,4262
344603359,4263
344606069,4264
344606124,4265
344606125,4266
344606126,4267
344606722,4268
344606730,4269
344607154,4270
344607206,4271
344607331,4272
344607423,4273
344607978,4274
344608171,4275
344608410,4276
344608981,4277
344609002,4278
344609046,4279
344610080,4280
344610084,4281
344738125,4282
344738126,4283
344875449,4284
345377553,4285
345377555,4286
345572439,4287
345575483,4288
345577303,4289
345577408,4290
345577413,4291
345577416,4292
345577653,4293
345577654,4294
345577820,4295
345577821,4296
345578120,4297
345578296,4298
345578650,4299
345578653,4300
345579295,4301
345579431,4302
345579470,4303
345582156,4304
345806860,4305
345810040,4306
345812236,4307
345812240,4308
345812243,4309
345812248,4310
346342986,4311
346344206,4312
346345177,4313
346345180,4314
346345182,4315
347496507,4316
347497653,4317
347497660,4318
347497661,4319
347497662,4320
349073391,4321
349073414,4322
351418428,4323
352676705,4324
352677149,4325
352677196,4326
352677511,4327
352677666,4328
352677772,4329
352678371,4330
352678645,4331
352678801,4332
352678836,4333
352679334,4334
352679337,4335
352679344,4336
352679519,4337
352679838,4338
352679840,4339
352679842,4340
352679843,4341
352679844,4342
352679845,4343
352679846,4344
352679847,4345
352679848,4346
352679849,4347
352679850,4348
352679851,4349
352679857,4350
352679858,4351
352679862,4352
352679911,4353
352679921,4354
352679932,4355
352680025,4356
352680355,4357
352680362,4358
352680691,4359
352680692,4360
352680729,4361
352680939,4362
352750640,4363
353234528,4364
353965084,4365
353973926,4366
354540158,4367
354540162,4368
354540166,4369
354540172,4370
354543177,4371
354578651,4372
354578668,4373
354578674,4374
354578677,4375
354579727,4376
356842878,4377
358156657,4378
358158388,4379
358332322,4380
358333118,4381
358333644,4382
358334027,4383
358334412,4384
358334417,4385
358335905,4386
358336177,4387
358336952,4388
358444690,4389
358444691,4390
359216633,4391
359217252,4392
359581395,4393
359581400,4394
359581403,4395
359581410,4396
359581413,4397
359581416,4398
360183140,4399
360596661,4400
360636941,4401
360636945,4402
361118924,4403
361157561,4404
361159423,4405
361159424,4406
361159426,4407
361159887,4408
361160223,4409
361160224,4410
361160226,4411
361160227,4412
361160537,4413
361160600,4414
361160790,4415
361160957,4416
361161374,4417
361161743,4418
361161876,4419
361162350,4420
361165232,4421
362853613,4422
362853626,4423
362853633,4424
362853646,4425
362863346,4426
364307516,4427
364348439,4428
364348442,4429
364348444,4430
364348482,4431
364348486,4432
364348541,4433
364348542,4434
364348544,4435
364348597,4436
364348603,4437
364348697,4438
364348698,4439
364348699,4440
364348711,4441
364350165,4442
364350166,4443
364350167,4444
364350200,4445
364350202,4446
364350210,4447
364350211,4448
364350220,4449
364350221,4450
364667931,4451
365311320,4452
365748342,4453
365748667,4454
365749828,4455
365765765,4456
366331102,4457
366331108,4458
366341247,4459
366360863,4460
366360865,4461
366360866,4462
366361852,4463
366363006,4464
366376903,4465
366539564,4466
366539570,4467
366539574,4468
366539575,4469
366539585,4470
366539587,4471
366539588,4472
366539590,4473
366539592,4474
366539594,4475
366539597,4476
366539598,4477
366539603,4478
366539604,4479
366539609,4480
366539610,4481
366539611,4482
366539619,4483
366539622,4484
366539635,4485
366539639,4486
366539641,4487
366539644,4488
366539648,4489
366539730,4490
366539767,4491
366539769,4492
366539770,4493
366539772,4494
366539779,4495
366539781,4496
366539782,4497
366539785,4498
366539791,4499
366539799,4500
366539800,4501
366539815,4502
366539819,4503
366539828,4504
366539829,4505
366539834,4506
366539835,4507
366539842,4508
366539844,4509
366539847,4510
366539848,4511
366539850,4512
366540559,4513
366548831,4514
366548842,4515
366548866,4516
366549272,4517
366684765,4518
366684769,4519
366684779,4520
366684782,4521
366684787,4522
366685070,4523
366685078,4524
366685081,4525
366685084,4526
366685089,4527
366685092,4528
366685095,4529
366685099,4530
366685101,4531
366685108,4532
366685111,4533
366685114,4534
366685126,4535
366685131,4536
366685135,4537
366685138,4538
366685269,4539
366685271,4540
366685273,4541
366685275,4542
366685286,4543
366685288,4544
366685290,4545
366686467,4546
366692180,4547
366863046,4548
366864847,4549
366864849,4550
366864851,4551
366864856,4552
366864863,4553
366864867,4554
366864869,4555
366869240,4556
366869243,4557
366869248,4558
366869251,4559
366869256,4560
366869258,4561
366869270,4562
366869272,4563
366869277,4564
366869279,4565
366869287,4566
366869291,4567
366869299,4568
366869305,4569
366869306,4570
366869321,4571
366869334,4572
366869337,4573
366869465,4574
366869468,4575
366869475,4576
366869479,4577
366869482,4578
366869489,4579
366869508,4580
366869523,4581
366869528,4582
366869542,4583
366870307,4584
366870374,4585
366875187,4586
366875190,4587
366875193,4588
366875219,4589
366875220,4590
366876825,4591
366903490,4592
366967355,4593
366967437,4594
366970609,4595
366970633,4596
367010508,4597
367010510,4598
367010512,4599
367010524,4600
367012394,4601
367222352,4602
367224219,4603
367225024,4604
367225455,4605
367225902,4606
367228943,4607
367231294,4608
367231295,4609
367232798,4610
367233652,4611
367234685,4612
367235011,4613
367235394,4614
367644071,4615
367644175,4616
368290806,4617
368290812,4618
368290818,4619
368290819,4620
368290821,4621
368290824,4622
368290825,4623
368290831,4624
368290833,4625
368290836,4626
368290837,4627
368290842,4628
368290985,4629
368290986,4630
368290989,4631
369841527,4632
369841530,4633
369841533,4634
369842715,4635
369955192,4636
369956403,4637
369957293,4638
369957297,4639
369957710,4640
369957711,4641
369958004,4642
370142927,4643
370149885,4644
370363329,4645
370363394,4646
370363395,4647
370376989,4648
371213442,4649
371577029,4650
371577031,4651
371577388,4652
371577392,4653
371787920,4654
371812722,4655
371812772,4656
371812787,4657
371815466,4658
372704487,4659
372704525,4660
372704537,4661
372704557,4662
372704619,4663
372708369,4664
372711784,4665
372822027,4666
372822029,4667
372827478,4668
372827484,4669
372827494,4670
372828055,4671
372828057,4672
372828061,4673
373112663,4674
373112665,4675
373112666,4676
373112673,4677
373112688,4678
373112689,4679
373112691,4680
373112693,4681
373121109,4682
373121200,4683
373121357,4684
373121858,4685
373122391,4686
373122491,4687
373122493,4688
373354030,4689
373354037,4690
373354773,4691
373475481,4692
374115004,4693
374115040,4694
374387364,4695
374577968,4696
375610146,4697
375610259,4698
375610262,4699
375610565,4700
375610566,4701
375620471,4702
375620477,4703
375689319,4704
375690056,4705
375690503,4706
375690504,4707
375690620,4708
375690965,4709
375690966,4710
375690967,4711
375691372,4712
375691953,4713
375692145,4714
375692147,4715
375692149,4716
375692150,4717
375692177,4718
375692301,4719
375692466,4720
375692467,4721
375692725,4722
375705433,4723
375705440,4724
375705466,4725
375705471,4726
375710223,4727
375801476,4728
375905889,4729
375908004,4730
375908039,4731
375964911,4732
375977681,4733
375977685,4734
376075546,4735
376078447,4736
376624411,4737
376625440,4738
378367095,4739
378367197,4740
378367384,4741
378368026,4742
378368525,4743
378368590,4744
378368633,4745
378368637,4746
378368822,4747
378368835,4748
378368878,4749
378369362,4750
378369402,4751
378369570,4752
378369958,4753
378370257,4754
378371245,4755
378371258,4756
378371321,4757
378371802,4758
378372192,4759
378372584,4760
378372649,4761
378372674,4762
378372786,4763
378372791,4764
378374740,4765
378374767,4766
378374790,4767
378374833,4768
378375059,4769
378375124,4770
378375227,4771
378375507,4772
378375519,4773
378375523,4774
378375537,4775
378375717,4776
378375751,4777
378375889,4778
378375979,4779
378376364,4780
378376438,4781
378377182,4782
378377206,4783
378738027,4784
379570841,4785
379570870,4786
379570901,4787
379570906,4788
379570913,4789
379570970,4790
379570974,4791
379570996,4792
379571002,4793
379571017,4794
379571025,4795
379752577,4796
379752578,4797
379752581,4798
379752586,4799
379752598,4800
379752603,4801
379752604,4802
379752615,4803
379752616,4804
379752619,4805
380493530,4806
380493533,4807
380493541,4808
380493543,4809
380493544,4810
380493548,4811
380493549,4812
380493550,4813
380515811,4814
380902974,4815
380902980,4816
380902983,4817
380930145,4818
380930147,4819
382651478,4820
382656460,4821
383422740,4822
383422751,4823
383769623,4824
383769628,4825
384759394,4826
384878038,4827
384878040,4828
384878042,4829
384878049,4830
384878055,4831
384878076,4832
384878078,4833
384878089,4834
384878095,4835
384878103,4836
384878105,4837
384878121,4838
384878134,4839
384878154,4840
384878162,4841
384878164,4842
384878166,4843
384885691,4844
384885694,4845
384885697,4846
384885700,4847
384885701,4848
385667909,4849
385667914,4850
385667926,4851
386100405,4852
386134296,4853
387469480,4854
387469481,4855
387469482,4856
387469483,4857
387469484,4858
387469485,4859
387469486,4860
387469488,4861
392068677,4862
392068680,4863
392068686,4864
392068695,4865
392068696,4866
392068697,4867
392068698,4868
392068700,4869
392068702,4870
392068703,4871
392068705,4872
392068710,4873
392068712,4874
392068715,4875
392643126,4876
392643127,4877
392643128,4878
392643129,4879
392643674,4880
392643675,4881
392643749,4882
392643750,4883
392643927,4884
392643988,4885
392643989,4886
392810460,4887
392810469,4888
392810489,4889
392810493,4890
392810495,4891
392810497,4892
392810501,4893
392810504,4894
392810506,4895
392810508,4896
392810512,4897
392810516,4898
392810526,4899
392810534,4900
392810536,4901
392810552,4902
392889198,4903
392889199,4904
392894806,4905
392894807,4906
392894903,4907
392894904,4908
392896517,4909
393153390,4910
393158624,4911
393158631,4912
393158648,4913
393158651,4914
393158748,4915
393158990,4916
393215032,4917
393406868,4918
393406874,4919
393688581,4920
393688582,4921
393790476,4922
393790477,4923
393790480,4924
393849194,4925
393849213,4926
393849214,4927
393855794,4928
393855799,4929
393856115,4930
393856217,4931
393856221,4932
393856907,4933
393857311,4934
393857313,4935
393857314,4936
393857315,4937
393857367,4938
393857773,4939
393857774,4940
393858040,4941
399810913,4942
402626570,4943
402626578,4944
402626581,4945
402626584,4946
402626588,4947
402626591,4948
402626597,4949
402684830,4950
402738612,4951
402738693,4952
402916826,4953
402982662,4954
402982701,4955
402982709,4956
402982714,4957
402982724,4958
402982730,4959
402982749,4960
402982780,4961
402982789,4962
402982793,4963
402982797,4964
402982832,4965
402982839,4966
402982842,4967
402982852,4968
402999367,4969
402999373,4970
403011157,4971
403036280,4972
403187926,4973
403380653,4974
403380657,4975
403380663,4976
403380669,4977
403871915,4978
403872095,4979
406190260,4980
406190261,4981
406190263,4982
406190266,4983
406190268,4984
406192377,4985
406192836,4986
406192837,4987
406192839,4988
406192848,4989
406192861,4990
406194215,4991
406194220,4992
406202742,4993
406207317,4994
406207320,4995
406207326,4996
406209717,4997
406209721,4998
406212786,4999
406214280,5000
406214296,5001
406214301,5002
406214307,5003
406214311,5004
406215564,5005
406253115,5006
406253882,5007
406254430,5008
406254680,5009
406255175,5010
406255180,5011
406256473,5012
406256476,5013
406256478,5014
406256480,5015
406263188,5016
406264053,5017
408534024,5018
409129730,5019
409129731,5020
409129732,5021
409495032,5022
409495859,5023
409495862,5024
409495865,5025
409496322,5026
409496324,5027
409783249,5028
409798244,5029
409798253,5030
409798270,5031
409798277,5032
409798278,5033
409798289,5034
409798295,5035
409798296,5036
409798297,5037
409798303,5038
409798304,5039
409798306,5040
409798307,5041
409798308,5042
409798311,5043
409798315,5044
409798317,5045
410143281,5046
410143282,5047
410217668,5048
410217676,5049
410217683,5050
410287592,5051
410287694,5052
410287921,5053
410287922,5054
410288730,5055
410288734,5056
410288857,5057
410288858,5058
410556327,5059
410556362,5060
410615984,5061
410615994,5062
410615996,5063
410624595,5064
410624610,5065
410624611,5066
410624613,5067
410703756,5068
410703762,5069
410703769,5070
410703778,5071
410703785,5072
410703788,5073
410703791,5074
410703796,5075
410703801,5076
410703819,5077
410703824,5078
410703829,5079
410703831,5080
410703836,5081
410703840,5082
410703851,5083
410703862,5084
410703864,5085
410703881,5086
410703882,5087
411034871,5088
411034872,5089
411034880,5090
411034881,5091
411034884,5092
411034887,5093
411034889,5094
411034897,5095
411034923,5096
411034948,5097
411288525,5098
411758474,5099
411759721,5100
411842497,5101
411842501,5102
411842503,5103
411842506,5104
411842510,5105
411842519,5106
412123597,5107
412123598,5108
412123601,5109
412123611,5110
412123612,5111
412123619,5112
412123623,5113
412240634,5114
412551248,5115
412551251,5116
412551273,5117
412551276,5118
412551277,5119
412551278,5120
412551279,5121
413010339,5122
413010368,5123
413581583,5124
414069265,5125
414069269,5126
414069282,5127
414071453,5128
414109490,5129
414109491,5130
414109492,5131
414110578,5132
414125718,5133
414125721,5134
414129945,5135
414129946,5136
414129947,5137
414129948,5138
414129949,5139
414129950,5140
414129951,5141
414129952,5142
414129953,5143
414917395,5144
414917404,5145
414917408,5146
414917420,5147
414917427,5148
415261041,5149
415261878,5150
415261897,5151
415261915,5152
415261924,5153
415262581,5154
415262584,5155
415262600,5156
415262601,5157
415262602,5158
415262608,5159
415262789,5160
415262796,5161
415262797,5162
415262804,5163
415262810,5164
415263703,5165
415263713,5166
415263725,5167
415264952,5168
415265555,5169
415265560,5170
415265564,5171
415265569,5172
415265646,5173
416352918,5174
416352919,5175
416352930,5176
416571016,5177
416571017,5178
416571023,5179
416571027,5180
416571028,5181
416571029,5182
416571030,5183
416571031,5184
416571032,5185
416628937,5186
417279188,5187
417279202,5188
417279209,5189
417279227,5190
417279330,5191
417279331,5192
417279365,5193
417279378,5194
417279379,5195
417279380,5196
417282057,5197
417282063,5198
417282064,5199
418244019,5200
418244037,5201
418875240,5202
418875241,5203
418877360,5204
418877362,5205
418877367,5206
418877368,5207
418877373,5208
418915566,5209
418915570,5210
418915590,5211
418915592,5212
418915596,5213
418915599,5214
418915619,5215
418915621,5216
418915640,5217
418915643,5218
418968780,5219
418968784,5220
419622485,5221
419622507,5222
419745831,5223
419745834,5224
419745835,5225
419745837,5226
419749718,5227
419749721,5228
419749725,5229
419750709,5230
419750710,5231
419750713,5232
419750717,5233
419750719,5234
419750726,5235
419750727,5236
419758638,5237
419758639,5238
419758641,5239
419758646,5240
419758647,5241
419758650,5242
419758653,5243
419758657,5244
419758658,5245
419758660,5246
419758661,5247
419758664,5248
419758668,5249
419758673,5250
419758674,5251
419758676,5252
419758679,5253
419758680,5254
419758682,5255
419758691,5256
419912206,5257
419912419,5258
419913104,5259
419913224,5260
419913407,5261
419914117,5262
419914120,5263
419914700,5264
419915188,5265
419978542,5266
419978611,5267
419979013,5268
420009447,5269
420009449,5270
420009456,5271
420014599,5272
420051016,5273
420051021,5274
420051032,5275
420235548,5276
420235549,5277
420235550,5278
420235560,5279
420254401,5280
420254843,5281
420255622,5282
420255842,5283
420257221,5284
420257222,5285
420257223,5286
420257231,5287
420259147,5288
420259682,5289
420259919,5290
420265558,5291
420265561,5292
420268870,5293
420276678,5294
420315510,5295
420315511,5296
420315512,5297
420315515,5298
420315517,5299
420315519,5300
420315521,5301
420315523,5302
420315525,5303
420315527,5304
420315528,5305
420315529,5306
420315530,5307
420315532,5308
420315535,5309
420315538,5310
420340784,5311
420825616,5312
420825621,5313
420825625,5314
420825628,5315
421539186,5316
421929781,5317
421929783,5318
421929787,5319
422048389,5320
423084826,5321
423084862,5322
423084909,5323
423084912,5324
423084915,5325
423084918,5326
423084920,5327
423091278,5328
423091279,5329
423091285,5330
423146335,5331
423146337,5332
423146342,5333
423146345,5334
423146347,5335
423146348,5336
423146355,5337
423146359,5338
423146364,5339
423146375,5340
424198320,5341
424198330,5342
424198332,5343
424198333,5344
424198334,5345
424198351,5346
424198354,5347
424198356,5348
424198390,5349
424198393,5350
424202383,5351
424202386,5352
424202388,5353
424202391,5354
425345533,5355
425345549,5356
425345553,5357
425346780,5358
425347586,5359
425347850,5360
425348239,5361
425349825,5362
425349827,5363
425349956,5364
425349997,5365
425350111,5366
425350566,5367
425357687,5368
425357990,5369
425358162,5370
425358543,5371
427082356,5372
427082358,5373
427082361,5374
427082368,5375
427082371,5376
427082374,5377
427082379,5378
427082393,5379
427082396,5380
427082398,5381
427082400,5382
427082403,5383
427082408,5384
427082419,5385
427082427,5386
427082428,5387
427082436,5388
427082444,5389
427082449,5390
427082451,5391
427082454,5392
427082457,5393
427082458,5394
427082461,5395
427082463,5396
427082480,5397
427082481,5398
427082483,5399
427082486,5400
427082488,5401
427082493,5402
427688019,5403
427688021,5404
427688022,5405
427688023,5406
427688025,5407
427688026,5408
427688033,5409
427688034,5410
427688035,5411
427688036,5412
427688037,5413
427688038,5414
427688049,5415
427688050,5416
427688051,5417
427688052,5418
427688053,5419
427946103,5420
427946107,5421
428055524,5422
428055531,5423
428055540,5424
428157912,5425
428157913,5426
428157931,5427
428277617,5428
428601270,5429
428601274,5430
428601275,5431
428601283,5432
428869712,5433
428869731,5434
428869748,5435
428869758,5436
429603637,5437
429603639,5438
429606196,5439
429606198,5440
429630080,5441
429630081,5442
429630084,5443
429630085,5444
429630087,5445
429630091,5446
429630093,5447
429630104,5448
429958255,5449
429958256,5450
430366413,5451
430366421,5452
430366422,5453
430366423,5454
430366426,5455
430366427,5456
430366429,5457
430366431,5458
430366434,5459
430366435,5460
430366438,5461
430366463,5462
430366464,5463
430366468,5464
430366469,5465
430366471,5466
430366485,5467
432537397,5468
432537412,5469
432537417,5470
432537419,5471
434003549,5472
434003556,5473
434003559,5474
434085561,5475
434482878,5476
434482881,5477
434482884,5478
434623159,5479
434623164,5480
434623169,5481
434623187,5482
434623189,5483
434623191,5484
434623195,5485
434623205,5486
434623208,5487
434623216,5488
434623224,5489
434623231,5490
434623235,5491
434623258,5492
434623262,5493
434623286,5494
434623296,5495
434623306,5496
434623311,5497
434623329,5498
435416612,5499
435416613,5500
435416643,5501
435418387,5502
435418388,5503
435513309,5504
435513316,5505
435513318,5506
435513324,5507
435513330,5508
435513333,5509
435513337,5510
435513342,5511
435513344,5512
435513353,5513
435513360,5514
435513363,5515
435513366,5516
440627461,5517
440627462,5518
440627463,5519
440627468,5520
440627469,5521
440627472,5522
440627478,5523
440627483,5524
440627484,5525
440627486,5526
440628233,5527
440628235,5528
440628236,5529
440659089,5530
440707730,5531
440707733,5532
440707742,5533
440707745,5534
440810254,5535
440814851,5536
440814853,5537
440814858,5538
440814861,5539
440814862,5540
440814865,5541
440814870,5542
440814877,5543
440814878,5544
440814879,5545
440814880,5546
440814883,5547
440814884,5548
440814887,5549
440814893,5550
440814894,5551
440814898,5552
440814902,5553
440814912,5554
440814915,5555
441311622,5556
441311623,5557
441311624,5558
441311625,5559
441809422,5560
441841350,5561
441869460,5562
441869534,5563
441869546,5564
441869553,5565
441869590,5566
442156581,5567
442156709,5568
442157146,5569
442157611,5570
442158051,5571
442158568,5572
442158614,5573
442158625,5574
442158667,5575
442158926,5576
442159336,5577
442159777,5578
442159953,5579
442159956,5580
442159964,5581
442159966,5582
442159967,5583
442160018,5584
442160020,5585
442160022,5586
442160033,5587
442160083,5588
442160218,5589
442160584,5590
442160587,5591
442160997,5592
442160999,5593
442161004,5594
442161036,5595
442161040,5596
442161041,5597
442161135,5598
442161138,5599
442161179,5600
442161518,5601
442162057,5602
442162120,5603
442162333,5604
442162953,5605
442163056,5606
442321105,5607
442321113,5608
442330109,5609
442330110,5610
442330111,5611
442330113,5612
442330178,5613
442330182,5614
442330184,5615
442330229,5616
442579174,5617
442982487,5618
442982488,5619
443419667,5620
443425516,5621
443425517,5622
443425519,5623
443425520,5624
443425529,5625
443425531,5626
443425533,5627
443425548,5628
443825608,5629
443825609,5630
443825616,5631
443825617,5632
443825618,5633
443825619,5634
443825624,5635
443825627,5636
443856523,5637
443856528,5638
443856540,5639
443856546,5640
443856549,5641
443856552,5642
443856554,5643
443856563,5644
443856571,5645
443856581,5646
443856583,5647
443856588,5648
443856592,5649
443856608,5650
443856644,5651
443856651,5652
443856667,5653
443856692,5654
443856696,5655
443856713,5656
443872097,5657
443872101,5658
443872102,5659
443872103,5660
443872158,5661
444587619,5662
444587630,5663
444671939,5664
445682239,5665
448094439,5666
448659859,5667
448881890,5668
448881898,5669
448897358,5670
448897360,5671
448897369,5672
448897374,5673
448897375,5674
448897376,5675
448897379,5676
448900228,5677
449355302,5678
451707359,5679
452506838,5680
452506839,5681
452506840,5682
452506841,5683
452506842,5684
452506843,5685
452595605,5686
452595614,5687
454147977,5688
454159679,5689
454177076,5690
454177077,5691
454177078,5692
454177089,5693
454177098,5694
454177101,5695
454177102,5696
454177111,5697
454248898,5698
454248902,5699
454475043,5700
455496195,5701
455575573,5702
455575575,5703
455575577,5704
456301369,5705
456301396,5706
456301400,5707
456301401,5708
456301403,5709
456321343,5710
457005266,5711
457118256,5712
457118260,5713
457118264,5714
457118265,5715
457118270,5716
457118273,5717
457118275,5718
457118277,5719
457118288,5720
457118292,5721
457118295,5722
457118301,5723
457118303,5724
457118305,5725
457118312,5726
457118314,5727
457118358,5728
457411728,5729
457623370,5730
457623372,5731
458401315,5732
458504299,5733
458504304,5734
458504316,5735
458504319,5736
458504326,5737
458504342,5738
458504348,5739
458504349,5740
458504350,5741
458504351,5742
458504395,5743
458504421,5744
458506181,5745
458506249,5746
458506270,5747
459296160,5748
459832289,5749
459832290,5750
459832294,5751
459832297,5752
459832298,5753
459832300,5754
459832310,5755
459832312,5756
459832314,5757
459832322,5758
459832325,5759
459832326,5760
459832330,5761
459832334,5762
459832335,5763
459832336,5764
459832337,5765
459836658,5766
461873633,5767
461873637,5768
461873639,5769
462268815,5770
462269817,5771
462269819,5772
462677749,5773
462679524,5774
462679613,5775
462684818,5776
462685507,5777
462685557,5778
463174136,5779
463174221,5780
463174228,5781
463174230,5782
464666745,5783
464666751,5784
464666874,5785
465199861,5786
467167617,5787
467168313,5788
467168315,5789
467168696,5790
467174925,5791
467180619,5792
469092422,5793
469092427,5794
469092428,5795
469092429,5796
469105062,5797
469105090,5798
469105091,5799
469105093,5800
469105206,5801
469105211,5802
469105215,5803
469105216,5804
469105558,5805
469105788,5806
469105790,5807
469184305,5808
469184306,5809
469184309,5810
469184311,5811
469184312,5812
469184317,5813
469184322,5814
469184324,5815
469184325,5816
469184327,5817
469184332,5818
469184338,5819
469184340,5820
469184355,5821
469713236,5822
469713238,5823
469713266,5824
469713268,5825
469713305,5826
469713310,5827
469713312,5828
469713318,5829
469713383,5830
469713481,5831
469713518,5832
469713560,5833
469713567,5834
469713572,5835
469714606,5836
469714830,5837
469715061,5838
469715071,5839
469715119,5840
469715164,5841
469715171,5842
469715237,5843
469715384,5844
469715457,5845
469715487,5846
469716344,5847
469716784,5848
469718791,5849
469719202,5850
469719207,5851
469719216,5852
469719422,5853
469719440,5854
469719554,5855
470054357,5856
470054358,5857
470054359,5858
470054360,5859
470054362,5860
470054363,5861
470415942,5862
470415999,5863
470494691,5864
470494708,5865
470495190,5866
470498156,5867
470498179,5868
470498184,5869
470498740,5870
470498755,5871
470504831,5872
470622277,5873
470622285,5874
470622287,5875
470622288,5876
470622290,5877
470622291,5878
470622293,5879
470622295,5880
470622296,5881
470622297,5882
470622298,5883
470622304,5884
470622307,5885
470622311,5886
470622312,5887
470622316,5888
470622320,5889
470622321,5890
470622324,5891
470622328,5892
470622329,5893
470622332,5894
470622337,5895
470622338,5896
470622339,5897
470622342,5898
470622345,5899
470622346,5900
470622347,5901
470622348,5902
470622350,5903
470627997,5904
470627999,5905
470628001,5906
470628003,5907
470628006,5908
470650794,5909
470650795,5910
470650796,5911
470650797,5912
470650798,5913
470650799,5914
470650808,5915
470650811,5916
470650813,5917
470650817,5918
470651324,5919
470652499,5920
471054005,5921
471131311,5922
471131314,5923
471131318,5924
471131324,5925
471131326,5926
471131327,5927
471131330,5928
471131331,5929
471131332,5930
471131333,5931
471131334,5932
471131343,5933
471131344,5934
471955213,5935
471955252,5936
472106376,5937
472106393,5938
472106397,5939
472106399,5940
472106405,5941
472106412,5942
472106414,5943
472106421,5944
472106427,5945
472106429,5946
472106430,5947
472106431,5948
472106433,5949
472106436,5950
472106439,5951
472106442,5952
472106443,5953
472106448,5954
472113508,5955
472113520,5956
472113523,5957
472113524,5958
472113532,5959
472113533,5960
472113534,5961
472113536,5962
472113549,5963
472113551,5964
472115799,5965
472115800,5966
472118173,5967
472354128,5968
472354129,5969
472354132,5970
472354133,5971
472354134,5972
472354135,5973
472354136,5974
472354137,5975
472354138,5976
472354140,5977
472373554,5978
472373557,5979
472373559,5980
472373564,5981
472373565,5982
472373567,5983
472636842,5984
472636843,5985
472636845,5986
472637269,5987
472637273,5988
472637277,5989
472637279,5990
472637317,5991
472637324,5992
472637325,5993
472637330,5994
472637361,5995
472637431,5996
472637432,5997
472637559,5998
472637562,5999
472638495,6000
472638496,6001
472638541,6002
472640082,6003
472640084,6004
472640087,6005
472640271,6006
472640274,6007
472643645,6008
472643694,6009
472643752,6010
472647144,6011
473405521,6012
474164760,6013
474164788,6014
474164803,6015
474164807,6016
474164830,6017
474164837,6018
474164838,6019
474656878,6020
474656881,6021
474656883,6022
474658337,6023
474658341,6024
474658342,6025
474658348,6026
475100300,6027
475296412,6028
475315715,6029
475315716,6030
475315717,6031
475315719,6032
475315720,6033
475315722,6034
475315724,6035
475315729,6036
475315730,6037
475315732,6038
475315737,6039
475315738,6040
475315740,6041
475315742,6042
475315744,6043
475323930,6044
475323931,6045
475323936,6046
475323939,6047
475323942,6048
475334383,6049
475334394,6050
475334397,6051
475334401,6052
475334408,6053
475364610,6054
475365845,6055
476021000,6056
476021003,6057
476874386,6058
476874388,6059
476874391,6060
476874397,6061
476874398,6062
476874401,6063
476874407,6064
476879220,6065
476879223,6066
476879225,6067
476879226,6068
476879229,6069
476879230,6070
476884369,6071
476884372,6072
476885904,6073
476885906,6074
476885908,6075
476893190,6076
476893193,6077
476893194,6078
476893196,6079
476893197,6080
476893199,6081
476893206,6082
476893218,6083
476897906,6084
476897907,6085
476897912,6086
476899104,6087
476899105,6088
476899112,6089
476901072,6090
476907212,6091
476907213,6092
476907214,6093
476907215,6094
476912166,6095
476912167,6096
476912168,6097
476912169,6098
476912170,6099
476912173,6100
476913081,6101
476913082,6102
476935412,6103
477660442,6104
477660627,6105
477661100,6106
477661186,6107
477662097,6108
477665735,6109
477665873,6110
477665925,6111
477983054,6112
477983056,6113
477983060,6114
477983070,6115
477983072,6116
477983074,6117
477983076,6118
477983081,6119
477983090,6120
477983099,6121
478051337,6122
478051367,6123
478051371,6124
478051374,6125
478051375,6126
478051377,6127
478051379,6128
478051404,6129
478051409,6130
478051411,6131
478051417,6132
478051463,6133
478051465,6134
478051469,6135
478051472,6136
478051479,6137
478080780,6138
478080782,6139
478080783,6140
478080785,6141
478080787,6142
478080810,6143
478080830,6144
479256168,6145
479256193,6146
479283910,6147
479287845,6148
479287852,6149
479292101,6150
479402165,6151
479434835,6152
480428181,6153
480428186,6154
480428194,6155
481317984,6156
482626274,6157
482626367,6158
482633765,6159
482633777,6160
482633791,6161
482633802,6162
482633803,6163
482664915,6164
482664917,6165
482664919,6166
482664921,6167
482664924,6168
482664933,6169
482664935,6170
482664947,6171
482680541,6172
482680551,6173
482680563,6174
482680573,6175
482680578,6176
482680614,6177
482680625,6178
483401586,6179
483401599,6180
483401603,6181
483613110,6182
485360433,6183
485360435,6184
485360493,6185
485360504,6186
485360511,6187
485360514,6188
485360523,6189
485360527,6190
485360529,6191
485360535,6192
485360541,6193
485360554,6194
485360557,6195
485360564,6196
485360567,6197
485360578,6198
486287364,6199
486287367,6200
486287388,6201
486287391,6202
486287400,6203
486287415,6204
486287417,6205
486287469,6206
486287476,6207
486344218,6208
486344224,6209
486344227,6210
486344233,6211
486375098,6212
486375100,6213
486375111,6214
486375117,6215
486375120,6216
486375134,6217
486375139,6218
486388771,6219
486413159,6220
486413162,6221
486413169,6222
486413192,6223
486413214,6224
486413215,6225
486413223,6226
486424529,6227
486424534,6228
486424550,6229
486441973,6230
486441981,6231
486441984,6232
486441992,6233
486442009,6234
486442016,6235
486448742,6236
486474430,6237
486474440,6238
486474494,6239
486474505,6240
486474524,6241
486522613,6242
486752881,6243
486752882,6244
486752883,6245
486752884,6246
487062752,6247
487063317,6248
487063326,6249
487063339,6250
487063341,6251
487063343,6252
487063348,6253
487063527,6254
487063528,6255
487063529,6256
487063531,6257
487063534,6258
487063554,6259
487063569,6260
487063571,6261
487063572,6262
487063573,6263
487063858,6264
487063884,6265
487064343,6266
487064384,6267
487064386,6268
487064459,6269
487064460,6270
487104247,6271
488265269,6272
488287482,6273
488310926,6274
488426697,6275
489629848,6276
489629853,6277
491540360,6278
491615967,6279
491615971,6280
491615973,6281
491615975,6282
491615978,6283
491615990,6284
491615992,6285
491615999,6286
491616014,6287
491616022,6288
491616026,6289
491616028,6290
491616030,6291
491616031,6292
491616033,6293
491616040,6294
491616069,6295
491616095,6296
491616098,6297
491619578,6298
491619579,6299
492478993,6300
492679725,6301
493282600,6302
493282602,6303
493282605,6304
493282607,6305
493282611,6306
493282614,6307
493282615,6308
493282618,6309
493282619,6310
493343516,6311
493809371,6312
493852947,6313
493852948,6314
493852949,6315
493852950,6316
493852951,6317
494381514,6318
494381522,6319
494381547,6320
494391060,6321
494452726,6322
494452727,6323
494508046,6324
494544825,6325
494544828,6326
494544833,6327
494544835,6328
494544837,6329
494544842,6330
494544844,6331
494544863,6332
494544865,6333
494544881,6334
494552707,6335
494552716,6336
494552718,6337
495377790,6338
495377793,6339
496382979,6340
496382982,6341
496382983,6342
496382987,6343
496502179,6344
496502187,6345
496510474,6346
497224171,6347
498404728,6348
498404730,6349
498404733,6350
498481977,6351
499483994,6352
499483995,6353
499483997,6354
499484005,6355
499484008,6356
499484015,6357
500880922,6358
500880932,6359
500880949,6360
502882632,6361
502884555,6362
502884561,6363
502884563,6364
502884628,6365
502884632,6366
502884638,6367
502899648,6368
502899848,6369
502906918,6370
503450379,6371
503450382,6372
503450384,6373
503450386,6374
503450393,6375
503450397,6376
503450403,6377
503450406,6378
503450409,6379
503450411,6380
503464341,6381
503464342,6382
503485105,6383
503485109,6384
503490079,6385
503978849,6386
503978885,6387
503978928,6388
503979030,6389
503979036,6390
503981168,6391
503981173,6392
503981185,6393
503981200,6394
503981321,6395
503981435,6396
503981583,6397
503983666,6398
503983672,6399
503983678,6400
503983688,6401
503985245,6402
503986580,6403
503986650,6404
503986698,6405
504008549,6406
504498894,6407
504498896,6408
504498903,6409
504498905,6410
504498912,6411
504498916,6412
504498917,6413
504498918,6414
504498920,6415
504498922,6416
504498925,6417
504498928,6418
504498934,6419
504498947,6420
504498950,6421
504503277,6422
504503315,6423
504510440,6424
504510462,6425
504510469,6426
504510472,6427
504514682,6428
504514686,6429
504519523,6430
504519531,6431
504519533,6432
504525806,6433
504525811,6434
504539418,6435
504539432,6436
504539454,6437
504546569,6438
504546586,6439
504546588,6440
504583290,6441
504583305,6442
504657975,6443
504657977,6444
505174802,6445
506300099,6446
506300118,6447
506302394,6448
506317132,6449
506320854,6450
506747777,6451
506802681,6452
506802682,6453
506802696,6454
506802698,6455
506802705,6456
506802707,6457
506802712,6458
506802714,6459
506802719,6460
506802720,6461
506802721,6462
506802722,6463
506802723,6464
506802729,6465
508052757,6466
508053059,6467
508053123,6468
508053857,6469
508053896,6470
508053984,6471
508053991,6472
508054076,6473
508054077,6474
508054696,6475
508054697,6476
508058003,6477
509275141,6478
509275176,6479
509410524,6480
510819939,6481
510819947,6482
510823750,6483
510823753,6484
510823755,6485
510823761,6486
510825344,6487
510825345,6488
510825350,6489
510825352,6490
510825357,6491
510825358,6492
510825360,6493
510833427,6494
510833428,6495
510833429,6496
510847204,6497
510847212,6498
510847213,6499
510854711,6500
510965090,6501
513557798,6502
513557897,6503
513557985,6504
513558398,6505
513559534,6506
513566027,6507
513566030,6508
513566036,6509
513583589,6510
513762813,6511
513762817,6512
513762818,6513
515981899,6514
516349896,6515
516349903,6516
516372841,6517
516372849,6518
516372852,6519
516707360,6520
516707368,6521
516707370,6522
516720500,6523
516720502,6524
516720506,6525
516720508,6526
516750222,6527
516750224,6528
516807885,6529
517236964,6530
517829332,6531
517829677,6532
517830049,6533
517838479,6534
517839811,6535
517840931,6536
517841718,6537
517841719,6538
517843360,6539
517844973,6540
517845102,6541
517845116,6542
517845121,6543
517845799,6544
517848036,6545
517848119,6546
517848636,6547
517848978,6548
517848980,6549
517848991,6550
517849000,6551
517849054,6552
517849326,6553
517849493,6554
517849718,6555
517969349,6556
517969352,6557
517969353,6558
517969356,6559
517969357,6560
517969358,6561
517969359,6562
517969360,6563
517969361,6564
517969362,6565
517969363,6566
517969364,6567
517969365,6568
517969368,6569
517973618,6570
517973620,6571
517973622,6572
517973624,6573
517973626,6574
517973644,6575
517987855,6576
517987857,6577
517987866,6578
518024945,6579
518024947,6580
518024950,6581
518028537,6582
518031334,6583
518031343,6584
518034208,6585
518034210,6586
518034212,6587
518034214,6588
518034220,6589
518034222,6590
518039870,6591
518044787,6592
518063199,6593
518063202,6594
519268667,6595
519268671,6596
519268677,6597
519268681,6598
519525339,6599
520605784,6600
520605790,6601
520616315,6602
520624049,6603
522483457,6604
522483902,6605
522485721,6606
522486396,6607
522486400,6608
523634386,6609
523634431,6610
526960221,6611
526960229,6612
527915764,6613
527916697,6614
527916703,6615
527916705,6616
527916711,6617
527916712,6618
527919155,6619
527924700,6620
527924701,6621
527924702,6622
527924703,6623
527924705,6624
527941160,6625
527941169,6626
527941172,6627
527941173,6628
527941177,6629
527941183,6630
527941190,6631
527941195,6632
527941201,6633
527941202,6634
528992252,6635
529049478,6636
529050953,6637
529053228,6638
529053230,6639
529053233,6640
529053243,6641
529053256,6642
529059103,6643
529059106,6644
529059155,6645
529059157,6646
529059160,6647
529059171,6648
529059178,6649
529059188,6650
529069931,6651
529069939,6652
529069942,6653
529069943,6654
529069947,6655
529069949,6656
529069953,6657
529069955,6658
529073838,6659
529073839,6660
529073841,6661
529073853,6662
529073858,6663
529073859,6664
529078124,6665
529078133,6666
529078135,6667
529079120,6668
529082744,6669
529084661,6670
529498851,6671
529502290,6672
529503037,6673
529503412,6674
529537196,6675
529922073,6676
530191806,6677
530255144,6678
530255149,6679
530255152,6680
533749583,6681
533749588,6682
533898982,6683
533898984,6684
533898988,6685
533898998,6686
533899021,6687
534139681,6688
534139685,6689
534139686,6690
534139690,6691
534139692,6692
534139709,6693
534139710,6694
534139714,6695
534355006,6696
534355694,6697
534362941,6698
534362943,6699
534362945,6700
534362954,6701
534367630,6702
534367633,6703
534367644,6704
534373195,6705
534373197,6706
534373199,6707
534373200,6708
534373202,6709
534373205,6710
534376045,6711
534376049,6712
534376053,6713
534376061,6714
534376412,6715
534376417,6716
534376419,6717
534377100,6718
534377999,6719
534378010,6720
534378570,6721
534378572,6722
534378576,6723
534378577,6724
534379851,6725
534379852,6726
534379854,6727
534379855,6728
534379856,6729
534379857,6730
534381875,6731
534381876,6732
534381879,6733
534381880,6734
534381881,6735
534381882,6736
534381883,6737
534381886,6738
534381887,6739
534381888,6740
534696590,6741
534696598,6742
535366089,6743
535484300,6744
535484308,6745
535484311,6746
535490960,6747
535490962,6748
535490963,6749
535490964,6750
535490966,6751
535490969,6752
535497332,6753
535497335,6754
535497339,6755
535497343,6756
535512503,6757
535512505,6758
535512508,6759
535512512,6760
535512515,6761
535512520,6762
535512522,6763
535512525,6764
535512527,6765
535512528,6766
535539942,6767
535539954,6768
535552653,6769
535552658,6770
535556302,6771
535560122,6772
535560139,6773
535560142,6774
535560147,6775
535577110,6776
535605576,6777
535605581,6778
535605583,6779
535605585,6780
535605587,6781
535605590,6782
535943163,6783
535949780,6784
535949784,6785
536786789,6786
539416778,6787
539416788,6788
539416792,6789
540219100,6790
540219104,6791
540219133,6792
540588148,6793
540588339,6794
540588349,6795
540588521,6796
540943220,6797
541435264,6798
541437230,6799
549260648,6800
549260654,6801
552933771,6802
552933779,6803
552933786,6804
552933787,6805
552933789,6806
552933791,6807
552933793,6808
552933794,6809
552933800,6810
552933801,6811
552933806,6812
552933808,6813
552933809,6814
552933810,6815
552933812,6816
552933814,6817
552933816,6818
552933827,6819
552933832,6820
552933834,6821
552933837,6822
552933840,6823
552933856,6824
552933861,6825
552938976,6826
552938977,6827
552938979,6828
552938981,6829
552938982,6830
552939003,6831
552955815,6832
552955830,6833
553034725,6834
553035311,6835
553035387,6836
553035497,6837
553035499,6838
553035513,6839
553037566,6840
553037626,6841
553037642,6842
554984975,6843
554985084,6844
554985090,6845
554985119,6846
554985148,6847
554985153,6848
554995233,6849
554995312,6850
554995320,6851
554995382,6852
554995572,6853
554995611,6854
554997591,6855
555002242,6856
555009116,6857
555022430,6858
555023078,6859
557057272,6860
558065031,6861
558065033,6862
558065036,6863
558065038,6864
558065039,6865
558065058,6866
558065059,6867
558065061,6868
558065063,6869
558065075,6870
558065077,6871
558065079,6872
558065081,6873
558065082,6874
558065084,6875
558065088,6876
558065090,6877
558065104,6878
558065106,6879
558065108,6880
558065112,6881
558065123,6882
558065127,6883
558065128,6884
558065130,6885
558065132,6886
558087694,6887
558087697,6888
558087711,6889
558087713,6890
558087719,6891
558519793,6892
558646770,6893
558646771,6894
558646774,6895
558646777,6896
559946296,6897
559946300,6898
559946305,6899
559946307,6900
559946309,6901
559946310,6902
559946311,6903
559946312,6904
559946321,6905
559946326,6906
559946336,6907
559946342,6908
559946349,6909
559946350,6910
559946352,6911
559946353,6912
559946355,6913
559946356,6914
559946357,6915
559946359,6916
559946366,6917
559946367,6918
559946368,6919
559946369,6920
559946371,6921
559946389,6922
559946390,6923
559946391,6924
559946392,6925
559946395,6926
559946397,6927
559946408,6928
560142422,6929
560371974,6930
560371975,6931
560371976,6932
560371983,6933
560396536,6934
560396553,6935
560396554,6936
560396556,6937
560396568,6938
560396571,6939
560396572,6940
560396573,6941
560396574,6942
560428877,6943
560428900,6944
560428903,6945
560428912,6946
560428915,6947
560428967,6948
560428975,6949
560428976,6950
560428980,6951
560428984,6952
560428986,6953
560428987,6954
560428989,6955
560428991,6956
560428997,6957
560428999,6958
560429003,6959
560429008,6960
560429014,6961
560429015,6962
560429017,6963
560429022,6964
560432877,6965
560432895,6966
560442808,6967
560442809,6968
560456186,6969
560467310,6970
560738086,6971
560769269,6972
560769325,6973
560825501,6974
560829324,6975
560829531,6976
560832881,6977
560832882,6978
560839078,6979
560850578,6980
560850589,6981
560883289,6982
560883361,6983
560885753,6984
560886411,6985
560886413,6986
561217001,6987
561217012,6988
562742184,6989
562754241,6990
563864734,6991
564306375,6992
564778798,6993
564778803,6994
564899461,6995
564899463,6996
564899469,6997
564899472,6998
565022155,6999
565086767,7000
565086771,7001
565087125,7002
565613936,7003
566212950,7004
566455676,7005
566455679,7006
566455680,7007
566583674,7008
566585106,7009
566585444,7010
566585474,7011
566585522,7012
566586169,7013
567238604,7014
567238608,7015
567450907,7016
567450962,7017
567451042,7018
567463703,7019
567463764,7020
567662915,7021
567662919,7022
567662922,7023
567662925,7024
568061407,7025
568061408,7026
568061409,7027
568061412,7028
568061416,7029
568061422,7030
568061424,7031
568064740,7032
568064741,7033
568064743,7034
568064744,7035
568064745,7036
568064747,7037
568064750,7038
568064753,7039
568064760,7040
568064762,7041
568064769,7042
568337458,7043
568337603,7044
568337612,7045
568337615,7046
568337617,7047
568337978,7048
568337984,7049
568337997,7050
568338269,7051
568338284,7052
568338287,7053
568338289,7054
568338290,7055
568338291,7056
568338293,7057
568338307,7058
568338308,7059
568338325,7060
568338326,7061
568338471,7062
568338474,7063
568338560,7064
568338586,7065
568338587,7066
568338610,7067
568338613,7068
568338616,7069
568338617,7070
568346990,7071
571253697,7072
571253705,7073
571655321,7074
571655322,7075
571655332,7076
582134311,7077
582134397,7078
582136792,7079
582654517,7080
582853291,7081
582853582,7082
582854904,7083
582989630,7084
586455734,7085
586455738,7086
586456038,7087
586456048,7088
586456126,7089
586456129,7090
586456807,7091
586456808,7092
586456902,7093
586457942,7094
586458230,7095
586458239,7096
586458873,7097
586459165,7098
586459172,7099
587754685,7100
587754698,7101
587754702,7102
587754703,7103
587754709,7104
587754711,7105
587763981,7106
590288291,7107
590344950,7108
595569465,7109
595569530,7110
597286210,7111
597286212,7112
597286215,7113
597286219,7114
597286220,7115
597424899,7116
597424900,7117
597424905,7118
597424906,7119
597424907,7120
597424909,7121
597424910,7122
597427653,7123
597427654,7124
597427655,7125
597427656,7126
597429964,7127
597429966,7128
597429975,7129
597429977,7130
597434110,7131
597434116,7132
597434784,7133
597434785,7134
597434961,7135
597434962,7136
597442854,7137
597442859,7138
598592970,7139
598592972,7140
598592976,7141
598596508,7142
598596516,7143
598596517,7144
598596518,7145
598596534,7146
598599187,7147
598599200,7148
598904644,7149
598904651,7150
599232587,7151
599238784,7152
599305553,7153
599305904,7154
599309568,7155
599309594,7156
599309880,7157
599309881,7158
599309889,7159
599309890,7160
599687387,7161
599691949,7162
599909699,7163
599909711,7164
599909712,7165
600016736,7166
600016737,7167
600016738,7168
600016739,7169
600016740,7170
600016741,7171
600016745,7172
600016746,7173
600016747,7174
600016748,7175
601589287,7176
602084631,7177
602084632,7178
602084634,7179
602084639,7180
602084659,7181
602084660,7182
602084665,7183
602084676,7184
602084677,7185
602084679,7186
602214402,7187
602214417,7188
602214419,7189
602214422,7190
602214438,7191
602218371,7192
603087602,7193
603087604,7194
603113659,7195
603113676,7196
603131154,7197
603131596,7198
603131611,7199
603131616,7200
603131703,7201
603133275,7202
603134116,7203
603134134,7204
603134162,7205
603134413,7206
603134615,7207
603134666,7208
603135004,7209
603137426,7210
603138331,7211
603138332,7212
603138479,7213
603138572,7214
603138573,7215
603138574,7216
603138588,7217
603138589,7218
603138590,7219
603138613,7220
603138679,7221
603138680,7222
603138704,7223
603138723,7224
603140003,7225
603143622,7226
603158278,7227
603158306,7228
603159750,7229
603159786,7230
603159814,7231
603159920,7232
603160163,7233
603161810,7234
603161822,7235
603240319,7236
603244712,7237
603244858,7238
603247286,7239
603248153,7240
603249662,7241
603252433,7242
603252436,7243
603252439,7244
603269198,7245
603269213,7246
603269235,7247
603269237,7248
603269249,7249
603269254,7250
603269255,7251
603269264,7252
603269266,7253
603269269,7254
603269273,7255
603269275,7256
603271918,7257
603271922,7258
603274950,7259
603274952,7260
603274969,7261
603274978,7262
603274986,7263
603284275,7264
603284283,7265
603284285,7266
603284286,7267
603284294,7268
603284873,7269
603286103,7270
603287894,7271
604314223,7272
606515516,7273
606515522,7274
606515527,7275
606515544,7276
606515564,7277
608399176,7278
608399920,7279
610900890,7280
610900893,7281
610900901,7282
610900903,7283
610900906,7284
610900913,7285
610900917,7286
610900919,7287
611031873,7288
611035138,7289
611035153,7290
611035351,7291
611035727,7292
611036133,7293
611036466,7294
611038145,7295
611394274,7296
611659931,7297
611659938,7298
612043560,7299
612043590,7300
612044210,7301
612044315,7302
612044365,7303
612053459,7304
612053715,7305
613102077,7306
613102919,7307
613102957,7308
613103140,7309
613105728,7310
613105764,7311
613105770,7312
613105773,7313
613106137,7314
613107413,7315
613107423,7316
613107705,7317
613107874,7318
613107939,7319
613108154,7320
613371427,7321
613371458,7322
613371459,7323
613371482,7324
613599742,7325
613601122,7326
613601283,7327
613601446,7328
613601546,7329
613601576,7330
613601580,7331
613601581,7332
613601582,7333
613601584,7334
613601585,7335
613601586,7336
613615266,7337
613615267,7338
613615570,7339
613615672,7340
614394001,7341
614394377,7342
614395552,7343
614395626,7344
614395628,7345
614396006,7346
614396263,7347
614396333,7348
614396707,7349
614402524,7350
614404408,7351
614404446,7352
614404559,7353
614404612,7354
614404829,7355
614404920,7356
614404986,7357
614407682,7358
614407688,7359
614675586,7360
614675614,7361
614675642,7362
614675643,7363
614675644,7364
615272804,7365
615272814,7366
615278983,7367
615281237,7368
615282093,7369
615282096,7370
615285659,7371
615286656,7372
615286659,7373
615286666,7374
615286669,7375
615286671,7376
615286673,7377
615287005,7378
615287912,7379
615287914,7380
615287917,7381
615287919,7382
615287925,7383
615288729,7384
615290332,7385
615290558,7386
615290625,7387
615290947,7388
615292674,7389
615294255,7390
615302210,7391
615306711,7392
615306714,7393
615307880,7394
615307884,7395
615307934,7396
615308166,7397
615308225,7398
615308410,7399
615308530,7400
615308574,7401
615313997,7402
615314069,7403
615314178,7404
615314780,7405
615862392,7406
615864662,7407
615864835,7408
615865009,7409
615865138,7410
615866231,7411
615868162,7412
615868671,7413
615869740,7414
615869915,7415
617151472,7416
617151473,7417
617154357,7418
617155146,7419
617155147,7420
617155305,7421
617156311,7422
618807584,7423
619232284,7424
619232963,7425
619233220,7426
619233996,7427
619234179,7428
619234180,7429
619234397,7430
619237909,7431
619238040,7432
619238369,7433
619243269,7434
619250324,7435
619250325,7436
619250447,7437
619251326,7438
619251740,7439
619251853,7440
619252180,7441
619254561,7442
619254562,7443
619257336,7444
619326154,7445
619327540,7446
619327788,7447
619327822,7448
620389179,7449
620389324,7450
620389392,7451
620389394,7452
620389751,7453
622302990,7454
622302995,7455
622667654,7456
622677825,7457
623714270,7458
623714282,7459
623714283,7460
623714286,7461
625553591,7462
625553596,7463
625553598,7464
626516258,7465
626516666,7466
626836574,7467
626836581,7468
626837482,7469
626837516,7470
626838393,7471
626841118,7472
626841131,7473
626841378,7474
626841394,7475
626841443,7476
626841453,7477
626842628,7478
626842739,7479
626842987,7480
626844682,7481
626845256,7482
627542643,7483
627869619,7484
627869632,7485
627869648,7486
627901316,7487
627901318,7488
627901324,7489
627901330,7490
627929036,7491
627929037,7492
629024570,7493
629024627,7494
629024707,7495
629025594,7496
629025596,7497
629025644,7498
629025762,7499
629027000,7500
631838105,7501
631838286,7502
631838616,7503
631844727,7504
631847315,7505
631853419,7506
631855697,7507
631855706,7508
631855725,7509
631856402,7510
631859208,7511
631859408,7512
631859413,7513
631859659,7514
631862164,7515
631866505,7516
631866524,7517
631866765,7518
631867076,7519
631867113,7520
631867270,7521
631867420,7522
631867460,7523
631867988,7524
631868311,7525
631869761,7526
631997344,7527
631997742,7528
635038000,7529
638937658,7530
638937883,7531
638938635,7532
638938954,7533
638938955,7534
638938958,7535
638938959,7536
638940657,7537
638940684,7538
638940686,7539
638940689,7540
638940695,7541
638940697,7542
638941652,7543
638941653,7544
638941654,7545
638941659,7546
638941663,7547
638943012,7548
638943024,7549
638943025,7550
638943072,7551
638943503,7552
638943636,7553
638943864,7554
638943867,7555
643597612,7556
647093342,7557
648239849,7558
648594353,7559
648594357,7560
648598932,7561
649190929,7562
649192553,7563
649193403,7564
649193639,7565
649193835,7566
649193877,7567
649193880,7568
649193915,7569
649194946,7570
649195082,7571
650088237,7572
650089170,7573
650089171,7574
650089176,7575
650090567,7576
650736478,7577
650736483,7578
650736988,7579
650736995,7580
650738372,7581
650741371,7582
650741373,7583
650744369,7584
650808212,7585
650819661,7586
650820180,7587
650837726,7588
650838239,7589
650838243,7590
651893346,7591
651893349,7592
651893350,7593
651893352,7594
651893355,7595
651893357,7596
651893358,7597
651903259,7598
651903261,7599
651921241,7600
651921243,7601
655349514,7602
655349952,7603
656409124,7604
656409127,7605
656409128,7606
656409132,7607
658624776,7608
658624777,7609
658624780,7610
659262591,7611
659263187,7612
659263188,7613
659265139,7614
659280960,7615
659283797,7616
659285418,7617
659717780,7618
660348260,7619
660348310,7620
660479928,7621
660479931,7622
660479932,7623
660479933,7624
660479939,7625
660771015,7626
660772683,7627
660772685,7628
661047883,7629
661279820,7630
662264000,7631
662299851,7632
662299860,7633
662299862,7634
662346366,7635
662346420,7636
662369255,7637
662501185,7638
662501197,7639
662501231,7640
662501236,7641
662516004,7642
662516008,7643
662516010,7644
662516014,7645
662516020,7646
662516025,7647
662617897,7648
662617898,7649
663076894,7650
663076897,7651
663076899,7652
663076900,7653
663076901,7654
663076904,7655
663076905,7656
663076907,7657
663076908,7658
664256878,7659
664257049,7660
664257066,7661
664257558,7662
664257625,7663
664259611,7664
664259614,7665
664259619,7666
664673766,7667
664673806,7668
664681231,7669
665483004,7670
665741539,7671
665741540,7672
665748746,7673
669952050,7674
670257678,7675
670257682,7676
671200669,7677
671555204,7678
672204756,7679
672204757,7680
672220675,7681
672220678,7682
672906233,7683
672906279,7684
672920016,7685
672925327,7686
673789928,7687
673789931,7688
673789948,7689
673789949,7690
673789955,7691
673789956,7692
673789957,7693
673790011,7694
673790018,7695
673790034,7696
673790036,7697
674111378,7698
674129341,7699
674129346,7700
674161305,7701
674162353,7702
674162485,7703
674162804,7704
674162830,7705
674162868,7706
674163502,7707
674163603,7708
674163838,7709
674169962,7710
674170214,7711
674445539,7712
674791299,7713
676979534,7714
676979541,7715
677008598,7716
677008604,7717
679226312,7718
679226786,7719
679227223,7720
679229941,7721
679230715,7722
679232748,7723
679232890,7724
679232896,7725
679232989,7726
679232991,7727
679233083,7728
679233160,7729
679233183,7730
679233234,7731
679233270,7732
679233425,7733
679233833,7734
681672341,7735
685458287,7736
685712589,7737
685712592,7738
686702085,7739
686969962,7740
686970647,7741
687437453,7742
691454497,7743
691454512,7744
691454525,7745
691477501,7746
691477503,7747
691477504,7748
691477505,7749
691873175,7750
694531074,7751
695140683,7752
695140818,7753
697445054,7754
697445058,7755
697445062,7756
697445068,7757
698985415,7758
698985416,7759
698985465,7760
698997778,7761
698999406,7762
702200087,7763
702243874,7764
702243942,7765
702797220,7766
702797221,7767
702799063,7768
702799071,7769
702805570,7770
702806733,7771
702818183,7772
702818196,7773
702818204,7774
702818210,7775
702818213,7776
702818216,7777
702842876,7778
702842894,7779
702842895,7780
702842910,7781
702842911,7782
702842915,7783
702914677,7784
702914717,7785
702921971,7786
702928722,7787
702969807,7788
702970950,7789
702971063,7790
704696149,7791
704696150,7792
704696152,7793
704696158,7794
704696172,7795
704696176,7796
704696185,7797
704696189,7798
704696191,7799
704696194,7800
704696198,7801
704696201,7802
704696204,7803
704706734,7804
704706742,7805
704712132,7806
704712133,7807
704712134,7808
704752993,7809
704753000,7810
705047176,7811
705056564,7812
705056571,7813
706970596,7814
706971191,7815
706971350,7816
708387865,7817
708388101,7818
708414626,7819
708414864,7820
709980223,7821
709980476,7822
709980604,7823
709980741,7824
717378712,7825
717378763,7826
717378809,7827
717457056,7828
717457070,7829
717457087,7830
717457098,7831
717457103,7832
717457114,7833
717457117,7834
717649815,7835
717665909,7836
720886015,7837
728345231,7838
728345461,7839
728345462,7840
728345471,7841
728345472,7842
728347526,7843
728347527,7844
733140775,7845
738112238,7846
738112509,7847
738112787,7848
740855048,7849
740857300,7850
740873432,7851
746851725,7852
746851966,7853
746852763,7854
746852815,7855
746853001,7856
746853604,7857
746855062,7858
746855063,7859
746855272,7860
746855885,7861
746856019,7862
746856046,7863
746856047,7864
746856048,7865
746856049,7866
746856051,7867
746856170,7868
746856257,7869
746856468,7870
746856731,7871
746857338,7872
746857339,7873
746857340,7874
746857341,7875
746857389,7876
746857507,7877
746857636,7878
746857895,7879
746984391,7880
747313005,7881
747313010,7882
747313042,7883
748155092,7884
748155096,7885
748155286,7886
748155287,7887
748155292,7888
748160598,7889
748851048,7890
749567799,7891
760181700,7892
765892313,7893
765892317,7894
766742662,7895
766746543,7896
766746544,7897
766746548,7898
766746550,7899
766746551,7900
766870415,7901
766870417,7902
767328924,7903
768880789,7904
768880877,7905
768885854,7906
768885861,7907
768889799,7908
768890780,7909
768890835,7910
768890874,7911
768892045,7912
768892513,7913
768892575,7914
768892661,7915
768892662,7916
768892897,7917
768894388,7918
768894531,7919
768896484,7920
768896485,7921
768896486,7922
768896569,7923
768896572,7924
768900249,7925
768900445,7926
768901159,7927
768901299,7928
768903438,7929
768904278,7930
770638065,7931
771656115,7932
771779957,7933
772359714,7934
773261368,7935
773261646,7936
773452531,7937
773452532,7938
773945665,7939
773945834,7940
773946495,7941
773949068,7942
773949314,7943
773949897,7944
773950119,7945
773951613,7946
773953149,7947
782813173,7948
782820255,7949
782830594,7950
782864563,7951
782875348,7952
782877419,7953
782886480,7954
782888420,7955
782888432,7956
782893032,7957
782894256,7958
782894464,7959
782896706,7960
782900238,7961
782928979,7962
782930863,7963
782936593,7964
782955855,7965
783669183,7966
785269509,7967
785272638,7968
785272778,7969
785280082,7970
785298621,7971
785299294,7972
785903742,7973
790229206,7974
790229694,7975
790232265,7976
790232654,7977
790236272,7978
790238032,7979
790238144,7980
790243167,7981
793914505,7982
793914510,7983
793914511,7984
793914514,7985
793914515,7986
793914517,7987
793914518,7988
793914519,7989
793914520,7990
793914523,7991
793914524,7992
793914525,7993
795545240,7994
795546302,7995
795546306,7996
795546309,7997
795905085,7998
798729281,7999
798729304,8000
807732927,8001
813825193,8002
813825209,8003
822059645,8004
822059647,8005
822059657,8006
822059658,8007
822059675,8008
822059958,8009
822059960,8010
822060293,8011
822060295,8012
822060297,8013
822152694,8014
822153083,8015
822153096,8016
822153110,8017
822153661,8018
822188576,8019
822188578,8020
822190042,8021
823456541,8022
823456855,8023
823457123,8024
823457206,8025
823457530,8026
823479012,8027
827277571,8028
832505638,8029
832505712,8030
832505738,8031
832505753,8032
832505756,8033
832505758,8034
832505770,8035
832505776,8036
832505778,8037
832505806,8038
832505819,8039
833770799,8040
833770802,8041
833770831,8042
833770832,8043
833770837,8044
833770843,8045
833770848,8046
833770858,8047
833770860,8048
833770867,8049
833770875,8050
833872819,8051
833876223,8052
833877513,8053
833877515,8054
833877516,8055
833878729,8056
833878823,8057
833881545,8058
833881887,8059
833881900,8060
833888778,8061
833920053,8062
833921043,8063
833921513,8064
833921518,8065
833926502,8066
833927348,8067
833928090,8068
833930681,8069
833934076,8070
833938206,8071
833938210,8072
834022925,8073
835103693,8074
835109125,8075
835111178,8076
836150327,8077
836150330,8078
836150346,8079
836150347,8080
836150363,8081
836150372,8082
836150374,8083
836150380,8084
836150387,8085
836150396,8086
836150404,8087
836150405,8088
839949042,8089
839949050,8090
839949101,8091
839949106,8092
839949143,8093
839949182,8094
839949193,8095
839949230,8096
840917634,8097
840917636,8098
840917637,8099
840917640,8100
840918182,8101
840920288,8102
840921134,8103
843460417,8104
844674297,8105
845142855,8106
845146836,8107
845146861,8108
845797684,8109
846116751,8110
846116771,8111
847222528,8112
853152649,8113
861581140,8114
861602215,8115
861602217,8116
864886855,8117
868645632,8118
868645639,8119
868645644,8120
868645645,8121
868645646,8122
868645653,8123
868645655,8124
868645657,8125
868645659,8126
868645660,8127
868645661,8128
868645664,8129
868645666,8130
868645668,8131
868645670,8132
869328578,8133
869329044,8134
869329047,8135
869329623,8136
869329624,8137
869329627,8138
869329676,8139
869329894,8140
869330245,8141
869333586,8142
869333718,8143
869363611,8144
869363888,8145
869363889,8146
869365194,8147
869365293,8148
872690632,8149
873689870,8150
873689888,8151
873689902,8152
873689903,8153
877579613,8154
878516874,8155
878516883,8156
878516888,8157
883463107,8158
883463111,8159
883463116,8160
883463117,8161
883463120,8162
883463121,8163
886549353,8164
886549361,8165
886549375,8166
886747515,8167
890447834,8168
890447836,8169
890447838,8170
890447861,8171
890447879,8172
890447881,8173
890447883,8174
890447895,8175
890447899,8176
890447911,8177
890447916,8178
890447918,8179
890447939,8180
890447956,8181
890448004,8182
890448039,8183
890448054,8184
890448057,8185
890448073,8186
890448092,8187
890448102,8188
890448107,8189
890448138,8190
890448141,8191
890448142,8192
892877965,8193
893087186,8194
893087188,8195
893087192,8196
893513267,8197
912480905,8198
912480912,8199
912480918,8200
912480928,8201
912480933,8202
912480951,8203
912480956,8204
914244099,8205
915292947,8206
915433246,8207
915433253,8208
915433273,8209
915652126,8210
915652146,8211
915652148,8212
915776679,8213
915777211,8214
915782425,8215
915783516,8216
915783523,8217
915783525,8218
919563329,8219
919563336,8220
920191586,8221
920191591,8222
920459320,8223
921135046,8224
921135048,8225
921135049,8226
921135052,8227
921135055,8228
921135057,8229
921135973,8230
921135976,8231
921135977,8232
921135984,8233
921135987,8234
921140135,8235
921140143,8236
921212353,8237
921217110,8238
921217113,8239
921217114,8240
921275053,8241
921275054,8242
921275055,8243
921275057,8244
921275058,8245
921275069,8246
921275070,8247
921275071,8248
921289761,8249
921404234,8250
921404246,8251
921404250,8252
921404252,8253
921404255,8254
921404277,8255
921404278,8256
921404292,8257
921410463,8258
921410483,8259
921410492,8260
922305082,8261
922462918,8262
922509744,8263
922509748,8264
922509769,8265
922509770,8266
922509772,8267
922509775,8268
922509812,8269
922509832,8270
922509835,8271
922509836,8272
924001988,8273
924001997,8274
929047766,8275
930371282,8276
930371580,8277
930371630,8278
930371742,8279
930372061,8280
930372289,8281
939425398,8282
939425794,8283
939429062,8284
939981204,8285
940205939,8286
940206741,8287
941369608,8288
941369619,8289
941369625,8290
941369626,8291
941369631,8292
946451726,8293
946451746,8294
946451747,8295
946451748,8296
946451749,8297
946451754,8298
946451756,8299
946451771,8300
946451772,8301
946454576,8302
946454577,8303
946454878,8304
948869617,8305
951387437,8306
951413202,8307
951467937,8308
954957246,8309
954958244,8310
956123294,8311
956123414,8312
956139755,8313
956140415,8314
956140427,8315
956140429,8316
956140441,8317
956143104,8318
956145062,8319
956145324,8320
956145326,8321
956145337,8322
958280149,8323
958280168,8324
958280172,8325
958280174,8326
958280181,8327
958280214,8328
968017152,8329
968017219,8330
968017637,8331
968020173,8332
968020280,8333
968025368,8334
974624670,8335
977762282,8336
977762284,8337
977762287,8338
977763072,8339
977766136,8340
977766138,8341
977766141,8342
978747677,8343
978747841,8344
978747871,8345
978748017,8346
983624367,8347
983634339,8348
983635609,8349
984646153,8350
984646272,8351
984646273,8352
988747885,8353
988747917,8354
988747972,8355
988747979,8356
988747996,8357
989001321,8358
989001340,8359
989001347,8360
989001350,8361
989001412,8362
989001431,8363
993675867,8364
993675944,8365
998129371,8366
998730636,8367
998763919,8368
998763930,8369
998763935,8370
998764010,8371
998764123,8372
998764180,8373
998764265,8374
998764286,8375
998764301,8376
998764334,8377
998764357,8378
998764428,8379
998764500,8380
999909062,8381
999963412,8382
1000748875,8383
1000748876,8384
1000754000,8385
1000754001,8386
1000754002,8387
1005439672,8388
1005439866,8389
1005439919,8390
1005439976,8391
1005440113,8392
1005440299,8393
1005442292,8394
1005442733,8395
1005442749,8396
1005442828,8397
1005444478,8398
1005449776,8399
1008842662,8400
1008851018,8401
1008852902,8402
1012607169,8403
1012607363,8404
1012608127,8405
1012608130,8406
1012608131,8407
1012608250,8408
1012608430,8409
1012608658,8410
1015537553,8411
1015537667,8412
1015540518,8413
1015540519,8414
1015541599,8415
1015541602,8416
1015541931,8417
1015824487,8418
1016458877,8419
1016458975,8420
1016459018,8421
1016459055,8422
1016459082,8423
1016459144,8424
1016459184,8425
1016459222,8426
1016459245,8427
1016459288,8428
1016459339,8429
1016459422,8430
1016459513,8431
1016459533,8432
1016486529,8433
1016497854,8434
1016497954,8435
1016498054,8436
1016498101,8437
1016498116,8438
1016498174,8439
1016498309,8440
1016498397,8441
1016498420,8442
1016498433,8443
1016508181,8444
1016508258,8445
1016508312,8446
1016527166,8447
1016527273,8448
1016527286,8449
1016527465,8450
1016527522,8451
1016527528,8452
1016543601,8453
1018739044,8454
1019984285,8455
1019984288,8456
1019984321,8457
1019984405,8458
1019984462,8459
1025583259,8460
1025583283,8461
1026360905,8462
1026456903,8463
1026471861,8464
1033229818,8465
1033229833,8466
1037695873,8467
1037733890,8468
1037733978,8469
1037733983,8470
1037734161,8471
1037734165,8472
1037734167,8473
1037734191,8474
1037734204,8475
1037734210,8476
1037734275,8477
1037734277,8478
1039068145,8479
1039069085,8480
1039069342,8481
1041510119,8482
1050670682,8483
1051483884,8484
1051483894,8485
1054098919,8486
1054099031,8487
1054099109,8488
1054099112,8489
1055395300,8490
1057391097,8491
1057391103,8492
1057459061,8493
1065988624,8494
1065988627,8495
1065988665,8496
1066060966,8497
1068349843,8498
1068393378,8499
1068393407,8500
1068393409,8501
1068393412,8502
1068442629,8503
1068442657,8504
1068442685,8505
1068953392,8506
1068953401,8507
1075405090,8508
1077361452,8509
1077361577,8510
1077361605,8511
1077361619,8512
1077361686,8513
1077361691,8514
1077361716,8515
1077377681,8516
1077377701,8517
1080163724,8518
1080163726,8519
1080163737,8520
1080163751,8521
1080163758,8522
1080163804,8523
1080163805,8524
1080163817,8525
1080163819,8526
1080163869,8527
1080163871,8528
1080163879,8529
1080163905,8530
1080170681,8531
1080170700,8532
1080170705,8533
1080729528,8534
1080729552,8535
1080729557,8536
1080729565,8537
1080729571,8538
1080729587,8539
1081099422,8540
1081099426,8541
1081099431,8542
1081099438,8543
1081099447,8544
1081099449,8545
1081099452,8546
1081099493,8547
1081099518,8548
1081099520,8549
1081099527,8550
1081099529,8551
1081099545,8552
1081099548,8553
1081099592,8554
1081099613,8555
1081099628,8556
1081099636,8557
1081099647,8558
1081099648,8559
1081099660,8560
1081099682,8561
1081099688,8562
1081099692,8563
1081099738,8564
1081099745,8565
1081099755,8566
1081099758,8567
1081099760,8568
1081099806,8569
1081099834,8570
1081099868,8571
1081099873,8572
1081099876,8573
1081099881,8574
1081099927,8575
1081099929,8576
1081099934,8577
1081099941,8578
1081099943,8579
1081099955,8580
1081099959,8581
1081099972,8582
1081099978,8583
1081099994,8584
1082815183,8585
1082815443,8586
1082815557,8587
1088944229,8588
1088944264,8589
1088944294,8590
1088944311,8591
1088944312,8592
1088944326,8593
1088944338,8594
1089254038,8595
1089352923,8596
1089352929,8597
1089419082,8598
1089419084,8599
1089419090,8600
1089419099,8601
1089419132,8602
1089419139,8603
1098478174,8604
1098540354,8605
1098540519,8606
1098540586,8607
1098540640,8608
1098540820,8609
1102504509,8610
1102504512,8611
1102504516,8612
1102504518,8613
1102504520,8614
1109568394,8615
1109568409,8616
1109568414,8617
1109568428,8618
1109587132,8619
1109604141,8620
1109628968,8621
1113317314,8622
1113317367,8623
1113317436,8624
1113317439,8625
1113317688,8626
1113317774,8627
1113317863,8628
1113317867,8629
1113317998,8630
1113318044,8631
1113318049,8632
1113318151,8633
1113318243,8634
1113318338,8635
1113318500,8636
1113318613,8637
1113318666,8638
1113318709,8639
1113318757,8640
1113319002,8641
1113319056,8642
1113333116,8643
1113484923,8644
1113527379,8645
1113527395,8646
1113527447,8647
1116081600,8648
1116117202,8649
1117370744,8650
1117383037,8651
1117384786,8652
1117384791,8653
1117765464,8654
1117765512,8655
1118649143,8656
1118649154,8657
1119233709,8658
1119233838,8659
1119233913,8660
1119234127,8661
1119280168,8662
1119280171,8663
1119280176,8664
1120310798,8665
1120310802,8666
1120374686,8667
1120401825,8668
1121647563,8669
1123370952,8670
1123370982,8671
1123370999,8672
1123371063,8673
1123398089,8674
1123398104,8675
1123398156,8676
1123870122,8677
1123870272,8678
1123870291,8679
1123870293,8680
1123870298,8681
1123870304,8682
1123870339,8683
1125291235,8684
1125291237,8685
1126747317,8686
1126747470,8687
1126992274,8688
1126992310,8689
1126992321,8690
1126992374,8691
1126992382,8692
1126992385,8693
1126992389,8694
1126992392,8695
1133516472,8696
1133516495,8697
1141041286,8698
1141041441,8699
1141041643,8700
1144654877,8701
1144654893,8702
1144654895,8703
1144654923,8704
1144654963,8705
1144654992,8706
1144655029,8707
1147484694,8708
1147484709,8709
1149438460,8710
1151184476,8711
1151838626,8712
1154343500,8713
1157597513,8714
1157597517,8715
1157597546,8716
1157597549,8717
1157600517,8718
1158013120,8719
1158013123,8720
1158063654,8721
1158063658,8722
1159174876,8723
1159174885,8724
1159174886,8725
1159194869,8726
1159194870,8727
1159194871,8728
1159230514,8729
1159230526,8730
1159687865,8731
1159782814,8732
1160106169,8733
1160106170,8734
1160106172,8735
1160106174,8736
1160106178,8737
1160106182,8738
1160106185,8739
1160106194,8740
1160106196,8741
1160106198,8742
1160134615,8743
1160190416,8744
1160190419,8745
1160316658,8746
1160416324,8747
1160416326,8748
1161138302,8749
1161197906,8750
1161197938,8751
1161197972,8752
1161197983,8753
1162354090,8754
1162354093,8755
1162354104,8756
1162354136,8757
1162354140,8758
1162354146,8759
1162354158,8760
1162363209,8761
1163659408,8762
1163659426,8763
1164416884,8764
1164558604,8765
1164558607,8766
1164558611,8767
1164558612,8768
1164606266,8769
1164929210,8770
1164953470,8771
1165054865,8772
1165054867,8773
1165054868,8774
1165054875,8775
1165054878,8776
1165054879,8777
1165098874,8778
1165114852,8779
1165166679,8780
1165166703,8781
1165182004,8782
1165360895,8783
1165361026,8784
1165361104,8785
1165361127,8786
1165361147,8787
1165361230,8788
1165361290,8789
1165743634,8790
1166179028,8791
1166179029,8792
1166623926,8793
1166624240,8794
1167006649,8795
1167303341,8796
1167413598,8797
1167512173,8798
1167512180,8799
1168411260,8800
1168481534,8801
1168481670,8802
1168824291,8803
1168824302,8804
1168840838,8805
1168840891,8806
1168862788,8807
1168862791,8808
1168944141,8809
1169044745,8810
1169044870,8811
1169044906,8812
1169044930,8813
1169044984,8814
1169044993,8815
1169045009,8816
1169045033,8817
1169045049,8818
1169752982,8819
1169752987,8820
1170486732,8821
1170486734,8822
1170486736,8823
1170486763,8824
1170520443,8825
1170520458,8826
1170520462,8827
1170520481,8828
1170520483,8829
1170520489,8830
1170520502,8831
1170520509,8832
1170520512,8833
1170533823,8834
1171021524,8835
1171021527,8836
1171045350,8837
1171045357,8838
1171091762,8839
1171361616,8840
1171593322,8841
1171593323,8842
1171593326,8843
1171635512,8844
1171635527,8845
1171649905,8846
1172759050,8847
1172759090,8848
1172759127,8849
1172925593,8850
1172925594,8851
1172925602,8852
1172925611,8853
1173415274,8854
1173649227,8855
1173649234,8856
1173649266,8857
1173664189,8858
1173664192,8859
1176179538,8860
1176328665,8861
1176328666,8862
1176400818,8863
1176400828,8864
1176400829,8865
1177074759,8866
1177074765,8867
1177957103,8868
1177957113,8869
1178080259,8870
1178517192,8871
1178553904,8872
1178604833,8873
1178604836,8874
1178604844,8875
1178604845,8876
1178604848,8877
1178604850,8878
1178604860,8879
1178604861,8880
1178604864,8881
1178604869,8882
1178604870,8883
1178604876,8884
1178604890,8885
1178957366,8886
1178957374,8887
1178957380,8888
1178957385,8889
1179124919,8890
1179410118,8891
1179410141,8892
1179410143,8893
1179448780,8894
1179478002,8895
1179478036,8896
1179737588,8897
1179737598,8898
1179737614,8899
1180516874,8900
1180516877,8901
1180819591,8902
1180819595,8903
1180819615,8904
1180819619,8905
1181466937,8906
1181467081,8907
1181467101,8908
1182459769,8909
1182459783,8910
1182679126,8911
1182679147,8912
1182679193,8913
1182679203,8914
1182679264,8915
1182696212,8916
1182696219,8917
1182696225,8918
1182861980,8919
1182861984,8920
1182966510,8921
1182966579,8922
1183258696,8923
1183258760,8924
1183258778,8925
1183258826,8926
1183258841,8927
1183258937,8928
1183431552,8929
1183456348,8930
1183456390,8931
1183456670,8932
1183456700,8933
1183456771,8934
1183456819,8935
1183590586,8936
1183612695,8937
1184100936,8938
1184103204,8939
1184106693,8940
1184106695,8941
1184125376,8942
1184158167,8943
1184158170,8944
1184158175,8945
1184158181,8946
1184158183,8947
1184158185,8948
1184158190,8949
1184158192,8950
1184158194,8951
1184158200,8952
1184158204,8953
1184158207,8954
1184158222,8955
1184158229,8956
1184158231,8957
1184158237,8958
1184171070,8959
1184202424,8960
1184202428,8961
1184202431,8962
1184202450,8963
1184202452,8964
1184202457,8965
1184265615,8966
1184448921,8967
1184448936,8968
1184512491,8969
1184512493,8970
1184512506,8971
1184515451,8972
1184539507,8973
1184539508,8974
1184546797,8975
1185714241,8976
1185714271,8977
1185818957,8978
1185897282,8979
1185897285,8980
1185917081,8981
1185917092,8982
1185952620,8983
1186505425,8984
1186749342,8985
1187011709,8986
1187011712,8987
1187978086,8988
1187978088,8989
1188177411,8990
1188177439,8991
1188222721,8992
1189232766,8993
1189232769,8994
1189468178,8995
1189479095,8996
1189479108,8997
1189537016,8998
1189537022,8999
1189537027,9000
1189546009,9001
1189555129,9002
1189555133,9003
1190015553,9004
1190791314,9005
1190791316,9006
1190791318,9007
1190791320,9008
1190829450,9009
1190829455,9010
1190829457,9011
1190838024,9012
1191889319,9013
1192379410,9014
1192379412,9015
1192379414,9016
1192379416,9017
1192379424,9018
1192379425,9019
1192379427,9020
1192379428,9021
1193568857,9022
1193590087,9023
1193854266,9024
1193854267,9025
1193854270,9026
1193854271,9027
1195292415,9028
1196611117,9029
1196619900,9030
1196619904,9031
1196677086,9032
1199377924,9033
1199799682,9034
1199832277,9035
1199948946,9036
1200013732,9037
1200013736,9038
1201361804,9039
1201497460,9040
1201497512,9041
1201885776,9042
1204024599,9043
1204024604,9044
1204029005,9045
1204043046,9046
1204043058,9047
1204052307,9048
1204180625,9049
1204422875,9050
1204588870,9051
1204869814,9052
1204869835,9053
1204869850,9054
1205590804,9055
1206120413,9056
1206120508,9057
1206247749,9058
1206281223,9059
1206994890,9060
1207229965,9061
1207626945,9062
1207738707,9063
1207979061,9064
1211808760,9065
1211824863,9066
1212003704,9067
1212003733,9068
1212003759,9069
1212125548,9070
1212133599,9071
1212133614,9072
1213172481,9073
1213172595,9074
1213194134,9075
1213194139,9076
1213825895,9077
1213826673,9078
1213826702,9079
1213826713,9080
1213827330,9081
1213827481,9082
1213827707,9083
1213828088,9084
1214488293,9085
1214488694,9086
1214804849,9087
1215865158,9088
1215865159,9089
1215865166,9090
1215865169,9091
1215865174,9092
1216012335,9093
1216012351,9094
1216012352,9095
1216012360,9096
1216012361,9097
1216012381,9098
1216012391,9099
1216012417,9100
1216012422,9101
1216012473,9102
1216123381,9103
1216123385,9104
1216123387,9105
1216123389,9106
1216123393,9107
1216123395,9108
1216123418,9109
1216123430,9110
1216123463,9111
1217456305,9112
1217742433,9113
1217742444,9114
1217742447,9115
1217742451,9116
1217742452,9117
1218778658,9118
1221313071,9119
1221313188,9120
1224126446,9121
1225519141,9122
1225519142,9123
1225753045,9124
1225753048,9125
1225753058,9126
1225753060,9127
1225753066,9128
1225753069,9129
1225753076,9130
1225753091,9131
1225753094,9132
1225753099,9133
1225753103,9134
1225753118,9135
1225753120,9136
1225753130,9137
1225753135,9138
1225753145,9139
1225753156,9140
1225758912,9141
1225759290,9142
1227881047,9143
1227881048,9144
1228967768,9145
1230314950,9146
1231698086,9147
1232219928,9148
1232219942,9149
1232219943,9150
1232219945,9151
1232345670,9152
1232345762,9153
1233455792,9154
1233455793,9155
1233455799,9156
1233455802,9157
1233932243,9158
1234372484,9159
1234372489,9160
1234372494,9161
1234372502,9162
1234372637,9163
1234372646,9164
1234372647,9165
1234633193,9166
1234633198,9167
1234633204,9168
1234633210,9169
1235278665,9170
1235278669,9171
1235283202,9172
1235283218,9173
1235283219,9174
1235283220,9175
1236359266,9176
1236394075,9177
1236949293,9178
1236949294,9179
1237100415,9180
1237100416,9181
1241849290,9182
1241849293,9183
1241849294,9184
1241849302,9185
1241849325,9186
1243065637,9187
1243300228,9188
1244237998,9189
1247437361,9190
1248433741,9191
1254730354,9192
1255336808,9193
1258218672,9194
1258219139,9195
1258219143,9196
1258334754,9197
1258334807,9198
1258334832,9199
1258334936,9200
1258334956,9201
1258380844,9202
1258380846,9203
1258720734,9204
1258720764,9205
1258720807,9206
1258809220,9207
1258809231,9208
1258809351,9209
1258809381,9210
1258809430,9211
1258809538,9212
1258809573,9213
1258809581,9214
1258809659,9215
1258809674,9216
1258809694,9217
1258809696,9218
1258809749,9219
1258809766,9220
1258809889,9221
1258809954,9222
1259443372,9223
1259443396,9224
1259467770,9225
1260794485,9226
1260794583,9227
1260794762,9228
1260813319,9229
1262067917,9230
1262067998,9231
1262068009,9232
1263365560,9233
1263374418,9234
1263374537,9235
1265073732,9236
1269839478,9237
1269839481,9238
1269839482,9239
1270316180,9240
1270316186,9241
1270356786,9242
1270403673,9243
1270403686,9244
1270706616,9245
1270706623,9246
1270706626,9247
1270706630,9248
1270706634,9249
1270706637,9250
1270706639,9251
1270706642,9252
1270706648,9253
1270706650,9254
1270706653,9255
1270706658,9256
1270706667,9257
1270706678,9258
1270706680,9259
1270706681,9260
1270706683,9261
1270706689,9262
1271314084,9263
1271314564,9264
1273306464,9265
1274372907,9266
1276247666,9267
1276247711,9268
1276247902,9269
1276247906,9270
1276902063,9271
1278208205,9272
1279182807,9273
1279182821,9274
1279182907,9275
1279183036,9276
1279183110,9277
1279183173,9278
1279183253,9279
1279191358,9280
1279191372,9281
1279191376,9282
1280039249,9283
1280039250,9284
1280039267,9285
1280039268,9286
1280039282,9287
1280039287,9288
1280039293,9289
1280039341,9290
1280039361,9291
1280039380,9292
1280728002,9293
1280728024,9294
1281213247,9295
1281215424,9296
1281215428,9297
1281215443,9298
1281215463,9299
1281215471,9300
1281215476,9301
1281456308,9302
1281456324,9303
1281456325,9304
1281888746,9305
1281888748,9306
1282886822,9307
1282886849,9308
1283057020,9309
1283078701,9310
1283078703,9311
1283078738,9312
1283078835,9313
1283078863,9314
1290803061,9315
1291391192,9316
1291391312,9317
1293894328,9318
1293894331,9319
1293894391,9320
1293894393,9321
1293894414,9322
1293894445,9323
1295300838,9324
1295860873,9325
1296211335,9326
1298546209,9327
1298546228,9328
1299570197,9329
1299570207,9330
1299583264,9331
1299583266,9332
1299583282,9333
1299583297,9334
1299583338,9335
1299583354,9336
1300500655,9337
1300500666,9338
1303472419,9339
1303475310,9340
1303790585,9341
1303790607,9342
1303790608,9343
1303790632,9344
1303815880,9345
1303896799,9346
1303942999,9347
1303943007,9348
1303998722,9349
1303998738,9350
1304003327,9351
1304042499,9352
1304042510,9353
1304042512,9354
1304046995,9355
1304046996,9356
1304098811,9357
1304098815,9358
1304098821,9359
1304103191,9360
1304105949,9361
1304119573,9362
1304119587,9363
1304119727,9364
1305025964,9365
1305026168,9366
1305026592,9367
1305026703,9368
1305153367,9369
1305325134,9370
1305330149,9371
1305343200,9372
1305906542,9373
1305906546,9374
1305906557,9375
1305906570,9376
1305927341,9377
1305927351,9378
1306086427,9379
1306086432,9380
1306435810,9381
1306439289,9382
1306457764,9383
1306477588,9384
1306582793,9385
1306680250,9386
1306688318,9387
1306705244,9388
1306716076,9389
1306716082,9390
1306716106,9391
1306719988,9392
1306719995,9393
1306719997,9394
1306720001,9395
1306725292,9396
1307013823,9397
1307042487,9398
1307913770,9399
1310374303,9400
1310456062,9401
1311058517,9402
1311058522,9403
1311061260,9404
1311514002,9405
1311514004,9406
1311514009,9407
1311535243,9408
1311535245,9409
1311535246,9410
1311610990,9411
1311630643,9412
1311630670,9413
1311631506,9414
1311849577,9415
1312946164,9416
1313119590,9417
1313119592,9418
1314499402,9419
1314499405,9420
1314499408,9421
1314509797,9422
1314509799,9423
1314560977,9424
1314560979,9425
1314565923,9426
1314648060,9427
1314648061,9428
1315862467,9429
1316106922,9430
1316107047,9431
1316107156,9432
1316107166,9433
1316287536,9434
1316909368,9435
1316909500,9436
1316909504,9437
1316909612,9438
1316909675,9439
1316909703,9440
1316909706,9441
1316909761,9442
1316909843,9443
1316909848,9444
1316909856,9445
1316909864,9446
1316922484,9447
1317196544,9448
1317196607,9449
1317196635,9450
1317196722,9451
1317196732,9452
1317196772,9453
1317202430,9454
1317376817,9455
1317464010,9456
1317464047,9457
1317464223,9458
1317464240,9459
1317464278,9460
1317464368,9461
1317464399,9462
1317464413,9463
1317464455,9464
1317464456,9465
1317779055,9466
1317871930,9467
1319319380,9468
1319643304,9469
1320752137,9470
1324554828,9471
1324569104,9472
1324569230,9473
1324569490,9474
1325569611,9475
1325584334,9476
1325584345,9477
1325816316,9478
1325816319,9479
1325816320,9480
1325840891,9481
1325847137,9482
1325847138,9483
1325852224,9484
1325854343,9485
1325858434,9486
1325858435,9487
1325858437,9488
1325858442,9489
1325875162,9490
1326531497,9491
1326531501,9492
1326665534,9493
1326665537,9494
1326673371,9495
1326752891,9496
1326860335,9497
1326860341,9498
1327106107,9499
1327107910,9500
1327112793,9501
1327120419,9502
1327121605,9503
1327134078,9504
1328759414,9505
1328815637,9506
1328904750,9507
1328957994,9508
1328988056,9509
1328988058,9510
1329004279,9511
1329004282,9512
1329558823,9513
1329633503,9514
1329633505,9515
1329633506,9516
1330917743,9517
1330917761,9518
1330927205,9519
1330930210,9520
1330993144,9521
1331960358,9522
1332757038,9523
1332785844,9524
1333854013,9525
1333954850,9526
1333954854,9527
1333954858,9528
1334717522,9529
1334721472,9530
1334721473,9531
1334756326,9532
1334756327,9533
1335869999,9534
1335870006,9535
1335870010,9536
1335876249,9537
1336011309,9538
1336012469,9539
1336813426,9540
1336851235,9541
1337473777,9542
1337473781,9543
1338443237,9544
1338448176,9545
1338459057,9546
1338459059,9547
1338784725,9548
1339465872,9549
1339465880,9550
1340968602,9551
1340968655,9552
1340968672,9553
1340968694,9554
1340968699,9555
1340968759,9556
1340968827,9557
1340968861,9558
1340968871,9559
1341010047,9560
1341010048,9561
1341166179,9562
1341166219,9563
1341166261,9564
1341166309,9565
1341166348,9566
1341166402,9567
1341166463,9568
1341166476,9569
1341166510,9570
1341166582,9571
1341166622,9572
1341166626,9573
1341166634,9574
1341166744,9575
1341166757,9576
1341166778,9577
1341166833,9578
1341166870,9579
1341166920,9580
1341167011,9581
1341167021,9582
1341205112,9583
1341205119,9584
1341205144,9585
1341205167,9586
1341205181,9587
1341205182,9588
1341205235,9589
1341205259,9590
1341205278,9591
1341205280,9592
1341205301,9593
1341205308,9594
1341205319,9595
1341205349,9596
1341205357,9597
1341205360,9598
1341205395,9599
1341205397,9600
1341205405,9601
1341205413,9602
1341205426,9603
1341205444,9604
1341205449,9605
1341205463,9606
1341212481,9607
1341229918,9608
1341229920,9609
1341229921,9610
1341245888,9611
1341245892,9612
1341245903,9613
1341245907,9614
1341245928,9615
1341245935,9616
1341245940,9617
1341245960,9618
1341245973,9619
1341245983,9620
1341245984,9621
1341245995,9622
1341245996,9623
1341245999,9624
1341246004,9625
1341246011,9626
1341246023,9627
1341246040,9628
1341246059,9629
1341250831,9630
1341250832,9631
1341250833,9632
1341250834,9633
1341250836,9634
1341250838,9635
1341250839,9636
1341471902,9637
1341505313,9638
1341614358,9639
1341617460,9640
1341649517,9641
1341652935,9642
1341657191,9643
1341657193,9644
1341657194,9645
1341657199,9646
1341657200,9647
1341657205,9648
1341657208,9649
1341657214,9650
1341676422,9651
1341676423,9652
1341679749,9653
1341679754,9654
1341685269,9655
1341687621,9656
1341692936,9657
1341700268,9658
1341704275,9659
1341704276,9660
1341704277,9661
1341708014,9662
1341709753,9663
1341737327,9664
1341741218,9665
1341741219,9666
1342494380,9667
1342498557,9668
1342603453,9669
1342607615,9670
1342675618,9671
1342675620,9672
1342685847,9673
1342896157,9674
1342896161,9675
1342896164,9676
1342896303,9677
1342911101,9678
1342911102,9679
1343600214,9680
1343790427,9681
1344204095,9682
1345098025,9683
1345248828,9684
1347340164,9685
1347641680,9686
1347655473,9687
1347655474,9688
1347659625,9689
1347715454,9690
1347783440,9691
1347791356,9692
1347860511,9693
1347991659,9694
1347992880,9695
1347998365,9696
1348075898,9697
1348082713,9698
1348253914,9699
1348264017,9700
1348278581,9701
1348278584,9702
1348282014,9703
1348295977,9704
1348295980,9705
1348295983,9706
1348295985,9707
1348295989,9708
1348296000,9709
1348296001,9710
1348296002,9711
1348296003,9712
1348296005,9713
1348305737,9714
1348697593,9715
1348739080,9716
1349527972,9717
1349531223,9718
1349538108,9719
1349538130,9720
1349542046,9721
1349544364,9722
1349544366,9723
1349544368,9724
1349544369,9725
1349547785,9726
1349547786,9727
1349547800,9728
1349671422,9729
1349697996,9730
1350582233,9731
1350582238,9732
1350628851,9733
1350628857,9734
1350629828,9735
1350637646,9736
1350637648,9737
1351009136,9738
1351122892,9739
1351140512,9740
1352182838,9741
1352182840,9742
1352185126,9743
1352722310,9744
1353060170,9745
1353091944,9746
1353091946,9747
1353097327,9748
1353097343,9749
1353097345,9750
1354226383,9751
1354251198,9752
1354251200,9753
1354252615,9754
1354252941,9755
1354252943,9756
1354252947,9757
1354252958,9758
1354253793,9759
1354253794,9760
1354254414,9761
1354256882,9762
1354572614,9763
1355381866,9764
1355381892,9765
1355469556,9766
1355469558,9767
1355469559,9768
1355471068,9769
1355491082,9770
1355493569,9771
1355500421,9772
1355500422,9773
1355500430,9774
1355500432,9775
1355500433,9776
1355500435,9777
1355500437,9778
1355500439,9779
1355500441,9780
1355500445,9781
1355500447,9782
1355500448,9783
1355500452,9784
1355500460,9785
1355505742,9786
1355505746,9787
1355508224,9788
1355511953,9789
1355608688,9790
1355614969,9791
1355644335,9792
1355644348,9793
1355644349,9794
1355645984,9795
1356116655,9796
1356117844,9797
1356125772,9798
1356125782,9799
1356125784,9800
1356152878,9801
1356152879,9802
1356170092,9803
1356364582,9804
1356372330,9805
1356406216,9806
1356421081,9807
1356421085,9808
1356425185,9809
1356427778,9810
1356434997,9811
1356435000,9812
1356435001,9813
1356437243,9814
1356437246,9815
1356437250,9816
1356476360,9817
1356480383,9818
1356501177,9819
1356507439,9820
1356516711,9821
1356532306,9822
1356572444,9823
1356705524,9824
1356705531,9825
1356723267,9826
1356723275,9827
1356723283,9828
1356836852,9829
1356975967,9830
1356975975,9831
1356975976,9832
1356975983,9833
1356975985,9834
1356975987,9835
1357387218,9836
1357394129,9837
1357394133,9838
1358175912,9839
1358184266,9840
1358194653,9841
1358194655,9842
1358220757,9843
1358238904,9844
1358245454,9845
1358272485,9846
1358272487,9847
1358272491,9848
1358296180,9849
1358322248,9850
1358332506,9851
1358919015,9852
1358922354,9853
1359300511,9854
1359300517,9855
1359300522,9856
1359300570,9857
1359794145,9858
1359794154,9859
1359794156,9860
1359794161,9861
1359794167,9862
1359818291,9863
1359858723,9864
1359858731,9865
1359858733,9866
1359858748,9867
1359858758,9868
1359871408,9869
1359871411,9870
1359889602,9871
1360642654,9872
1360699414,9873
1360732012,9874
1360732031,9875
1360804977,9876
1360957710,9877
1360966369,9878
1360978736,9879
1360994081,9880
1361001369,9881
1361129535,9882
1361129536,9883
1361324466,9884
1361324467,9885
1361324470,9886
1362181767,9887
1362181825,9888
1362181889,9889
1362181908,9890
1362190536,9891
1362193053,9892
1362193054,9893
1362193055,9894
1362193056,9895
1362193059,9896
1362210172,9897
1362210173,9898
1362647372,9899
1362647375,9900
1362647412,9901
1362647440,9902
1362651867,9903
1362651876,9904
1362651884,9905
1362655416,9906
1362784571,9907
1362784574,9908
1363017826,9909
1363020498,9910
1363047255,9911
1363047257,9912
1363047715,9913
1363298798,9914
1363369765,9915
1363372256,9916
1363376309,9917
1363752233,9918
1363816435,9919
1363839938,9920
1363839940,9921
1363839941,9922
1363840238,9923
1363840240,9924
1363841361,9925
1363841439,9926
1363841451,9927
1363847972,9928
1363847973,9929
1363850674,9930
1363850682,9931
1363850689,9932
1363850739,9933
1363850755,9934
1363850765,9935
1363850782,9936
1363858694,9937
1363859207,9938
1363859642,9939
1363859643,9940
1363859644,9941
1364109790,9942
1364109825,9943
1364109839,9944
1364109921,9945
1364109958,9946
1364109963,9947
1364222609,9948
1364222610,9949
1364222623,9950
1364262241,9951
1364262247,9952
1364262270,9953
1364262316,9954
1364660336,9955
1364672505,9956
1364674950,9957
1364675773,9958
1364675775,9959
1364686022,9960
1364686023,9961
1364699816,9962
1364699821,9963
1364699824,9964
1364707622,9965
1364761204,9966
1364761205,9967
1364794339,9968
1364828922,9969
1364828925,9970
1364836180,9971
1364836181,9972
1364933927,9973
1364933933,9974
1364934052,9975
1364947551,9976
1364950706,9977
1365044736,9978
1365044737,9979
1365811401,9980
1365811402,9981
1365811411,9982
1365811413,9983
1365811415,9984
1365811416,9985
1366143329,9986
1366143331,9987
1366143333,9988
1366143335,9989
1366143339,9990
1366143347,9991
1366143348,9992
1366143355,9993
1366143357,9994
1366147178,9995
1366147180,9996
1366147182,9997
1366149685,9998
1366149700,9999
1366149702,10000
1366340097,10001
1366561555,10002
1367351405,10003
1367351413,10004
1367372481,10005
1367376731,10006
1367376733,10007
1367376741,10008
1367383355,10009
1367384293,10010
1367388509,10011
1367388510,10012
1367388513,10013
1367388515,10014
1367511439,10015
1367511440,10016
1367511684,10017
1367514056,10018
1367514061,10019
1367514063,10020
1367515567,10021
1367515585,10022
1367517137,10023
1367517138,10024
1367517220,10025
1367517222,10026
1367517224,10027
1367517225,10028
1367517226,10029
1367517588,10030
1367518108,10031
1367522819,10032
1367522832,10033
1368101029,10034
1368125616,10035
1368164643,10036
1368305084,10037
1368305093,10038
1368305098,10039
1368305111,10040
1368305112,10041
1368305121,10042
1368305135,10043
1368305155,10044
1368305164,10045
1368668975,10046
1368709338,10047
1368741084,10048
1369191095,10049
1369228486,10050
1369249103,10051
1369287260,10052
1369291352,10053
1369291623,10054
1369291626,10055
1369303345,10056
1369303347,10057
1369303349,10058
1369402702,10059
1369408209,10060
1369416956,10061
1369442224,10062
1369442967,10063
1369444678,10064
1369445945,10065
1369445946,10066
1369452002,10067
1369460393,10068
1369462993,10069
1369463003,10070
1369463005,10071
1369477423,10072
1369478814,10073
1369481736,10074
1369481737,10075
1369481738,10076
1369484203,10077
1369504504,10078
1369508462,10079
1369512482,10080
1369512705,10081
1369512706,10082
1369513118,10083
1369513668,10084
1369521501,10085
1369521502,10086
1369521503,10087
1369525581,10088
1369525583,10089
1369525584,10090
1370161661,10091
1371376573,10092
1371715284,10093
1371911422,10094
1371911423,10095
1371911424,10096
1371911425,10097
1372831385,10098
1372831401,10099
1372831425,10100
1372831435,10101
1374297065,10102
1374298974,10103
1374302144,10104
1374308189,10105
1374968397,10106
1374968399,10107
1374970243,10108
1374970244,10109
1374970245,10110
1375009303,10111
1375009305,10112
1375039765,10113
1375039776,10114
1375039782,10115
1375039791,10116
1375043296,10117
1375043298,10118
1375068811,10119
1375077123,10120
1375292199,10121
1375292201,10122
1375292208,10123
1375292211,10124
1375294844,10125
1375294845,10126
1375306577,10127
1375306579,10128
1375306584,10129
1375306586,10130
1375309350,10131
1375313546,10132
1376258079,10133
1376258081,10134
1376259867,10135
1376262589,10136
1376262590,10137
1376263506,10138
1376263508,10139
1376265130,10140
1376265131,10141
1376265133,10142
1376273752,10143
1376273754,10144
1376273758,10145
1376287718,10146
1376291074,10147
1376295891,10148
1376295894,10149
1376295897,10150
1376307362,10151
1376307364,10152
1376307366,10153
1376307371,10154
1376307373,10155
1376307377,10156
1376307380,10157
1376307382,10158
1376337089,10159
1376340438,10160
1376343799,10161
1376343800,10162
1376355171,10163
1376358172,10164
1376358173,10165
1376358174,10166
1376358176,10167
1376359081,10168
1376359082,10169
1376359083,10170
1376369666,10171
1376371820,10172
1376486108,10173
1376486679,10174
1376487781,10175
1376490074,10176
1376490075,10177
1376490076,10178
1376499368,10179
1376499375,10180
1376499901,10181
1376501428,10182
1376501432,10183
1376501434,10184
1376501436,10185
1376519354,10186
1376519356,10187
1376523257,10188
1376523259,10189
1376523787,10190
1376524801,10191
1376583854,10192
1376583856,10193
1376583858,10194
1376589067,10195
1376703302,10196
1377397654,10197
1377397655,10198
1377397659,10199
1377397662,10200
1377397667,10201
1377397668,10202
1377397680,10203
1377397686,10204
1377397695,10205
1377397707,10206
1377405564,10207
1377405565,10208
1377405571,10209
1378555184,10210
1380301516,10211
1380301536,10212
1380301538,10213
1380301541,10214
1380301552,10215
1380301554,10216
1380301694,10217
1380301756,10218
1380301787,10219
1380301797,10220
1380313572,10221
1381595488,10222
1381595491,10223
1381815147,10224
1381917319,10225
1381917333,10226
1381917335,10227
1381917336,10228
1381917348,10229
1381920623,10230
1383424958,10231
1383424975,10232
1384080617,10233
1384898563,10234
1384962728,10235
1384962743,10236
1384962752,10237
1384962766,10238
1384962776,10239
1386088184,10240
1386088188,10241
1386088197,10242
1386088203,10243
1386088219,10244
1386088248,10245
1394017789,10246
1394017790,10247
1394017792,10248
1397341641,10249
1397341690,10250
1397341701,10251
1397341920,10252
1400031353,10253
1400031381,10254
1400934936,10255
1400934942,10256
1400934990,10257
1400935000,10258
1400935033,10259
1400939867,10260
1402778612,10261
1402778620,10262
1402778727,10263
1402778744,10264
1402778940,10265
1402778969,10266
1402779038,10267
1402779095,10268
1402779099,10269
1402779105,10270
1402779127,10271
1402779149,10272
1402779153,10273
1402779158,10274
1402779181,10275
1402779191,10276
1402779192,10277
1402779198,10278
1402779205,10279
1402779207,10280
1402779215,10281
1402779218,10282
1402779220,10283
1403256725,10284
1406349395,10285
1406499348,10286
1406499351,10287
1406525193,10288
1406977609,10289
1406981665,10290
1409067155,10291
1409067157,10292
1409074854,10293
1409078949,10294
1409088465,10295
1409088466,10296
1409626830,10297
1410606693,10298
1410606894,10299
1411477537,10300
1411684978,10301
1411690443,10302
1411690444,10303
1411690445,10304
1411692467,10305
1411864944,10306
1411864952,10307
1411864960,10308
1411864963,10309
1411864964,10310
1411864986,10311
1411864988,10312
1411864992,10313
1411865006,10314
1413637575,10315
1413637584,10316
1413913977,10317
1414246144,10318
1414252217,10319
1415198559,10320
1415440979,10321
1415448628,10322
1416157300,10323
1416350679,10324
1416358574,10325
1416358578,10326
1416358580,10327
1416358586,10328
1416358590,10329
1416359254,10330
1416359255,10331
1416848175,10332
1416849636,10333
1417603857,10334
1417617987,10335
1417617988,10336
1417617989,10337
1417743405,10338
1417764884,10339
1418260962,10340
1420304657,10341
1420331237,10342
1421185343,10343
1422422605,10344
1422422607,10345
1422422787,10346
1422697306,10347
1422713083,10348
1422714231,10349
1422714264,10350
1422722324,10351
1422722337,10352
1422722338,10353
1422743236,10354
1422759480,10355
1422781952,10356
1422781953,10357
1422784928,10358
1422784929,10359
1422789411,10360
1422789414,10361
1422791207,10362
1422799779,10363
1422824395,10364
1422899048,10365
1422899049,10366
1422986292,10367
1422986511,10368
1422986858,10369
1422986989,10370
1422987106,10371
1422987131,10372
1422987390,10373
1422987509,10374
1422996497,10375
1423021764,10376
1423021765,10377
1423021766,10378
1423021768,10379
1423051880,10380
1423058193,10381
1423058201,10382
1423123851,10383
1423123857,10384
1423125440,10385
1423125441,10386
1423265702,10387
1423315687,10388
1423321495,10389
1423489982,10390
1423705916,10391
1423705918,10392
1423705919,10393
1424326083,10394
1424326086,10395
1424326087,10396
1424326088,10397
1424326090,10398
1424397179,10399
1424399319,10400
1424399322,10401
1424400407,10402
1424404297,10403
1424406933,10404
1424406936,10405
1424406939,10406
1424406941,10407
1424469981,10408
1424475580,10409
1424475593,10410
1424477880,10411
1424478675,10412
1424480758,10413
1424480764,10414
1424480765,10415
1426235393,10416
1426235405,10417
1426235411,10418
1426235415,10419
1426235423,10420
1426235439,10421
1426235441,10422
1426235445,10423
1426235449,10424
1426235451,10425
1426235470,10426
1426235471,10427
1426235473,10428
1426235475,10429
1426235477,10430
1426235486,10431
1426235488,10432
1426235489,10433
1426235493,10434
1426235522,10435
1426235527,10436
1426235539,10437
1426235546,10438
1426235561,10439
1426235562,10440
1426235563,10441
1426235564,10442
1426235565,10443
1426235568,10444
1426235569,10445
1426559378,10446
1426562013,10447
1427642589,10448
1428243697,10449
1428246602,10450
1428247816,10451
1429166042,10452
1429166046,10453
1429166048,10454
1429172007,10455
1429172009,10456
1429172027,10457
1429172034,10458
1429172039,10459
1429172042,10460
1429428679,10461
1429428835,10462
1429433461,10463
1429433510,10464
1429433511,10465
1429433519,10466
1429433526,10467
1429814371,10468
1429814393,10469
1429814405,10470
1429814477,10471
1429814516,10472
1429814540,10473
1429814565,10474
1429814569,10475
1429814617,10476
1429814631,10477
1429821829,10478
1429821838,10479
1429902337,10480
1429902356,10481
1429902364,10482
1429902398,10483
1429902407,10484
1430126078,10485
1430126080,10486
1430165326,10487
1430205781,10488
1430205784,10489
1430207560,10490
1430211120,10491
1430212779,10492
1430217863,10493
1430219613,10494
1430309783,10495
1430380021,10496
1430380024,10497
1430382676,10498
1430385436,10499
1430397904,10500
1430403010,10501
1430420160,10502
1430698458,10503
1430698461,10504
1430698464,10505
1431215376,10506
1431219662,10507
1431243495,10508
1431304485,10509
1431304493,10510
1431304503,10511
1431304508,10512
1431304514,10513
1431304515,10514
1431304517,10515
1431304530,10516
1431304531,10517
1431304541,10518
1431304548,10519
1431304549,10520
1431304560,10521
1431304562,10522
1431304568,10523
1431304572,10524
1431304584,10525
1431304589,10526
1431304597,10527
1431304598,10528
1431304602,10529
1431304612,10530
1431304617,10531
1431304624,10532
1431304625,10533
1431304627,10534
1431304629,10535
1431304631,10536
1431304632,10537
1431304639,10538
1431304647,10539
1431304650,10540
1431304659,10541
1431324493,10542
1431324497,10543
1432042098,10544
1432061137,10545
1432061140,10546
1432102526,10547
1432102532,10548
1432104990,10549
1432104991,10550
1432104992,10551
1432104994,10552
1432104996,10553
1432104997,10554
1432121062,10555
1432149465,10556
1432149466,10557
1432149467,10558
1432149468,10559
1432149469,10560
1432149472,10561
1432149475,10562
1432149478,10563
1432149479,10564
1432149480,10565
1432149482,10566
1432149483,10567
1432149484,10568
1432151096,10569
1432151099,10570
1432151101,10571
1432154577,10572
1432155869,10573
1432155870,10574
1432516984,10575
1432517015,10576
1432517134,10577
1432517185,10578
1432517217,10579
1432517262,10580
1432937968,10581
1432991810,10582
1432991813,10583
1433035444,10584
1433035448,10585
1433039369,10586
1433039370,10587
1433039371,10588
1433039372,10589
1433049157,10590
1433049161,10591
1433049163,10592
1433050698,10593
1433733575,10594
1433733609,10595
1433733629,10596
1433733650,10597
1433733662,10598
1433867717,10599
1433921111,10600
1434057135,10601
1434057155,10602
1434058609,10603
1434058610,10604
1434058611,10605
1434058612,10606
1434076066,10607
1434076068,10608
1434076069,10609
1434077407,10610
1434077409,10611
1434077411,10612
1434080691,10613
1434080696,10614
1434080701,10615
1434080703,10616
1434080705,10617
1434083517,10618
1434083518,10619
1434084681,10620
1434084682,10621
1434178601,10622
1434180016,10623
1434180020,10624
1434210745,10625
1434210747,10626
1434213779,10627
1434503542,10628
1434503684,10629
1434503694,10630
1434503718,10631
1434503754,10632
1434503781,10633
1434503943,10634
1434504014,10635
1434504103,10636
1434504157,10637
1434504179,10638
1434504207,10639
1434504243,10640
1434504429,10641
1434504433,10642
1434504635,10643
1434837522,10644
1434839463,10645
1434863422,10646
1435312901,10647
1435313247,10648
1435313251,10649
1435313996,10650
1435313999,10651
1435317907,10652
1435387043,10653
1435446283,10654
1435446284,10655
1435446288,10656
1435446289,10657
1435446290,10658
1435446291,10659
1435446295,10660
1435451023,10661
1435451024,10662
1435457617,10663
1435492796,10664
1435949193,10665
1436203575,10666
1436203576,10667
1436203577,10668
1436220841,10669
1436221063,10670
1436284212,10671
1436352234,10672
1436352612,10673
1436519938,10674
1436519940,10675
1437437133,10676
1437437137,10677
1437437202,10678
1437437204,10679
1437437411,10680
1437437434,10681
1437437466,10682
1437437581,10683
1437437671,10684
1437437725,10685
1437441031,10686
1437441235,10687
1437462963,10688
1437480490,10689
1439020473,10690
1439020474,10691
1439020475,10692
1439562571,10693
1440811617,10694
1440811621,10695
1440811624,10696
1440818571,10697
1444744449,10698
1444744459,10699
1444750744,10700
1444750753,10701
1444755434,10702
1444780325,10703
1444796514,10704
1444796516,10705
1445230591,10706
1445292931,10707
1445312391,10708
1445690437,10709
1445690441,10710
1445722481,10711
1448719443,10712
1448719444,10713
1448728458,10714
1448732426,10715
1449075656,10716
1449075688,10717
1449075717,10718
1449075803,10719
1449134944,10720
1449148287,10721
1450516842,10722
1450516869,10723
1450517128,10724
1453540821,10725
1453540833,10726
1453540848,10727
1453540858,10728
1453550712,10729
1453550736,10730
1453882689,10731
1453949050,10732
1454006848,10733
1454024467,10734
1454046280,10735
1454046282,10736
1454046283,10737
1454046284,10738
1454317263,10739
1454744853,10740
1455469755,10741
1455495124,10742
1455495126,10743
1455498268,10744
1455498271,10745
1455504684,10746
1455504687,10747
1455504702,10748
1455504703,10749
1455507644,10750
1455519111,10751
1455520359,10752
1455520360,10753
1455526827,10754
1455526843,10755
1455526846,10756
1455526849,10757
1455526853,10758
1455531420,10759
1455531422,10760
1455531423,10761
1455539139,10762
1455541488,10763
1455541490,10764
1455541494,10765
1455541496,10766
1455541498,10767
1455541502,10768
1455541503,10769
1455549918,10770
1455549922,10771
1455549924,10772
1455552277,10773
1455555433,10774
1455557220,10775
1455557224,10776
1455557226,10777
1456348004,10778
1458084084,10779
1458084101,10780
1458086399,10781
1458547681,10782
1458591866,10783
1458591869,10784
1459562219,10785
1467450242,10786
1467450251,10787
1467726177,10788
1468290185,10789
1468298706,10790
1468301007,10791
1468329111,10792
1468329112,10793
1468330604,10794
1468331774,10795
1468332673,10796
1468333080,10797
1468810881,10798
1468810882,10799
1468810890,10800
1468810893,10801
1468810895,10802
1468810897,10803
1468810901,10804
1468954381,10805
1470897937,10806
1470897940,10807
1471108428,10808
1471108466,10809
1472399057,10810
1472399063,10811
1472434100,10812
1472434103,10813
1472828660,10814
1472871825,10815
1473199355,10816
1473202015,10817
1473384808,10818
1473384809,10819
1476376486,10820
1476376488,10821
1476376491,10822
1476376494,10823
1476376496,10824
1476376498,10825
1476376500,10826
1476376504,10827
1476376508,10828
1476376516,10829
1476379709,10830
1476382468,10831
1476382471,10832
1476382473,10833
1476382474,10834
1476382487,10835
1476393908,10836
1476400228,10837
1476408621,10838
1476415008,10839
1476422382,10840
1476422385,10841
1476422388,10842
1476428596,10843
1477522309,10844
1477537242,10845
1477538467,10846
1477546452,10847
1477559160,10848
1477588981,10849
1477603140,10850
1477603142,10851
1477728665,10852
1477728666,10853
1477728667,10854
1477734951,10855
1477736031,10856
1477738074,10857
1477742129,10858
1477754752,10859
1477754753,10860
1477759218,10861
1477759220,10862
1477760442,10863
1477766338,10864
1477770833,10865
1477770836,10866
1485671209,10867
1485671216,10868
1485671217,10869
1486099006,10870
1486110243,10871
1486206554,10872
1486206613,10873
1486206684,10874
1486206885,10875
1486206909,10876
1486206977,10877
1488913015,10878
1488913087,10879
1488913101,10880
1488913104,10881
1488913142,10882
1488913221,10883
1488913236,10884
1488913240,10885
1488913276,10886
1488913340,10887
1488913389,10888
1488913415,10889
1488913420,10890
1488913455,10891
1488913468,10892
1488913470,10893
1488913476,10894
1488913487,10895
1488913498,10896
1489699044,10897
1489699065,10898
1497651343,10899
1497651346,10900
1497651352,10901
1497651355,10902
1497651366,10903
1497898466,10904
1497898499,10905
1499674608,10906
1499678461,10907
1499678462,10908
1499970258,10909
1499971925,10910
1499971927,10911
1499971929,10912
1499978315,10913
1499978320,10914
1499978324,10915
1500543122,10916
1500543125,10917
1500591155,10918
1500613382,10919
1500613384,10920
1500690871,10921
1501003598,10922
1501003599,10923
1501005541,10924
1501005547,10925
1501005549,10926
1501005551,10927
1501006202,10928
1501006203,10929
1501018056,10930
1501030420,10931
1501030423,10932
1501036711,10933
1501036714,10934
1501036715,10935
1501036716,10936
1501036717,10937
1501036721,10938
1501036722,10939
1501036724,10940
1501041788,10941
1501041789,10942
1501041790,10943
1501041791,10944
1501062610,10945
1501074381,10946
1501304299,10947
1501426352,10948
1501428252,10949
1505728750,10950
1505737413,10951
1505749746,10952
1505749748,10953
1508941170,10954
1508941179,10955
1508982874,10956
1508982878,10957
1508982881,10958
1508982884,10959
1508982889,10960
1508982893,10961
1508982897,10962
1508982899,10963
1508985596,10964
1508996710,10965
1508996711,10966
1508996712,10967
1508996713,10968
1509225025,10969
1509240880,10970
1509244952,10971
1509244953,10972
1509244956,10973
1509252948,10974
1509252951,10975
1509252954,10976
1509252956,10977
1511694189,10978
1511694231,10979
1511694234,10980
1511694235,10981
1511694238,10982
1517541077,10983
1517552737,10984
1517552738,10985
1517555358,10986
1517570871,10987
1517570875,10988
1517782398,10989
1517782407,10990
1517782411,10991
1518141658,10992
1518141661,10993
1518146616,10994
1518152595,10995
1518152600,10996
1518152602,10997
1519607847,10998
1519901667,10999
1519901674,11000
1519901698,11001
1519901776,11002
1519901860,11003
1520092698,11004
1520199797,11005
1528248275,11006
1528248278,11007
1528297367,11008
1528297368,11009
1528307343,11010
1528307360,11011
1528308761,11012
1528328407,11013
1528376981,11014
1528376985,11015
1528376989,11016
1528376992,11017
1528379699,11018
1528379720,11019
1528379724,11020
1528385852,11021
1528385864,11022
1528385866,11023
1528406442,11024
1528418317,11025
1528450462,11026
1528474116,11027
1528479565,11028
1528488186,11029
1528488197,11030
1529243546,11031
1529257759,11032
1529257766,11033
1529421930,11034
1530286935,11035
1530773062,11036
1530773064,11037
1530773065,11038
1530773066,11039
1530773077,11040
1530773082,11041
1530773084,11042
1530773086,11043
1530773087,11044
1530773089,11045
1530773091,11046
1530789736,11047
1530795089,11048
1530795092,11049
1530795096,11050
1530795103,11051
1530962416,11052
1531035107,11053
1531035113,11054
1531035116,11055
1531035137,11056
1531035151,11057
1531035191,11058
1531035214,11059
1531035237,11060
1531035242,11061
1531035264,11062
1531035291,11063
1531035330,11064
1531035343,11065
1531035349,11066
1531035358,11067
1531035448,11068
1531035450,11069
1531188703,11070
1531188713,11071
1531343075,11072
1531343082,11073
1531371125,11074
1531409875,11075
1531453034,11076
1531533781,11077
1538220875,11078
1538220876,11079
1539224202,11080
1539350051,11081
1539350329,11082
1539362157,11083
1539362161,11084
1539362177,11085
1539702082,11086
1539702085,11087
1539702116,11088
1539917014,11089
1540086749,11090
1540145384,11091
1540262610,11092
1542155198,11093
1542273518,11094
1542273523,11095
1545230395,11096
1550651093,11097
1552729332,11098
1552765376,11099
1552808597,11100
1553027402,11101
1553027444,11102
1553027446,11103
1553027486,11104
1553027548,11105
1553027558,11106
1553027572,11107
1553027581,11108
1554903409,11109
1554903410,11110
1556790359,11111
1556801410,11112
1556831219,11113
1557049456,11114
1557084049,11115
1557084072,11116
1557718003,11117
1557719571,11118
1557723576,11119
1557737845,11120
1558184261,11121
1559956546,11122
1559956551,11123
1563747094,11124
1569110270,11125
1569795187,11126
1569913042,11127
1569998139,11128
1569998141,11129
1569998154,11130
1571139845,11131
1573085624,11132
1578726496,11133
1578745389,11134
1578800876,11135
1579265627,11136
1579266247,11137
1579326299,11138
1579379074,11139
1580948930,11140
1580958603,11141
1580969286,11142
1580969290,11143
1580969291,11144
1581058939,11145
1581067323,11146
1581100027,11147
1581100029,11148
1581123649,11149
1581123654,11150
1581123657,11151
1581123696,11152
1581130546,11153
1581130548,11154
1581165136,11155
1581165141,11156
1581169762,11157
1581169766,11158
1581177048,11159
1581177083,11160
1583982303,11161
1584145664,11162
1584145665,11163
1584145666,11164
1584145996,11165
1584145997,11166
1584145998,11167
1584173023,11168
1585135805,11169
1585138561,11170
1587318370,11171
1587318373,11172
1587318376,11173
1587505517,11174
1587508821,11175
1587508822,11176
1587510972,11177
1588827827,11178
1588930689,11179
1589620883,11180
1589643338,11181
1589643339,11182
1589650566,11183
1590387535,11184
1590387542,11185
1591069886,11186
1593537242,11187
1593624924,11188
1593636963,11189
1593749984,11190
1593749987,11191
1593755563,11192
1593755569,11193
1593811375,11194
1593858937,11195
1593909182,11196
1593921004,11197
1593921005,11198
1593927108,11199
1596026560,11200
1598671052,11201
1599986032,11202
1600064797,11203
1600064801,11204
1600107461,11205
1600111678,11206
1600119920,11207
1600130234,11208
1600130236,11209
1600134702,11210
1600134704,11211
1600180244,11212
1600180246,11213
1600180251,11214
1601133333,11215
1601133339,11216
1601133344,11217
1601137157,11218
1601137158,11219
1601137159,11220
1602527600,11221
1602527704,11222
1603229492,11223
1603312000,11224
1603816873,11225
1604209771,11226
1604209776,11227
1604212701,11228
1604212702,11229
1604212703,11230
1604212704,11231
1604217058,11232
1604217066,11233
1604217538,11234
1604768123,11235
1605415798,11236
1608997575,11237
1609020002,11238
1609090445,11239
1609091085,11240
1610723571,11241
1610723580,11242
1612211997,11243
1612211998,11244
1612220590,11245
1612224302,11246
1612226100,11247
1612226101,11248
1612226102,11249
1612259391,11250
1614660742,11251
1614660749,11252
1614660750,11253
1614660756,11254
1614660762,11255
1614670674,11256
1616064310,11257
1616719859,11258
1618690355,11259
1624449646,11260
1624456368,11261
1624471327,11262
1624475660,11263
1625719284,11264
1625719286,11265
1625719314,11266
1625719315,11267
1625719321,11268
1627112928,11269
1627926386,11270
1627926393,11271
1627926395,11272
1627926403,11273
1627926407,11274
1627929076,11275
1627939997,11276
1627960498,11277
1627960499,11278
1627967541,11279
1627999385,11280
1628359358,11281
1628359361,11282
1628400908,11283
1628406125,11284
1628406128,11285
1628411128,11286
1628551113,11287
1628551114,11288
1628788389,11289
1628788402,11290
1628900654,11291
1629418474,11292
1629418477,11293
1629424775,11294
1629450644,11295
1629450649,11296
1629450651,11297
1629450662,11298
1629666781,11299
1629666792,11300
1633105722,11301
1633105726,11302
1633105735,11303
1633105741,11304
1633129371,11305
1633129384,11306
1634455756,11307
1634468147,11308
1634468172,11309
1634480194,11310
1634480223,11311
1634480227,11312
1634480231,11313
1634539412,11314
1635553407,11315
1635553419,11316
1635576390,11317
1635591927,11318
1635591928,11319
1635591946,11320
1635632316,11321
1635632374,11322
1635803731,11323
1635803751,11324
1635820987,11325
1635821025,11326
1636519479,11327
1637057668,11328
1637057745,11329
1637163917,11330
1637163929,11331
1637163939,11332
1637195261,11333
1637195277,11334
1637195285,11335
1637257683,11336
1637257696,11337
1637257703,11338
1637262225,11339
1637262226,11340
1637262237,11341
1637307526,11342
1637307915,11343
1637547811,11344
1637565970,11345
1637578698,11346
1637578746,11347
1637578807,11348
1637578822,11349
1637578842,11350
1637578844,11351
1637578845,11352
1637578850,11353
1637578858,11354
1637578861,11355
1637578899,11356
1637578901,11357
1637578902,11358
1637578905,11359
1637578908,11360
1637578912,11361
1637618697,11362
1637618700,11363
1637618723,11364
1637618731,11365
1637618746,11366
1637618748,11367
1637618758,11368
1637618764,11369
1637618808,11370
1637618809,11371
1637618814,11372
1637618816,11373
1637620595,11374
1637620596,11375
1637733305,11376
1642067519,11377
1642148716,11378
1642148762,11379
1642199555,11380
1643932782,11381
1646249689,11382
1646249692,11383
1646249762,11384
1646249834,11385
1646249872,11386
1646249991,11387
1646249995,11388
1646250042,11389
1646264290,11390
1646264292,11391
1646264326,11392
1646268576,11393
1646288513,11394
1646288529,11395
1646288535,11396
1646289666,11397
1646300181,11398
1646670581,11399
1646670585,11400
1647322593,11401
1647322598,11402
1647322601,11403
1648659390,11404
1648659451,11405
1648772187,11406
1648772236,11407
1649201721,11408
1649201730,11409
1649201731,11410
1649201738,11411
1649224380,11412
1649300389,11413
1649300397,11414
1649302997,11415
1649323389,11416
1649323427,11417
1649339630,11418
1649339635,11419
1650088364,11420
1650088365,11421
1650137730,11422
1650137747,11423
1650137817,11424
1650137820,11425
1650137902,11426
1650137943,11427
1650809989,11428
1651291091,11429
1651291237,11430
1652003997,11431
1652004001,11432
1652004019,11433
1652004041,11434
1652004063,11435
1652054927,11436
1652054933,11437
1652054940,11438
1652054980,11439
1652063517,11440
1652063526,11441
1652063553,11442
1652132301,11443
1652132304,11444
1652132307,11445
1652132316,11446
1652132319,11447
1652132337,11448
1652132345,11449
1652132346,11450
1652132359,11451
1652142139,11452
1652142142,11453
1652142152,11454
1652195846,11455
1652195862,11456
1652196095,11457
1652229700,11458
1652229711,11459
1652259323,11460
1652259325,11461
1652259331,11462
1652259336,11463
1652259400,11464
1652276521,11465
1652276523,11466
1652276528,11467
1652276530,11468
1652276539,11469
1652276553,11470
1652533633,11471
1653158197,11472
1653301790,11473
1653311951,11474
1653311955,11475
1653371480,11476
1653371516,11477
1653371520,11478
1653371522,11479
1653382486,11480
1653382532,11481
1653473565,11482
1653473571,11483
1653473611,11484
1653473624,11485
1653473625,11486
1653484790,11487
1653487112,11488
1653487114,11489
1653489562,11490
1654039205,11491
1655765382,11492
1656844646,11493
1656865388,11494
1656889210,11495
1656889213,11496
1656889217,11497
1656889220,11498
1656889223,11499
1656927222,11500
1657604383,11501
1658018720,11502
1658018867,11503
1658019207,11504
1659150181,11505
1659329157,11506
1659336982,11507
1659336983,11508
1659339612,11509
1659341886,11510
1659341888,11511
1659556230,11512
1660216477,11513
1661971577,11514
1661971646,11515
1663869791,11516
1671577984,11517
1671649150,11518
1673642106,11519
1673650752,11520
1673650753,11521
1673650758,11522
1673650767,11523
1673656686,11524
1673656698,11525
1673656700,11526
1673656703,11527
1673664040,11528
1673664042,11529
1673664046,11530
1673665990,11531
1674070632,11532
1674070633,11533
1674070667,11534
1674070670,11535
1674070674,11536
1674070724,11537
1674109115,11538
1676564737,11539
1676564738,11540
1677760879,11541
1677760912,11542
1679657120,11543
1679657124,11544
1679657125,11545
1679657132,11546
1679657139,11547
1679657147,11548
1679657149,11549
1679657154,11550
1679657159,11551
1680024752,11552
1680024791,11553
1680106253,11554
1680106270,11555
1680106286,11556
1680106298,11557
1680106302,11558
1680578864,11559
1680578867,11560
1682154398,11561
1682154427,11562
1682154445,11563
1682154475,11564
1682154484,11565
1682154492,11566
1682197735,11567
1682197741,11568
1682197745,11569
1682197750,11570
1682197804,11571
1682197808,11572
1682197816,11573
1682197817,11574
1682197819,11575
1682197822,11576
1682197832,11577
1682404321,11578
1682868807,11579
1682868831,11580
1682868860,11581
1682868902,11582
1682868904,11583
1682868921,11584
1682868972,11585
1682868976,11586
1682869035,11587
1682869102,11588
1682869126,11589
1684322374,11590
1684322413,11591
1684956389,11592
1685017184,11593
1685063102,11594
1685063148,11595
1685172341,11596
1685172355,11597
1685231384,11598
1685427769,11599
1685430565,11600
1685459545,11601
1686757873,11602
1686757950,11603
1686758006,11604
1686758069,11605
1686758096,11606
1686758153,11607
1686758239,11608
1686758694,11609
1687149397,11610
1687149402,11611
1687149405,11612
1687149418,11613
1687152092,11614
1687152095,11615
1687152097,11616
1687158275,11617
1687158276,11618
1687158278,11619
1687158317,11620
1687158325,11621
1687158327,11622
1687158332,11623
1687158333,11624
1687158335,11625
1687158337,11626
1687658038,11627
1687741177,11628
1687917539,11629
1687917555,11630
1687917564,11631
1687930252,11632
1687930867,11633
1687934677,11634
1688137795,11635
1688137801,11636
1688208810,11637
1688210418,11638
1688214351,11639
1688229395,11640
1688243122,11641
1688801542,11642
1688801543,11643
1688805318,11644
1688805322,11645
1688806758,11646
1688814152,11647
1688841884,11648
1688842815,11649
1688857110,11650
1688857112,11651
1688863343,11652
1688863369,11653
1688906163,11654
1688927814,11655
1689028666,11656
1689028670,11657
1690082076,11658
1690082082,11659
1690152330,11660
1690152345,11661
1690152366,11662
1690152374,11663
1690152377,11664
1690190655,11665
1690191487,11666
1690191488,11667
1690191491,11668
1691729186,11669
1692801784,11670
1695138373,11671
1695776590,11672
1696522771,11673
1696522802,11674
1696558652,11675
1696622614,11676
1696714252,11677
1696714262,11678
1696714264,11679
1696714296,11680
1696714307,11681
1696738990,11682
1696739000,11683
1696739005,11684
1696739009,11685
1696739011,11686
1696739019,11687
1696739136,11688
1696774543,11689
1696774546,11690
1696774564,11691
1696774605,11692
1696805897,11693
1696836638,11694
1696836654,11695
1696837728,11696
1696837730,11697
1697326918,11698
1699928443,11699
1699928451,11700
1699928482,11701
1701414439,11702
1703206046,11703
1703206050,11704
1703206065,11705
1703206068,11706
1703206075,11707
1703513620,11708
1703513629,11709
1703513631,11710
1703518477,11711
1703518479,11712
1703518481,11713
1703532023,11714
1703532025,11715
1703532027,11716
1703532032,11717
1703532036,11718
1703532046,11719
1703532051,11720
1703532061,11721
1703532087,11722
1703532093,11723
1703560922,11724
1703578189,11725
1703578191,11726
1703578192,11727
1703578193,11728
1703589325,11729
1703589326,11730
1703591780,11731
1703591781,11732
1703591782,11733
1703595666,11734
1703595668,11735
1703595669,11736
1703595671,11737
1703595673,11738
1703595674,11739
1703595678,11740
1703595679,11741
1703595681,11742
1703599207,11743
1703599210,11744
1703599212,11745
1703608324,11746
1703610094,11747
1703610389,11748
1703610391,11749
1703612335,11750
1703615386,11751
1703618769,11752
1703618775,11753
1703618777,11754
1703620039,11755
1703623341,11756
1703628424,11757
1703628425,11758
1703628427,11759
1703628429,11760
1703628430,11761
1703635262,11762
1703635264,11763
1703635266,11764
1703638210,11765
1704914313,11766
1704922483,11767
1704922492,11768
1705992425,11769
1706380696,11770
1709919967,11771
1712143356,11772
1713116365,11773
1713889071,11774
1713889439,11775
1713889471,11776
1714418310,11777
1715306154,11778
1715342553,11779
1715654489,11780
1716111025,11781
1716111028,11782
1716111033,11783
1716114572,11784
1716196154,11785
1716196194,11786
1716196201,11787
1716196218,11788
1717547968,11789
1717547972,11790
1719032363,11791
1719032466,11792
1720190196,11793
1720976686,11794
1720977316,11795
1721530612,11796
1721667715,11797
1721667730,11798
1722134555,11799
1722134556,11800
1722387850,11801
1722387860,11802
1723142472,11803
1723142478,11804
1723149985,11805
1723149992,11806
1723211121,11807
1723212268,11808
1723212932,11809
1723654911,11810
1725062703,11811
1725110454,11812
1725284084,11813
1725364818,11814
1725368957,11815
1726229543,11816
1728535833,11817
1730165949,11818
1730909463,11819
1731051049,11820
1731077484,11821
1731080257,11822
1731080258,11823
1731088192,11824
1731088207,11825
1731088208,11826
1731088209,11827
1731088213,11828
1731088227,11829
1731092092,11830
1731092096,11831
1731092101,11832
1731092110,11833
1731092112,11834
1731092114,11835
1731092121,11836
1731092127,11837
1731092143,11838
1731092165,11839
1731112574,11840
1731121504,11841
1731121508,11842
1731140572,11843
1731140573,11844
1731140574,11845
1731140584,11846
1731140589,11847
1731176088,11848
1731176093,11849
1731176164,11850
1731180926,11851
1731180927,11852
1731180938,11853
1731220415,11854
1731240101,11855
1731240858,11856
1731244033,11857
1731259522,11858
1732328566,11859
1732333429,11860
1732858559,11861
1732858578,11862
1732858582,11863
1732858584,11864
1732861354,11865
1732861355,11866
1732861356,11867
1732861358,11868
1732861362,11869
1732861367,11870
1732865111,11871
1732865117,11872
1732865123,11873
1732865128,11874
1732865135,11875
1732865139,11876
1732865140,11877
1732872560,11878
1732872562,11879
1732872570,11880
1732872573,11881
1732872574,11882
1732879939,11883
1732879943,11884
1732879945,11885
1732879952,11886
1732879955,11887
1732901355,11888
1732901409,11889
1733135822,11890
1733135838,11891
1733135868,11892
1733135929,11893
1733135935,11894
1733135979,11895
1733135986,11896
1733136004,11897
1733136029,11898
1733136056,11899
1733145375,11900
1733151919,11901
1734163450,11902
1734163464,11903
1734163483,11904
1734163485,11905
1734503356,11906
1734503566,11907
1734503708,11908
1734540247,11909
1734540277,11910
1734931837,11911
1734931838,11912
1734957195,11913
1735041850,11914
1735041862,11915
1735042044,11916
1735042071,11917
1735084674,11918
1735117947,11919
1735137331,11920
1735153141,11921
1735155568,11922
1735155661,11923
1735155677,11924
1735155717,11925
1735155735,11926
1735173974,11927
1735234517,11928
1735234519,11929
1735234520,11930
1736052017,11931
1736052019,11932
1736181390,11933
1736181421,11934
1736206918,11935
1736418718,11936
1736419029,11937
1736498608,11938
1737171758,11939
1737171772,11940
1737171779,11941
1737562059,11942
1737617621,11943
1737617623,11944
1737617625,11945
1737617630,11946
1737617634,11947
1737617636,11948
1737617649,11949
1737617650,11950
1737617674,11951
1737617764,11952
1737617798,11953
1737617810,11954
1737617812,11955
1737617835,11956
1737617845,11957
1737617847,11958
1737617853,11959
1737617855,11960
1737617879,11961
1737617887,11962
1737617891,11963
1737617919,11964
1737617926,11965
1737617933,11966
1737617937,11967
1737617954,11968
1737617972,11969
1737622834,11970
1737622849,11971
1737622860,11972
1737622866,11973
1737622870,11974
1737622873,11975
1737622877,11976
1737622880,11977
1737631439,11978
1737631459,11979
1737655837,11980
1737655918,11981
1737655954,11982
1737655962,11983
1737669643,11984
1737683202,11985
1737683229,11986
1737683233,11987
1737683282,11988
1737683309,11989
1737683330,11990
1737696701,11991
1737696704,11992
1737711390,11993
1737711398,11994
1737711400,11995
1737711417,11996
1737711423,11997
1737711454,11998
1737711479,11999
1737711559,12000
1737711561,12001
1737735016,12002
1737735032,12003
1737739743,12004
1737739753,12005
1737744806,12006
1737744823,12007
1737852764,12008
1738554446,12009
1738554482,12010
1738554535,12011
1738554550,12012
1738554585,12013
1738554589,12014
1738554604,12015
1738585847,12016
1738585874,12017
1738585879,12018
1738585897,12019
1738585981,12020
1738586121,12021
1738586150,12022
1738586159,12023
1738586169,12024
1738586173,12025
1738586180,12026
1738586198,12027
1738586201,12028
1738586215,12029
1738586221,12030
1738586227,12031
1738586235,12032
1738604201,12033
1738604202,12034
1738604203,12035
1738604204,12036
1738604205,12037
1738604207,12038
1738604208,12039
1738604211,12040
1738604229,12041
1738604232,12042
1738604246,12043
1738604247,12044
1738604252,12045
1738604254,12046
1738636573,12047
1738636583,12048
1738636590,12049
1738636617,12050
1738636634,12051
1738639848,12052
1738677008,12053
1738677130,12054
1738677295,12055
1738677375,12056
1738677383,12057
1740838324,12058
1740838357,12059
1740838376,12060
1740850037,12061
1740874717,12062
1740874719,12063
1741710298,12064
1742645058,12065
1742645060,12066
1742645255,12067
1742645256,12068
1742645259,12069
1742645264,12070
1742657760,12071
1742657768,12072
1742657771,12073
1742657778,12074
1742657781,12075
1742657782,12076
1742657786,12077
1742657789,12078
1742670010,12079
1742670022,12080
1742673002,12081
1742673008,12082
1742673016,12083
1742705964,12084
1742705968,12085
1742723433,12086
1742733509,12087
1742733511,12088
1742733512,12089
1742733515,12090
1742733519,12091
1742733520,12092
1742733522,12093
1742733524,12094
1742733526,12095
1742733536,12096
1742733537,12097
1742733538,12098
1742755630,12099
1742755635,12100
1742755639,12101
1742755643,12102
1742755648,12103
1742755652,12104
1742755670,12105
1742755684,12106
1742755686,12107
1742755690,12108
1742755691,12109
1742755693,12110
1742755695,12111
1742755696,12112
1742755698,12113
1742755700,12114
1742755703,12115
1742755705,12116
1742755726,12117
1742755728,12118
1742755731,12119
1742755733,12120
1742755736,12121
1742776104,12122
1742776115,12123
1742785809,12124
1742785816,12125
1742785822,12126
1742785823,12127
1742805956,12128
1742805961,12129
1742805963,12130
1742805965,12131
1742822184,12132
1742822216,12133
1742822222,12134
1742822226,12135
1742822231,12136
1742822234,12137
1742822244,12138
1742822247,12139
1742822249,12140
1742822252,12141
1742822256,12142
1742822259,12143
1742822261,12144
1742822263,12145
1742822265,12146
1742822266,12147
1742822268,12148
1742822271,12149
1742822273,12150
1742822274,12151
1742822280,12152
1742822283,12153
1742822286,12154
1742822288,12155
1742822293,12156
1742822296,12157
1742822300,12158
1742822302,12159
1742822307,12160
1742822316,12161
1742822318,12162
1742822320,12163
1742822328,12164
1742822329,12165
1742822334,12166
1742839547,12167
1742872580,12168
1742872589,12169
1742872590,12170
1742872591,12171
1742872592,12172
1742872594,12173
1742872599,12174
1742872600,12175
1742872601,12176
1742872602,12177
1743160036,12178
1743220345,12179
1743220349,12180
1743220361,12181
1743220362,12182
1743220366,12183
1743220375,12184
1743220394,12185
1743220412,12186
1743220433,12187
1743221655,12188
1743221663,12189
1743227546,12190
1743227549,12191
1743230261,12192
1743239198,12193
1743239228,12194
1743294719,12195
1743294723,12196
1743294725,12197
1743294730,12198
1743358500,12199
1743358501,12200
1743421408,12201
1743487081,12202
1743651080,12203
1743792920,12204
1743822191,12205
1743822460,12206
1743822514,12207
1743822687,12208
1743822811,12209
1743956429,12210
1743974511,12211
1744689909,12212
1744689923,12213
1744689930,12214
1744697403,12215
1744707951,12216
1744716500,12217
1744730981,12218
1744731202,12219
1744731203,12220
1744731204,12221
1744771322,12222
1744784908,12223
1744785383,12224
1744785384,12225
1744785649,12226
1744811943,12227
1744812625,12228
1744813681,12229
1744813696,12230
1744813867,12231
1745787686,12232
1745787689,12233
1745827421,12234
1745848383,12235
1745848411,12236
1745848425,12237
1745848427,12238
1745848431,12239
1745867852,12240
1745867883,12241
1745867912,12242
1745872702,12243
1745872704,12244
1745872706,12245
1745872708,12246
1745885930,12247
1745947421,12248
1745947449,12249
1745947503,12250
1745947547,12251
1745947617,12252
1745947647,12253
1745947716,12254
1745947736,12255
1745947792,12256
1745947794,12257
1745947835,12258
1745947843,12259
1745952309,12260
1745972636,12261
1745972640,12262
1746019706,12263
1746019707,12264
1746022787,12265
1746022788,12266
1746023857,12267
1746023859,12268
1746029869,12269
1746046366,12270
1746046997,12271
1746046999,12272
1746047000,12273
1746052991,12274
1746054799,12275
1746077807,12276
1746077810,12277
1746080702,12278
1746080703,12279
1746085168,12280
1746091008,12281
1746091009,12282
1746091011,12283
1746091012,12284
1746091017,12285
1746091018,12286
1746092874,12287
1746092875,12288
1746093511,12289
1746093512,12290
1746093514,12291
1746093515,12292
1746093519,12293
1746094275,12294
1746096168,12295
1746096170,12296
1746096171,12297
1746096172,12298
1746096174,12299
1746096506,12300
1746096507,12301
1746096508,12302
1746106044,12303
1746106049,12304
1746106051,12305
1746106054,12306
1746131145,12307
1746293150,12308
1746428050,12309
1746428065,12310
1746971048,12311
1746971054,12312
1746971057,12313
1746971059,12314
1746973308,12315
1746973309,12316
1746973310,12317
1746973311,12318
1746973312,12319
1746987148,12320
1746987149,12321
1746989118,12322
1746989120,12323
1746989123,12324
1746989125,12325
1746989127,12326
1746989129,12327
1746997630,12328
1746997631,12329
1746997632,12330
1746997634,12331
1746997635,12332
1746999363,12333
1746999365,12334
1746999367,12335
1747152882,12336
1747164652,12337
1747178374,12338
1747180840,12339
1747991041,12340
1748007841,12341
1748009630,12342
1748051995,12343
1748051996,12344
1748296584,12345
1748750718,12346
1748825028,12347
1748825038,12348
1748825045,12349
1748825053,12350
1748825063,12351
1748825110,12352
1748825116,12353
1748825120,12354
1748825123,12355
1748842883,12356
1748842885,12357
1748964762,12358
1748986194,12359
1748997631,12360
1749030947,12361
1749060375,12362
1749060377,12363
1749061022,12364
1749428390,12365
1749428392,12366
1749428996,12367
1749443758,12368
1749443760,12369
1749443761,12370
1749443764,12371
1749444812,12372
1749447845,12373
1749447846,12374
1749455116,12375
1749457446,12376
1749457479,12377
1749457500,12378
1749470209,12379
1749470219,12380
1749473077,12381
1749473085,12382
1749473090,12383
1749473091,12384
1749574871,12385
1749575891,12386
1749577345,12387
1749748114,12388
1749756584,12389
1749760470,12390
1749780697,12391
1749780719,12392
1749780728,12393
1749780738,12394
1749780751,12395
1749780756,12396
1749780797,12397
1749780851,12398
1749780940,12399
1749780991,12400
1749781074,12401
1749781151,12402
1749781170,12403
1750271321,12404
1750293809,12405
1750750849,12406
1750780540,12407
1750780542,12408
1750780561,12409
1750790415,12410
1750842419,12411
1750842420,12412
1750842421,12413
1750842424,12414
1750846413,12415
1751118395,12416
1751118415,12417
1751118421,12418
1751118424,12419
1751118425,12420
1751118426,12421
1751119417,12422
1751119418,12423
1751121213,12424
1751126315,12425
1751126317,12426
1751126318,12427
1751172576,12428
1751172590,12429
1751172601,12430
1751172603,12431
1751181427,12432
1751181433,12433
1751187804,12434
1751558496,12435
1751558498,12436
1751558500,12437
1751558514,12438
1751558516,12439
1751558518,12440
1751600341,12441
1751600346,12442
1751600347,12443
1751600349,12444
1751600352,12445
1751600355,12446
1751600357,12447
1751607439,12448
1751607460,12449
1751607462,12450
1751607471,12451
1751607475,12452
1751613572,12453
1751648203,12454
1751648207,12455
1752700370,12456
1752709621,12457
1752716797,12458
1753006048,12459
1753006049,12460
1753006052,12461
1753024334,12462
1753024382,12463
1753024389,12464
1753024397,12465
1753034020,12466
1754245066,12467
1754527882,12468
1754530859,12469
1754530860,12470
1754530874,12471
1754596397,12472
1755034751,12473
1755111313,12474
1755118606,12475
1755118611,12476
1755121481,12477
1755123436,12478
1755123438,12479
1755124237,12480
1755164831,12481
1755164883,12482
1755164955,12483
1755164956,12484
1755164958,12485
1755164960,12486
1755164966,12487
1755164968,12488
1755164970,12489
1755169456,12490
1755169461,12491
1755169610,12492
1755169661,12493
1755169707,12494
1755191133,12495
1755191173,12496
1755191176,12497
1755206383,12498
1755206399,12499
1755206402,12500
1755206405,12501
1755206410,12502
1755206413,12503
1755206420,12504
1755220782,12505
1755239357,12506
1755265371,12507
1755265372,12508
1755268927,12509
1755268949,12510
1755268964,12511
1755268969,12512
1755268989,12513
1755281192,12514
1755281197,12515
1755290951,12516
1755290986,12517
1755291104,12518
1755371891,12519
1755371893,12520
1755371928,12521
1755371934,12522
1755371938,12523
1755371973,12524
1755371977,12525
1755371979,12526
1755371981,12527
1755372017,12528
1755386192,12529
1755395768,12530
1755395775,12531
1755399433,12532
1755812177,12533
1755832726,12534
1755858218,12535
1755859386,12536
1755859388,12537
1755859393,12538
1756175122,12539
1756175127,12540
1756175134,12541
1756265374,12542
1756280900,12543
1756280946,12544
1756290981,12545
1756299808,12546
1756301709,12547
1756301712,12548
1756306988,12549
1756306997,12550
1756359820,12551
1756359874,12552
1756359875,12553
1756359876,12554
1756459426,12555
1756459433,12556
1756479310,12557
1756485437,12558
1756485439,12559
1756485442,12560
1756534059,12561
1756534090,12562
1756534101,12563
1756534177,12564
1756534223,12565
1756534232,12566
1756534255,12567
1756534285,12568
1756534288,12569
1756574730,12570
1756574739,12571
1756574744,12572
1756574754,12573
1756574765,12574
1756574770,12575
1756574772,12576
1756574775,12577
1756574814,12578
1756574819,12579
1756640904,12580
1756640920,12581
1756640934,12582
1756689879,12583
1756689880,12584
1756723489,12585
1756723490,12586
1756725641,12587
1756725646,12588
1756725647,12589
1756725648,12590
1756725650,12591
1756943264,12592
1756947753,12593
1756960874,12594
1756960878,12595
1756960879,12596
1757008569,12597
1757008675,12598
1757008696,12599
1757008700,12600
1757008729,12601
1757008813,12602
1757008943,12603
1757008944,12604
1757059695,12605
1757059696,12606
1757063161,12607
1757063176,12608
1757085027,12609
1757085039,12610
1757085042,12611
1757085043,12612
1757085056,12613
1757085063,12614
1757085064,12615
1757085071,12616
1757085075,12617
1757085077,12618
1757085079,12619
1757099712,12620
1757102489,12621
1757259537,12622
1757266250,12623
1757266252,12624
1757266257,12625
1757266258,12626
1757267165,12627
1757267171,12628
1757267175,12629
1757437969,12630
1757437979,12631
1757441657,12632
1757441662,12633
1757454971,12634
1757454993,12635
1757454995,12636
1757454996,12637
1757455000,12638
1757455007,12639
1757455012,12640
1757455014,12641
1757455016,12642
1757455019,12643
1757455022,12644
1757455024,12645
1757455027,12646
1757455036,12647
1757455130,12648
1757455131,12649
1757455143,12650
1757455144,12651
1757455162,12652
1757455235,12653
1757455334,12654
1757455448,12655
1757455628,12656
1757455645,12657
1757468379,12658
1757468380,12659
1757469961,12660
1757469962,12661
1757469965,12662
1757469968,12663
1757529945,12664
1758073212,12665
1758110502,12666
1758129384,12667
1758129385,12668
1758134162,12669
1758343416,12670
1758379135,12671
1758379137,12672
1758391884,12673
1758391885,12674
1758391886,12675
1758391887,12676
1758593974,12677
1758593975,12678
1758593976,12679
1758596991,12680
1758887261,12681
1758887262,12682
1758887263,12683
1758887307,12684
1758976308,12685
1759426312,12686
1759426314,12687
1759430921,12688
1759430922,12689
1759448313,12690
1759448319,12691
1759448321,12692
1759448571,12693
1759448640,12694
1759487228,12695
1759487248,12696
1759555698,12697
1759637048,12698
1761236055,12699
1761296702,12700
1761296713,12701
1761296721,12702
1761296738,12703
1761373196,12704
1761380552,12705
1761387223,12706
1761534932,12707
1761534954,12708
1761544137,12709
1762337673,12710
1762363010,12711
1762363012,12712
1762364037,12713
1762553060,12714
1762553062,12715
1762586726,12716
1762594774,12717
1762873846,12718
1763597034,12719
1763671908,12720
1763674449,12721
1763674452,12722
1763674454,12723
1763674854,12724
1763674856,12725
1763718515,12726
1763718516,12727
1763718522,12728
1763718524,12729
1763718526,12730
1764622534,12731
1764622536,12732
1764622537,12733
1764626394,12734
1764642737,12735
1764642901,12736
1764642902,12737
1764642904,12738
1764642905,12739
1764642909,12740
1764662330,12741
1764671364,12742
1765396891,12743
1765404674,12744
1765409089,12745
1765409110,12746
1765409111,12747
1765409112,12748
1765421262,12749
1765421575,12750
1765421576,12751
1765431552,12752
1765883862,12753
1765883864,12754
1766041878,12755
1766041880,12756
1766510797,12757
1766510802,12758
1766510806,12759
1766510826,12760
1766510829,12761
1767278331,12762
1767278333,12763
1767278334,12764
1767279228,12765
1767279229,12766
1767383510,12767
1767383511,12768
1767527741,12769
1768056160,12770
1768110791,12771
1768110792,12772
1768122863,12773
1768122864,12774
1768122946,12775
1768795785,12776
1769789387,12777
1769873514,12778
1770741111,12779
1770826529,12780
1770826534,12781
1770826538,12782
1771096937,12783
1771675113,12784
1771675203,12785
1771736871,12786
1771736879,12787
1772349413,12788
1772349425,12789
1772349426,12790
1772602119,12791
1772602781,12792
1772602789,12793
1772602795,12794
1772602931,12795
1772603300,12796
1772603302,12797
1772865826,12798
1772865839,12799
1772893927,12800
1772909314,12801
1772909343,12802
1773322303,12803
1773396237,12804
1773946160,12805
1773947351,12806
1775003207,12807
1775003279,12808
1775003305,12809
1775012910,12810
1775012913,12811
1775063041,12812
1775815755,12813
1776093899,12814
1776093905,12815
1776354582,12816
1776354584,12817
1777366792,12818
1777366797,12819
1777366800,12820
1777366803,12821
1777366827,12822
1777366830,12823
1777383161,12824
1777383165,12825
1777383167,12826
1777383176,12827
1777383177,12828
1777383179,12829
1777383190,12830
1777383191,12831
1777383192,12832
1777383194,12833
1777383195,12834
1777383196,12835
1777383197,12836
1777383198,12837
1777383200,12838
1777383201,12839
1777383202,12840
1777383203,12841
1777383204,12842
1777393760,12843
1777393761,12844
1777393763,12845
1778308113,12846
1778962451,12847
1778962453,12848
1779931678,12849
1779931681,12850
1780093770,12851
1780095814,12852
1780103213,12853
1780104564,12854
1780109105,12855
1780440520,12856
1780538183,12857
1780538185,12858
1780538243,12859
1781497661,12860
1781497673,12861
1781740742,12862
1781809492,12863
1784896759,12864
1784896760,12865
1787850902,12866
1787850914,12867
1787857309,12868
1787903742,12869
1787903745,12870
1787903747,12871
1787905922,12872
1787907432,12873
1787907433,12874
1787907434,12875
1787908234,12876
1787908235,12877
1787908660,12878
1787970532,12879
1787970534,12880
1787986138,12881
1788325449,12882
1789624346,12883
1789629409,12884
1789630650,12885
1790440668,12886
1790440725,12887
1790440727,12888
1790440735,12889
1791270153,12890
1791363231,12891
1791370551,12892
1791370585,12893
1791452281,12894
1791483179,12895
1791483192,12896
1791483217,12897
1791483219,12898
1791483226,12899
1791483242,12900
1791483277,12901
1791483356,12902
1792134538,12903
1792155289,12904
1792236803,12905
1793406808,12906
1793654386,12907
1793654396,12908
1796192266,12909
1796194826,12910
1796195483,12911
1796197065,12912
1796272772,12913
1796921792,12914
1796921794,12915
1796921796,12916
1796921797,12917
1796921799,12918
1796921800,12919
1797822341,12920
1799088209,12921
1802594621,12922
1803270471,12923
1803270491,12924
1806248342,12925
1806481416,12926
1806525928,12927
1806525943,12928
1806866384,12929
1806886360,12930
1806886368,12931
1806886370,12932
1806886374,12933
1806886375,12934
1806886384,12935
1806886393,12936
1806886406,12937
1806886452,12938
1806886460,12939
1806890144,12940
1806940932,12941
1806956729,12942
1806956732,12943
1806956734,12944
1806956736,12945
1806956737,12946
1806961339,12947
1806966155,12948
1806983728,12949
1807018176,12950
1807020854,12951
1807021016,12952
1807024603,12953
1807024604,12954
1807025187,12955
1807046425,12956
1807048999,12957
1807049003,12958
1807049005,12959
1807049010,12960
1807080902,12961
1807080903,12962
1807357162,12963
1807607360,12964
1807607362,12965
1807608201,12966
1807608202,12967
1807668942,12968
1808541821,12969
1808547542,12970
1808547543,12971
1808551008,12972
1809684953,12973
1809688174,12974
1809855004,12975
1809855059,12976
1809855126,12977
1809855265,12978
1809855325,12979
1809855366,12980
1809855700,12981
1809855702,12982
1809883224,12983
1809883225,12984
1809965041,12985
1810020362,12986
1810020366,12987
1810054267,12988
1810054275,12989
1810054286,12990
1810054287,12991
1810054294,12992
1810054298,12993
1810054301,12994
1810054307,12995
1810054312,12996
1810054316,12997
1810054320,12998
1810054321,12999
1810054340,13000
1810054341,13001
1810054345,13002
1810054346,13003
1810054349,13004
1810054350,13005
1810054352,13006
1810054353,13007
1810054357,13008
1810054359,13009
1810054360,13010
1810054361,13011
1810054362,13012
1810054364,13013
1810054366,13014
1810054368,13015
1810054369,13016
1810054371,13017
1810054373,13018
1810054374,13019
1810054375,13020
1810054376,13021
1810054377,13022
1810054378,13023
1810054379,13024
1810054380,13025
1810054382,13026
1810054383,13027
1810054385,13028
1810054388,13029
1810054391,13030
1810054395,13031
1810054396,13032
1810054398,13033
1810054399,13034
1810054400,13035
1810054401,13036
1810054402,13037
1810054404,13038
1810054407,13039
1810054408,13040
1810054409,13041
1810054410,13042
1810054411,13043
1810054412,13044
1810054413,13045
1810054414,13046
1810054415,13047
1810054416,13048
1810054417,13049
1810054418,13050
1810054419,13051
1810054420,13052
1810054421,13053
1810054422,13054
1810054423,13055
1810054424,13056
1810054426,13057
1810054427,13058
1810054428,13059
1810054429,13060
1810054430,13061
1810054431,13062
1810054433,13063
1810054437,13064
1810054438,13065
1810054440,13066
1810054441,13067
1810054442,13068
1810054443,13069
1810054444,13070
1810054453,13071
1810054455,13072
1810054458,13073
1810054460,13074
1810054462,13075
1810054465,13076
1810054467,13077
1810054469,13078
1810054476,13079
1810054477,13080
1810054478,13081
1810054481,13082
1810054483,13083
1810054485,13084
1810054487,13085
1810054491,13086
1810054493,13087
1810054496,13088
1810054498,13089
1810054500,13090
1810054503,13091
1810054505,13092
1810054507,13093
1810054510,13094
1810054512,13095
1810054513,13096
1810054514,13097
1810054520,13098
1810254452,13099
1810285696,13100
1811337909,13101
1811337911,13102
1812126906,13103
1812126907,13104
1812660940,13105
1812668641,13106
1812690376,13107
1812690992,13108
1812723624,13109
1812743209,13110
1813936630,13111
1813936633,13112
1813942955,13113
1814170582,13114
1814170585,13115
1814170587,13116
1814180598,13117
1814180599,13118
1814180601,13119
1814187491,13120
1814187493,13121
1814199661,13122
1814200560,13123
1814200561,13124
1814200563,13125
1814217837,13126
1814249359,13127
1814249363,13128
1814269574,13129
1814274470,13130
1814315265,13131
1814315266,13132
1815572400,13133
1815572406,13134
1815572416,13135
1815572918,13136
1818698250,13137
1818699893,13138
1818699894,13139
1818699896,13140
1818701236,13141
1818717259,13142
1818717261,13143
1818741288,13144
1818780328,13145
1818780330,13146
1818780332,13147
1818780333,13148
1818805563,13149
1818815456,13150
1818815457,13151
1818832802,13152
1818984455,13153
1818984457,13154
1818984458,13155
1818984459,13156
1818984461,13157
1818984462,13158
1818984463,13159
1819065126,13160
1819065127,13161
1820745542,13162
1820788749,13163
1820788940,13164
1820950245,13165
1820950248,13166
1820953377,13167
1820953617,13168
1822522188,13169
1822522189,13170
1822522190,13171
1822522191,13172
1824672031,13173
1824672044,13174
1824766761,13175
1824776079,13176
1824777337,13177
1825167406,13178
1825168113,13179
1825169023,13180
1825169026,13181
1825169029,13182
1825169032,13183
1825219710,13184
1825219711,13185
1825219712,13186
1825219715,13187
1825219717,13188
1825219718,13189
1825219719,13190
1825221205,13191
1825221206,13192
1825221207,13193
1825221210,13194
1825221211,13195
1825247885,13196
1825252103,13197
1825252104,13198
1825252106,13199
1825255387,13200
1825258848,13201
1825259754,13202
1825259756,13203
1825260207,13204
1825260208,13205
1825260544,13206
1825261738,13207
1825262403,13208
1825262405,13209
1825262506,13210
1825262507,13211
1825263208,13212
1825263209,13213
1825708534,13214
1825708539,13215
1825708543,13216
1825708545,13217
1825713718,13218
1825724913,13219
1825724919,13220
1825727266,13221
1825738994,13222
1825739823,13223
1825739824,13224
1825739825,13225
1825783178,13226
1825783179,13227
1825783180,13228
1825783184,13229
1825783186,13230
1825783188,13231
1826288002,13232
1827808796,13233
1827808797,13234
1828854815,13235
1829784841,13236
1830587714,13237
1830598594,13238
1830598600,13239
1830617377,13240
1830617384,13241
1830617387,13242
1830617389,13243
1830617391,13244
1830617393,13245
1830617395,13246
1830617397,13247
1830617413,13248
1830617415,13249
1830617440,13250
1830617466,13251
1830617470,13252
1830617474,13253
1831336569,13254
1831337996,13255
1831966104,13256
1831969008,13257
1831969010,13258
1831969012,13259
1831969015,13260
1832203047,13261
1832443160,13262
1832443165,13263
1832802958,13264
1832819535,13265
1832819537,13266
1833150615,13267
1833150667,13268
1833443879,13269
1833443880,13270
1833443908,13271
1833443920,13272
1833443980,13273
1834049574,13274
1834049575,13275
1834542792,13276
1834542818,13277
1834583316,13278
1834586200,13279
1834748982,13280
1835657553,13281
1835657599,13282
1835657703,13283
1835657765,13284
1835657799,13285
1835657854,13286
1835657881,13287
1835707161,13288
1835774400,13289
1835782111,13290
1835794662,13291
1835805131,13292
1836425586,13293
1836425593,13294
1836601518,13295
1836601520,13296
1837011253,13297
1838018591,13298
1838798045,13299
1838798047,13300
1838820539,13301
1838987648,13302
1839122876,13303
1839122877,13304
1839122879,13305
1839124290,13306
1839124292,13307
1839134689,13308
1839147042,13309
1839174776,13310
1839174779,13311
1839176470,13312
1839176472,13313
1839176473,13314
1839176475,13315
1839176477,13316
1839178937,13317
1839178938,13318
1839178939,13319
1839182475,13320
1839182477,13321
1840650122,13322
1840650123,13323
1840650124,13324
1840650801,13325
1840654135,13326
1840654925,13327
1840658760,13328
1840663356,13329
1840669852,13330
1840689084,13331
1840689793,13332
1840696551,13333
1840696554,13334
1840908315,13335
1840968102,13336
1841099720,13337
1842035786,13338
1842039398,13339
1843181599,13340
1843181600,13341
1843191476,13342
1843217237,13343
1843728351,13344
1843728354,13345
1843728422,13346
1843992838,13347
1843992895,13348
1844416217,13349
1844416229,13350
1844416231,13351
1844687204,13352
1844687205,13353
1844687206,13354
1847835600,13355
1849020833,13356
1849020959,13357
1849021012,13358
1849021158,13359
1849607343,13360
1850257590,13361
1850347027,13362
1850360251,13363
1850360253,13364
1850370403,13365
1850370405,13366
1850370408,13367
1850371210,13368
1850388028,13369
1850388029,13370
1850464566,13371
1850464576,13372
1850464596,13373
1850464597,13374
1850471865,13375
1850471870,13376
1850514631,13377
1850514633,13378
1850514635,13379
1850553767,13380
1850553769,13381
1850734613,13382
1850734615,13383
1850734616,13384
1851307764,13385
1851307842,13386
1851307890,13387
1852053389,13388
1852586193,13389
1853174444,13390
1853452681,13391
1853971502,13392
1853971525,13393
1853971538,13394
1853971541,13395
1853971787,13396
1854315029,13397
1854315030,13398
1854703985,13399
1854703988,13400
1854706331,13401
1856147909,13402
1856147913,13403
1856908956,13404
1856909025,13405
1856909027,13406
1858228452,13407
1858228453,13408
1858228454,13409
1859177763,13410
1859177764,13411
1859266024,13412
1859268096,13413
1859278460,13414
1859282595,13415
1859500177,13416
1859500179,13417
1859530217,13418
1859531686,13419
1859532578,13420
1859533675,13421
1859536672,13422
1859544237,13423
1859544726,13424
1859544728,13425
1860572349,13426
1860636205,13427
1860636207,13428
1861214976,13429
1861243674,13430
1861259065,13431
1861259072,13432
1861259073,13433
1861259074,13434
1861259075,13435
1861260520,13436
1861260526,13437
1861263122,13438
1861263542,13439
1861263544,13440
1861285847,13441
1861293899,13442
1861295901,13443
1861315727,13444
1861339140,13445
1861365302,13446
1861367018,13447
1861367276,13448
1861373002,13449
1861373875,13450
1861381323,13451
1861381326,13452
1861381330,13453
1861385060,13454
1861385068,13455
1861386034,13456
1861410101,13457
1861410104,13458
1861417521,13459
1861494292,13460
1861494294,13461
1861494295,13462
1861497874,13463
1861707848,13464
1861896927,13465
1861896941,13466
1861951238,13467
1861956917,13468
1861958579,13469
1862629098,13470
1862629100,13471
1862656696,13472
1862656697,13473
1862706777,13474
1862715605,13475
1862715607,13476
1863431636,13477
1863433551,13478
1863465093,13479
1863465095,13480
1863465123,13481
1863465156,13482
1863465181,13483
1863465183,13484
1863483897,13485
1863729729,13486
1864283607,13487
1864349789,13488
1864349790,13489
1864350618,13490
1864365603,13491
1864786746,13492
1864786748,13493
1864889705,13494
1866481556,13495
1866481558,13496
1866481560,13497
1867737001,13498
1867786543,13499
1867806292,13500
1867806303,13501
1867826275,13502
1867833268,13503
1867833271,13504
1868010025,13505
1868010028,13506
1868023392,13507
1868023393,13508
1868029735,13509
1869749342,13510
1871054706,13511
1871054707,13512
1872330524,13513
1872330527,13514
1872330528,13515
1872333745,13516
1872333749,13517
1872336994,13518
1872336996,13519
1872337016,13520
1872337019,13521
1872369137,13522
1872381158,13523
1872381159,13524
1872381160,13525
1872390516,13526
1873169571,13527
1873169573,13528
1873241113,13529
1873399205,13530
1874257240,13531
1874257244,13532
1874341355,13533
1874394485,13534
1874727221,13535
1874818421,13536
1874818427,13537
1874818429,13538
1874819771,13539
1874829292,13540
1874840611,13541
1874844375,13542
1874844376,13543
1874844379,13544
1874909746,13545
1874982841,13546
1874992007,13547
1874996017,13548
1875003582,13549
1875003588,13550
1875029392,13551
1875029393,13552
1875058071,13553
1875058073,13554
1875069246,13555
1875069250,13556
1875069254,13557
1875069256,13558
1875101777,13559
1875158165,13560
1875188127,13561
1875188133,13562
1875188138,13563
1875222346,13564
1875222350,13565
1876496724,13566
1876497692,13567
1878208504,13568
1878215466,13569
1878215471,13570
1879908647,13571
1881210065,13572
1881210067,13573
1881624833,13574
1881731778,13575
1882043023,13576
1882094593,13577
1882094594,13578
1882657369,13579
1882657370,13580
1882744111,13581
1882895451,13582
1882895455,13583
1883472145,13584
1883477751,13585
1883477752,13586
1883481615,13587
1883534910,13588
1883540780,13589
1883560483,13590
1883560487,13591
1883568057,13592
1883568059,13593
1883569402,13594
1883569404,13595
1883638070,13596
1883638073,13597
1884561254,13598
1884571915,13599
1884571920,13600
1885382051,13601
1885391810,13602
1885648040,13603
1885648043,13604
1885648056,13605
1885649792,13606
1885649793,13607
1885649794,13608
1885652238,13609
1885652240,13610
1885653017,13611
1885653018,13612
1885653019,13613
1885653020,13614
1885653021,13615
1885653022,13616
1885653024,13617
1885653026,13618
1885656510,13619
1885663865,13620
1885663868,13621
1885674112,13622
1885689205,13623
1885689211,13624
1885689213,13625
1885691184,13626
1885778030,13627
1885778035,13628
1885932249,13629
1885932251,13630
1885970525,13631
1885973741,13632
1886077727,13633
1886077730,13634
1886511110,13635
1886511115,13636
1886543069,13637
1886590238,13638
1887054529,13639
1887060012,13640
1887128846,13641
1887178657,13642
1887186721,13643
1887186724,13644
1887190412,13645
1887238647,13646
1887264402,13647
1887292670,13648
1887302970,13649
1887310711,13650
1887314675,13651
1887319782,13652
1887319790,13653
1887326519,13654
1887326523,13655
1887326527,13656
1887331484,13657
1887370162,13658
1887384880,13659
1887394933,13660
1887394944,13661
1888654929,13662
1889360165,13663
1889361459,13664
1889361750,13665
1889372230,13666
1890744356,13667
1890744357,13668
1890750606,13669
1891957778,13670
1892895443,13671
1892895449,13672
1892895825,13673
1893097510,13674
1893106403,13675
1893107078,13676
1893108089,13677
1893115150,13678
1893124256,13679
1893124876,13680
1893133900,13681
1893133906,13682
1893265234,13683
1893265239,13684
1893275353,13685
1893275361,13686
1893785669,13687
1893805607,13688
1893805609,13689
1893805612,13690
1893805622,13691
1893823600,13692
1893861617,13693
1893861625,13694
1893862357,13695
1893862367,13696
1896966432,13697
1896966436,13698
1896992093,13699
1896997419,13700
1897005932,13701
1898088876,13702
1899013264,13703
1899750336,13704
1899750338,13705
1899750339,13706
1899750340,13707
1899750342,13708
1899750344,13709
1899750345,13710
1899750347,13711
1899750348,13712
1899750349,13713
1899750350,13714
1899750351,13715
1899750352,13716
1899750353,13717
1899750354,13718
1900791244,13719
1900805374,13720
1903122190,13721
1903158501,13722
1904318268,13723
1904318282,13724
1904793498,13725
1906172121,13726
1906706911,13727
1907056660,13728
1907056719,13729
1907224147,13730
1907303583,13731
1907303593,13732
1907303604,13733
1907303615,13734
1907341685,13735
1907387649,13736
1907387657,13737
1907387659,13738
1907387811,13739
1907387819,13740
1907437524,13741
1907437595,13742
1907437600,13743
1907437645,13744
1907437646,13745
1907439003,13746
1907439004,13747
1907439005,13748
1908032985,13749
1908040380,13750
1908040381,13751
1908048390,13752
1908048535,13753
1908051158,13754
1908056014,13755
1908095625,13756
1908099989,13757
1908105779,13758
1908423984,13759
1908423986,13760
1908450989,13761
1908451845,13762
1908451847,13763
1908452745,13764
1908491250,13765
1908495971,13766
1908542281,13767
1909830067,13768
1909864218,13769
1909864228,13770
1909993532,13771
1910018126,13772
1910039832,13773
1910039834,13774
1910043213,13775
1910043215,13776
1910059282,13777
1910266983,13778
1911081045,13779
1911085580,13780
1911101134,13781
1911126638,13782
1911126641,13783
1911146616,13784
1911317198,13785
1911317199,13786
1911317200,13787
1911317205,13788
1911457130,13789
1911474539,13790
1911507648,13791
1911507673,13792
1912025948,13793
1912025981,13794
1912026008,13795
1916846013,13796
1916856372,13797
1917471536,13798
1917549504,13799
1917549516,13800
1917605910,13801
1917611045,13802
1918197380,13803
1918197501,13804
1918197696,13805
1918257363,13806
1918257366,13807
1918316586,13808
1918316593,13809
1918316600,13810
1918397909,13811
1918580734,13812
1918580742,13813
1918692089,13814
1919066557,13815
1919066568,13816
1919125377,13817
1919230168,13818
1920711832,13819
1920711836,13820
1920843207,13821
1922054998,13822
1922324024,13823
1923589625,13824
1924123421,13825
1924123426,13826
1926868085,13827
1927699045,13828
1927699046,13829
1927703592,13830
1927705823,13831
1927713543,13832
1927740980,13833
1927935265,13834
1928067799,13835
1928081320,13836
1928091228,13837
1928096403,13838
1928517485,13839
1928727700,13840
1930322130,13841
1930545419,13842
1930545423,13843
1930832035,13844
1931881389,13845
1931881397,13846
1931881414,13847
1932237722,13848
1932530345,13849
1932707829,13850
1934002118,13851
1934160330,13852
1934160331,13853
1937411725,13854
1937831627,13855
1937831629,13856
1937831630,13857
1937837946,13858
1938236813,13859
1938253479,13860
1938253482,13861
1938253484,13862
1938253488,13863
1938253490,13864
1938253492,13865
1938253503,13866
1940677190,13867
1940677192,13868
1940702179,13869
1940702181,13870
1941157125,13871
1941157286,13872
1941157325,13873
1941157332,13874
1941157340,13875
1941172881,13876
1942628899,13877
1942634326,13878
1942637888,13879
1942637889,13880
1942637892,13881
1942637893,13882
1942637897,13883
1942637899,13884
1942637914,13885
1942637915,13886
1942637923,13887
1942638738,13888
1942638743,13889
1942641335,13890
1942641336,13891
1942641337,13892
1942643979,13893
1942651066,13894
1942651070,13895
1942651071,13896
1942651072,13897
1942653489,13898
1942653873,13899
1942654873,13900
1942654874,13901
1942654877,13902
1942657699,13903
1942689028,13904
1942689031,13905
1942690358,13906
1942693609,13907
1942697573,13908
1942713666,13909
1942713668,13910
1942717966,13911
1942717972,13912
1942717974,13913
1942720067,13914
1942720069,13915
1942726290,13916
1942726292,13917
1942746558,13918
1942746560,13919
1942746563,13920
1942746564,13921
1942746565,13922
1942746566,13923
1942746569,13924
1942746574,13925
1942746575,13926
1942750649,13927
1942750651,13928
1942751619,13929
1942751620,13930
1943933575,13931
1943933592,13932
1946017834,13933
1949742461,13934
1949761143,13935
1949766677,13936
1950074114,13937
1951478191,13938
1951478192,13939
1951478193,13940
1951627768,13941
1955036311,13942
1955170623,13943
1955202241,13944
1955202242,13945
1956172696,13946
1956172698,13947
1956725958,13948
1956725979,13949
1956725986,13950
1957151160,13951
1959017790,13952
1962329914,13953
1962329916,13954
1962346750,13955
1962346755,13956
1962435942,13957
1974771451,13958
1974798957,13959
1974812767,13960
1974822657,13961
1974827609,13962
1974827611,13963
1974827613,13964
1974827614,13965
1974845603,13966
1978075231,13967
1978075234,13968
1978141944,13969
1981599125,13970
1981804662,13971
1982590583,13972
1982590585,13973
1982632806,13974
1982759584,13975
1982759586,13976
1982759589,13977
1983393723,13978
1983393784,13979
1983393873,13980
1983393890,13981
1983393953,13982
1983394110,13983
1983394145,13984
1983394239,13985
1983394262,13986
1983394280,13987
1983394389,13988
1983394427,13989
1983394453,13990
1983394549,13991
1983394594,13992
1983394630,13993
1983394727,13994
1983394752,13995
1985103511,13996
1985793259,13997
1985793260,13998
1985793261,13999
1985796938,14000
1985803461,14001
1985846731,14002
1985864915,14003
1985864917,14004
1985876377,14005
1985876378,14006
1985921614,14007
1985921615,14008
1985950524,14009
1986159986,14010
1986173807,14011
1986209166,14012
1986209169,14013
1986209171,14014
1986235295,14015
1986237235,14016
1986480613,14017
1986762293,14018
1986762297,14019
1986764712,14020
1986764714,14021
1986766892,14022
1986766893,14023
1987147646,14024
1989402785,14025
1989402786,14026
1990932253,14027
1990932255,14028
1990932256,14029
1993879935,14030
1995749872,14031
1995778980,14032
1997249754,14033
1997512754,14034
1997548871,14035
1997550603,14036
1997679808,14037
1998939933,14038
1998939934,14039
2000679592,14040
2000698623,14041
2000698625,14042
2001309126,14043
2001600368,14044
2001600370,14045
2001600372,14046
2001603738,14047
2001603740,14048
2001607601,14049
2001617203,14050
2001617212,14051
2001617214,14052
2001617217,14053
2001617220,14054
2001629643,14055
2001629645,14056
2001629646,14057
2001633056,14058
2001633293,14059
2001634949,14060
2001649832,14061
2001649833,14062
2001649837,14063
2001650024,14064
2001650025,14065
2001656452,14066
2001673583,14067
2001675370,14068
2001675372,14069
2001678897,14070
2001693144,14071
2001693145,14072
2001697872,14073
2001698976,14074
2001708884,14075
2003713057,14076
2003751502,14077
2004844603,14078
2004998034,14079
2005000445,14080
2005000449,14081
2005164613,14082
2005190169,14083
2005225836,14084
2005355985,14085
2006234003,14086
2006280943,14087
2006330266,14088
2006360798,14089
2006360799,14090
2006465758,14091
2006482095,14092
2006649634,14093
2006684161,14094
2007228629,14095
2007959386,14096
2007959387,14097
2007999666,14098
2007999668,14099
2008401732,14100
2008401737,14101
2010625379,14102
2010655360,14103
2010655361,14104
2010689776,14105
2010689778,14106
2010689791,14107
2010694872,14108
2010766289,14109
2010766291,14110
2010826495,14111
2010934955,14112
2011004223,14113
2011028203,14114
2011028204,14115
2014268282,14116
2014268297,14117
2014268322,14118
2014268327,14119
2014274642,14120
2014274654,14121
2014274655,14122
2014295974,14123
2014428999,14124
2015823787,14125
2016937202,14126
2017712546,14127
2017712547,14128
2017712551,14129
2017712552,14130
2017723305,14131
2017723307,14132
2017723309,14133
2017723311,14134
2017723313,14135
2017723315,14136
2022894441,14137
2023655450,14138
2026240546,14139
2026240582,14140
2026240587,14141
2026891941,14142
2026902237,14143
2026902252,14144
2026909371,14145
2027036046,14146
2029618105,14147
2029643046,14148
2036203275,14149
2036207977,14150
2036713195,14151
2036713202,14152
2036713205,14153
2036713206,14154
2036713208,14155
2036713209,14156
2036713210,14157
2036713211,14158
2036713212,14159
2036713213,14160
2036713215,14161
2036713216,14162
2036713217,14163
2036713218,14164
2036713219,14165
2036713220,14166
2036713225,14167
2036713228,14168
2037273659,14169
2037273689,14170
2037344353,14171
2037349125,14172
2037411947,14173
2039084761,14174
2039090087,14175
2039130597,14176
2039130599,14177
2039130600,14178
2039132821,14179
2039133061,14180
2039159921,14181
2041901687,14182
2042418670,14183
2043043205,14184
2048246042,14185
2049162917,14186
2049178436,14187
2054671648,14188
2054845333,14189
2054845334,14190
2056994553,14191
2056994570,14192
2056994592,14193
2057474470,14194
2057659748,14195
2057874803,14196
2058144610,14197
2058270720,14198
2058270776,14199
2058403447,14200
2058441658,14201
2058441660,14202
2058441666,14203
2058441668,14204
2058441670,14205
2058509640,14206
2058509643,14207
2058510830,14208
2058510843,14209
2058510850,14210
2060025645,14211
2060095580,14212
2060095588,14213
2060095591,14214
2060095597,14215
2060104002,14216
2060104019,14217
2061590910,14218
2061590916,14219
2061771531,14220
2063906242,14221
2063906243,14222
2063906244,14223
2063906246,14224
2063906247,14225
2063906251,14226
2063906252,14227
2063909667,14228
2063984709,14229
2063993628,14230
2063993629,14231
2064007987,14232
2065498985,14233
2065498989,14234
2065498992,14235
2065498998,14236
2065584312,14237
2065695320,14238
2065762243,14239
2065762247,14240
2065762249,14241
2065762250,14242
2066152986,14243
2066152991,14244
2066153031,14245
2066162864,14246
2066188288,14247
2066188293,14248
2066188295,14249
2066188297,14250
2066188299,14251
2066241113,14252
2066752344,14253
2066752391,14254
2066752401,14255
2066752403,14256
2066752411,14257
2066752425,14258
2066752442,14259
2066752454,14260
2066752479,14261
2066752517,14262
2066752521,14263
2066752526,14264
2066924367,14265
2068643909,14266
2068643910,14267
2068656771,14268
2069574530,14269
2069574533,14270
2069610470,14271
2069643416,14272
2069643419,14273
2069705715,14274
2069705717,14275
2069705718,14276
2069705721,14277
2069717330,14278
2070573818,14279
2070573821,14280
2070573825,14281
2070581765,14282
2070623326,14283
2070623330,14284
2070623331,14285
2070623335,14286
2070623340,14287
2071351854,14288
2071351855,14289
2072549509,14290
2072565702,14291
2072565706,14292
2072743693,14293
2072743696,14294
2073159888,14295
2073159890,14296
2073159892,14297
2073159898,14298
2073159900,14299
2073159901,14300
2073192636,14301
2073192641,14302
2074313940,14303
2074380218,14304
2074390714,14305
2074396394,14306
2074396396,14307
2074396398,14308
2074396400,14309
2074396402,14310
2074396403,14311
2074396404,14312
2074396405,14313
2074530002,14314
2074530004,14315
2074531103,14316
2088314640,14317
2088752360,14318
2088752374,14319
2088934687,14320
2088934689,14321
2088934692,14322
2090852607,14323
2090852622,14324
2092340701,14325
2093778399,14326
2094925634,14327
2095551246,14328
2095551249,14329
2095551263,14330
2095551270,14331
2095551274,14332
2095551303,14333
2096186959,14334
2096186975,14335
2096188199,14336
2096188204,14337
2096189246,14338
2096189248,14339
2098196537,14340
2098196541,14341
2098197408,14342
2098197409,14343
2098198696,14344
2098269443,14345
2099016286,14346
2100656710,14347
2100659475,14348
2100659477,14349
2103491787,14350
2105919998,14351
2107649192,14352
2107649197,14353
2107702155,14354
2114831508,14355
2114914283,14356
2116945930,14357
2116960588,14358
2116960593,14359
2119656419,14360
2119656421,14361
2119671142,14362
2119678021,14363
2119707660,14364
2119707665,14365
2120039582,14366
2120039584,14367
2120554689,14368
2121049837,14369
2121049838,14370
2121049839,14371
2121049840,14372
2121064158,14373
2121064944,14374
2121064945,14375
2121108113,14376
2121115441,14377
2121119119,14378
2121135484,14379
2121135527,14380
2121136249,14381
2121137027,14382
2121139600,14383
2121139601,14384
2121143103,14385
2121165231,14386
2121165237,14387
2121174185,14388
2121174189,14389
2121174191,14390
2121186183,14391
2121186187,14392
2121196076,14393
2121196102,14394
2121196107,14395
2126161482,14396
2126161483,14397
2126178379,14398
2128228041,14399
2128228043,14400
2128228044,14401
2128228049,14402
2128228055,14403
2128228061,14404
2128228062,14405
2128228064,14406
2130377575,14407
2130394837,14408
2130468030,14409
2130468031,14410
2130479936,14411
2130479942,14412
2130483407,14413
2133616647,14414
2133616670,14415
2133616673,14416
2135163355,14417
2135163368,14418
2139737525,14419
2139737558,14420
2139737559,14421
2140753940,14422
2140753942,14423
2141053289,14424
2141200778,14425
2141200784,14426
2141200790,14427
2141200794,14428
2141392187,14429
2141392220,14430
2142260004,14431
2142260083,14432
2142578382,14433
2142578386,14434
2142578389,14435
2145258641,14436
2145258647,14437
2145258648,14438
2145258652,14439
2145258656,14440
2145263182,14441
2145263208,14442
2145263209,14443
2146440262,14444
2146689223,14445
2146722421,14446
2147489986,14447
2147490333,14448
2150730957,14449
2150730958,14450
2150768396,14451
2150791737,14452
2150791738,14453
2157117304,14454
2157263946,14455
2158649266,14456
2158649328,14457
2159710757,14458
2159710758,14459
2159710763,14460
2159710764,14461
2159710766,14462
2159710768,14463
2159901100,14464
2159901101,14465
2163793874,14466
2168173206,14467
2168500328,14468
2168500333,14469
2168500339,14470
2168508167,14471
2168508168,14472
2168550078,14473
2168550082,14474
2168794277,14475
2173844455,14476
2178303124,14477
2180121340,14478
2180125446,14479
2180125450,14480
2180152167,14481
2180152168,14482
2182644918,14483
2183270346,14484
2185592667,14485
2185592670,14486
2185592672,14487
2185592691,14488
2185592694,14489
2185624257,14490
2187067964,14491
2189935161,14492
2191188941,14493
2193788907,14494
2194333312,14495
2194333314,14496
2195437256,14497
2197329097,14498
2198606598,14499
2198606602,14500
2198628025,14501
2198628027,14502
2198628032,14503
2201489404,14504
2201489413,14505
2201489415,14506
2203112364,14507
2206975596,14508
2206993291,14509
2207468419,14510
2207472816,14511
2207483674,14512
2207486132,14513
2207486133,14514
2207486134,14515
2207486135,14516
2207486136,14517
2208155795,14518
2208155802,14519
2208160647,14520
2208160649,14521
2209745449,14522
2209745459,14523
2209745466,14524
2209745487,14525
2209745488,14526
2209745505,14527
2209745508,14528
2211202725,14529
2211202727,14530
2211932987,14531
2211932989,14532
2214557105,14533
2214557108,14534
2216804211,14535
2216959377,14536
2216965403,14537
2216965405,14538
2219074504,14539
2219074517,14540
2223283824,14541
2226380205,14542
2226654767,14543
2228127381,14544
2228405986,14545
2228406040,14546
2232520433,14547
2232520437,14548
2232523712,14549
2232596888,14550
2235009408,14551
2235009413,14552
2235509440,14553
2238362032,14554
2238362033,14555
2238368485,14556
2238376795,14557
2238752289,14558
2238752305,14559
2238763332,14560
2239064731,14561
2239064741,14562
2239302946,14563
2239338458,14564
2239342040,14565
2239361574,14566
2239361575,14567
2239738204,14568
2239738214,14569
2239742526,14570
2245134016,14571
2245134025,14572
2245212670,14573
2245241840,14574
2245355247,14575
2249259135,14576
2253354333,14577
2253354334,14578
2253354343,14579
2253354345,14580
2253354358,14581
2253354360,14582
2253354371,14583
2253354441,14584
2253354455,14585
2253354468,14586
2253354476,14587
2253354506,14588
2253354517,14589
2253354586,14590
2253354588,14591
2253354602,14592
2253354604,14593
2253570935,14594
2253570937,14595
2253570938,14596
2254935536,14597
2254935541,14598
2254935547,14599
2254935562,14600
2255097723,14601
2260679289,14602
2261123820,14603
2262023602,14604
2263190502,14605
2263190503,14606
2263240493,14607
2263257461,14608
2263260711,14609
2264128032,14610
2264128033,14611
2266244946,14612
2266604976,14613
2266604995,14614
2266605004,14615
2266638041,14616
2266638045,14617
2267960802,14618
2268010674,14619
2268457275,14620
2268457294,14621
2268522495,14622
2268560143,14623
2269070555,14624
2269070559,14625
2269187418,14626
2269187432,14627
2270493779,14628
2271073393,14629
2271167560,14630
2273342874,14631
2273342876,14632
2273342946,14633
2273431876,14634
2273431877,14635
2273442466,14636
2273623665,14637
2273623666,14638
2277977779,14639
2281458378,14640
2281458387,14641
2282822082,14642
2282822086,14643
2282830590,14644
2282830593,14645
2282830601,14646
2283880800,14647
2284131148,14648
2284131158,14649
2284131186,14650
2284131301,14651
2284131332,14652
2284131342,14653
2284234340,14654
2284615210,14655
2285989217,14656
2285989220,14657
2288285318,14658
2288285319,14659
2289017325,14660
2289090235,14661
2289090236,14662
2289090237,14663
2289090238,14664
2289090239,14665
2293862769,14666
2293862771,14667
2293862772,14668
2293862773,14669
2294177138,14670
2294956115,14671
2294956117,14672
2296371504,14673
2296371510,14674
2297324213,14675
2297324217,14676
2297900788,14677
2298679929,14678
2298679934,14679
2298679943,14680
2298679951,14681
2298688753,14682
2298688754,14683
2298688755,14684
2299216601,14685
2299233738,14686
2299284158,14687
2299546900,14688
2299546902,14689
2299546904,14690
2299604374,14691
2300662109,14692
2302126267,14693
2302357554,14694
2302357559,14695
2302357561,14696
2302357562,14697
2302357563,14698
2302357564,14699
2302420493,14700
2302420498,14701
2305491554,14702
2305559303,14703
2305559320,14704
2305559332,14705
2306709286,14706
2308603918,14707
2308633062,14708
2308644081,14709
2308647528,14710
2308657570,14711
2309886964,14712
2309886975,14713
2309886986,14714
2309995937,14715
2310042389,14716
2310086223,14717
2310271259,14718
2310271261,14719
2310271262,14720
2310298298,14721
2310330591,14722
2310330593,14723
2310330595,14724
2310343287,14725
2310343289,14726
2310343290,14727
2310702766,14728
2310705087,14729
2310705089,14730
2311588204,14731
2311588293,14732
2317489112,14733
2317489113,14734
2317701922,14735
2317707649,14736
2317715525,14737
2320038756,14738
2320038757,14739
2320038777,14740
2320069110,14741
2320644187,14742
2320654621,14743
2320715108,14744
2320733731,14745
2320733738,14746
2320748326,14747
2320757435,14748
2320764768,14749
2320764769,14750
2320771821,14751
2320771822,14752
2320771823,14753
2320771824,14754
2320880203,14755
2320887427,14756
2320887432,14757
2320913786,14758
2320980653,14759
2320980665,14760
2320980747,14761
2320984832,14762
2321097764,14763
2321097765,14764
2322314819,14765
2322314827,14766
2322316871,14767
2322316877,14768
2322428819,14769
2322429153,14770
2322555736,14771
2322555738,14772
2322555740,14773
2322555744,14774
2322557930,14775
2322558470,14776
2322558858,14777
2322561119,14778
2322763781,14779
2322794680,14780
2322794764,14781
2322838484,14782
2323707016,14783
2325900649,14784
2326854946,14785
2326854948,14786
2327048220,14787
2327048227,14788
2327856651,14789
2327856653,14790
2327856654,14791
2328262161,14792
2328262490,14793
2328262502,14794
2328262590,14795
2328262654,14796
2328262674,14797
2328262752,14798
2328262807,14799
2328262821,14800
2328262959,14801
2328262978,14802
2329298899,14803
2329298900,14804
2329336964,14805
2330909606,14806
2330917597,14807
2330917604,14808
2336819047,14809
2337280391,14810
2343195995,14811
2343196003,14812
2344322995,14813
2345207728,14814
2345207731,14815
2345308128,14816
2345308202,14817
2345889591,14818
2345889595,14819
2347384205,14820
2350002894,14821
2350010893,14822
2350010898,14823
2352086407,14824
2352718188,14825
2352718189,14826
2352718190,14827
2352719305,14828
2352719306,14829
2352719307,14830
2352719308,14831
2352719310,14832
2352719313,14833
2352719314,14834
2352719315,14835
2352719316,14836
2352723811,14837
2352723812,14838
2352723813,14839
2352723816,14840
2352724725,14841
2352765541,14842
2352765544,14843
2352768006,14844
2352768007,14845
2352768008,14846
2352795711,14847
2352800589,14848
2352800964,14849
2352800983,14850
2354037539,14851
2354037541,14852
2354037546,14853
2354037552,14854
2355016310,14855
2355016313,14856
2355016314,14857
2355016317,14858
2355016318,14859
2355016319,14860
2355082841,14861
2355084764,14862
2355084782,14863
2355127015,14864
2355132842,14865
2355135229,14866
2355135231,14867
2355143577,14868
2355143579,14869
2355144506,14870
2355154734,14871
2355154735,14872
2355157420,14873
2355157423,14874
2358298915,14875
2358571368,14876
2358571386,14877
2359193896,14878
2359193900,14879
2359193903,14880
2359193906,14881
2359193907,14882
2359193909,14883
2359193917,14884
2359193920,14885
2359193921,14886
2359193923,14887
2362725433,14888
2364276289,14889
2364276296,14890
2365709800,14891
2365709835,14892
2365709916,14893
2366151182,14894
2366151191,14895
2366164558,14896
2366177569,14897
2367180361,14898
2367199638,14899
2372966024,14900
2372966027,14901
2372966030,14902
2372966032,14903
2372966034,14904
2372966038,14905
2372966040,14906
2372966042,14907
2374176519,14908
2374176533,14909
2374211865,14910
2374211867,14911
2374211868,14912
2374821362,14913
2374821376,14914
2374832783,14915
2376258865,14916
2376673760,14917
2377029285,14918
2377062591,14919
2377062595,14920
2377063944,14921
2377063983,14922
2377305091,14923
2377305094,14924
2377308242,14925
2378490712,14926
2378490715,14927
2378606509,14928
2379410915,14929
2379410917,14930
2379446583,14931
2379446584,14932
2379446587,14933
2379446589,14934
2379455833,14935
2379981927,14936
2379981929,14937
2381892411,14938
2381892412,14939
2381892416,14940
2381892425,14941
2381892430,14942
2381892434,14943
2381892443,14944
2381892448,14945
2381892453,14946
2381892455,14947
2381892456,14948
2381892457,14949
2381892460,14950
2381892461,14951
2382441190,14952
2384526985,14953
2385055117,14954
2386824420,14955
2392102995,14956
2392103179,14957
2392683739,14958
2392683740,14959
2392707841,14960
2392707842,14961
2394471553,14962
2394471556,14963
2395503275,14964
2395503276,14965
2397577645,14966
2397649896,14967
2398361338,14968
2398361350,14969
2401271478,14970
2401271482,14971
2402196563,14972
2411558283,14973
2411558284,14974
2412695095,14975
2412695106,14976
2413768352,14977
2413768355,14978
2413772307,14979
2413775004,14980
2413776519,14981
2413782481,14982
2413782484,14983
2414213664,14984
2414216965,14985
2414219680,14986
2414225277,14987
2414230066,14988
2414235960,14989
2414235963,14990
2414239282,14991
2414260475,14992
2414260485,14993
2429428881,14994
2429428882,14995
2429431313,14996
2429448575,14997
2429448581,14998
2432163887,14999
2432163889,15000
2432163894,15001
2432163896,15002
2432163899,15003
2432163903,15004
2432163910,15005
2432163914,15006
2432771308,15007
2432779185,15008
2433704809,15009
2433704821,15010
2433704833,15011
2433718375,15012
2433718376,15013
2433718377,15014
2433747523,15015
2433758373,15016
2433758377,15017
2433771146,15018
2434547060,15019
2434547072,15020
2434557113,15021
2434560257,15022
2434566736,15023
2434566738,15024
2434573228,15025
2434573235,15026
2434573421,15027
2434573423,15028
2434573952,15029
2434573954,15030
2434574990,15031
2434574994,15032
2434574995,15033
2434574996,15034
2434574999,15035
2434575001,15036
2434576309,15037
2434583846,15038
2436881170,15039
2436881172,15040
2436881174,15041
2436881177,15042
2436881182,15043
2436881185,15044
2438950556,15045
2438950568,15046
2439299792,15047
2439302986,15048
2444300427,15049
2446638481,15050
2447442143,15051
2447736340,15052
2447736494,15053
2447736498,15054
2449535663,15055
2449668099,15056
2449668102,15057
2449668104,15058
2449668110,15059
2449699807,15060
2449704670,15061
2449795601,15062
2449795603,15063
2449800962,15064
2449800964,15065
2452066899,15066
2452169477,15067
2452173619,15068
2452176722,15069
2452176726,15070
2452195929,15071
2452195930,15072
2452200513,15073
2461454803,15074
2461454808,15075
2461454810,15076
2461454812,15077
2461454818,15078
2461454822,15079
2461454825,15080
2461454828,15081
2461454832,15082
2461454844,15083
2462114116,15084
2462114117,15085
2462114118,15086
2462114119,15087
2462114131,15088
2462114134,15089
2462114145,15090
2462119678,15091
2462119681,15092
2463281852,15093
2463281896,15094
2463281900,15095
2463281957,15096
2464456927,15097
2466692569,15098
2469275647,15099
2469275664,15100
2469275700,15101
2471746848,15102
2471746850,15103
2471746859,15104
2471746865,15105
2471746867,15106
2471746870,15107
2477945258,15108
2477945273,15109
2477945274,15110
2477945275,15111
2477945290,15112
2477945336,15113
2477945367,15114
2477945378,15115
2477945424,15116
2477945426,15117
2477945428,15118
2477945495,15119
2480322364,15120
2480322386,15121
2480322409,15122
2480322420,15123
2480322432,15124
2480322436,15125
2480322440,15126
2480322442,15127
2480322444,15128
2480322446,15129
2480322472,15130
2480322507,15131
2480322567,15132
2480322750,15133
2480322831,15134
2480322838,15135
2480322845,15136
2480572168,15137
2480572187,15138
2480572189,15139
2480572210,15140
2480572213,15141
2480572221,15142
2480572537,15143
2480572663,15144
2480602739,15145
2480618927,15146
2480618948,15147
2480618980,15148
2480619060,15149
2480619087,15150
2480619267,15151
2480619271,15152
2480619284,15153
2480619297,15154
2480619400,15155
2480619444,15156
2480948198,15157
2480948200,15158
2480948203,15159
2480948205,15160
2480948208,15161
2480948217,15162
2480948219,15163
2480948232,15164
2480948236,15165
2481284258,15166
2481284260,15167
2481304174,15168
2481304176,15169
2481334856,15170
2481338683,15171
2483910425,15172
2483910434,15173
2483910445,15174
2483910450,15175
2483910452,15176
2484896528,15177
2486718139,15178
2486718143,15179
2486718145,15180
2488516411,15181
2489679276,15182
2489794342,15183
2492813769,15184
2494047253,15185
2494047329,15186
2494727938,15187
2494727939,15188
2494727940,15189
2495438579,15190
2495438581,15191
2496042901,15192
2496265895,15193
2496265898,15194
2496265912,15195
2496265921,15196
2500900722,15197
2501493175,15198
2508633379,15199
2508633386,15200
2508633921,15201
2509654039,15202
2511784110,15203
2511784112,15204
2513316130,15205
2514176619,15206
2514176621,15207
2515696044,15208
2516451994,15209
2517200987,15210
2518375001,15211
2518375002,15212
2518375006,15213
2518375009,15214
2518375010,15215
2518375011,15216
2523666665,15217
2523666674,15218
2524038965,15219
2524038966,15220
2524038967,15221
2524491542,15222
2524491545,15223
2524491546,15224
2526438018,15225
2526438019,15226
2526438020,15227
2526438021,15228
2526438025,15229
2526438027,15230
2526438029,15231
2526439480,15232
2526588447,15233
2526588449,15234
2526588455,15235
2527647426,15236
2528384950,15237
2528390291,15238
2529489533,15239
2529489535,15240
2529489539,15241
2529489546,15242
2529489550,15243
2530389423,15244
2530389426,15245
2531077566,15246
2531077567,15247
2531077568,15248
2531077569,15249
2531751675,15250
2533526781,15251
2534668384,15252
2534668385,15253
2534668386,15254
2535076499,15255
2535082690,15256
2535705094,15257
2536038213,15258
2540728310,15259
2540728311,15260
2542267906,15261
2543984038,15262
2543984043,15263
2543984048,15264
2545163259,15265
2545163260,15266
2545163262,15267
2547664205,15268
2547664208,15269
2547664210,15270
2547664214,15271
2547664216,15272
2547664217,15273
2547664218,15274
2547691572,15275
2547691575,15276
2547691577,15277
2547691578,15278
2547691579,15279
2550235707,15280
2553151199,15281
2553185709,15282
2553299509,15283
2553299511,15284
2553299515,15285
2553299517,15286
2553299519,15287
2553299521,15288
2553321758,15289
2558731981,15290
2558731983,15291
2559690048,15292
2559690050,15293
2560582838,15294
2561158553,15295
2561912910,15296
2561912917,15297
2562009331,15298
2566133437,15299
2566972009,15300
2567056782,15301
2567329877,15302
2568614486,15303
2568614489,15304
2568614491,15305
2568614492,15306
2568614495,15307
2568614499,15308
2568614502,15309
2568833778,15310
2569045883,15311
2569045884,15312
2569045886,15313
2569045888,15314
2569057464,15315
2569057468,15316
2569057476,15317
2569398821,15318
2569398822,15319
2571156533,15320
2571156534,15321
2571349749,15322
2571349752,15323
2571358646,15324
2571358648,15325
2571377260,15326
2571383033,15327
2571387785,15328
2571392598,15329
2571396072,15330
2571414404,15331
2571414405,15332
2571414406,15333
2571414407,15334
2571414408,15335
2571414410,15336
2572126522,15337
2572331233,15338
2572618780,15339
2572618782,15340
2572778451,15341
2572815896,15342
2572929844,15343
2573566877,15344
2573607016,15345
2573890637,15346
2573890641,15347
2573900712,15348
2573900714,15349
2573914987,15350
2573914988,15351
2574316336,15352
2574328740,15353
2574373755,15354
2574373756,15355
2575016408,15356
2575016410,15357
2575043203,15358
2575043207,15359
2575043208,15360
2575453849,15361
2575453850,15362
2575453851,15363
2575453852,15364
2575710940,15365
2575984346,15366
2575984347,15367
2576992220,15368
2577186200,15369
2577186202,15370
2577186218,15371
2577221409,15372
2577221411,15373
2577221412,15374
2577221413,15375
2577221414,15376
2577221415,15377
2577226928,15378
2577226929,15379
2577226933,15380
2577226935,15381
2577226937,15382
2577226939,15383
2577226941,15384
2577239145,15385
2577245222,15386
2577245223,15387
2577270452,15388
2577455857,15389
2577455859,15390
2577455860,15391
2577458878,15392
2577458880,15393
2577471418,15394
2577471419,15395
2578143035,15396
2578143036,15397
2578143037,15398
2578143039,15399
2578155652,15400
2578155654,15401
2578155656,15402
2578163257,15403
2578163261,15404
2578171033,15405
2578171038,15406
2578208462,15407
2578689818,15408
2578773209,15409
2578818213,15410
2578824764,15411
2578824765,15412
2578824770,15413
2578824771,15414
2578824772,15415
2578825761,15416
2578825768,15417
2578847527,15418
2578873339,15419
2578873344,15420
2579578510,15421
2579578511,15422
2579581076,15423
2579583393,15424
2579849246,15425
2579849256,15426
2579849590,15427
2579849662,15428
2579849663,15429
2579849694,15430
2579849703,15431
2579849706,15432
2579849752,15433
2579849762,15434
2579849765,15435
2579849774,15436
2579849809,15437
2579887449,15438
2579887454,15439
2579887455,15440
2579887459,15441
2579887463,15442
2579887471,15443
2579950937,15444
2579976805,15445
2579976809,15446
2579979406,15447
2579980400,15448
2579980401,15449
2579981443,15450
2579981462,15451
2580119519,15452
2580119526,15453
2580202483,15454
2580665373,15455
2582185254,15456
2582215528,15457
2582215529,15458
2583508294,15459
2583622017,15460
2584159466,15461
2584245594,15462
2584250565,15463
2584267037,15464
2584267042,15465
2587342344,15466
2587342345,15467
2587860279,15468
2588331305,15469
2588337087,15470
2588337088,15471
2588341345,15472
2589323048,15473
2589323052,15474
2589428519,15475
2589428521,15476
2594093088,15477
2594093090,15478
2594093092,15479
2594093097,15480
2594093110,15481
2594093122,15482
2594093270,15483
2594093285,15484
2594093310,15485
2594476313,15486
2594476317,15487
2594574405,15488
2595249495,15489
2598343639,15490
2598343641,15491
2599420497,15492
2599420499,15493
2599429727,15494
2599429729,15495
2599429739,15496
2599432325,15497
2599436452,15498
2599436554,15499
2599436555,15500
2599502918,15501
2599502921,15502
2599502934,15503
2599505444,15504
2600133998,15505
2600149034,15506
2600295421,15507
2600295439,15508
2600544043,15509
2601184414,15510
2601316090,15511
2601676385,15512
2603010422,15513
2603027179,15514
2603027183,15515
2606862282,15516
2606862285,15517
2606924065,15518
2606940964,15519
2607221125,15520
2607221127,15521
2607221128,15522
2607221130,15523
2607221135,15524
2607221137,15525
2607221139,15526
2607221140,15527
2607221997,15528
2608452657,15529
2608452662,15530
2608452664,15531
2608582545,15532
2608582546,15533
2608582548,15534
2608582549,15535
2608582551,15536
2608582552,15537
2608582553,15538
2608582555,15539
2608587405,15540
2608587406,15541
2609287371,15542
2609289408,15543
2609292635,15544
2610203224,15545
2611030984,15546
2611096983,15547
2611131911,15548
2611210164,15549
2611210165,15550
2611253101,15551
2611253110,15552
2611254925,15553
2611258935,15554
2611459344,15555
2611459345,15556
2611459349,15557
2611459355,15558
2611470212,15559
2611545421,15560
2611545422,15561
2611555642,15562
2612637894,15563
2612637906,15564
2612640092,15565
2613923420,15566
2614642361,15567
2614642380,15568
2614758173,15569
2615500755,15570
2618944869,15571
2618944870,15572
2619035686,15573
2619223326,15574
2619264812,15575
2619264814,15576
2619573053,15577
2619590851,15578
2619590852,15579
2621941784,15580
2623383846,15581
2623383857,15582
2623802314,15583
2623803223,15584
2626768458,15585
2626768489,15586
2631571620,15587
2634814268,15588
2634817029,15589
2634984096,15590
2637039620,15591
2637040359,15592
2637042795,15593
2637042798,15594
2637044015,15595
2637049759,15596
2637055830,15597
2641841920,15598
2641992299,15599
2655862552,15600
2655862562,15601
2655862565,15602
2657252020,15603
2661300472,15604
2661300497,15605
2661300506,15606
2661300545,15607
2661300564,15608
2661300602,15609
2661300642,15610
2661300684,15611
2661300806,15612
2661300813,15613
2661300887,15614
2665080853,15615
2677949959,15616
2684198002,15617
2684199893,15618
2684199899,15619
2684199900,15620
2684199902,15621
2685996991,15622
2686001804,15623
2688911387,15624
2688911393,15625
2688911431,15626
2696071013,15627
2696163693,15628
2696163702,15629
2696163721,15630
2696697652,15631
2696697653,15632
2696697654,15633
2696697655,15634
2696697657,15635
2696697658,15636
2698083034,15637
2698083036,15638
2698212128,15639
2701608065,15640
2706750763,15641
2706750765,15642
2709822439,15643
2709822443,15644
2709822512,15645
2709822516,15646
2710065011,15647
2710065014,15648
2714432486,15649
2714510245,15650
2714510246,15651
2717060668,15652
2717331111,15653
2717410755,15654
2717410756,15655
2717410757,15656
2717457083,15657
2717457085,15658
2717457087,15659
2717457089,15660
2718046190,15661
2718046191,15662
2718184533,15663
2718184537,15664
2718184539,15665
2718184545,15666
2718184549,15667
2718184558,15668
2718184564,15669
2721192166,15670
2721249215,15671
2728605427,15672
2728605447,15673
2728669478,15674
2728669833,15675
2728670099,15676
2728670289,15677
2728670333,15678
2728670339,15679
2728670364,15680
2728670378,15681
2730946416,15682
2741634256,15683
2741858221,15684
2741858228,15685
2741858243,15686
2741858259,15687
2741858263,15688
2741858267,15689
2741858271,15690
2741858337,15691
2741858379,15692
2741878386,15693
2741878389,15694
2741960145,15695
2742016786,15696
2742971683,15697
2743096447,15698
2743096455,15699
2743096457,15700
2743096459,15701
2744200321,15702
2744200329,15703
2744590970,15704
2744610499,15705
2744610500,15706
2750402158,15707
2750402161,15708
2752360115,15709
2752360118,15710
2755610063,15711
2756692709,15712
2756965885,15713
2756965888,15714
2758707174,15715
2758707188,15716
2758707189,15717
2758707216,15718
2758707217,15719
2758707219,15720
2760514521,15721
2760514529,15722
2760514538,15723
2760514540,15724
2760514545,15725
2760514547,15726
2763733119,15727
2763848228,15728
2772434776,15729
2772434777,15730
2772443355,15731
2772443356,15732
2772443357,15733
2772443358,15734
2779152074,15735
2779152077,15736
2779152078,15737
2779152081,15738
2779152084,15739
2781240557,15740
2781240559,15741
2782328049,15742
2783094625,15743
2783094650,15744
2783094654,15745
2783434227,15746
2783434315,15747
2783434334,15748
2783434340,15749
2785609776,15750
2785609830,15751
2793529879,15752
2797489302,15753
2797489305,15754
2805752759,15755
2807984842,15756
2807984861,15757
2821165968,15758
2834162156,15759
2834162158,15760
2836198128,15761
2836198129,15762
2838702266,15763
2838702268,15764
2840528063,15765
2848381190,15766
2848381192,15767
2848445370,15768
2848456284,15769
2849080804,15770
2849080808,15771
2856298995,15772
2856300406,15773
2856300413,15774
2856300417,15775
2857570907,15776
2857570909,15777
2857570910,15778
2857570911,15779
2859529314,15780
2861872556,15781
2861872584,15782
2862976440,15783
2868021703,15784
2872183072,15785
2872561058,15786
2872561064,15787
2872561066,15788
2872561068,15789
2875769628,15790
2877543643,15791
2877543645,15792
2881485576,15793
2885175336,15794
2887796747,15795
2888057034,15796
2888071732,15797
2888097907,15798
2890714515,15799
2893407057,15800
2893554108,15801
2893554109,15802
2893799359,15803
2893807013,15804
2893807014,15805
2895131121,15806
2895131122,15807
2895131124,15808
2895131125,15809
2895131126,15810
2895131128,15811
2895131129,15812
2895131130,15813
2895131133,15814
2895131134,15815
2895131136,15816
2895131137,15817
2895131140,15818
2895131142,15819
2895131146,15820
2896957239,15821
2896957244,15822
2896957266,15823
2908224563,15824
2908224594,15825
2908224595,15826
2908224599,15827
2908224600,15828
2908225604,15829
2916142870,15830
2916142873,15831
2920120285,15832
2920120288,15833
2921169134,15834
2921169144,15835
2921169150,15836
2921813302,15837
2921955093,15838
2921960507,15839
2923615658,15840
2923924035,15841
2923942777,15842
2924123463,15843
2924783955,15844
2929218902,15845
2930829061,15846
2930829062,15847
2930829063,15848
2930829064,15849
2932940809,15850
2932940823,15851
2932940825,15852
2932940828,15853
2933492219,15854
2933493765,15855
2933493766,15856
2933494966,15857
2933509282,15858
2934150168,15859
2934150171,15860
2935095020,15861
2935273856,15862
2935284913,15863
2938603533,15864
2938603534,15865
2939317460,15866
2939317462,15867
2939317465,15868
2939317471,15869
2939321135,15870
2941441389,15871
2943331706,15872
2945792615,15873
2947592067,15874
2948960778,15875
2949984119,15876
2949990662,15877
2949993277,15878
2949993278,15879
2953769033,15880
2953769034,15881
2953769039,15882
2956062659,15883
2956062660,15884
2956062661,15885
2956062662,15886
2956066795,15887
2956066797,15888
2958414909,15889
2959082715,15890
2959082723,15891
2959583884,15892
2959583885,15893
2964197591,15894
2964197592,15895
2964197598,15896
2964197600,15897
2964197610,15898
2964197616,15899
2964197618,15900
2964203636,15901
2964203637,15902
2964203641,15903
2964203642,15904
2966746011,15905
2968541442,15906
2968541443,15907
2968541444,15908
2968630732,15909
2968630834,15910
2968630842,15911
2968630852,15912
2968630855,15913
2968630857,15914
2972054269,15915
2972106492,15916
2972106494,15917
2972106495,15918
2972108594,15919
2972108596,15920
2972113897,15921
2972130245,15922
2973664825,15923
2973664828,15924
2973665165,15925
2973665184,15926
2973665185,15927
2978733680,15928
2979183547,15929
2980634253,15930
2980634256,15931
2980636553,15932
2980644408,15933
2980648736,15934
2980794320,15935
2980794321,15936
2985350822,15937
2987496902,15938
2987496905,15939
2992140239,15940
2992146683,15941
2992150153,15942
2992150156,15943
2992150157,15944
2996788498,15945
2996788499,15946
2998333696,15947
2998335357,15948
2999914528,15949
2999914529,15950
3006930090,15951
3006930091,15952
3006930092,15953
3006930093,15954
3006930094,15955
3006946650,15956
3006958735,15957
3006958736,15958
3017075180,15959
3018992015,15960
3018992016,15961
3019019999,15962
3020333964,15963
3020333966,15964
3021177047,15965
3021177064,15966
3021177080,15967
3021203652,15968
3021226118,15969
3021237181,15970
3021237183,15971
3021237184,15972
3021237186,15973
3021237193,15974
3023174276,15975
3036603432,15976
3036605135,15977
3036606451,15978
3036606452,15979
3036606457,15980
3036606458,15981
3036614093,15982
3036640215,15983
3036640216,15984
3036656602,15985
3036767818,15986
3036767819,15987
3036953801,15988
3036953803,15989
3037180305,15990
3037240466,15991
3037240467,15992
3037240474,15993
3037240475,15994
3039857254,15995
3041447931,15996
3041488804,15997
3041488805,15998
3041536277,15999
3041536278,16000
3041536279,16001
3041536280,16002
3041536281,16003
3052417162,16004
3054622079,16005
3062739192,16006
3062739204,16007
3062798729,16008
3062798933,16009
3062853169,16010
3062853173,16011
3062853180,16012
3062853193,16013
3062853201,16014
3062853227,16015
3062953497,16016
3088747166,16017
3088799397,16018
3089350229,16019
3089382544,16020
3089382545,16021
3089382546,16022
3089382548,16023
3089382549,16024
3089401032,16025
3089467564,16026
3089564071,16027
3089577317,16028
3089577318,16029
3089591309,16030
3089591312,16031
3089591313,16032
3100152002,16033
3102112757,16034
3102112761,16035
3104290330,16036
3104290331,16037
3104290332,16038
3104290333,16039
3104290334,16040
3104290335,16041
3104290336,16042
3104290337,16043
3104301219,16044
3104301221,16045
3104509058,16046
3105086130,16047
3105086132,16048
3105099753,16049
3105099772,16050
3105099773,16051
3105099775,16052
3105099776,16053
3105099778,16054
3105126081,16055
3105126085,16056
3105126086,16057
3105126088,16058
3105483113,16059
3107017975,16060
3107951545,16061
3107951548,16062
3107966231,16063
3107966234,16064
3107988414,16065
3108068710,16066
3108202503,16067
3109336087,16068
3110217385,16069
3110217386,16070
3112899081,16071
3113508517,16072
3120425090,16073
3121984290,16074
3128087588,16075
3136420190,16076
3136457283,16077
3136457285,16078
3136461100,16079
3136659159,16080
3137212822,16081
3137212824,16082
3137213832,16083
3140600200,16084
3140600207,16085
3140600208,16086
3142122339,16087
3142132220,16088
3142249167,16089
3143511190,16090
3143511191,16091
3143581847,16092
3143581852,16093
3144265186,16094
3144265187,16095
3144265189,16096
3147172305,16097
3148116248,16098
3150261774,16099
3150261775,16100
3150484081,16101
3150484089,16102
3150484092,16103
3152019542,16104
3157163352,16105
3157163356,16106
3157674067,16107
3157674068,16108
3157674069,16109
3157678714,16110
3157997385,16111
3158137735,16112
3160105628,16113
3168118261,16114
3168118263,16115
3168118267,16116
3168118268,16117
3168118270,16118
3170064009,16119
3170064010,16120
3170812418,16121
3170812421,16122
3170812427,16123
3170823999,16124
3170842948,16125
3170842949,16126
3170877310,16127
3170877311,16128
3170986206,16129
3171164969,16130
3171164973,16131
3171181571,16132
3185389164,16133
3185389167,16134
3185389168,16135
3200721001,16136
3206605959,16137
3206606261,16138
3207081041,16139
3207086696,16140
3208212958,16141
3208215164,16142
3208887896,16143
3212345438,16144
3212345441,16145
3213685391,16146
3213685397,16147
3214750327,16148
3215616565,16149
3215616567,16150
3215616568,16151
3215616569,16152
3220009518,16153
3220130668,16154
3220376678,16155
3220453662,16156
3225548149,16157
3226577080,16158
3226578224,16159
3226578225,16160
3226578248,16161
3226578250,16162
3226578915,16163
3226578921,16164
3226578923,16165
3226578925,16166
3226578927,16167
3226578988,16168
3226579001,16169
3226579010,16170
3226579016,16171
3226579017,16172
3226587651,16173
3227938999,16174
3227939667,16175
3228005867,16176
3228061962,16177
3228061976,16178
3228308732,16179
3228321687,16180
3228321696,16181
3228321699,16182
3228328182,16183
3228338695,16184
3229404010,16185
3229404012,16186
3229418810,16187
3229617258,16188
3229631272,16189
3231402080,16190
3231513964,16191
3231513971,16192
3236266759,16193
3236266869,16194
3236319363,16195
3236319366,16196
3236319367,16197
3236319369,16198
3236586470,16199
3236586471,16200
3237256230,16201
3237737247,16202
3237737249,16203
3237737255,16204
3237788507,16205
3237788508,16206
3237788509,16207
3237831965,16208
3237831967,16209
3237831992,16210
3237832528,16211
3237832529,16212
3237832532,16213
3237832537,16214
3237834783,16215
3237834784,16216
3237834785,16217
3239200146,16218
3239200148,16219
3239200150,16220
3239200151,16221
3239201763,16222
3239201765,16223
3239222924,16224
3239222925,16225
3239222926,16226
3239222929,16227
3239222930,16228
3239222931,16229
3239222936,16230
3239267774,16231
3239267776,16232
3239267779,16233
3239267780,16234
3239267784,16235
3239394295,16236
3239394296,16237
3239618816,16238
3240751480,16239
3240751481,16240
3240751489,16241
3242412940,16242
3242412941,16243
3242412942,16244
3242412944,16245
3242412947,16246
3242412948,16247
3242412950,16248
3242628962,16249
3242628966,16250
3242628969,16251
3243573080,16252
3243573081,16253
3243573082,16254
3243573083,16255
3243573084,16256
3243778765,16257
3244149687,16258
3244176822,16259
3244177319,16260
3244193543,16261
3244222864,16262
3244660555,16263
3244660556,16264
3244660557,16265
3245425186,16266
3245429409,16267
3245792212,16268
3245806418,16269
3245813358,16270
3245828198,16271
3245832262,16272
3245838706,16273
3245848686,16274
3245848687,16275
3256303866,16276
3256363287,16277
3256380740,16278
3256380741,16279
3256380742,16280
3266925165,16281
3267034654,16282
3267158670,16283
3267161363,16284
3267205395,16285
3267205396,16286
3267205398,16287
3267309672,16288
3267315167,16289
3267344901,16290
3270448507,16291
3274412307,16292
3274412313,16293
3274448097,16294
3274448098,16295
3274808132,16296
3276697071,16297
3276697073,16298
3287401902,16299
3287401905,16300
3287401913,16301
3295122308,16302
3296536932,16303
3296536953,16304
3296965864,16305
3297088640,16306
3297090861,16307
3299174949,16308
3304194106,16309
3304194109,16310
3304314987,16311
3304314991,16312
3304329873,16313
3304329874,16314
3304329876,16315
3304897166,16316
3304897708,16317
3305467774,16318
3305467775,16319
3305475103,16320
3305475104,16321
3307348020,16322
3307348022,16323
3307348023,16324
3307348024,16325
3307348026,16326
3307348032,16327
3307348043,16328
3307348047,16329
3307348052,16330
3307348060,16331
3307348377,16332
3307348383,16333
3307348386,16334
3307348387,16335
3311953751,16336
3311953754,16337
3311953755,16338
3311953757,16339
3311953758,16340
3311957409,16341
3311957411,16342
3311963956,16343
3318856213,16344
3318856216,16345
3318856219,16346
3318856222,16347
3318856223,16348
3318943761,16349
3318943766,16350
3318943782,16351
3318943783,16352
3318943784,16353
3318943785,16354
3318943786,16355
3318948970,16356
3320763442,16357
3320779433,16358
3320779434,16359
3320779435,16360
3320782105,16361
3320790950,16362
3322954222,16363
3322957257,16364
3322989436,16365
3322989437,16366
3324942770,16367
3324942771,16368
3324942772,16369
3324942775,16370
3324942781,16371
3324942782,16372
3324942783,16373
3325497166,16374
3334923998,16375
3344733512,16376
3345415462,16377
3345424894,16378
3345424908,16379
3345424909,16380
3345428435,16381
3345428436,16382
3345428437,16383
3345428439,16384
3345516899,16385
3345516901,16386
3345516904,16387
3345516913,16388
3345516916,16389
3347409209,16390
3347450062,16391
3353476925,16392
3353476926,16393
3353476927,16394
3353476929,16395
3353476930,16396
3353476947,16397
3353497710,16398
3353498834,16399
3353498835,16400
3353498836,16401
3353498837,16402
3353498838,16403
3355795703,16404
3356661914,16405
3356899182,16406
3356899183,16407
3356899184,16408
3356899185,16409
3356899186,16410
3357675436,16411
3357703727,16412
3357703732,16413
3359514545,16414
3361615541,16415
3361615543,16416
3361625840,16417
3362417188,16418
3377715143,16419
3380954156,16420
3382716956,16421
3382732505,16422
3382832035,16423
3382832041,16424
3385197191,16425
3385637607,16426
3385637612,16427
3385823025,16428
3385823030,16429
3387697681,16430
3387697682,16431
3393460718,16432
3393492634,16433
3393667590,16434
3393667902,16435
3394907067,16436
3394907068,16437
3399657534,16438
3399657535,16439
3415520781,16440
3416416179,16441
3416416180,16442
3417789781,16443
3419165934,16444
3419165938,16445
3419165942,16446
3422148814,16447
3422148825,16448
3423757620,16449
3423757625,16450
3428245514,16451
3431817180,16452
3432089762,16453
3432119020,16454
3432119021,16455
3435410450,16456
3441821228,16457
3444426179,16458
3444426185,16459
3447415304,16460
3448971800,16461
3455397057,16462
3457831244,16463
3458859462,16464
3460226900,16465
3460226902,16466
3460226904,16467
3460226905,16468
3461121257,16469
3461128031,16470
3461136096,16471
3461396755,16472
3465537447,16473
3465670888,16474
3474767407,16475
3475801245,16476
3475801248,16477
3476363423,16478
3476376333,16479
3476376335,16480
3476376336,16481
3476390394,16482
3476390395,16483
3476390399,16484
3480132405,16485
3486279044,16486
3486279045,16487
3486279049,16488
3486279050,16489
3486279054,16490
3486279055,16491
3486279058,16492
3486279059,16493
3486279060,16494
3486279062,16495
3486279063,16496
3487612743,16497
3494551686,16498
3495233824,16499
3497798031,16500
3499953026,16501
3499953027,16502
3499953030,16503
3499953031,16504
3499953032,16505
3499998393,16506
3499998394,16507
3500059665,16508
3500059666,16509
3500807875,16510
3500807880,16511
3500807882,16512
3504831462,16513
3504831463,16514
3504831464,16515
3504831470,16516
3504831474,16517
3504831484,16518
3505225292,16519
3505226103,16520
3505226105,16521
3505226107,16522
3506646637,16523
3506676354,16524
3506676355,16525
3507321486,16526
3507542017,16527
3507542018,16528
3508971693,16529
3518268478,16530
3518275965,16531
3518275966,16532
3518348707,16533
3518361047,16534
3518366534,16535
3518391378,16536
3518409327,16537
3518409501,16538
3518422509,16539
3518422510,16540
3518422872,16541
3518424706,16542
3523946479,16543
3525679643,16544
3527803198,16545
3527820988,16546
3529915070,16547
3529915082,16548
3529915086,16549
3529915088,16550
3529915092,16551
3529917596,16552
3530258694,16553
3531323207,16554
3531323212,16555
3531323213,16556
3531396798,16557
3531407112,16558
3532900187,16559
3532903615,16560
3533105763,16561
3533118184,16562
3533145758,16563
3533145760,16564
3533145786,16565
3533145787,16566
3533557684,16567
3533558543,16568
3533579577,16569
3535735229,16570
3535735292,16571
3538796149,16572
3542144026,16573
3542320641,16574
3542320649,16575
3542320652,16576
3542403558,16577
3545090002,16578
3545811332,16579
3551914002,16580
3551971605,16581
3553327784,16582
3553756703,16583
3555406981,16584
3555406984,16585
3555448423,16586
3557801885,16587
3557807527,16588
3563261998,16589
3563262003,16590
3563262007,16591
3563262019,16592
3563324409,16593
3563324410,16594
3563324415,16595
3563324422,16596
3563324426,16597
3563324432,16598
3563324440,16599
3564234997,16600
3568320295,16601
3577031518,16602
3577034837,16603
3577034842,16604
3591761235,16605
3599815583,16606
3599907324,16607
3600989742,16608
3600989744,16609
3601762611,16610
3604378830,16611
3605826322,16612
3606661812,16613
3616739726,16614
3616799917,16615
3616799918,16616
3626354020,16617
3630716248,16618
3630716255,16619
3630716262,16620
3630716278,16621
3630716279,16622
3630716282,16623
3630716283,16624
3630716285,16625
3630716286,16626
3630716290,16627
3630833898,16628
3630833905,16629
3630833906,16630
3633025909,16631
3633025910,16632
3637810832,16633
3637810835,16634
3637811034,16635
3637811035,16636
3637811062,16637
3637811064,16638
3637811065,16639
3637811066,16640
3637811172,16641
3639685288,16642
3640241226,16643
3640241227,16644
3641870099,16645
3645231381,16646
3645268395,16647
3646253028,16648
3646253029,16649
3646660591,16650
3649619193,16651
3649619194,16652
3651465845,16653
3653361587,16654
3655201286,16655
3655201301,16656
3655201322,16657
3656925583,16658
3657805081,16659
3658002763,16660
3658002764,16661
3658002765,16662
3658530531,16663
3658530532,16664
3659780495,16665
3659781131,16666
3662584770,16667
3662584771,16668
3662584773,16669
3664403876,16670
3664803450,16671
3664807525,16672
3664807527,16673
3664813444,16674
3664813445,16675
3665935158,16676
3666492543,16677
3666792518,16678
3666792519,16679
3667080627,16680
3667080630,16681
3667505672,16682
3667505674,16683
3668165795,16684
3672453071,16685
3674834463,16686
3674834465,16687
3674884883,16688
3674884885,16689
3674936626,16690
3676085811,16691
3676085812,16692
3676085814,16693
3676085815,16694
3678726544,16695
3679559144,16696
3679559145,16697
3682702873,16698
3684777817,16699
3684777818,16700
3685910369,16701
3685910370,16702
3694047846,16703
3696062393,16704
3696416869,16705
3696427830,16706
3700623430,16707
3700989776,16708
3704616934,16709
3714869004,16710
3714869005,16711
3716040069,16712
3716066124,16713
3716478853,16714
3727502807,16715
3727502808,16716
3727502810,16717
3727502811,16718
3727766329,16719
3740445396,16720
3741587790,16721
3741594716,16722
3741594717,16723
3741594720,16724
3746354129,16725
3746416251,16726
3747954341,16727
3748761844,16728
3748761866,16729
3748836335,16730
3751336762,16731
3751336773,16732
3760364739,16733
3760364742,16734
3760364744,16735
3760530568,16736
3760541700,16737
3760545561,16738
3760688279,16739
3760688281,16740
3760688282,16741
3760688283,16742
3760688284,16743
3760688285,16744
3760688286,16745
3760688287,16746
3760688290,16747
3761768603,16748
3766974470,16749
3766974477,16750
3767102361,16751
3768671797,16752
3768739136,16753
3768739138,16754
3768739140,16755
3768739154,16756
3768739162,16757
3769511283,16758
3769511287,16759
3769511288,16760
3780110776,16761
3780110777,16762
3780110779,16763
3781466032,16764
3781472273,16765
3781472274,16766
3789373398,16767
3789373399,16768
3791078083,16769
3791083476,16770
3802218850,16771
3802288793,16772
3802288794,16773
3802428177,16774
3802428243,16775
3802428244,16776
3802428246,16777
3807406203,16778
3807481990,16779
3812570099,16780
3812578032,16781
3812578035,16782
3812578038,16783
3812578041,16784
3827667167,16785
3829811207,16786
3829928040,16787
3833991779,16788
3834007131,16789
3834013506,16790
3834013507,16791
3834013509,16792
3839668158,16793
3839668159,16794
3839783093,16795
3839783094,16796
3839783096,16797
3839783097,16798
3839783099,16799
3839783101,16800
3839783104,16801
3839783108,16802
3839783112,16803
3839783115,16804
3839783117,16805
3839783119,16806
3842351073,16807
3842501019,16808
3842501024,16809
3842506689,16810
3842506690,16811
3842506693,16812
3846404416,16813
3846404419,16814
3846404424,16815
3846445650,16816
3846445654,16817
3846451560,16818
3846451561,16819
3846451562,16820
3846551734,16821
3846552078,16822
3847032368,16823
3851748775,16824
3852620195,16825
3854034151,16826
3854034156,16827
3860877548,16828
3860877555,16829
3862353129,16830
3862403693,16831
3862511699,16832
3862580883,16833
3864597261,16834
3864597262,16835
3864598522,16836
3865807913,16837
3865815839,16838
3869214912,16839
3869214916,16840
3870544239,16841
3870544246,16842
3870544272,16843
3874821352,16844
3874821356,16845
3875307492,16846
3875307497,16847
3884838205,16848
3884838439,16849
3885109071,16850
3885355217,16851
3885357416,16852
3889064892,16853
3889064895,16854
3890024166,16855
3891403029,16856
3891403031,16857
3891403033,16858
3891403034,16859
3891437201,16860
3891437203,16861
3891437204,16862
3891438219,16863
3891438221,16864
3891591962,16865
3891591963,16866
3891591964,16867
3891591968,16868
3891591971,16869
3891591972,16870
3891658475,16871
3891658477,16872
3893087759,16873
3897879697,16874
3897956958,16875
3897956960,16876
3898696926,16877
3898707387,16878
3899731892,16879
3903537508,16880
3903537509,16881
3903537512,16882
3903537515,16883
3903537525,16884
3903537535,16885
3903537541,16886
3903537547,16887
3903537552,16888
3903538959,16889
3903538963,16890
3904068073,16891
3904068077,16892
3907122310,16893
3907122312,16894
3907122314,16895
3907142908,16896
3908202954,16897
3908202956,16898
3913711604,16899
3913711609,16900
3914281074,16901
3914281075,16902
3915107904,16903
3915107912,16904
3915133661,16905
3915133672,16906
3918633255,16907
3919486350,16908
3920172003,16909
3920303003,16910
3920643913,16911
3920643922,16912
3920643929,16913
3920643930,16914
3920987314,16915
3922812625,16916
3923402582,16917
3924454028,16918
3933241159,16919
3933244934,16920
3933244935,16921
3933244941,16922
3933244942,16923
3943576524,16924
3943577781,16925
3951582275,16926
3951582279,16927
3951582290,16928
3958563492,16929
3958563493,16930
3961389927,16931
3961436532,16932
3961436534,16933
3963539108,16934
3978537057,16935
3978537058,16936
3982563964,16937
3984920099,16938
3988877362,16939
3991372614,16940
3991372619,16941
3991708295,16942
3991708297,16943
3991872376,16944
3991872377,16945
3991879059,16946
3991971538,16947
3991996251,16948
3991997104,16949
3991997105,16950
3994186283,16951
3994186295,16952
3994186300,16953
3994186304,16954
3994186312,16955
3994211046,16956
4004003093,16957
4004003094,16958
4004003096,16959
4004003097,16960
4004819973,16961
4006220959,16962
4006221474,16963
4009886047,16964
4009886051,16965
4009886052,16966
4012447439,16967
4012447441,16968
4012447444,16969
4016805620,16970
4016805624,16971
4016805627,16972
4016805628,16973
4016805629,16974
4016805632,16975
4016805635,16976
4021455471,16977
4021463490,16978
4022463235,16979
4022640071,16980
4027736764,16981
4028038321,16982
4028038332,16983
4028059347,16984
4032403100,16985
4032407034,16986
4032407035,16987
4032964528,16988
4032964542,16989
4033074471,16990
4033074473,16991
4033076264,16992
4033076268,16993
4033086217,16994
4033086218,16995
4033091715,16996
4033091718,16997
4033096262,16998
4033096269,16999
4033106489,17000
4033114728,17001
4033133153,17002
4034328967,17003
4034405133,17004
4034775431,17005
4034775432,17006
4034869549,17007
4034869550,17008
4036276692,17009
4036276693,17010
4036276705,17011
4036602946,17012
4036602947,17013
4036641199,17014
4037866879,17015
4037866883,17016
4037868908,17017
4037868910,17018
4037945178,17019
4037945179,17020
4037945183,17021
4037945187,17022
4037946290,17023
4038495186,17024
4038495188,17025
4038495756,17026
4039748079,17027
4039824993,17028
4039824995,17029
4039853816,17030
4039853817,17031
4039853838,17032
4039853839,17033
4039854304,17034
4039854307,17035
4039854308,17036
4039854309,17037
4039854314,17038
4039854315,17039
4039854316,17040
4039854319,17041
4039867288,17042
4039867489,17043
4044436090,17044
4044436110,17045
4044436114,17046
4044436119,17047
4044436128,17048
4045819972,17049
4045819975,17050
4045819976,17051
4045819977,17052
4045819980,17053
4045819981,17054
4045819984,17055
4045819986,17056
4045819987,17057
4045819988,17058
4045820189,17059
4050552900,17060
4050552918,17061
4050552919,17062
4050552924,17063
4050552927,17064
4050552940,17065
4050552941,17066
4050552944,17067
4050552945,17068
4050552948,17069
4050552950,17070
4050601101,17071
4050601102,17072
4050601104,17073
4050616505,17074
4050713493,17075
4054829290,17076
4054829294,17077
4056509060,17078
4057815973,17079
4057860765,17080
4057908485,17081
4057908486,17082
4057908488,17083
4057910989,17084
4057919734,17085
4058150020,17086
4058157212,17087
4058157213,17088
4058157214,17089
4058157215,17090
4058157216,17091
4058962997,17092
4066975295,17093
4069198942,17094
4069198946,17095
4069198963,17096
4069198965,17097
4069198966,17098
4075174143,17099
4075174144,17100
4079299034,17101
4079299036,17102
4079299037,17103
4079299043,17104
4086940876,17105
4086940879,17106
4086940881,17107
4086974375,17108
4086974381,17109
4098871774,17110
4098871779,17111
4100630106,17112
4100733273,17113
4105864576,17114
4109405274,17115
4109405275,17116
4109405285,17117
4111118170,17118
4111572393,17119
4115798509,17120
4127111797,17121
4128477789,17122
4128477790,17123
4128477791,17124
4128513071,17125
4136719707,17126
4136856309,17127
4136856310,17128
4140043991,17129
4140698413,17130
4148523263,17131
4150217422,17132
4150217423,17133
4166029189,17134
4166029190,17135
4166029192,17136
4166029193,17137
4172878974,17138
4179306498,17139
4179306503,17140
4185542705,17141
4186830372,17142
4188992122,17143
4188992126,17144
4189001312,17145
4189843811,17146
4190665184,17147
4200309106,17148
4200411770,17149
4200572634,17150
4200981033,17151
4204984762,17152
4204984918,17153
4204984998,17154
4208075978,17155
4208076500,17156
4209504491,17157
4209647744,17158
4209682848,17159
4209682851,17160
4209723871,17161
4212230872,17162
4213508931,17163
4213508934,17164
4213618290,17165
4213651961,17166
4213651963,17167
4213693383,17168
4217642232,17169
4222618237,17170
4222705081,17171
4222705082,17172
4234218091,17173
4236397162,17174
4238373587,17175
4238374189,17176
4238374190,17177
4238374191,17178
4238379389,17179
4238379395,17180
4244013710,17181
4246599693,17182
4246599705,17183
4246599731,17184
4246599732,17185
4246599738,17186
4246599751,17187
4246599755,17188
4246599758,17189
4246601705,17190
4246601708,17191
4246601714,17192
4246601732,17193
4246601753,17194
4249204148,17195
4249204151,17196
4259341594,17197
4259341603,17198
4263340267,17199
4265207725,17200
4265207740,17201
4265207759,17202
4266510133,17203
4266510143,17204
4266510150,17205
4266510153,17206
4266510154,17207
4266510155,17208
4274075705,17209
4274075709,17210
4281976489,17211
4281976491,17212
4281976542,17213
4281976544,17214
4281976546,17215
4281976727,17216
4281976747,17217
4281976751,17218
4281976755,17219
4281976757,17220
4281976758,17221
4281976769,17222
4281976773,17223
4281976776,17224
4281976782,17225
4281976792,17226
4281976827,17227
4284959574,17228
4298753758,17229
4298753768,17230
4305741919,17231
4305752232,17232
4305780939,17233
4305780940,17234
4305818346,17235
4305827262,17236
4305841192,17237
4311213719,17238
4311213725,17239
4311213734,17240
4311216179,17241
4311216182,17242
4314724016,17243
4314724017,17244
4314724018,17245
4314724021,17246
4316692413,17247
4316692414,17248
4316704911,17249
4316704912,17250
4316704913,17251
4316977939,17252
4317665126,17253
4318828207,17254
4318828212,17255
4324026086,17256
4324026087,17257
4331368043,17258
4335919512,17259
4339744869,17260
4349125795,17261
4363699374,17262
4365316779,17263
4375277040,17264
4375277041,17265
4375277042,17266
4375277044,17267
4381928003,17268
4381928005,17269
4383087192,17270
4387071896,17271
4387071898,17272
4388254468,17273
4392507362,17274
4392507365,17275
4392507371,17276
4392507374,17277
4392507380,17278
4392519569,17279
4392519571,17280
4392519574,17281
4392519575,17282
4392519577,17283
4392519579,17284
4392519583,17285
4392550612,17286
4392640091,17287
4392685738,17288
4392751223,17289
4392751226,17290
4392841959,17291
4395764560,17292
4395774838,17293
4395791257,17294
4395791258,17295
4395793378,17296
4395795571,17297
4395795574,17298
4398059323,17299
4398059329,17300
4398059333,17301
4398218667,17302
4400234993,17303
4400264169,17304
4400278230,17305
4400279432,17306
4404950439,17307
4404950442,17308
4408460085,17309
4408467207,17310
4408467208,17311
4408467210,17312
4408467212,17313
4408487765,17314
4408500304,17315
4408500306,17316
4408574929,17317
4408626508,17318
4408626510,17319
4408631678,17320
4409329704,17321
4409330026,17322
4409330027,17323
4410275603,17324
4410523873,17325
4410523886,17326
4410524190,17327
4410542072,17328
4410542074,17329
4410542079,17330
4410622526,17331
4410622527,17332
4415518384,17333
4415518385,17334
4435766562,17335
4435766694,17336
4435766710,17337
4437952578,17338
4438763530,17339
4441400790,17340
4447131092,17341
4447131093,17342
4450211531,17343
4450211546,17344
4450623116,17345
4450623117,17346
4450623120,17347
4450724484,17348
4460162042,17349
4460162044,17350
4460167362,17351
4460512896,17352
4460512897,17353
4460525009,17354
4468331839,17355
4468395217,17356
4468395218,17357
4468653238,17358
4468653239,17359
4468653246,17360
4470532034,17361
4471090975,17362
4471111271,17363
4471125662,17364
4474304200,17365
4477452190,17366
4477452191,17367
4477452192,17368
4477452193,17369
4477452195,17370
4477452198,17371
4480420282,17372
4480429790,17373
4480800599,17374
4480800601,17375
4482292795,17376
4482316113,17377
4484167142,17378
4484167143,17379
4484201437,17380
4484217892,17381
4484217894,17382
4487353494,17383
4493282084,17384
4501557105,17385
4502202814,17386
4505149916,17387
4508616979,17388
4510880397,17389
4510880399,17390
4510880400,17391
4512904373,17392
4512908712,17393
4512918287,17394
4512918288,17395
4523656112,17396
4524980140,17397
4525032119,17398
4525032120,17399
4525221102,17400
4525237649,17401
4525239062,17402
4525243949,17403
4525243954,17404
4527155696,17405
4527155697,17406
4527155698,17407
4527155699,17408
4527155722,17409
4527155725,17410
4527184454,17411
4527197988,17412
4527198190,17413
4527310853,17414
4538506526,17415
4538536921,17416
4538619417,17417
4538619420,17418
4539264094,17419
4539264095,17420
4540270901,17421
4540270902,17422
4540270907,17423
4540283834,17424
4547007770,17425
4547007771,17426
4547007772,17427
4547007773,17428
4547007774,17429
4547115836,17430
4547115838,17431
4547148679,17432
4547148680,17433
4547890929,17434
4547908488,17435
4547915241,17436
4547939778,17437
4547939779,17438
4547939780,17439
4547939781,17440
4549288800,17441
4549288828,17442
4549288836,17443
4549288837,17444
4549288863,17445
4549288870,17446
4550884964,17447
4551007160,17448
4551073553,17449
4551073555,17450
4556221803,17451
4557783926,17452
4557783927,17453
4558291781,17454
4558291783,17455
4558291784,17456
4561527637,17457
4561606194,17458
4561664469,17459
4561680542,17460
4561680552,17461
4561680554,17462
4565358893,17463
4565358894,17464
4565358895,17465
4566982450,17466
4567038903,17467
4567153143,17468
4567186937,17469
4567186939,17470
4567449106,17471
4567461120,17472
4567484853,17473
4567484854,17474
4569284023,17475
4570533941,17476
4571904209,17477
4586935111,17478
4586935121,17479
4586935124,17480
4592872977,17481
4596553898,17482
4607694940,17483
4608830413,17484
4608830414,17485
4608854090,17486
4609331031,17487
4609411770,17488
4609437882,17489
4609437883,17490
4609437886,17491
4609442870,17492
4609442872,17493
4609565788,17494
4609580187,17495
4609580188,17496
4615037783,17497
4615037785,17498
4615057950,17499
4615057951,17500
4615312656,17501
4616997829,17502
4616997830,17503
4617419534,17504
4617419537,17505
4617419541,17506
4619030206,17507
4619030207,17508
4619207331,17509
4619207332,17510
4620526561,17511
4620526562,17512
4621496655,17513
4621712002,17514
4621712007,17515
4621712009,17516
4621712011,17517
4621724332,17518
4621724333,17519
4622593924,17520
4622608646,17521
4622608647,17522
4622609033,17523
4623486200,17524
4623486228,17525
4624002134,17526
4624047066,17527
4632387816,17528
4632387817,17529
4632387820,17530
4632520108,17531
4632520109,17532
4632520110,17533
4632520111,17534
4632520112,17535
4632520114,17536
4632596610,17537
4632604655,17538
4632906661,17539
4632964326,17540
4632964328,17541
4632964335,17542
4632964336,17543
4632964337,17544
4633259409,17545
4657289412,17546
4657289414,17547
4662932231,17548
4663223763,17549
4673406524,17550
4686110494,17551
4687757174,17552
4687786212,17553
4689385620,17554
4689424440,17555
4689424441,17556
4694019794,17557
4694107973,17558
4694107975,17559
4694107976,17560
4700189712,17561
4700189713,17562
4700189714,17563
4700189716,17564
4705492624,17565
4706563257,17566
4706572248,17567
4706572252,17568
4706572253,17569
4706572254,17570
4706572255,17571
4706572257,17572
4706581589,17573
4707268166,17574
4707268167,17575
4707268169,17576
4707278964,17577
4709020765,17578
4709020768,17579
4725246968,17580
4725253930,17581
4742696984,17582
4748925404,17583
4749624201,17584
4755862866,17585
4755898652,17586
4755898659,17587
4755898660,17588
4755898662,17589
4755898663,17590
4755898664,17591
4755898666,17592
4763933860,17593
4763933861,17594
4769316352,17595
4769316353,17596
4769339058,17597
4769339071,17598
4778878132,17599
4778878162,17600
4778878180,17601
4778878213,17602
4778878246,17603
4780722306,17604
4780722308,17605
4784748880,17606
4784748881,17607
4791165946,17608
4808274349,17609
4808274358,17610
4808337905,17611
4808555290,17612
4809631422,17613
4809631423,17614
4809631424,17615
4809631425,17616
4813527557,17617
4836274238,17618
4861989040,17619
4861989041,17620
4861989042,17621
4863567161,17622
4881211886,17623
4881553353,17624
4881735048,17625
4881735049,17626
4882322481,17627
4882322483,17628
4882322484,17629
4882322485,17630
4882322487,17631
4885853864,17632
4890135930,17633
4890507091,17634
4890563106,17635
4890563108,17636
4890563109,17637
4890563110,17638
4890563114,17639
4890563115,17640
4890563116,17641
4890563119,17642
4890717286,17643
4890717287,17644
4890745495,17645
4890745500,17646
4892684959,17647
4892684960,17648
4895476633,17649
4895483490,17650
4899109091,17651
4899109092,17652
4899268196,17653
4899268198,17654
4899268213,17655
4905601533,17656
4905601543,17657
4905653167,17658
4909196410,17659
4909196414,17660
4909196417,17661
4909196948,17662
4909196989,17663
4916007203,17664
4916007207,17665
4916007208,17666
4917540830,17667
4919176148,17668
4921120970,17669
4921679200,17670
4921817869,17671
4932215326,17672
4932215335,17673
4932215406,17674
4932215408,17675
4932215417,17676
4932239844,17677
4941502830,17678
4941502831,17679
4943726370,17680
4943726378,17681
4953736040,17682
4953736045,17683
4962714026,17684
5002967892,17685
5005315965,17686
5031055164,17687
5040206539,17688
5040465952,17689
5040466008,17690
5058048709,17691
5058498677,17692
5060091782,17693
5060715325,17694
5060896303,17695
5064237408,17696
5080799826,17697
5080799829,17698
5080799831,17699
5086837418,17700
5086837420,17701
5087841012,17702
5089744196,17703
5100161215,17704
5100161216,17705
5100186133,17706
5100468657,17707
5101532601,17708
5101532602,17709
5101532615,17710
5101532652,17711
5101532653,17712
5106172585,17713
5106172586,17714
5106172592,17715
5106174292,17716
5107472393,17717
5109331992,17718
5109331997,17719
5120084945,17720
5122907087,17721
5122907088,17722
5122907089,17723
5137131250,17724
5137406868,17725
5150101593,17726
5150101599,17727
5153238172,17728
5153252260,17729
5153252261,17730
5155103164,17731
5155899263,17732
5156073485,17733
5156073486,17734
5156073493,17735
5156073495,17736
5156073497,17737
5156073499,17738
5159672936,17739
5180904547,17740
5180904550,17741
5180904551,17742
5188059314,17743
5189354539,17744
5218685539,17745
5222866975,17746
5222866976,17747
5222866977,17748
5231499103,17749
5231499104,17750
5231499107,17751
5231509361,17752
5235400007,17753
5240215890,17754
5240215891,17755
5246220897,17756
5246220898,17757
5246265821,17758
5246836079,17759
5246836081,17760
5246836084,17761
5246844342,17762
5246870532,17763
5246870534,17764
5248338158,17765
5248338159,17766
5248359216,17767
5248391353,17768
5248391354,17769
5248429537,17770
5249379160,17771
5249379161,17772
5249379162,17773
5256250266,17774
5256250269,17775
5256382595,17776
5256382598,17777
5256382599,17778
5256445146,17779
5256445147,17780
5256445150,17781
5256445151,17782
5256445158,17783
5256445163,17784
5256482319,17785
5256482921,17786
5256482922,17787
5256482924,17788
5256495262,17789
5256495264,17790
5260432818,17791
5264397898,17792
5264397899,17793
5264397905,17794
5264397906,17795
5264397907,17796
5264397909,17797
5264485162,17798
5264485169,17799
5272807613,17800
5275741002,17801
5275833145,17802
5277578893,17803
5277578897,17804
5285638807,17805
5285685836,17806
5293332637,17807
5293332641,17808
5293332642,17809
5293332643,17810
5293450282,17811
5294051534,17812
5294051536,17813
5294183131,17814
5294183134,17815
5294183138,17816
5294269816,17817
5294269817,17818
5294453944,17819
5294482511,17820
5294482512,17821
5294807453,17822
5294807456,17823
5296661597,17824
5296661605,17825
5298386605,17826
5298386606,17827
5298386607,17828
5305357966,17829
5312301300,17830
5317057882,17831
5322584059,17832
5325628945,17833
5325628954,17834
5325628955,17835
5325628963,17836
5325997148,17837
5325997153,17838
5325997157,17839
5326010446,17840
5326010448,17841
5326110010,17842
5326110012,17843
5326110013,17844
5326110018,17845
5326110019,17846
5326112621,17847
5327120424,17848
5327120426,17849
5335759166,17850
5336800900,17851
5336800901,17852
5336800903,17853
5336800905,17854
5336822227,17855
5336896257,17856
5336896260,17857
5336987258,17858
5344728905,17859
5352282331,17860
5352282338,17861
5359438724,17862
5364409575,17863
5367538933,17864
5367538934,17865
5367538939,17866
5367538940,17867
5387069583,17868
5387069584,17869
5403539574,17870
5439831957,17871
5443913029,17872
5446624624,17873
5446624626,17874
5446624627,17875
5450354641,17876
5450587976,17877
5451166944,17878
5451166948,17879
5451166955,17880
5453689981,17881
5453762371,17882
5453762373,17883
5453762375,17884
5453762376,17885
5453762378,17886
5453762379,17887
5459073944,17888
5464075684,17889
5483244423,17890
5494273722,17891
5494273724,17892
5494617018,17893
5494617325,17894
5498604759,17895
5499308508,17896
5499308510,17897
5499648287,17898
5499648288,17899
5500378636,17900
5500378638,17901
5501987074,17902
5518036543,17903
5518131380,17904
5518131389,17905
5518131390,17906
5518256788,17907
5519168670,17908
5523485310,17909
5534345893,17910
5534345894,17911
5536677161,17912
5543947460,17913
5546407407,17914
5546407409,17915
5546479041,17916
5546479042,17917
5546479044,17918
5546479045,17919
5546479047,17920
5546479054,17921
5548827956,17922
5548827957,17923
5548919034,17924
5548919036,17925
5552018543,17926
5552018544,17927
5552118689,17928
5554930604,17929
5562736983,17930
5567499551,17931
5567499554,17932
5567622883,17933
5568283680,17934
5568292195,17935
5583125136,17936
5583991521,17937
5587733988,17938
5587892146,17939
5588363588,17940
5588363589,17941
5596943580,17942
5596943581,17943
5603023195,17944
5603023200,17945
5603054848,17946
5611134941,17947
5612174075,17948
5612352923,17949
5614098137,17950
5614098138,17951
5614098141,17952
5614098142,17953
5615074571,17954
5615074582,17955
5615074589,17956
5627267129,17957
5627534170,17958
5627534171,17959
5627534172,17960
5627534173,17961
5629380843,17962
5635888558,17963
5635888561,17964
5638175636,17965
5643137300,17966
5643137301,17967
5651265627,17968
5651980380,17969
5654692924,17970
5654692927,17971
5655762012,17972
5655762014,17973
5655762017,17974
5659640132,17975
5674439774,17976
5674439775,17977
5679030730,17978
5682827625,17979
5682827626,17980
5682827627,17981
5682827629,17982
5682827631,17983
5682827633,17984
5682827634,17985
5682827635,17986
5682827637,17987
5682827641,17988
5682827643,17989
5682827644,17990
5682827645,17991
5682827646,17992
5682827647,17993
5682827648,17994
5682827649,17995
5682827650,17996
5682827651,17997
5688774258,17998
5688791276,17999
5688791278,18000
5691363420,18001
5693655245,18002
5693733880,18003
5693774346,18004
5693774347,18005
5694268594,18006
5694268595,18007
5694268598,18008
5694268599,18009
5695877251,18010
5709549878,18011
5715728828,18012
5745096269,18013
5745545956,18014
5745546554,18015
5745879584,18016
5745879587,18017
5745904422,18018
5745906870,18019
5745906871,18020
5747663260,18021
5747749678,18022
5747796430,18023
5759262561,18024
5759262563,18025
5759314484,18026
5761717269,18027
5761717280,18028
5773016283,18029
5792990724,18030
5792990726,18031
5796670465,18032
5796986862,18033
5796991381,18034
5796994785,18035
5796994787,18036
5796995317,18037
5797090610,18038
5800545371,18039
5803637456,18040
5809152700,18041
5809152701,18042
5809152704,18043
5809180823,18044
5809180829,18045
5809180838,18046
5809180840,18047
5810627934,18048
5810627935,18049
5810627936,18050
5810627937,18051
5810751871,18052
5810751874,18053
5811610658,18054
5818014695,18055
5818030609,18056
5818030612,18057
5818030615,18058
5818030616,18059
5818030618,18060
5818030623,18061
5818030626,18062
5824026734,18063
5824072616,18064
5825322441,18065
5835050632,18066
5835050649,18067
5835924629,18068
5836900569,18069
5836900570,18070
5836900582,18071
5841904460,18072
5844621677,18073
5844621678,18074
5844621679,18075
5844621682,18076
5844621891,18077
5844621892,18078
5844776174,18079
5844776175,18080
5844784365,18081
5860226465,18082
5866303007,18083
5870694055,18084
5870694056,18085
5870962003,18086
5870962025,18087
5870962031,18088
5870999288,18089
5871597766,18090
5881559809,18091
5888807466,18092
5891699984,18093
5891700385,18094
5891700935,18095
5891710852,18096
5891710856,18097
5891710857,18098
5891710858,18099
5891716186,18100
5891716187,18101
5891719807,18102
5891719809,18103
5891719812,18104
5891719813,18105
5894825463,18106
5894825466,18107
5894926015,18108
5902445988,18109
5903433062,18110
5903433063,18111
5905892223,18112
5905952886,18113
5905952887,18114
5905952888,18115
5905976515,18116
5905976522,18117
5906075961,18118
5906085899,18119
5906085900,18120
5906085901,18121
5911240547,18122
5911240550,18123
5911300211,18124
5911300266,18125
5911300267,18126
5911300272,18127
5911300273,18128
5911300277,18129
5911300278,18130
5911482209,18131
5911482225,18132
5911482231,18133
5913730276,18134
5915584080,18135
5915584081,18136
5915593637,18137
5915814160,18138
5915814161,18139
5917892773,18140
5917892776,18141
5917893791,18142
5917893834,18143
5917893840,18144
5917913177,18145
5917913180,18146
5917913184,18147
5917916485,18148
5919924351,18149
5919960094,18150
5922328901,18151
5922368297,18152
5922373482,18153
5922373786,18154
5923621402,18155
5923621403,18156
5923643841,18157
5924137317,18158
5924477708,18159
5926564115,18160
5926564120,18161
5926572904,18162
5926572906,18163
5927244732,18164
5927244734,18165
5927453350,18166
5927453351,18167
5927453357,18168
5927453358,18169
5928694703,18170
5928694705,18171
5928694707,18172
5928723435,18173
5933567250,18174
5934043119,18175
5934043149,18176
5934166869,18177
5936218737,18178
5936218738,18179
5936218739,18180
5936222802,18181
5936701296,18182
5948501606,18183
5949212097,18184
5949212098,18185
5951106581,18186
5968670556,18187
5968670557,18188
5971628483,18189
5995424518,18190
6004767931,18191
6012918407,18192
6012918409,18193
6027045508,18194
6028383380,18195
6032363061,18196
6032363062,18197
6033910207,18198
6033910208,18199
6033924910,18200
6044505192,18201
6067523923,18202
6067523947,18203
6067523962,18204
6067523983,18205
6067524420,18206
6067524425,18207
6067524431,18208
6067524437,18209
6067524449,18210
6067524459,18211
6067524461,18212
6067524463,18213
6069511583,18214
6069511686,18215
6069511688,18216
6080593774,18217
6081728654,18218
6081728655,18219
6096373040,18220
6096373041,18221
6096388450,18222
6096388460,18223
6096388461,18224
6096462501,18225
6096462502,18226
6096462503,18227
6103761984,18228
6116116843,18229
6116132371,18230
6116134945,18231
6116135300,18232
6116150204,18233
6116150205,18234
6116153905,18235
6141158228,18236
6172746472,18237
6172746480,18238
6172747189,18239
6172747190,18240
6172747213,18241
6172747214,18242
6173466578,18243
6186802943,18244
6186802946,18245
6191728046,18246
6203072934,18247
6203170554,18248
6203170560,18249
6207438687,18250
6223337589,18251
6223337847,18252
6223338093,18253
6241413889,18254
6241413891,18255
6241413892,18256
6241807538,18257
6241807539,18258
6254078498,18259
6254078500,18260
6254078505,18261
6254078506,18262
6254078507,18263
6254078510,18264
6254078512,18265
6254078513,18266
6259480018,18267
6263654555,18268
6266506168,18269
6266506170,18270
6266506173,18271
6266506175,18272
6266523686,18273
6266576587,18274
6266920254,18275
6266920255,18276
6266920256,18277
6266937141,18278
6266955162,18279
6266955163,18280
6266955164,18281
6266964051,18282
6266964052,18283
6266964053,18284
6266964054,18285
6266967301,18286
6270908845,18287
6270908847,18288
6282887353,18289
6282887358,18290
6282887363,18291
6282887369,18292
6282887371,18293
6282888040,18294
6293407782,18295
6297374246,18296
6297389253,18297
6297389254,18298
6297389259,18299
6297628535,18300
6297653010,18301
6297922216,18302
6297922217,18303
6297922222,18304
6312513503,18305
6312513504,18306
6312513505,18307
6312513508,18308
6312649539,18309
6312649540,18310
6312649542,18311
6312649543,18312
6312774602,18313
6312774603,18314
6314665898,18315
6314719454,18316
6327873081,18317
6330174151,18318
6341217681,18319
6341217683,18320
6341606667,18321
6341606668,18322
6341606669,18323
6341606670,18324
6341612138,18325
6341614941,18326
6341614947,18327
6341626038,18328
6341688388,18329
6341688389,18330
6341688399,18331
6341688403,18332
6341710092,18333
6341710093,18334
6346148206,18335
6353320101,18336
6353326384,18337
6353327788,18338
6353327789,18339
6353327792,18340
6353344283,18341
6353344288,18342
6353344589,18343
6353344590,18344
6353344591,18345
6353344592,18346
6353344593,18347
6353344594,18348
6353344595,18349
6353344596,18350
6353344597,18351
6353344598,18352
6353960645,18353
6353984222,18354
6353984223,18355
6353984224,18356
6371184267,18357
6371257296,18358
6371257300,18359
6384347199,18360
6384347201,18361
6386638922,18362
6386638923,18363
6388618594,18364
6388618595,18365
6404114200,18366
6404114209,18367
6410801191,18368
6412558054,18369
6412558055,18370
6412668556,18371
6412668563,18372
6412668564,18373
6412668574,18374
6412723822,18375
6412723823,18376
6412723824,18377
6412723830,18378
6416664445,18379
6416664455,18380
6417009464,18381
6418526799,18382
6419084374,18383
6419084380,18384
6440171034,18385
6440171036,18386
6440220264,18387
6440308347,18388
6440611850,18389
6440611855,18390
6440611867,18391
6440798898,18392
6442002257,18393
6442002260,18394
6442002263,18395
6442002265,18396
6442008485,18397
6442485817,18398
6442485826,18399
6442485827,18400
6442485831,18401
6448341324,18402
6448462584,18403
6448464286,18404
6448464287,18405
6448464289,18406
6463164146,18407
6484038917,18408
6484070141,18409
6484070142,18410
6484070152,18411
6486800267,18412
6498180363,18413
6501703515,18414
6501703516,18415
6501703517,18416
6501703518,18417
6501703521,18418
6501703522,18419
6501703523,18420
6501703524,18421
6501703525,18422
6501703528,18423
6501703529,18424
6501703548,18425
6509375039,18426
6511365887,18427
6511365891,18428
6511444191,18429
6511444192,18430
6516449137,18431
6518963928,18432
6518963931,18433
6541397912,18434
6541397916,18435
6541397920,18436
6543173128,18437
6543173129,18438
6543173131,18439
6547600150,18440
6548968481,18441
6556166853,18442
6556166855,18443
6556166857,18444
6556166859,18445
6556166864,18446
6556166865,18447
6556166866,18448
6556166868,18449
6556166870,18450
6556191205,18451
6556191208,18452
6556337039,18453
6556380864,18454
6556380866,18455
6562839302,18456
6562839303,18457
6569794528,18458
6569794549,18459
6595650570,18460
6595668390,18461
6598114424,18462
6598114425,18463
6598114427,18464
6601908647,18465
6602519486,18466
6603859153,18467
6604442443,18468
6624792053,18469
6624792054,18470
6624930302,18471
6624930306,18472
6624972869,18473
6624972871,18474
6624972873,18475
6629654135,18476
6629654140,18477
6633328943,18478
6633328945,18479
6633735697,18480
6633735702,18481
6635553700,18482
6635553708,18483
6649339625,18484
6649339626,18485
6693538155,18486
6693551037,18487
6693551039,18488
6695830275,18489
6710640760,18490
6712584835,18491
6724428851,18492
6725784582,18493
6730705468,18494
6731299214,18495
6731299216,18496
6731373425,18497
6731373426,18498
6731373434,18499
6731373435,18500
6731373436,18501
6731373437,18502
6731373439,18503
6731787930,18504
6731999224,18505
6736717914,18506
6736717917,18507
6739856462,18508
6767452182,18509
6781164554,18510
6781228241,18511
6788887029,18512
6788887030,18513
6788887031,18514
6788887032,18515
6788887034,18516
6788887052,18517
6788887060,18518
6788887061,18519
6788887080,18520
6792448550,18521
6793502337,18522
6794079294,18523
6804883438,18524
6804883439,18525
6804914393,18526
6804914394,18527
6804985345,18528
6804994178,18529
6804994179,18530
6805092619,18531
6807649024,18532
6807713514,18533
6807749257,18534
6807749261,18535
6810728220,18536
6817464601,18537
6817464607,18538
6817464610,18539
6819460957,18540
6828553726,18541
6832647488,18542
6837583242,18543
6838389013,18544
6838389025,18545
6871500474,18546
6871504572,18547
6872200189,18548
6925505640,18549
6928696061,18550
6928728829,18551
6928728830,18552
6928748409,18553
6935052867,18554
6935052880,18555
6937677049,18556
6939341821,18557
6965320614,18558
6965320615,18559
6965320617,18560
6965320625,18561
6965320627,18562
6965320628,18563
6965320629,18564
6965320630,18565
6965320638,18566
6965320639,18567
6965557679,18568
6965557682,18569
6965682583,18570
6965692690,18571
6965692691,18572
6966046093,18573
6966046102,18574
6966046105,18575
6966046107,18576
6966476247,18577
6966476250,18578
6976556406,18579
6976648552,18580
6988228118,18581
6997245132,18582
7001789045,18583
7001789077,18584
7001856049,18585
7008462613,18586
7008462625,18587
7008462627,18588
7008462628,18589
7008800137,18590
7008800162,18591
7008821291,18592
7008822277,18593
7008822278,18594
7008822279,18595
7008822284,18596
7008829185,18597
7008829186,18598
7008829187,18599
7022223568,18600
7028866014,18601
7036597583,18602
7036610085,18603
7045989192,18604
7048917892,18605
7048917893,18606
7053631750,18607
7053631753,18608
7053631756,18609
7053631757,18610
7055630477,18611
7055630479,18612
7058365163,18613
7059274546,18614
7059274547,18615
7059274549,18616
7059274551,18617
7059274552,18618
7066764080,18619
7073786272,18620
7085597309,18621
7086254557,18622
7095289410,18623
7095289413,18624
7095449076,18625
7095837448,18626
7095837459,18627
7098012730,18628
7098012736,18629
7098450978,18630
7104627239,18631
7104627242,18632
7104627243,18633
7111320036,18634
7113986190,18635
7117106087,18636
7117106088,18637
7128143038,18638
7130369387,18639
7130379144,18640
7130379146,18641
7146855298,18642
7146855301,18643
7156226782,18644
7156283688,18645
7165026038,18646
7165026039,18647
7165026049,18648
7165026051,18649
7165026052,18650
7171717080,18651
7171717082,18652
7171717084,18653
7171720185,18654
7172927061,18655
7172927062,18656
7172927063,18657
7172927068,18658
7172927070,18659
7177737475,18660
7177737476,18661
7177737479,18662
7181072391,18663
7181072396,18664
7182507740,18665
7182507743,18666
7184207695,18667
7184207697,18668
7187069479,18669
7188882363,18670
7188882365,18671
7188882366,18672
7188925337,18673
7188925341,18674
7190443502,18675
7190648801,18676
7190855326,18677
7190855327,18678
7199532405,18679
7199532410,18680
7199580140,18681
7201111126,18682
7201111127,18683
7202850020,18684
7202850021,18685
7202954075,18686
7205081600,18687
7205087531,18688
7205087532,18689
7212692622,18690
7212692628,18691
7212692629,18692
7217799023,18693
7217816929,18694
7217816933,18695
7217816935,18696
7217907545,18697
7217907552,18698
7222209981,18699
7222209982,18700
7222211074,18701
7222211078,18702
7222211079,18703
7222905500,18704
7222905503,18705
7222905504,18706
7222905505,18707
7233641122,18708
7233732606,18709
7233732616,18710
7233732626,18711
7233774200,18712
7239096688,18713
7239096694,18714
7242283758,18715
7245035118,18716
7251553231,18717
7260077753,18718
7261546080,18719
7261906124,18720
7261906125,18721
7266491494,18722
7266491496,18723
7273401355,18724
7273401356,18725
7273469412,18726
7273964039,18727
7279310827,18728
7284348553,18729
7284867372,18730
7284867381,18731
7284924788,18732
7284924795,18733
7290668205,18734
7290668212,18735
7318732314,18736
7334043244,18737
7334043247,18738
7358738255,18739
7358738257,18740
7358738258,18741
7358738262,18742
7358738263,18743
7360168501,18744
7360223651,18745
7360304922,18746
7360304924,18747
7360304926,18748
7360304927,18749
7364705843,18750
7364705844,18751
7364705845,18752
7364705853,18753
7369008280,18754
7369019362,18755
7387180853,18756
7401911794,18757
7409941392,18758
7409941394,18759
7409941398,18760
7409941399,18761
7409941401,18762
7412057832,18763
7413593209,18764
7413593211,18765
7413593240,18766
7413593241,18767
7413593242,18768
7413814303,18769
7413814304,18770
7413814305,18771
7432636764,18772
7432636769,18773
7434268022,18774
7444124121,18775
7444124124,18776
7456676467,18777
7456676468,18778
7477732104,18779
7490859811,18780
7490859812,18781
7490859815,18782
7490859816,18783
7504279861,18784
7511477422,18785
7511477423,18786
7520925642,18787
7520925646,18788
7525195555,18789
7525195556,18790
7525195557,18791
7526088856,18792
7533735875,18793
7533735877,18794
7533735879,18795
7533735880,18796
7533857715,18797
7533857723,18798
7551974708,18799
7556102693,18800
7559391752,18801
7559391753,18802
7571570870,18803
7571599242,18804
7571599245,18805
7575272657,18806
7575272658,18807
7589042256,18808
7589042257,18809
7597463850,18810
7597463852,18811
7601672741,18812
7601672742,18813
7605220277,18814
7606162547,18815
7611977760,18816
7611977761,18817
7621719280,18818
7623117857,18819
7623117872,18820
7623117874,18821
7623117877,18822
7623117878,18823
7635645189,18824
7635645190,18825
7635645191,18826
7635645192,18827
7637918994,18828
7637918995,18829
7637919000,18830
7637919002,18831
7637919003,18832
7637919004,18833
7640855943,18834
7641095528,18835
7641095529,18836
7641095530,18837
7641095532,18838
7641095534,18839
7641135929,18840
7641135930,18841
7641135932,18842
7641135933,18843
7641135934,18844
7641142879,18845
7641161101,18846
7641161102,18847
7641161103,18848
7641161104,18849
7641161107,18850
7641161108,18851
7641190704,18852
7641190705,18853
7641190706,18854
7643471201,18855
7643471202,18856
7643471203,18857
7643471205,18858
7643471207,18859
7643471209,18860
7643471211,18861
7643625947,18862
7643640064,18863
7644099302,18864
7644099303,18865
7644099305,18866
7644099306,18867
7644099307,18868
7644099308,18869
7644099321,18870
7644099333,18871
7644139890,18872
7645651597,18873
7646342238,18874
7646342239,18875
7646395480,18876
7646395482,18877
7669403437,18878
7673837160,18879
7673837163,18880
7673837167,18881
7681091103,18882
7681242501,18883
7684816637,18884
7687693233,18885
7687693234,18886
7687700722,18887
7687895849,18888
7699493265,18889
7699493267,18890
7699583624,18891
7701838701,18892
7702636288,18893
7702636290,18894
7717830849,18895
7717830850,18896
7725197483,18897
7725240627,18898
7725305835,18899
7725305840,18900
7725305841,18901
7728668842,18902
7729255168,18903
7729313736,18904
7729313742,18905
7777738554,18906
7788511462,18907
7801854143,18908
7801936620,18909
7814983887,18910
7814983889,18911
7817294283,18912
7845594234,18913
7848714255,18914
7848714259,18915
7848714260,18916
7848714261,18917
7848714264,18918
7848714265,18919
7849868484,18920
7853675560,18921
7853799417,18922
7853799421,18923
7853983749,18924
7854158563,18925
7854955721,18926
7855076450,18927
7855076451,18928
7855076453,18929
7855076454,18930
7859332342,18931
7869889890,18932
7869889894,18933
7869889906,18934
7869889907,18935
7879983981,18936
7879983983,18937
7879983984,18938
7880026785,18939
7882829945,18940
7882829960,18941
7887020891,18942
7887933830,18943
7887933837,18944
7899798703,18945
7912134939,18946
7912134942,18947
7937440872,18948
7941527406,18949
7941527407,18950
7941527408,18951
7944323591,18952
7944367516,18953
7944367521,18954
7944367522,18955
7944837239,18956
7945536926,18957
7945648141,18958
7945648144,18959
7950893296,18960
7952070090,18961
7973156535,18962
7973167880,18963
7973167881,18964
7973280908,18965
7973280913,18966
7973280914,18967
7975563962,18968
7975563963,18969
7975563964,18970
7975563965,18971
7975563966,18972
7978798959,18973
7978905412,18974
7978905413,18975
8017402117,18976
8017405973,18977
8017405974,18978
8017405975,18979
8024776354,18980
8062096460,18981
8065690373,18982
8074118970,18983
8082847134,18984
8082847135,18985
8103939308,18986
8104484578,18987
8118862679,18988
8118862682,18989
8119389549,18990
8119522565,18991
8119529400,18992
8119691474,18993
8119691479,18994
8119691483,18995
8119691484,18996
8119691485,18997
8119691486,18998
8119691487,18999
8119691488,19000
8119691489,19001
8119691490,19002
8119691491,19003
8119691492,19004
8119691493,19005
8119723601,19006
8119723602,19007
8119723603,19008
8119723604,19009
8119752385,19010
8149700522,19011
8149700524,19012
8149700527,19013
8151982546,19014
8151982553,19015
8158205862,19016
8158205876,19017
8158205877,19018
8163121110,19019
8168259706,19020
8173504886,19021
8173543632,19022
8173543635,19023
8173543637,19024
8173613974,19025
8174400801,19026
8186383464,19027
8187589323,19028
8187589356,19029
8190655315,19030
8190673817,19031
8191118763,19032
8191118765,19033
8194104340,19034
8198679693,19035
8198679694,19036
8200257142,19037
8200257144,19038
8200257147,19039
8200257149,19040
8228180729,19041
8228380835,19042
8228380838,19043
8228380839,19044
8235027001,19045
8235027002,19046
8235178056,19047
8235178057,19048
8235178058,19049
8255634655,19050
8255634657,19051
8255634665,19052
8255634673,19053
8255634679,19054
8261607896,19055
8261707547,19056
8261707557,19057
8261707558,19058
8261707559,19059
8261707560,19060
8261707561,19061
8261707562,19062
8261707563,19063
8266024936,19064
8266024950,19065
8266024951,19066
8266615310,19067
8266739184,19068
8270652921,19069
8277159739,19070
8277159745,19071
8277786333,19072
8277786334,19073
8283737640,19074
8283737641,19075
8284018025,19076
8284018029,19077
8284018030,19078
8284018031,19079
8284018039,19080
8284018043,19081
8296555632,19082
8300200814,19083
8303614010,19084
8303614011,19085
8303645027,19086
8303645030,19087
8303645033,19088
8309663611,19089
8310313279,19090
8310313280,19091
8310313281,19092
8310313282,19093
8310313283,19094
8310313284,19095
8310347804,19096
8310935776,19097
8310935781,19098
8316386747,19099
8320625367,19100
8320625370,19101
8320625371,19102
8320625372,19103
8320625376,19104
8320625378,19105
8320625379,19106
8320625380,19107
8320759822,19108
8320759823,19109
8320922433,19110
8320922435,19111
8320922439,19112
8321296181,19113
8321296184,19114
8321395524,19115
8321395526,19116
8321395527,19117
8322998718,19118
8323109969,19119
8333202711,19120
8341658602,19121
8341692074,19122
8341714810,19123
8343818392,19124
8344466153,19125
8344466155,19126
8344684065,19127
8344736421,19128
8344736424,19129
8344736425,19130
8344736426,19131
8347716845,19132
8347716850,19133
8347748424,19134
8347748430,19135
8347753984,19136
8348186457,19137
8348186459,19138
8348193693,19139
8348202536,19140
8348202537,19141
8348310657,19142
8348310658,19143
8348310660,19144
8348747068,19145
8349173346,19146
8349173347,19147
8354324368,19148
8354690609,19149
8354690611,19150
8359565380,19151
8359780461,19152
8359780465,19153
8359780468,19154
8366452886,19155
8366452890,19156
8367101412,19157
8374443686,19158
8374443689,19159
8374443705,19160
8374443707,19161
8374689301,19162
8375325359,19163
8380890947,19164
8380890948,19165
8381082749,19166
8382160937,19167
8382160941,19168
8389891618,19169
8391907501,19170
8391907502,19171
8391907506,19172
8391907511,19173
8392164150,19174
8392164153,19175
8406845993,19176
8406845994,19177
8406845995,19178
8406845996,19179
8409478442,19180
8417354398,19181
8417354400,19182
8417354402,19183
8417354403,19184
8417354404,19185
8417379262,19186
8417379263,19187
8417425559,19188
8423648125,19189
8423648127,19190
8427033489,19191
8427033503,19192
8427033504,19193
8427033505,19194
8427033507,19195
8435618156,19196
8435618157,19197
8435618158,19198
8439282306,19199
8439282307,19200
8439319925,19201
8454232003,19202
8464063295,19203
8464063303,19204
8464063305,19205
8464063307,19206
8464063309,19207
8464063310,19208
8464119361,19209
8464119363,19210
8464657005,19211
8464657006,19212
8483112476,19213
8483112482,19214
8483112484,19215
8483112485,19216
8483113518,19217
8483113519,19218
8483113521,19219
8483113522,19220
8483113534,19221
8483113547,19222
8483113548,19223
8491337306,19224
8491337307,19225
8491337308,19226
8494138799,19227
8494218959,19228
8505642479,19229
8505642484,19230
8513163937,19231
8521652579,19232
8521652613,19233
8521652615,19234
8521652616,19235
8521681717,19236
8529219768,19237
8532597616,19238
8532624418,19239
8532624419,19240
8537882489,19241
8537953696,19242
8545085890,19243
8560206951,19244
8560206955,19245
8560206959,19246
8564157118,19247
8564157119,19248
8564622238,19249
8565628334,19250
8565628335,19251
8565628337,19252
8565628338,19253
8592179610,19254
8592179612,19255
8617460394,19256
8617460395,19257
8631845036,19258
8645680265,19259
8645685340,19260
8645775425,19261
8645775427,19262
8645891221,19263
8645891226,19264
8645891227,19265
8645891228,19266
8646147843,19267
8646147844,19268
8646219343,19269
8646284350,19270
8646637560,19271
8646763854,19272
8646763855,19273
8647155986,19274
8665202555,19275
8665202556,19276
8666766275,19277
8666766291,19278
8666766292,19279
8666766303,19280
8666766305,19281
8666766307,19282
8666907655,19283
8666907656,19284
8666907658,19285
8667048958,19286
8667048959,19287
8670664408,19288
8670664409,19289
8670664412,19290
8670669717,19291
8670669725,19292
8670704491,19293
8670704492,19294
8684521806,19295
8684521808,19296
8684521809,19297
8684521810,19298
8684521815,19299
8684521816,19300
8684692031,19301
8684692032,19302
8684692034,19303
8684692035,19304
8684699672,19305
8691789709,19306
8691789711,19307
8707654900,19308
8738884580,19309
8739028151,19310
8739028152,19311
8743440092,19312
8743440093,19313
8743440098,19314
8743440099,19315
8749027016,19316
8757555389,19317
8767016672,19318
8775548180,19319
8794489657,19320
8811721434,19321
8812013119,19322
8812013120,19323
8812013121,19324
8812013123,19325
8812013126,19326
8821187420,19327
8821187421,19328
8826150076,19329
8829438580,19330
8829438581,19331
8833484720,19332
8833484721,19333
8833484722,19334
8833484723,19335
8833484724,19336
8833484726,19337
8837945615,19338
8839348375,19339
8839348377,19340
8839967793,19341
8839967794,19342
8840934618,19343
8843940949,19344
8856157754,19345
8861707960,19346
8861769356,19347
8862063288,19348
8863029435,19349
8863029436,19350
8863029437,19351
8864679119,19352
8864724588,19353
8864724589,19354
8864793041,19355
8864793042,19356
8864793043,19357
8865151922,19358
8865151955,19359
8865151957,19360
8865151962,19361
8865151963,19362
8865151964,19363
8865151965,19364
8868397183,19365
8870766200,19366
8870766201,19367
8870766203,19368
8870766207,19369
8870967094,19370
8870967100,19371
8870973517,19372
8870973519,19373
8870973520,19374
8871086304,19375
8871086305,19376
8872779616,19377
8872811519,19378
8872811526,19379
8872908914,19380
8872908915,19381
8873504654,19382
8880219537,19383
8880219538,19384
8887084479,19385
8887084480,19386
8887084481,19387
8888992608,19388
8902326539,19389
8902326542,19390
8930550269,19391
8933501652,19392
8935326700,19393
8935326708,19394
8935810076,19395
8938428146,19396
8938497807,19397
8938497811,19398
8938497812,19399
8938497813,19400
8938505519,19401
8944270272,19402
8944270274,19403
8950935593,19404
8951904052,19405
8953372957,19406
8953468978,19407
8954204720,19408
8954204722,19409
8954204728,19410
8954204729,19411
8954746141,19412
8954746148,19413
8955822578,19414
8956642940,19415
8956642942,19416
8958444238,19417
8960809938,19418
8960809939,19419
8962085318,19420
8962085319,19421
8963826923,19422
8974013444,19423
8974013445,19424
8974243929,19425
8979441796,19426
8984345009,19427
8986012159,19428
9003382520,19429
9003382521,19430
9003382524,19431
9003382526,19432
9008009560,19433
9009737196,19434
9009767017,19435
9009767063,19436
9009767064,19437
9009767065,19438
9009767066,19439
9009767071,19440
9009767073,19441
9009767074,19442
9009767075,19443
9009767076,19444
9009767078,19445
9010072641,19446
9010072642,19447
9013330392,19448
9013365553,19449
9013365562,19450
9013365563,19451
9013365564,19452
9013365567,19453
9013365569,19454
9013365572,19455
9013365575,19456
9013748241,19457
9013748242,19458
9013748245,19459
9013748247,19460
9013748249,19461
9013748251,19462
9013748253,19463
9013748255,19464
9013748256,19465
9013748257,19466
9013748259,19467
9013748261,19468
9013748263,19469
9013748265,19470
9013748267,19471
9013748269,19472
9031564980,19473
9031564981,19474
9062089595,19475
9063205331,19476
9063205339,19477
9063205347,19478
9063205351,19479
9063205357,19480
9063205372,19481
9063883864,19482
9063883866,19483
9063883871,19484
9106933601,19485
9119768210,19486
9120118309,19487
9120118310,19488
9120899499,19489
9120899500,19490
9120962062,19491
9120962065,19492
9121060151,19493
9121060162,19494
9121060172,19495
9121108688,19496
9121194017,19497
9121212754,19498
9123974872,19499
9123974874,19500
9123974877,19501
9123974879,19502
9124068009,19503
9124070448,19504
9124073562,19505
9124073565,19506
9124366448,19507
9124499484,19508
9142534615,19509
9142633964,19510
9142633965,19511
9142633979,19512
9142633980,19513
9143240697,19514
9168680389,19515
9168680390,19516
9168685022,19517
9188038386,19518
9188038390,19519
9196080615,19520
9205050031,19521
9214627806,19522
9214627807,19523
9223009649,19524
9223009652,19525
9223009653,19526
9224947987,19527
9224947988,19528
9229593022,19529
9229593024,19530
9248062754,19531
9248107585,19532
9248931030,19533
9269358490,19534
9271425447,19535
9271946974,19536
9271946977,19537
9278272164,19538
9278272165,19539
9278272181,19540
9278272183,19541
9278272187,19542
9278677737,19543
9283783147,19544
9285956132,19545
9288976708,19546
9288976709,19547
9289091920,19548
9289091941,19549
9289091965,19550
9307982658,19551
9311424565,19552
9311424566,19553
9312735155,19554
9312814340,19555
9312814341,19556
9312814344,19557
9312824103,19558
9312846193,19559
9313163372,19560
9317062364,19561
9317918604,19562
9317918605,19563
9318004647,19564
9318084552,19565
9318084555,19566
9318632243,19567
9318632244,19568
9330951178,19569
9330951180,19570
9344168480,19571
9344705473,19572
9346053175,19573
9350769536,19574
9353415077,19575
9353778557,19576
9354078760,19577
9354108699,19578
9354108700,19579
9357789286,19580
9357789287,19581
9358055265,19582
9358083092,19583
9358112149,19584
9362792339,19585
9362792419,19586
9362792494,19587
9362792525,19588
9362792598,19589
9364441230,19590
9364441254,19591
9364482705,19592
9364482707,19593
9364564246,19594
9365780234,19595
9365800804,19596
9365800807,19597
9365800811,19598
9365822125,19599
9366040602,19600
9366077452,19601
9366077455,19602
9366077457,19603
9366077463,19604
9366179387,19605
9369658096,19606
9369658097,19607
9369658101,19608
9396717879,19609
9396823152,19610
9396964552,19611
9396964553,19612
9398010530,19613
9398059672,19614
9398059674,19615
9398079410,19616
9398079411,19617
9399089713,19618
9399165461,19619
9399165462,19620
9399165464,19621
9399182105,19622
9399182107,19623
9402359427,19624
9402359434,19625
9402359439,19626
9402359464,19627
9402359484,19628
9408579583,19629
9408673986,19630
9408673989,19631
9408673993,19632
9408673994,19633
9411367089,19634
9411434483,19635
9413826593,19636
9413826594,19637
9413826595,19638
9416668991,19639
9420270106,19640
9420270111,19641
9421494435,19642
9421494535,19643
9421507754,19644
9421507759,19645
9425358465,19646
9433429765,19647
9433429767,19648
9433429769,19649
9434529429,19650
9445315646,19651
9448629822,19652
9451837748,19653
9451879896,19654
9460234057,19655
9460234058,19656
9460234060,19657
9460264387,19658
9460264405,19659
9460451502,19660
9460603310,19661
9460603313,19662
9460692271,19663
9460692333,19664
9460788416,19665
9461284304,19666
9461284307,19667
9461284310,19668
9461670628,19669
9463691054,19670
9469222461,19671
9469229470,19672
9477070556,19673
9477070564,19674
9477070566,19675
9477219449,19676
9481240942,19677
9483016429,19678
9483016430,19679
9483016431,19680
9487922196,19681
9492841319,19682
9492841322,19683
9492956994,19684
9497472240,19685
9501544262,19686
9501553858,19687
9501704179,19688
9501704180,19689
9501704182,19690
9503013470,19691
9503116346,19692
9503116347,19693
9503292770,19694
9511325192,19695
9518834564,19696
9518834566,19697
9518834575,19698
9518834576,19699
9518834581,19700
9518858651,19701
9518858652,19702
9521713161,19703
9527306409,19704
9529259580,19705
9530862335,19706
9533356092,19707
9536979190,19708
9537793244,19709
9537793247,19710
9537793248,19711
9537793249,19712
9537793250,19713
9545572512,19714
9545821898,19715
9545821903,19716
9545821906,19717
9545821907,19718
9545825811,19719
9546092937,19720
9546093096,19721
9546093098,19722
9548203296,19723
9556423321,19724
9557385471,19725
9563651087,19726
9566500137,19727
9566500139,19728
9566500141,19729
9567101346,19730
9567101347,19731
9567647920,19732
9569806160,19733
9572789674,19734
9576461919,19735
9576548514,19736
9596939088,19737
9598490094,19738
9604018371,19739
9627156766,19740
9644362497,19741
9644372432,19742
9693617107,19743
9741302776,19744
9741302787,19745
9741302796,19746
9741334865,19747
9769092816,19748
9769099317,19749
9769099319,19750
9769136375,19751
9774415897,19752
9774415900,19753
9774415901,19754
9774415904,19755
9774415906,19756
9775646155,19757
9780828208,19758
9782100075,19759
9796128209,19760
9811796617,19761
9811796626,19762
9811796627,19763
9815589150,19764
9824965952,19765
9830951739,19766
9846383192,19767
9846383193,19768
9861788546,19769
9862694879,19770
9863029422,19771
9879532216,19772
9879585868,19773
9880290822,19774
9880290823,19775
9897812993,19776
9900145576,19777
9915187885,19778
9915187886,19779
9915204414,19780
9915204415,19781
9915204416,19782
9915209318,19783
9915240946,19784
9921466186,19785
9923329405,19786
9923329406,19787
9923361223,19788
9923361224,19789
9931023762,19790
9933937912,19791
9933937913,19792
9953219754,19793
9972902214,19794
9981379098,19795
10016664704,19796
10039127595,19797
10039127596,19798
10059483880,19799
10059483893,19800
10062245202,19801
10062261171,19802
10064326060,19803
10068574421,19804
10069082773,19805
10069082774,19806
10102036471,19807
10107266782,19808
10107266783,19809
10128639304,19810
10128639306,19811
10128639307,19812
10144746834,19813
10175578345,19814
10175578356,19815
10175578362,19816
10175578365,19817
10175588777,19818
10175634198,19819
10175634202,19820
10175775713,19821
10175987845,19822
10177359313,19823
10197988719,19824
10197988723,19825
10202023207,19826
10202327847,19827
10216008199,19828
10223026012,19829
10223026013,19830
10252737301,19831
10252737303,19832
10252783614,19833
10252894978,19834
10252894981,19835
10252923577,19836
10252923579,19837
10252947558,19838
10253120622,19839
10253120625,19840
10253120626,19841
10253132565,19842
10253132571,19843
10266960583,19844
10270156318,19845
10270156319,19846
10275782575,19847
10285630688,19848
10285630689,19849
10294109705,19850
10294109706,19851
10294114224,19852
10295433970,19853
10295433973,19854
10295433978,19855
10295433981,19856
10295433982,19857
10295433984,19858
10295434002,19859
10296096938,19860
10296096960,19861
10296110589,19862
10296110597,19863
10297984142,19864
10298109172,19865
10312145294,19866
10314973698,19867
10435617372,19868
10435617388,19869
10435617394,19870
10435617395,19871
10436720822,19872
10436720829,19873
10436720830,19874
10436720837,19875
10436720838,19876
10537075370,19877
10537075373,19878
10537075378,19879
10537177171,19880
10537177172,19881
10537177185,19882
10537177191,19883
10537202018,19884
10537202077,19885
10537202080,19886
10537202107,19887
10537202110,19888
10537356463,19889
10539003670,19890
10539003680,19891
10540078392,19892
10542047760,19893
10559862253,19894
10559862260,19895
10559862261,19896
10563087057,19897
10563569174,19898
10564410580,19899
10564688684,19900
10566226727,19901
10566226728,19902
10567038985,19903
10585035244,19904
10585035249,19905
10589646672,19906
10604827638,19907
10604827639,19908
10609207850,19909
10609207855,19910
10611782770,19911
10611797922,19912
10612668604,19913
10612690807,19914
10635694878,19915
10635694879,19916
10635743752,19917
10635743753,19918
10648249354,19919
10648254744,19920
10648254752,19921
10648330903,19922
10648606868,19923
10648606881,19924
10675706879,19925
10700513898,19926
10700513899,19927
10709245286,19928
10709245288,19929
10712456255,19930
10712456256,19931
10712456257,19932
10712456264,19933
10712585676,19934
10713013110,19935
10713217869,19936
10713217872,19937
10719581890,19938
10735876305,19939
10744347247,19940
10744356104,19941
10744394309,19942
10744394329,19943
10744412367,19944
10749412898,19945
10765636841,19946
10765636843,19947
10765636845,19948
10773760539,19949
10773760542,19950
10773760543,19951
10774012207,19952
10776636380,19953
10776636381,19954
10776636388,19955
10776704707,19956
10776923045,19957
10776923046,19958
10780591762,19959
10780591765,19960
10780591768,19961
10780591769,19962
10782034627,19963
10795148367,19964
10796669974,19965
10796669975,19966
10796669976,19967
10811778428,19968
10820329650,19969
10820329651,19970
10820329652,19971
10820329653,19972
10821127748,19973
10824177376,19974
10824246330,19975
10824246331,19976
10824309940,19977
10824430045,19978
10824802804,19979
10825027318,19980
10825027320,19981
10825027338,19982
10826333132,19983
10826845148,19984
10827093827,19985
10827093828,19986
10837310915,19987
10839407928,19988
10856582160,19989
10857437468,19990
10858686364,19991
10858686365,19992
10858795860,19993
10861709325,19994
10862012558,19995
10865670585,19996
10865710674,19997
10865886742,19998
10867000740,19999
10868335621,20000
10868955391,20001
10870379799,20002
10870394512,20003
10870394513,20004
10870394530,20005
10870545826,20006
10870545827,20007
10870545833,20008
10871893526,20009
10877084360,20010
10877100286,20011
10879529436,20012
10882591541,20013
10882591542,20014
10886589027,20015
10889049383,20016
10889951187,20017
10893902033,20018
10893902035,20019
10893902043,20020
10914991677,20021
10914991680,20022
10914991684,20023
10915198851,20024
10915198852,20025
10915198910,20026
10915198911,20027
10921348334,20028
10921373447,20029
10925655653,20030
10931077512,20031
10931510026,20032
10944067488,20033
10944067495,20034
10944067498,20035
10944078411,20036
10945017730,20037
10945125546,20038
10945125549,20039
10945125553,20040
10945125565,20041
10945181792,20042
10945181793,20043
10945181795,20044
10945181796,20045
10945181802,20046
10945182205,20047
10945182209,20048
10960355454,20049
10960481026,20050
10964360397,20051
10964360398,20052
10964360400,20053
10964360401,20054
10964360402,20055
10964360404,20056
10965591681,20057
10965591685,20058
10966459053,20059
10966459054,20060
10967784224,20061
10969939313,20062
10969939315,20063
10969939316,20064
10971993773,20065
10971993774,20066
10971993775,20067
10971993784,20068
10971993788,20069
10977805388,20070
10981825066,20071
10981825067,20072
10983623522,20073
10983623523,20074
10983929603,20075
10984414789,20076
10996509862,20077
10996509863,20078
11001797669,20079
11012848196,20080
11012859630,20081
11038698488,20082
11038698491,20083
11038736846,20084
11038736888,20085
11038736891,20086
11038736892,20087
11038736896,20088
11038736955,20089
11038736963,20090
11038736975,20091
11038736976,20092
11038736977,20093
11038737008,20094
11039493967,20095
11039841319,20096
11051171327,20097
11051171390,20098
11051171400,20099
11052600532,20100
11052600533,20101
11052745313,20102
11052745315,20103
11052745334,20104
11052745335,20105
11052745337,20106
11054364442,20107
11077694536,20108
11088750150,20109
11088750151,20110
11088750153,20111
11108770134,20112
11108770144,20113
11108823035,20114
11108824988,20115
11109089724,20116
11109089725,20117
11111690877,20118
11113003114,20119
11113003116,20120
11113003117,20121
11131952873,20122
11131952876,20123
11131952878,20124
11135757917,20125
11135757918,20126
11135757920,20127
11135757921,20128
11150375150,20129
11152146697,20130
11152624753,20131
11176043207,20132
11178575742,20133
11187709867,20134
11201051857,20135
11211798075,20136
11211798083,20137
11216003818,20138
11219219935,20139
11219228228,20140
11220951666,20141
11223193302,20142
11223193303,20143
11223193306,20144
11223193307,20145
11223193308,20146
11224314094,20147
11224314098,20148
11227886326,20149
11235353942,20150
11245883309,20151
11253559166,20152
11253611732,20153
11253849427,20154
11254655277,20155
11254655287,20156
11254726226,20157
11263210177,20158
11263270917,20159
11263791576,20160
11263813881,20161
11263846040,20162
11265869614,20163
11265910477,20164
11266123591,20165
11266150670,20166
11266150671,20167
11268387663,20168
11268439640,20169
11268457256,20170
11268457259,20171
11278923392,20172
11278971612,20173
11279023440,20174
11279449441,20175
11279449443,20176
11279449444,20177
11279449455,20178
11279449459,20179
11279449460,20180
11289369680,20181
11289369682,20182
11289746284,20183
11290168284,20184
11292599931,20185
11296291881,20186
11301165164,20187
11301601190,20188
11302985947,20189
11302988584,20190
11303100205,20191
11304097143,20192
11304097145,20193
11304097147,20194
11331279840,20195
11331476715,20196
11331868886,20197
11331868887,20198
11342981719,20199
11346395134,20200
11346404179,20201
11350426444,20202
11350426445,20203
11350538058,20204
11350555776,20205
11350661378,20206
11350661380,20207
11350741939,20208
11350741940,20209
11350759378,20210
11351018089,20211
11352244776,20212
11353490804,20213
11353490825,20214
11353494038,20215
11353605360,20216
11353605378,20217
11353605379,20218
11353605380,20219
11353605381,20220
11353713122,20221
11353713123,20222
11353713149,20223
11353731382,20224
11353731387,20225
11353731402,20226
11353731403,20227
11360336114,20228
11360885023,20229
11363107927,20230
11363107944,20231
11364924435,20232
11364924437,20233
11368373630,20234
11368373633,20235
11371809674,20236
11371809676,20237
11375823345,20238
11405549451,20239
11425555059,20240
11425573569,20241
11431719796,20242
11431719798,20243
11432022263,20244
11459237516,20245
11459237517,20246
11459279556,20247
11459356211,20248
11463289499,20249
11463289500,20250
11463289502,20251
11463521265,20252
11470584907,20253
11470584908,20254
11470584909,20255
11470584930,20256
11481833242,20257
11481851479,20258
11482132027,20259
11482132030,20260
11482182743,20261
11482182744,20262
11482182745,20263
11509658884,20264
11510237139,20265
11529291182,20266
11544801218,20267
11544801220,20268
11544801223,20269
11544801224,20270
11556645443,20271
11556645446,20272
11557070530,20273
11557070532,20274
11557070533,20275
11557142089,20276
11577722336,20277
11577843763,20278
11577843766,20279
11577877787,20280
11577877790,20281
11577877791,20282
11577901773,20283
11577901774,20284
11577920718,20285
11577920721,20286
11577942192,20287
11581466333,20288
11581466334,20289
11581471129,20290
11581589834,20291
11581775051,20292
11581826290,20293
11582391911,20294
11582540091,20295
11584485589,20296
11584986894,20297
11635026993,20298
11669768712,20299
11677965414,20300
11694908381,20301
11704944453,20302
11711796532,20303
11711796533,20304
11737522009,20305
11737522015,20306
11762296051,20307
11769304575,20308
11769704995,20309
11769720805,20310
11801470863,20311
11801691142,20312
11813673727,20313
11820123605,20314
11826600734,20315
11826600752,20316
11831031944,20317
11835735771,20318
11835797542,20319
11845777916,20320
11847383438,20321
11858881861,20322
11865259009,20323
11865259010,20324
11877157775,20325
11877264596,20326
11877264597,20327
11879371944,20328
11880601751,20329
11880601752,20330
11910240510,20331
11910240511,20332
11926218009,20333
11926218010,20334
11929086967,20335
11929086968,20336
11929102773,20337
11947842395,20338
11947842396,20339
11947842399,20340
11947842402,20341
11947849600,20342
11947849619,20343
11947849620,20344
11947849621,20345
11948006095,20346
11948006096,20347
11948006098,20348
11948006099,20349
11948006103,20350
11948204889,20351
11948258349,20352
11948279128,20353
11948279129,20354
11948279133,20355
11949650850,20356
11949650855,20357
11949684457,20358
11949684458,20359
11949759534,20360
11949759535,20361
11950533378,20362
11950533380,20363
11957701248,20364
11959574644,20365
11959669472,20366
11959669474,20367
11959669478,20368
11959669479,20369
11959669483,20370
11959669484,20371
11963644557,20372
11963644563,20373
11963644565,20374
11964399267,20375
11967679285,20376
11981194992,20377
11985247128,20378
11987304383,20379
11990360619,20380
11991575494,20381
11991575503,20382
11997565528,20383
11997719734,20384
11997719735,20385
11999742613,20386
11999742614,20387
11999742615,20388
11999742616,20389
12000826932,20390
12000830427,20391
12001590962,20392
12001590966,20393
12001590967,20394
12001590968,20395
12001607047,20396
12001607050,20397
12001958267,20398
12002159969,20399
12002447503,20400
12002447504,20401
12002447507,20402
12002614561,20403
12002614565,20404
12004376636,20405
12004406436,20406
12004406437,20407
12009942170,20408
12009942174,20409
12010079132,20410
12015184133,20411
12015266370,20412
12015357850,20413
12015357855,20414
12015357856,20415
12018265170,20416
12020331758,20417
12020331759,20418
12020437887,20419
12020437888,20420
12020718824,20421
12023026779,20422
12026601793,20423
12032056312,20424
12032056314,20425
12035960181,20426
12035960185,20427
12035960209,20428
12042153735,20429
12044082842,20430
12044098827,20431
12047292000,20432
12047292006,20433
12047292007,20434
12047292046,20435
12047292047,20436
12047301320,20437
12047301346,20438
12047301348,20439
12047307180,20440
12050611852,20441
12050611853,20442
12050611855,20443
12050737890,20444
12050737891,20445
12052670928,20446
12052670929,20447
12052670930,20448
12059954290,20449
12059954292,20450
12060642632,20451
12060642701,20452
12074186315,20453
12075812150,20454
12075812154,20455
12075812156,20456
12075812159,20457
12076795056,20458
12078431231,20459
12094849167,20460
12094849168,20461
12094849169,20462
12094849174,20463
12094849175,20464
12094849177,20465
12094849178,20466
12094914330,20467
12094914345,20468
12094914346,20469
12094963159,20470
12094963160,20471
12094963161,20472
12094963162,20473
12094963163,20474
12094963164,20475
12094963165,20476
12094963166,20477
12094963167,20478
12094963170,20479
12094963171,20480
12094963173,20481
12094963175,20482
12094963177,20483
12094963179,20484
12094963182,20485
12094963183,20486
12094963185,20487
12113232919,20488
12119781494,20489
12133888551,20490
12137134234,20491
12137673614,20492
12141355410,20493
12141355414,20494
12141355420,20495
12141355427,20496
12141355431,20497
12141355434,20498
12143599349,20499
12143599351,20500
12143599352,20501
12155623919,20502
12155623922,20503
12157212366,20504
12157286622,20505
12157286627,20506
12157286628,20507
12178902615,20508
12178902619,20509
12178902630,20510
12178902631,20511
12178902636,20512
12179827405,20513
12179827406,20514
12198890505,20515
12198890506,20516
12219209825,20517
12232867361,20518
12246189001,20519
12246189002,20520
12246189004,20521
12258600465,20522
12258600468,20523
12279508576,20524
12284745139,20525
12286255697,20526
12286255698,20527
12286257802,20528
12286257814,20529
12287502056,20530
12287741844,20531
12287741856,20532
12287801670,20533
12287801683,20534
12287801712,20535
12287801728,20536
12290195604,20537
12295915364,20538
12304615848,20539
12307878375,20540
12319427430,20541
12319427431,20542
12323858285,20543
12323858286,20544
12330763376,20545
12331583913,20546
12331583921,20547
12334674207,20548
12334674224,20549
12334687105,20550
12334687110,20551
12334687113,20552
12335131922,20553
12335131935,20554
12335131940,20555
12335131948,20556
12335131950,20557
12335131954,20558
12337727449,20559
12338027657,20560
12338966863,20561
12343195265,20562
12367859132,20563
12367859133,20564
12367859173,20565
12368058442,20566
12368130120,20567
12368130121,20568
12368130123,20569
12381933868,20570
12381933870,20571
12381933879,20572
12381933881,20573
12381933890,20574
12381933896,20575
12381977502,20576
12396794887,20577
12397933044,20578
12416012995,20579
12422362604,20580
12422579079,20581
12422579089,20582
12422579090,20583
12422579091,20584
12422579096,20585
12422590001,20586
12422590003,20587
12422590005,20588
12422594036,20589
12437786819,20590
12444318184,20591
12485148007,20592
12485148011,20593
12505425368,20594
12532136956,20595
12532208148,20596
12534284037,20597
12536788863,20598
12557339353,20599
12566254468,20600
12579518586,20601
12599180178,20602
12599225164,20603
12628028578,20604
12628028580,20605
12628063590,20606
12628063592,20607
12628065412,20608
12628065414,20609
12628083475,20610
12628083476,20611
12639186462,20612
12645098715,20613
12645098716,20614
12645098718,20615
12645098719,20616
12645098723,20617
12645098726,20618
12645098928,20619
12645098947,20620
12658534856,20621
12659341202,20622
12663252724,20623
12668959931,20624
12688942521,20625
12688942538,20626
12688942540,20627
12688942547,20628
12688942548,20629
12688942549,20630
12697473586,20631
12705052774,20632
12712739048,20633
12712739051,20634
12712739052,20635
12714031460,20636
12714031464,20637
12717074369,20638
12732846589,20639
12732846590,20640
12734392936,20641
12734392937,20642
12749413068,20643
12749413070,20644
12749413071,20645
12749413073,20646
12750363587,20647
12753491959,20648
12753673124,20649
12760213154,20650
12765836176,20651
12769146019,20652
12777125868,20653
12777125870,20654
12777786857,20655
12777793437,20656
12777796317,20657
12777796320,20658
12777796322,20659
12777796323,20660
12788414188,20661
12788636824,20662
12788636826,20663
12788636829,20664
12788636831,20665
12788636833,20666
12790510383,20667
12790510384,20668
12792061165,20669
12797176370,20670
12797231458,20671
12800950296,20672
12800950297,20673
12800973907,20674
12820863291,20675
12832239249,20676
12839261785,20677
12847679248,20678
12847679250,20679
12847679254,20680
12847679255,20681
12847755006,20682
12847755009,20683
12847794017,20684
12847794025,20685
12847794031,20686
12861339999,20687
12861372759,20688
12884048121,20689
12898445450,20690
12898445477,20691
12898460821,20692
12901357163,20693
12901380578,20694
12901380580,20695
12901413884,20696
12902347381,20697
12902347398,20698
12906110894,20699
12906110898,20700
12906110900,20701
12906121719,20702
12906121747,20703
12908838876,20704
12912780508,20705
12943675460,20706
12944545159,20707
12945813714,20708
12945813715,20709
12945813755,20710
12948684375,20711
12955199241,20712
12955221567,20713
12955221568,20714
12955221571,20715
12955221574,20716
12955221577,20717
12971367091,20718
12971367092,20719
12971367098,20720
12977053702,20721
12977053703,20722
12978198449,20723
12978198450,20724
12978198456,20725
12978660130,20726
12980192315,20727
12980221031,20728
12980221034,20729
12980221036,20730
12980236949,20731
12980236953,20732
12980236956,20733
12980236957,20734
12980236960,20735
12980236962,20736
12980236964,20737
12980236965,20738
12984995486,20739
12989998672,20740
12989998674,20741
12997660668,20742
12997660669,20743
13003600991,20744
13003607164,20745
13005254224,20746
13005254226,20747
13005254227,20748
13005254228,20749
13005254229,20750
13005987856,20751
13005987862,20752
13005987867,20753
13006833583,20754
13006833584,20755
13006833590,20756
13006895938,20757
13006895960,20758
13007383990,20759
13008669911,20760
13008669913,20761
13008673780,20762
13008680770,20763
13008680771,20764
13009414649,20765
13009414652,20766
13009414653,20767
13009414655,20768
13009414657,20769
13009414672,20770
13009414691,20771
13011708694,20772
13013018280,20773
13015474974,20774
13015892934,20775
13030497480,20776
13030497482,20777
13030811754,20778
13030841319,20779
13030841320,20780
13034628876,20781
13034628878,20782
13034668710,20783
13034668712,20784
13037364490,20785
13037516797,20786
13038772107,20787
13063397272,20788
13063397281,20789
13063654327,20790
13067480063,20791
13068077853,20792
13068077861,20793
13069622860,20794
13069622862,20795
13069648842,20796
13069648864,20797
13069648869,20798
13069648887,20799
13073676959,20800
13073676960,20801
13075011670,20802
13075011792,20803
13075011793,20804
13075011794,20805
13075058663,20806
13075058669,20807
13075058690,20808
13075060801,20809
13075060806,20810
13075144750,20811
13078548923,20812
13081718575,20813
13097028004,20814
13104341827,20815
13107818013,20816
13107901785,20817
13107901798,20818
13108409333,20819
13108409334,20820
13108486276,20821
13108486277,20822
13108495821,20823
13109354483,20824
13109354484,20825
13109354488,20826
13110540224,20827
13110540225,20828
13110540228,20829
13110540235,20830
13110540236,20831
13110540237,20832
13113144692,20833
13113144699,20834
13113172705,20835
13113172717,20836
13113172718,20837
13115206886,20838
13118723932,20839
13118723933,20840
13118723935,20841
13118723938,20842
13118729827,20843
13118729828,20844
13119225619,20845
13119225626,20846
13119236789,20847
13120870818,20848
13122999374,20849
13123280434,20850
13140970057,20851
13140970058,20852
13140970068,20853
13140970069,20854
13140970070,20855
13143885392,20856
13143888809,20857
13146841249,20858
13146841250,20859
13148128649,20860
13148172017,20861
13148172021,20862
13148172022,20863
13148172023,20864
13148172024,20865
13148241245,20866
13148260159,20867
13148368687,20868
13152214660,20869
13152214661,20870
13152277935,20871
13152615299,20872
13152625801,20873
13160210294,20874
13160210295,20875
13161569645,20876
13161569654,20877
13164974918,20878
13164974920,20879
13165964170,20880
13167735135,20881
13167735136,20882
13167735137,20883
13167735138,20884
13167735162,20885
13167735163,20886
13167752721,20887
13167752730,20888
13167752731,20889
13167823453,20890
13167823462,20891
13172600094,20892
13174146748,20893
13174146749,20894
13174146750,20895
13174195765,20896
13174195779,20897
13174833578,20898
13174833579,20899
13174837778,20900
13174837783,20901
13181624420,20902
13205434901,20903
13205434908,20904
13205611876,20905
13206775688,20906
13206790801,20907
13206790802,20908
13206790803,20909
13206790804,20910
13244043909,20911
13245964893,20912
13245964894,20913
13246010608,20914
13246010611,20915
13246010612,20916
13247743363,20917
13247840690,20918
13247840691,20919
13247844188,20920
13251888026,20921
13253541167,20922
13253541176,20923
13253569605,20924
13253569608,20925
13256739908,20926
13261453729,20927
13261453733,20928
13261453735,20929
13261694751,20930
13261997700,20931
13264546320,20932
13264546321,20933
13264546331,20934
13264546332,20935
13264546394,20936
13264546398,20937
13264546399,20938
13264547528,20939
13264586002,20940
13264586003,20941
13264586004,20942
13264657488,20943
13265870290,20944
13265870292,20945
13266972151,20946
13272167134,20947
13272167135,20948
13272167154,20949
13272167156,20950
13272220378,20951
13272225305,20952
13273488578,20953
13277135309,20954
13277135311,20955
13277527236,20956
13277527244,20957
13277527249,20958
13277527251,20959
13277527257,20960
13277555617,20961
13277590897,20962
13277603302,20963
13277603303,20964
13279322496,20965
13279339701,20966
13279478412,20967
13279482539,20968
13279482543,20969
13279770117,20970
13279770118,20971
13279770119,20972
13279770120,20973
13279770121,20974
13279770122,20975
13280032567,20976
13283215541,20977
13289646811,20978
13296035234,20979
13296035239,20980
13296035245,20981
13296035246,20982
13299193729,20983
13299685684,20984
13313521745,20985
13316351661,20986
13316351686,20987
13316351694,20988
13317663402,20989
13317663403,20990
13317663404,20991
13324411762,20992
13324461735,20993
13325602848,20994
13333455752,20995
13333463132,20996
13333529861,20997
13333529863,20998
13333642484,20999
13338106139,21000
13338106141,21001
13338106142,21002
13338106143,21003
13338106145,21004
13338136081,21005
13338136082,21006
13338161253,21007
13341408350,21008
13341408352,21009
13343422631,21010
13343422632,21011
13343422637,21012
13343422641,21013
13348052849,21014
13348052852,21015
13348052860,21016
13375907953,21017
13375907954,21018
13383628946,21019
13383628950,21020
13383628968,21021
13383628970,21022
13383628974,21023
13383628979,21024
13389211312,21025
13389217637,21026
13389237524,21027
13389237528,21028
13389255788,21029
13389255789,21030
13389306282,21031
13393018575,21032
13393153934,21033
13393176562,21034
13395143102,21035
13395143105,21036
13395143109,21037
13395143110,21038
13395143229,21039
13396428776,21040
13411393583,21041
13411393590,21042
13415362926,21043
13415362927,21044
13417707069,21045
13417707072,21046
13417707076,21047
13417707077,21048
13417707083,21049
13417707084,21050
13418993219,21051
13418993220,21052
13418993229,21053
13418993230,21054
13418993237,21055
13418993239,21056
13418993247,21057
13418993257,21058
13418993261,21059
13418993269,21060
13418993270,21061
13418993274,21062
13418993279,21063
13418993282,21064
13418993288,21065
13418993292,21066
13418993296,21067
13419003803,21068
13419003817,21069
13419003824,21070
13419003831,21071
13419003836,21072
13419003844,21073
13419003848,21074
13419003850,21075
13419003851,21076
13419003868,21077
13421712018,21078
13421712024,21079
13421712045,21080
13421712048,21081
13421712086,21082
13421712088,21083
13421712099,21084
13424123407,21085
13424123414,21086
13424123423,21087
13424123425,21088
13424123458,21089
13424123460,21090
13424340342,21091
13424340345,21092
13424340347,21093
13424340350,21094
13424340352,21095
13424340354,21096
13424340362,21097
13424345124,21098
13424345126,21099
13424345127,21100
13424345129,21101
13424345130,21102
13424345132,21103
13424345133,21104
13424345135,21105
13424345136,21106
13424345138,21107
13424345139,21108
13424345141,21109
13424345145,21110
13424345146,21111
13424345147,21112
13424345148,21113
13424345149,21114
13424345150,21115
13432335221,21116
13435791704,21117
13435857639,21118
13435857640,21119
13435881081,21120
13435881082,21121
13436182193,21122
13436196618,21123
13436196619,21124
13446917266,21125
13446917272,21126
13446917273,21127
13460907121,21128
13462169381,21129
13462169385,21130
13463973735,21131
13464020647,21132
13464044315,21133
13464055851,21134
13468952060,21135
13469014388,21136
13482762861,21137
13509376870,21138
13514083533,21139
13514123382,21140
13514316349,21141
13514316355,21142
13514316357,21143
13514316359,21144
13516650528,21145
13516650529,21146
13516713013,21147
13516775812,21148
13527282863,21149
13530070225,21150
13530208976,21151
13532959723,21152
13532959727,21153
13533186773,21154
13533186774,21155
13534157613,21156
13534275303,21157
13534275306,21158
13535086685,21159
13535086687,21160
13535318369,21161
13536996273,21162
13536996280,21163
13536996281,21164
13536996289,21165
13536996290,21166
13536996291,21167
13536996292,21168
13536996293,21169
13536996294,21170
13537051231,21171
13538383931,21172
13538806712,21173
13538806713,21174
13538806714,21175
13538806719,21176
13538806729,21177
13538806739,21178
13538806760,21179
13538806762,21180
13538806771,21181
13538806778,21182
13538806781,21183
13543242256,21184
13543242258,21185
13543242266,21186
13543242271,21187
13543242272,21188
13544594680,21189
13544594681,21190
13544594682,21191
13544594683,21192
13544594685,21193
13544594687,21194
13544594691,21195
13544594694,21196
13547068365,21197
13564123389,21198
13564123390,21199
13564145474,21200
13564145479,21201
13566143206,21202
13566143664,21203
13566143701,21204
13566164750,21205
13566164751,21206
13566164753,21207
13566267724,21208
13567157887,21209
13569864935,21210
13574036173,21211
13574475329,21212
13574475330,21213
13579764666,21214
13579882204,21215
13579894518,21216
13580083269,21217
13580083270,21218
13580083271,21219
13580139221,21220
13580139224,21221
13581764418,21222
13581764423,21223
13584606174,21224
13584606175,21225
13586347366,21226
13586463393,21227
13586463395,21228
13587244347,21229
13587244349,21230
13587244350,21231
13587397967,21232
13589493497,21233
13589545694,21234
13590748050,21235
13590819033,21236
13595885443,21237
13595933511,21238
13595987309,21239
13595996279,21240
13596071187,21241
13596144405,21242
13596144409,21243
13596144411,21244
13598000826,21245
13598354717,21246
13598368044,21247
13602114100,21248
13602422776,21249
13602528113,21250
13603595805,21251
13603595806,21252
13603595808,21253
13603595811,21254
13603921852,21255
13603921853,21256
13603921859,21257
13603921860,21258
13603968815,21259
13603968816,21260
13603988168,21261
13603988169,21262
13603988172,21263
13603988173,21264
13603988174,21265
13605776593,21266
13607539388,21267
13607612301,21268
13609551327,21269
13609551328,21270
13609619865,21271
13609619866,21272
13610447862,21273
13611656988,21274
13612091145,21275
13612151999,21276
13612208917,21277
13614340009,21278
13615043462,21279
13619512134,21280
13619512143,21281
13619512147,21282
13619512148,21283
13619575205,21284
13623680485,21285
13624497243,21286
13624835462,21287
13624913127,21288
13624913131,21289
13627155147,21290
13630498009,21291
13630498010,21292
13630508440,21293
13635057543,21294
13635064192,21295
13635074017,21296
13639055286,21297
13644624064,21298
13647139583,21299
13651419338,21300
13651493374,21301
13656022320,21302
13656022368,21303
13657682163,21304
13664123882,21305
13667453557,21306
13667453565,21307
13670942868,21308
13671094694,21309
13673643470,21310
13677222453,21311
13680282010,21312
13684800173,21313
13686643750,21314
13686679483,21315
13686773111,21316
13686827027,21317
13687219536,21318
13687219546,21319
13687219554,21320
13689385297,21321
13690465734,21322
13690465735,21323
13706715946,21324
13706715951,21325
13715411840,21326
13715411842,21327
