osm_id,matrix_index
512034,0
512039,1
512051,2
512057,3
512063,4
512064,5
20977775,6
20977783,7
20977807,8
20978209,9
20978257,10
20978316,11
20978320,12
20978340,13
20978343,14
20978627,15
20978722,16
20978726,17
20978790,18
20978794,19
20978821,20
21133583,21
21280193,22
21280251,23
21280254,24
21280286,25
21280316,26
21280319,27
21280345,28
21280388,29
21280413,30
21432788,31
21432792,32
21432834,33
21432842,34
21432844,35
21432861,36
21648952,37
21649702,38
21649767,39
21649781,40
21649787,41
21649818,42
21650017,43
21650045,44
21672845,45
21672882,46
21672897,47
21672943,48
21672958,49
21672962,50
21673578,51
21673581,52
21673584,53
21673613,54
21686260,55
21686265,56
21686269,57
21686272,58
21686296,59
21686313,60
21686318,61
21686358,62
21686371,63
21686374,64
21686395,65
21686411,66
21686419,67
21686456,68
21686467,69
21686469,70
21686472,71
21686475,72
21686479,73
21686487,74
21686490,75
21686503,76
21686509,77
21686515,78
21686594,79
21686610,80
21686908,81
21686909,82
21686911,83
21687044,84
21687048,85
21687052,86
21687093,87
21687117,88
21687123,89
21732654,90
21732656,91
21732671,92
21732679,93
21732697,94
21732874,95
21732929,96
21732936,97
21732959,98
21732980,99
21732984,100
21732988,101
21732995,102
21733267,103
21733269,104
21733272,105
21733274,106
21733275,107
21733283,108
21733284,109
21733290,110
21733301,111
21733321,112
21733328,113
21733330,114
21733331,115
21733332,116
21817951,117
21817963,118
21817966,119
21818014,120
21818094,121
21818096,122
21818133,123
21818143,124
21818201,125
21818213,126
21818215,127
21818218,128
21818244,129
21818249,130
21818251,131
21818254,132
21818266,133
24306323,134
24306337,135
24306344,136
24306390,137
24306395,138
24306424,139
24306464,140
24306472,141
24311169,142
24311258,143
24311332,144
24311381,145
24311614,146
24311677,147
24311697,148
24311744,149
24311944,150
24360236,151
24555431,152
24555473,153
24555474,154
24555481,155
24555496,156
24555507,157
24555545,158
24555547,159
24555564,160
24555573,161
24555574,162
24958081,163
24958083,164
24958098,165
24958158,166
24958163,167
24958167,168
24958178,169
24958180,170
24958183,171
24958187,172
24958194,173
24958197,174
24958203,175
24958205,176
24958206,177
24958208,178
24958210,179
24958212,180
24958219,181
24958221,182
24958224,183
25029794,184
25029808,185
25029841,186
25030939,187
25030944,188
25030949,189
25030954,190
25030957,191
25030979,192
25031025,193
25031031,194
25031035,195
25031043,196
25031048,197
25031050,198
25031069,199
25031097,200
25031103,201
25100837,202
25100845,203
25100858,204
25103088,205
25103117,206
25105821,207
25105953,208
25113818,209
25113830,210
25113833,211
25117432,212
25117447,213
25117503,214
25117508,215
25283538,216
25283546,217
25283557,218
25283578,219
25283580,220
25283582,221
25283584,222
25283588,223
25283590,224
25283591,225
25283631,226
25283640,227
25283646,228
25283662,229
25283727,230
25283783,231
25283809,232
25283810,233
25284066,234
25284069,235
25422067,236
25422068,237
25422070,238
25422071,239
25422074,240
25422075,241
25422076,242
25422081,243
25422086,244
25438844,245
25440131,246
25552996,247
25553000,248
25553025,249
25553050,250
25553053,251
25553070,252
25553075,253
25553088,254
25553096,255
25553132,256
25553134,257
25928708,258
25928709,259
25928711,260
25928712,261
25928719,262
25928721,263
26421523,264
26421529,265
26421531,266
26421534,267
26421538,268
26734760,269
26734761,270
26744735,271
26744737,272
26744739,273
26744741,274
26744757,275
26744826,276
26744840,277
26744842,278
26744854,279
26744869,280
26744871,281
26744882,282
26744883,283
26744889,284
26744912,285
26744915,286
26744931,287
26744933,288
26745775,289
26745785,290
26745799,291
26745821,292
26745824,293
26745826,294
26745834,295
26745836,296
26745850,297
26745868,298
26745908,299
26745913,300
26745917,301
26745918,302
26754383,303
26754384,304
26754386,305
26754387,306
26754432,307
26754434,308
26768322,309
26768323,310
26768326,311
26819800,312
26819802,313
26819805,314
26819809,315
26819811,316
26819851,317
26819869,318
26819876,319
26819891,320
26819892,321
26819953,322
26907020,323
26915333,324
26915335,325
26915336,326
26915341,327
26915342,328
26915350,329
26915351,330
26915352,331
26915354,332
26915356,333
26915362,334
26915366,335
26915380,336
26915393,337
26915399,338
26915439,339
26915441,340
26915452,341
26915456,342
26915508,343
26915509,344
26915522,345
26915525,346
26915542,347
26936832,348
26936902,349
26936904,350
26936931,351
26936932,352
26936933,353
26936934,354
26936935,355
26936936,356
26936937,357
26936938,358
26936940,359
26936946,360
26936967,361
26936968,362
26936969,363
26936970,364
26936971,365
26936973,366
26938716,367
26938717,368
26938718,369
26938719,370
26938721,371
27088458,372
27088461,373
27088467,374
27088471,375
27088479,376
27088480,377
27088481,378
27088482,379
27088492,380
27088507,381
27194895,382
27194900,383
27194902,384
27194904,385
27194905,386
27194916,387
27194921,388
27194922,389
27194923,390
27194925,391
27194927,392
27194929,393
27194932,394
27194940,395
27194941,396
27194943,397
27194947,398
27194954,399
27194958,400
27194959,401
27194960,402
27194961,403
27194964,404
27194965,405
27194968,406
27194969,407
27194975,408
27194987,409
27194989,410
27212962,411
27212974,412
27212980,413
27213003,414
27213006,415
27213014,416
27213017,417
27213062,418
27213072,419
27213101,420
27213116,421
27213121,422
27213137,423
27427973,424
27427992,425
27428016,426
27428128,427
27428129,428
27428130,429
27428132,430
27428361,431
27428375,432
27537983,433
27537989,434
27537993,435
27537998,436
27538005,437
27538064,438
27538078,439
27538087,440
27538116,441
27538122,442
27538130,443
27538138,444
27749563,445
27787754,446
30222159,447
30222167,448
30298853,449
30324356,450
30347275,451
30553227,452
30553228,453
30553230,454
30559005,455
30559007,456
30559031,457
30559033,458
30559045,459
30559047,460
30559051,461
30560615,462
30560616,463
30560617,464
30560619,465
30560625,466
30560634,467
30560639,468
30560656,469
30560679,470
30560684,471
30560694,472
30560711,473
30560713,474
30560723,475
30560728,476
30560737,477
30560739,478
30560741,479
30560744,480
30560805,481
30560806,482
30560807,483
30560812,484
30561264,485
30561265,486
30561269,487
30561270,488
30561271,489
30561292,490
30561536,491
30561549,492
30561550,493
30561551,494
30561569,495
30561596,496
30561872,497
30561874,498
30561892,499
30561964,500
30561966,501
30561974,502
31380987,503
31380988,504
32161926,505
32161927,506
32161932,507
32161935,508
32161940,509
32161946,510
32161955,511
32164304,512
32175710,513
32177021,514
32530888,515
32530890,516
32530893,517
32530894,518
32530900,519
32648101,520
32648102,521
32648104,522
32648106,523
32648108,524
32648112,525
33146152,526
33146158,527
33146181,528
33146187,529
33489972,530
33489985,531
33489999,532
33490014,533
33490024,534
33490050,535
33490408,536
33490415,537
33490419,538
33490439,539
33490453,540
33490994,541
34822542,542
35127152,543
35689148,544
35689149,545
35689214,546
35689221,547
35689224,548
35689227,549
35689233,550
35689238,551
35799300,552
35799311,553
35799314,554
35799317,555
35799319,556
35803367,557
35803370,558
35803374,559
35803378,560
35803381,561
35803389,562
35803393,563
35803397,564
35803399,565
35803405,566
35803408,567
35803412,568
35803421,569
35803425,570
35964588,571
35964592,572
36133847,573
36133848,574
36134740,575
36301133,576
36301150,577
36301155,578
36301194,579
36301199,580
36306136,581
36306137,582
36306139,583
36306142,584
36306156,585
36306162,586
36306169,587
39955745,588
39955839,589
39956093,590
40131266,591
40131285,592
40131289,593
40131323,594
40131385,595
40131390,596
40131467,597
40131527,598
40131542,599
40131563,600
40131578,601
40131583,602
40131587,603
40131591,604
40131594,605
40131602,606
40131615,607
43457476,608
43457479,609
43457501,610
43457519,611
43457527,612
43457538,613
43457547,614
43457551,615
49488657,616
49488736,617
49488778,618
49488807,619
49488813,620
49488820,621
49488863,622
49488886,623
49488903,624
49488925,625
49488930,626
49499533,627
49499570,628
49499699,629
49499721,630
49499966,631
49503111,632
51154584,633
51154591,634
55484320,635
59148178,636
59148184,637
59149720,638
59608948,639
59662220,640
59662240,641
59662248,642
59662253,643
59667683,644
59667686,645
59667690,646
59667691,647
59667699,648
59667701,649
59667704,650
59667707,651
59667709,652
59667717,653
59667720,654
59667721,655
59667723,656
59667724,657
59667728,658
59667730,659
59667743,660
59667746,661
59667749,662
59667751,663
59667752,664
59667755,665
59667758,666
59667760,667
59667761,668
59667763,669
59667764,670
59667766,671
59667771,672
59783841,673
59783988,674
59783990,675
59783991,676
59783993,677
59784000,678
59784002,679
59784003,680
59784005,681
59784008,682
59784010,683
59784012,684
59983379,685
59983380,686
60303330,687
60303331,688
60312494,689
60312496,690
60335057,691
61131178,692
61138982,693
61138985,694
61292883,695
61292902,696
63800712,697
63800734,698
63800740,699
63800758,700
63800763,701
63800771,702
63800787,703
63800795,704
63800808,705
63800856,706
63800864,707
63800870,708
68280171,709
68280174,710
68280179,711
68280191,712
68280199,713
68280209,714
68280215,715
68280218,716
75773878,717
75773880,718
75773882,719
75773888,720
75773892,721
75773898,722
75773906,723
75773908,724
75914846,725
75946774,726
75946776,727
75958527,728
75958535,729
75958538,730
75958540,731
75958545,732
75958546,733
75958547,734
75958551,735
75959517,736
75959521,737
75959522,738
75961572,739
75964362,740
75964365,741
75964368,742
75964372,743
75964374,744
75964377,745
75976567,746
75976568,747
75978131,748
75980139,749
75980141,750
75980142,751
75980143,752
75980145,753
75982011,754
75982012,755
75982013,756
75982897,757
75982899,758
75982900,759
75984167,760
75988178,761
75988179,762
75988180,763
75989691,764
75992201,765
75992804,766
75992805,767
76463495,768
76463502,769
76463642,770
76463644,771
76463712,772
76463722,773
76463723,774
76463744,775
76463820,776
76463825,777
76465724,778
76468557,779
76537273,780
76863293,781
76915115,782
76916619,783
76918044,784
76918045,785
76919905,786
76925728,787
76926004,788
76926513,789
76926943,790
76926965,791
76977884,792
76986155,793
76986157,794
77666542,795
77862756,796
77862757,797
77862759,798
77870415,799
77870420,800
77870434,801
77870446,802
77870451,803
77870460,804
79416740,805
79416748,806
79416812,807
79416815,808
79422703,809
79422708,810
79422718,811
79422724,812
79422727,813
79422730,814
79422739,815
79422743,816
79422747,817
79422751,818
79424171,819
79424194,820
79874461,821
79875692,822
79876798,823
79877106,824
79879930,825
79880808,826
79885679,827
79885702,828
79885703,829
80155239,830
80158549,831
80159102,832
80396904,833
81049201,834
81051384,835
81497916,836
81497921,837
81497925,838
81497927,839
81497928,840
81497954,841
81497959,842
82020804,843
82020818,844
82020842,845
82020860,846
82020895,847
82020909,848
82020910,849
82020914,850
82626804,851
82653670,852
82653671,853
82682761,854
82682763,855
83859990,856
83862166,857
86048134,858
86048188,859
86675601,860
88225816,861
88225819,862
88225822,863
88225828,864
88225833,865
88225838,866
88225840,867
88225861,868
88225870,869
88225875,870
89131370,871
89131371,872
90467965,873
92898348,874
92898357,875
92898366,876
92898374,877
92898381,878
92898387,879
92898394,880
92898401,881
92898411,882
92898422,883
92898430,884
92898466,885
92898502,886
92898511,887
92898521,888
92898526,889
92898530,890
92898533,891
94122793,892
94565227,893
94565238,894
94565240,895
94565244,896
94565247,897
94565254,898
94565256,899
94565274,900
94565275,901
94565278,902
94565280,903
94565283,904
95103420,905
95103421,906
95103426,907
95103434,908
95103462,909
95882436,910
95882440,911
95882442,912
95882446,913
95882449,914
95882451,915
95897305,916
95897308,917
95897310,918
95897320,919
95897334,920
95897402,921
95897403,922
95897404,923
95897407,924
95897408,925
95897411,926
95897413,927
95897442,928
96655263,929
96655265,930
96655267,931
96655268,932
96655304,933
96656889,934
110073086,935
110073118,936
110073137,937
110073154,938
110228933,939
110252631,940
110295415,941
110396121,942
110396127,943
110412460,944
110412464,945
110412468,946
110664279,947
110664281,948
110664285,949
110664286,950
110664288,951
110686876,952
110686900,953
110719567,954
110767736,955
110804033,956
110804042,957
110842568,958
110843846,959
110909094,960
110909097,961
110909126,962
113991681,963
113991691,964
113991694,965
113991701,966
113991712,967
113991732,968
113991755,969
113991840,970
113991861,971
113991878,972
113991882,973
121996660,974
121996670,975
121996676,976
121996689,977
124576985,978
124579044,979
124579048,980
124580319,981
124584519,982
124584524,983
124586230,984
124586231,985
124586232,986
124586235,987
124586240,988
124586242,989
124591307,990
124591310,991
124591316,992
124604027,993
124604028,994
124604030,995
132331192,996
132331226,997
133214908,998
133214911,999
133214937,1000
133215054,1001
133215061,1002
133215068,1003
133215069,1004
133215073,1005
134390925,1006
135633975,1007
135634011,1008
135634037,1009
135634178,1010
135634183,1011
135634339,1012
135634474,1013
135634504,1014
135634630,1015
135634714,1016
135634728,1017
135634756,1018
135634766,1019
135634796,1020
135635081,1021
135635088,1022
135635095,1023
135635101,1024
135635113,1025
135635414,1026
135635591,1027
135635604,1028
135635657,1029
135635676,1030
135635697,1031
135635773,1032
137500688,1033
137501480,1034
137501485,1035
137504343,1036
137505462,1037
137505463,1038
137505464,1039
137507575,1040
137507579,1041
137507827,1042
137508552,1043
137509063,1044
137509066,1045
137510273,1046
137510277,1047
137512230,1048
137512499,1049
137516607,1050
137516609,1051
137516612,1052
137517383,1053
137517386,1054
138081420,1055
138084537,1056
138221924,1057
138221926,1058
141639194,1059
141640171,1060
141640173,1061
141643270,1062
142350519,1063
142350530,1064
144122387,1065
144204755,1066
144204768,1067
144213130,1068
145856827,1069
146013804,1070
146013817,1071
146013828,1072
146013833,1073
146013842,1074
146782741,1075
146791103,1076
146797205,1077
146797206,1078
146797761,1079
147133853,1080
147134161,1081
147134168,1082
147134197,1083
147134506,1084
147134760,1085
147135310,1086
147136544,1087
147136547,1088
147136613,1089
147136766,1090
147136780,1091
147136935,1092
147136948,1093
147136953,1094
147136958,1095
147139381,1096
147139383,1097
147139385,1098
147139390,1099
147139414,1100
147140631,1101
147140881,1102
147141348,1103
147141353,1104
147141977,1105
147142368,1106
147142372,1107
147142903,1108
147142911,1109
147143280,1110
147144350,1111
147144377,1112
147144380,1113
147144783,1114
147144945,1115
147144996,1116
147145645,1117
147146481,1118
147146927,1119
147146928,1120
147147160,1121
147147163,1122
147147531,1123
147147547,1124
147147561,1125
147147851,1126
147149241,1127
147149698,1128
147149702,1129
147150234,1130
147150237,1131
147150239,1132
148395837,1133
148395839,1134
148494422,1135
148494472,1136
148503850,1137
148503853,1138
148503857,1139
148503863,1140
148503869,1141
148503895,1142
148503935,1143
148503968,1144
148503990,1145
148947703,1146
148992482,1147
148992483,1148
148992486,1149
148992491,1150
148992493,1151
148992496,1152
148992497,1153
148992498,1154
148992500,1155
148992507,1156
148992515,1157
148992516,1158
148992527,1159
148992529,1160
148992531,1161
148992532,1162
148992535,1163
148995892,1164
148997168,1165
148997178,1166
148997184,1167
148997202,1168
148999285,1169
148999289,1170
148999298,1171
148999300,1172
148999301,1173
148999318,1174
149432649,1175
149432656,1176
149432662,1177
149672047,1178
149672062,1179
149672065,1180
149672068,1181
149672091,1182
149672116,1183
149672132,1184
149672140,1185
149672169,1186
149672191,1187
149672954,1188
150461775,1189
150461781,1190
150461795,1191
150461800,1192
150461803,1193
150464573,1194
150464575,1195
150464580,1196
150465508,1197
150465513,1198
150465516,1199
150465519,1200
150465521,1201
150465522,1202
150475326,1203
150477801,1204
150477803,1205
150477806,1206
150477823,1207
150548775,1208
150548782,1209
150548783,1210
150548786,1211
150548787,1212
150548791,1213
150548792,1214
150548797,1215
151031048,1216
151031065,1217
151364063,1218
151364428,1219
151364436,1220
151364484,1221
151376096,1222
151376101,1223
151376115,1224
151381782,1225
151381786,1226
151381789,1227
151381791,1228
152459284,1229
152525782,1230
152525785,1231
152714808,1232
152714811,1233
152714813,1234
154675135,1235
154675157,1236
154675162,1237
154675179,1238
154675182,1239
154675186,1240
154675215,1241
154745346,1242
154745389,1243
154745399,1244
154745403,1245
154745413,1246
154745449,1247
154745456,1248
154745458,1249
154745470,1250
154745476,1251
154772221,1252
155029984,1253
155029988,1254
155032587,1255
155033824,1256
155033828,1257
155033833,1258
155036462,1259
155036464,1260
155036468,1261
155036471,1262
155036698,1263
155038905,1264
155044453,1265
155044457,1266
155046054,1267
155046056,1268
155046058,1269
155049348,1270
155049576,1271
155051695,1272
155051703,1273
155051908,1274
155054416,1275
155054418,1276
155055059,1277
155055065,1278
155055069,1279
155055072,1280
155056381,1281
155057192,1282
155057194,1283
155058052,1284
155299183,1285
155300331,1286
155300339,1287
155301343,1288
155306549,1289
155308613,1290
155308960,1291
155309558,1292
155309559,1293
155311027,1294
155311508,1295
155311509,1296
155311511,1297
155312287,1298
155312295,1299
155312296,1300
155315380,1301
155613435,1302
155614054,1303
155614904,1304
155615883,1305
155615884,1306
155617286,1307
155643964,1308
156455782,1309
156455789,1310
156455811,1311
156461950,1312
156466805,1313
156466806,1314
156702856,1315
156702861,1316
156702895,1317
156702922,1318
156702926,1319
156702929,1320
156702931,1321
156702936,1322
156702940,1323
156702962,1324
156702967,1325
156702971,1326
156702975,1327
156702979,1328
156702983,1329
156702986,1330
156702991,1331
156702998,1332
156703007,1333
156703012,1334
156703019,1335
156703021,1336
156703023,1337
156703029,1338
156703035,1339
156703042,1340
156703045,1341
156703047,1342
156703053,1343
156703056,1344
156703061,1345
156703066,1346
156703103,1347
156703107,1348
156703121,1349
156703132,1350
156703138,1351
156703143,1352
156996556,1353
156996563,1354
156996588,1355
157008158,1356
157008170,1357
157008194,1358
157008206,1359
157008223,1360
157008227,1361
157008231,1362
157008241,1363
157008283,1364
157008299,1365
157013650,1366
157013670,1367
157013691,1368
157013699,1369
157013709,1370
162629306,1371
162629315,1372
162629320,1373
162629326,1374
162629346,1375
162629351,1376
162629376,1377
162629393,1378
162779520,1379
162779543,1380
166157345,1381
166168471,1382
168084328,1383
169329352,1384
169329373,1385
169329397,1386
169332697,1387
169332715,1388
169332770,1389
169652096,1390
171026600,1391
171772123,1392
171772158,1393
171772242,1394
171772260,1395
171772284,1396
171772301,1397
171772323,1398
171772457,1399
178841228,1400
178841234,1401
178841243,1402
179913505,1403
180558950,1404
180558955,1405
180558959,1406
180937433,1407
180937436,1408
180937439,1409
180937440,1410
180937441,1411
180937447,1412
180937455,1413
180939919,1414
180939920,1415
180945556,1416
180946886,1417
180946890,1418
180951223,1419
180951226,1420
180958509,1421
180960114,1422
180960126,1423
180960135,1424
180960199,1425
180960374,1426
180960634,1427
180962350,1428
180964333,1429
181314314,1430
186083614,1431
186083622,1432
186083624,1433
186084231,1434
186084236,1435
188476591,1436
188476598,1437
188476603,1438
188673415,1439
188674949,1440
188674953,1441
188674956,1442
188674963,1443
188676083,1444
188676092,1445
188677393,1446
188679667,1447
188680235,1448
188680237,1449
188683580,1450
188683812,1451
188683814,1452
188684978,1453
188684981,1454
188690952,1455
192294937,1456
192294943,1457
192294946,1458
192294951,1459
192294954,1460
192294955,1461
192294956,1462
192294965,1463
192294968,1464
192294972,1465
192727851,1466
192727853,1467
192728682,1468
192728684,1469
192731141,1470
192731142,1471
192731147,1472
192731153,1473
192733014,1474
192738866,1475
192738870,1476
192741386,1477
192741387,1478
192741392,1479
192741394,1480
192741405,1481
192741435,1482
192742246,1483
192742758,1484
192743760,1485
192744297,1486
192744303,1487
192744790,1488
192745023,1489
192745026,1490
192745153,1491
192745155,1492
192745487,1493
192964386,1494
192964392,1495
192964394,1496
192964398,1497
192964399,1498
192964400,1499
192964402,1500
192984037,1501
192992757,1502
194347780,1503
194347847,1504
194708795,1505
194710558,1506
194711000,1507
194711001,1508
194713187,1509
194715602,1510
194715605,1511
194717345,1512
194725468,1513
194725469,1514
194725471,1515
194725791,1516
194725792,1517
194725795,1518
194731834,1519
194733759,1520
194733760,1521
194734258,1522
194734262,1523
194745888,1524
194746549,1525
194749701,1526
195568289,1527
197804061,1528
197860296,1529
197860314,1530
197860333,1531
197860504,1532
197860516,1533
197860524,1534
197860527,1535
199043785,1536
199043790,1537
199043795,1538
199043801,1539
199043807,1540
199043812,1541
199043817,1542
199043826,1543
199043834,1544
199043839,1545
199049024,1546
199261105,1547
199261109,1548
199261111,1549
199269869,1550
199269871,1551
199269874,1552
199269877,1553
199269879,1554
199270545,1555
201161615,1556
201161619,1557
201161625,1558
201161629,1559
201161633,1560
201161637,1561
201161691,1562
201161696,1563
201161704,1564
201161708,1565
201161711,1566
201161735,1567
206140954,1568
206140967,1569
206142198,1570
206142200,1571
206142202,1572
207572584,1573
207572590,1574
208515651,1575
208515713,1576
219044399,1577
219044422,1578
219044427,1579
224387785,1580
224387792,1581
224387806,1582
228567415,1583
228567422,1584
228591742,1585
228594795,1586
228598447,1587
228605546,1588
228607235,1589
228607237,1590
228608773,1591
236060693,1592
236060695,1593
236061478,1594
236061485,1595
236063869,1596
236063873,1597
236065030,1598
236065032,1599
236066905,1600
236066915,1601
236071498,1602
236071521,1603
236082246,1604
236082249,1605
236082251,1606
236089816,1607
236091541,1608
236091653,1609
236091723,1610
236091963,1611
236091974,1612
236091975,1613
236092510,1614
236092879,1615
236092881,1616
236103510,1617
236103524,1618
236103702,1619
236106101,1620
236107395,1621
236109551,1622
236114287,1623
236115165,1624
236128764,1625
236130703,1626
236130705,1627
236132612,1628
236132614,1629
237188735,1630
237189209,1631
237196403,1632
237198900,1633
237198901,1634
237198902,1635
240175401,1636
240177520,1637
240179765,1638
240179768,1639
240179771,1640
240179772,1641
240182269,1642
240183634,1643
240192405,1644
240193460,1645
240193468,1646
242921261,1647
242921380,1648
242921381,1649
242921418,1650
242921419,1651
242921575,1652
242921704,1653
242921712,1654
242921717,1655
242921783,1656
242921784,1657
242921785,1658
242921923,1659
242921943,1660
242922019,1661
242922020,1662
242922202,1663
242922242,1664
242922428,1665
242922655,1666
242922704,1667
242922880,1668
242922882,1669
242922883,1670
242922884,1671
242922885,1672
242922993,1673
242922994,1674
242922998,1675
242923000,1676
242923002,1677
242923003,1678
245457922,1679
245457924,1680
245457932,1681
245457933,1682
245457945,1683
245457946,1684
245457948,1685
245462972,1686
245462975,1687
245462977,1688
245462980,1689
245462985,1690
245462995,1691
245462996,1692
245462999,1693
245463000,1694
245463005,1695
245463010,1696
245463011,1697
245463013,1698
246173693,1699
246173708,1700
246551644,1701
246551654,1702
246551716,1703
246551728,1704
246551738,1705
246551774,1706
246551782,1707
246551784,1708
246551833,1709
246551844,1710
246551848,1711
246551851,1712
246551859,1713
246551863,1714
246551897,1715
246551901,1716
246551903,1717
246551907,1718
246551911,1719
246551919,1720
246551922,1721
247122992,1722
247122993,1723
247123166,1724
247123168,1725
247123172,1726
247123177,1727
247123224,1728
247123233,1729
247123241,1730
247123323,1731
247189221,1732
247259805,1733
247897253,1734
247897267,1735
248037851,1736
248037853,1737
248539899,1738
248539900,1739
248539902,1740
248539903,1741
248539904,1742
248539905,1743
248539906,1744
248539911,1745
248539912,1746
248780644,1747
248780650,1748
248780651,1749
248780652,1750
248780653,1751
248780661,1752
248781409,1753
248781410,1754
248781411,1755
248781741,1756
248781744,1757
248782307,1758
248782308,1759
248782310,1760
248782313,1761
248782314,1762
248782316,1763
248782319,1764
248782320,1765
248782321,1766
248783352,1767
248783354,1768
248783355,1769
248783356,1770
248783357,1771
248783753,1772
249247095,1773
249247096,1774
249247214,1775
249247298,1776
249247529,1777
249247530,1778
249247537,1779
249250497,1780
249250498,1781
249489428,1782
249489435,1783
249489439,1784
249489444,1785
249609794,1786
249609797,1787
249609799,1788
249609801,1789
249609810,1790
249609811,1791
249609813,1792
249609821,1793
249609822,1794
249609828,1795
249626103,1796
249626105,1797
249626107,1798
249626122,1799
249626126,1800
249626141,1801
249626153,1802
249626156,1803
249626163,1804
249805891,1805
249805892,1806
249805893,1807
249805895,1808
249805896,1809
249805897,1810
249805898,1811
249805900,1812
249805901,1813
249805902,1814
249805903,1815
249805907,1816
249805909,1817
249805910,1818
249805911,1819
249805913,1820
249820010,1821
249820012,1822
249820013,1823
250068870,1824
250875919,1825
251707125,1826
251707128,1827
251707129,1828
251716145,1829
251716286,1830
251716287,1831
251716547,1832
251717155,1833
251718173,1834
251718174,1835
251718275,1836
251718276,1837
251718401,1838
251718403,1839
251718412,1840
251753075,1841
251753077,1842
252638881,1843
252638884,1844
252638885,1845
252685593,1846
253837355,1847
253837374,1848
253837378,1849
253837393,1850
253837401,1851
253837410,1852
253837414,1853
253855794,1854
253877610,1855
253877726,1856
253877730,1857
253877731,1858
253877953,1859
255196631,1860
255196633,1861
255196642,1862
256838187,1863
256838191,1864
257388915,1865
258360047,1866
258360048,1867
258642477,1868
258642479,1869
258642488,1870
258642495,1871
258642499,1872
258642591,1873
258642621,1874
258642631,1875
258642635,1876
258642639,1877
258642643,1878
258642651,1879
258642665,1880
258642671,1881
258642683,1882
258642685,1883
258642687,1884
258642691,1885
258642701,1886
258642707,1887
258642715,1888
258642748,1889
258642754,1890
258642763,1891
258642772,1892
258642774,1893
258642781,1894
258642786,1895
258642800,1896
258642807,1897
258642815,1898
258642818,1899
258642822,1900
258642837,1901
258642857,1902
258642876,1903
258642900,1904
258642903,1905
258642914,1906
258642916,1907
258642921,1908
258642923,1909
258642925,1910
258642938,1911
258642941,1912
258642972,1913
258642980,1914
258642984,1915
258642987,1916
258643003,1917
258643016,1918
258643020,1919
258643030,1920
258643039,1921
258643041,1922
258643046,1923
258643061,1924
258643069,1925
258643078,1926
258643080,1927
258643093,1928
258643104,1929
258643117,1930
258643119,1931
258643125,1932
258643130,1933
258643160,1934
258643162,1935
258913605,1936
258913606,1937
258913607,1938
258913609,1939
258913612,1940
258913614,1941
258913618,1942
258913619,1943
258913621,1944
258913627,1945
258913633,1946
258913634,1947
258913635,1948
258913637,1949
258913639,1950
258913641,1951
258913642,1952
258916374,1953
258916390,1954
261599369,1955
261599370,1956
261599377,1957
261599381,1958
261599386,1959
261599387,1960
261599396,1961
261599410,1962
261599414,1963
261599416,1964
261599418,1965
261599420,1966
261599430,1967
261599431,1968
261599437,1969
261599462,1970
261615139,1971
261615140,1972
261615142,1973
261615166,1974
261615194,1975
261615562,1976
261615563,1977
261615566,1978
261615569,1979
261615578,1980
261615579,1981
261615658,1982
261617372,1983
261617374,1984
261617375,1985
261617376,1986
261617381,1987
262154399,1988
262154411,1989
262154414,1990
262275530,1991
262288049,1992
262288052,1993
262463290,1994
262463299,1995
262463812,1996
262463815,1997
262464369,1998
262464373,1999
262464374,2000
262464386,2001
262464388,2002
262464478,2003
262464479,2004
262464481,2005
262464487,2006
262464488,2007
262464491,2008
262464497,2009
262464498,2010
262464501,2011
262464502,2012
262464504,2013
262464505,2014
262464625,2015
262464696,2016
262464740,2017
262464742,2018
262464789,2019
262465873,2020
262465972,2021
262466249,2022
262466250,2023
262466340,2024
262466456,2025
263436377,2026
263436379,2027
263436380,2028
263437906,2029
263440071,2030
263440073,2031
263440076,2032
263440079,2033
263440081,2034
263440083,2035
263712642,2036
263712644,2037
264200416,2038
264200419,2039
264490942,2040
264490943,2041
264490944,2042
264490945,2043
264490946,2044
264490947,2045
264490948,2046
264490949,2047
264490952,2048
264491205,2049
264491206,2050
264491208,2051
264491209,2052
264499116,2053
264499626,2054
264499627,2055
264499631,2056
264499634,2057
264857419,2058
264857420,2059
264857422,2060
264857427,2061
264857432,2062
264857434,2063
264858187,2064
264858194,2065
264858198,2066
264858200,2067
265512485,2068
265512632,2069
265519140,2070
265520208,2071
265585935,2072
265586348,2073
265587632,2074
265587926,2075
265588009,2076
265588737,2077
265588738,2078
265589244,2079
265591316,2080
265592425,2081
265624416,2082
265624421,2083
265624426,2084
265624428,2085
265625272,2086
265626885,2087
265626887,2088
265626893,2089
265626897,2090
265626999,2091
265627003,2092
265627005,2093
265871300,2094
265871302,2095
265871346,2096
265871536,2097
265871733,2098
265871745,2099
265871748,2100
265871749,2101
265871847,2102
265872930,2103
265873117,2104
265873121,2105
266023904,2106
266024166,2107
266024329,2108
266024340,2109
266024344,2110
266024345,2111
266024346,2112
266024347,2113
266024348,2114
266024349,2115
266024358,2116
266024575,2117
266024582,2118
266024667,2119
266024668,2120
266024669,2121
266024983,2122
266186964,2123
266186967,2124
266186969,2125
266186970,2126
266187443,2127
266187449,2128
266187453,2129
266187459,2130
266187471,2131
266187472,2132
266187511,2133
266190132,2134
266298359,2135
266298376,2136
266298378,2137
266298681,2138
266298874,2139
266298882,2140
266298884,2141
266298893,2142
266298896,2143
266298898,2144
266298899,2145
266298906,2146
266298907,2147
266298908,2148
266298915,2149
266298918,2150
266298922,2151
266298992,2152
266299223,2153
266299226,2154
266299346,2155
266299479,2156
266475272,2157
266630792,2158
266630798,2159
266633264,2160
266633267,2161
266633268,2162
266633271,2163
266633273,2164
266633274,2165
266633276,2166
266633277,2167
266633280,2168
266633283,2169
266635388,2170
266635389,2171
266635391,2172
266635392,2173
266635393,2174
266635394,2175
266635395,2176
266635396,2177
266635411,2178
266635412,2179
266745693,2180
266745694,2181
266746563,2182
266746588,2183
266746608,2184
266746611,2185
266746642,2186
266746680,2187
266746681,2188
266746771,2189
266746772,2190
266746784,2191
266746846,2192
266746847,2193
266747129,2194
266747130,2195
266747400,2196
266747461,2197
266747470,2198
266747471,2199
266747655,2200
266747656,2201
266747657,2202
266747857,2203
266756532,2204
266757864,2205
266759298,2206
266759313,2207
266759315,2208
266759317,2209
266759427,2210
266759534,2211
266760116,2212
266760118,2213
266760151,2214
266760907,2215
266773322,2216
266774144,2217
266921401,2218
266921402,2219
266921416,2220
266921419,2221
266921503,2222
266921504,2223
266921588,2224
266921705,2225
266921706,2226
266921707,2227
266921920,2228
266921962,2229
266921977,2230
266922364,2231
266922380,2232
266922495,2233
266922714,2234
266923145,2235
266924072,2236
266924379,2237
266924386,2238
266924391,2239
266924544,2240
266924545,2241
266924550,2242
266924569,2243
266924767,2244
266924986,2245
266924991,2246
266925274,2247
266925279,2248
266925281,2249
266925947,2250
266925953,2251
266925954,2252
266925957,2253
266925966,2254
266925969,2255
266925971,2256
266926096,2257
266926100,2258
266926894,2259
266926988,2260
266927021,2261
266927024,2262
266927025,2263
266927028,2264
266977403,2265
266977698,2266
266980758,2267
266980896,2268
266981281,2269
266981285,2270
266981287,2271
266981291,2272
266981327,2273
266981330,2274
266981374,2275
266981376,2276
266981444,2277
266981477,2278
266981671,2279
266981865,2280
266981871,2281
266981969,2282
266981989,2283
266982213,2284
266982624,2285
266982954,2286
266983015,2287
266990204,2288
266990212,2289
266990214,2290
266990216,2291
266990218,2292
267034587,2293
267166718,2294
267166721,2295
267167368,2296
267198018,2297
267198035,2298
267198037,2299
267238909,2300
267367348,2301
267367349,2302
267367578,2303
267367579,2304
267367581,2305
267367698,2306
267367699,2307
267367701,2308
267367703,2309
267367704,2310
267368171,2311
267368175,2312
267368183,2313
267368184,2314
267368236,2315
267368238,2316
267368388,2317
267368425,2318
267368426,2319
267368672,2320
267368674,2321
267368676,2322
267368677,2323
267368680,2324
267368682,2325
267368684,2326
267368874,2327
267368879,2328
267369074,2329
267369077,2330
267397932,2331
267397946,2332
267400913,2333
267402201,2334
267403583,2335
267408131,2336
267408132,2337
267408133,2338
267408134,2339
267408135,2340
267408136,2341
267422296,2342
267422298,2343
267422299,2344
267422300,2345
267423733,2346
267426602,2347
267426604,2348
267426606,2349
267426608,2350
267503880,2351
267503882,2352
267503997,2353
267504004,2354
267504088,2355
267504144,2356
267504313,2357
267504681,2358
267504795,2359
267505153,2360
267505275,2361
267557668,2362
267557700,2363
267557702,2364
267557788,2365
267559396,2366
267559397,2367
267559488,2368
267559494,2369
267559495,2370
267637122,2371
267965986,2372
267966018,2373
267966020,2374
267966037,2375
267966322,2376
267966325,2377
267966328,2378
267966329,2379
267966330,2380
267966336,2381
267966340,2382
267966343,2383
267966383,2384
267966392,2385
267966400,2386
267966408,2387
267966465,2388
267966467,2389
268021345,2390
268052311,2391
268110995,2392
268111105,2393
268322176,2394
268322193,2395
268322196,2396
268322248,2397
268322280,2398
268322282,2399
268325193,2400
268325195,2401
268400612,2402
268400613,2403
268400614,2404
268400621,2405
268401277,2406
268402303,2407
268551361,2408
268591025,2409
268731105,2410
268751774,2411
268858781,2412
268911463,2413
268911466,2414
268911793,2415
268911853,2416
269480722,2417
269480725,2418
269480726,2419
269480808,2420
269646284,2421
269646338,2422
269646421,2423
269646427,2424
269646429,2425
269646531,2426
269646534,2427
269646536,2428
269646537,2429
269646538,2430
269646540,2431
269646542,2432
269646546,2433
269646547,2434
269646549,2435
269646550,2436
269646563,2437
269646564,2438
269646565,2439
269646567,2440
269646577,2441
269646583,2442
269646585,2443
269646587,2444
269646591,2445
269646592,2446
269646608,2447
269646609,2448
269646759,2449
269646822,2450
269713452,2451
269713457,2452
269782114,2453
269782115,2454
269782117,2455
269782119,2456
269782120,2457
269782124,2458
269782125,2459
269782126,2460
269782128,2461
269901879,2462
269901987,2463
269902203,2464
269902357,2465
269902358,2466
269902361,2467
269902396,2468
269903251,2469
269903253,2470
270644372,2471
270644377,2472
270747001,2473
270747007,2474
270747009,2475
270747015,2476
270747021,2477
271096790,2478
271097283,2479
271097285,2480
271097287,2481
271097292,2482
271240647,2483
271240654,2484
271240657,2485
271240667,2486
271240668,2487
271240671,2488
271240672,2489
271240674,2490
271241294,2491
271241296,2492
271241302,2493
271241428,2494
271241429,2495
271834348,2496
271834349,2497
271834350,2498
271834352,2499
271834353,2500
271834354,2501
271834357,2502
271834363,2503
271834404,2504
271834405,2505
271834406,2506
271880490,2507
271881735,2508
272299431,2509
272299432,2510
272299433,2511
272300407,2512
272300409,2513
273370535,2514
273370561,2515
273373467,2516
273373470,2517
273373472,2518
273373475,2519
273373480,2520
273373485,2521
273379573,2522
273379576,2523
273379590,2524
273379593,2525
273379595,2526
273379612,2527
273456985,2528
273456986,2529
273870575,2530
273870576,2531
273872194,2532
273872195,2533
273872196,2534
273872199,2535
273872203,2536
273877982,2537
273877986,2538
273900550,2539
273900551,2540
273900552,2541
274868147,2542
275107517,2543
275107520,2544
275107533,2545
275227939,2546
275795760,2547
276349477,2548
276349496,2549
276349515,2550
276349534,2551
276349552,2552
276349569,2553
276349627,2554
276349638,2555
276349655,2556
276349663,2557
276349688,2558
276349708,2559
276349714,2560
276349721,2561
276518041,2562
276518043,2563
276518045,2564
276518049,2565
276518051,2566
276518052,2567
276518053,2568
276518054,2569
276518059,2570
276518064,2571
276518071,2572
276518072,2573
276518080,2574
276518082,2575
276518087,2576
276518107,2577
276518108,2578
276518799,2579
276871640,2580
276871647,2581
276871668,2582
277290454,2583
278455841,2584
278516139,2585
278516953,2586
278516958,2587
278516959,2588
278516965,2589
278558217,2590
278558221,2591
278558224,2592
278559755,2593
278559756,2594
278559757,2595
278559764,2596
278559780,2597
278561124,2598
278561125,2599
278711944,2600
278810743,2601
278812537,2602
278812839,2603
278814964,2604
278815425,2605
278874034,2606
278874035,2607
278874046,2608
278874047,2609
278874052,2610
278874056,2611
278995519,2612
279008111,2613
279008112,2614
279008114,2615
279008119,2616
279008444,2617
279008446,2618
279008449,2619
279009395,2620
279009414,2621
279009415,2622
279011021,2623
279011025,2624
279011026,2625
279011028,2626
279011029,2627
279011033,2628
279011035,2629
279011771,2630
279368199,2631
279368533,2632
279595920,2633
279700304,2634
279972703,2635
279975364,2636
280261140,2637
280261141,2638
280265215,2639
280265355,2640
280267361,2641
280267372,2642
280710434,2643
280757006,2644
280757704,2645
280758129,2646
280758130,2647
280760873,2648
280761196,2649
280823838,2650
280833594,2651
280833596,2652
280833694,2653
280834004,2654
280915162,2655
280915167,2656
280915168,2657
280915169,2658
280915170,2659
281158316,2660
281163310,2661
281168685,2662
281169674,2663
281169739,2664
281170046,2665
281170047,2666
281170048,2667
281170305,2668
281170424,2669
281170696,2670
281170879,2671
281171145,2672
281171370,2673
281171556,2674
281528450,2675
281532944,2676
281532945,2677
281762598,2678
281762682,2679
281763676,2680
281763966,2681
281764382,2682
281764384,2683
281764423,2684
281764443,2685
281764444,2686
281764667,2687
281764668,2688
281764669,2689
281765232,2690
281765235,2691
281765237,2692
281765239,2693
281765241,2694
281765243,2695
281765431,2696
281766208,2697
281766209,2698
281766288,2699
281766292,2700
281985493,2701
281985716,2702
281986366,2703
281986817,2704
281986885,2705
281987401,2706
281987402,2707
281987403,2708
281987765,2709
281987977,2710
281988235,2711
281988327,2712
281988329,2713
281989338,2714
281989340,2715
281989542,2716
281989543,2717
281989675,2718
281990104,2719
282074724,2720
282214412,2721
282214418,2722
282260205,2723
282260231,2724
282264580,2725
282266603,2726
282266610,2727
282266692,2728
282266752,2729
282268309,2730
282418120,2731
282418121,2732
282418122,2733
282418126,2734
282419253,2735
282419254,2736
282419262,2737
282419264,2738
282419265,2739
282419266,2740
282423329,2741
282448304,2742
282448306,2743
283033834,2744
283290412,2745
283372565,2746
283536524,2747
283536571,2748
283536725,2749
283536726,2750
283536796,2751
283536797,2752
283536808,2753
283536809,2754
283537354,2755
283537356,2756
283537360,2757
283537361,2758
283537475,2759
283537635,2760
283537636,2761
283626028,2762
283626036,2763
283626037,2764
283626067,2765
283626082,2766
285213440,2767
285762803,2768
285955641,2769
285961653,2770
285961655,2771
285966454,2772
286555094,2773
286555097,2774
286555101,2775
286555102,2776
286558603,2777
286560470,2778
286561232,2779
286561237,2780
286562290,2781
286581013,2782
286581017,2783
286634973,2784
286652803,2785
286652811,2786
286652812,2787
286652813,2788
286839950,2789
286840016,2790
286841133,2791
286921292,2792
286921295,2793
286921304,2794
286921329,2795
286921355,2796
286921362,2797
286921366,2798
286921377,2799
286921410,2800
286936818,2801
286936820,2802
286936821,2803
286936823,2804
286936827,2805
286968149,2806
286968153,2807
286968154,2808
286968156,2809
286968157,2810
286968158,2811
286968168,2812
286973091,2813
287656893,2814
287656897,2815
287656898,2816
287656902,2817
287656903,2818
287656915,2819
287656916,2820
287656930,2821
287661925,2822
287661931,2823
287661935,2824
287661954,2825
287661956,2826
287661976,2827
287661977,2828
287661978,2829
287661980,2830
287661982,2831
287661983,2832
287661985,2833
287661986,2834
287661987,2835
287662673,2836
287662676,2837
287662681,2838
287662684,2839
287662685,2840
287835665,2841
287835670,2842
287835681,2843
287835684,2844
287838585,2845
287838591,2846
287862871,2847
287862945,2848
288006883,2849
288013018,2850
288014407,2851
288014408,2852
288014410,2853
288014411,2854
288101485,2855
288101486,2856
288101487,2857
288101489,2858
288101490,2859
288101503,2860
288101507,2861
288101508,2862
288101514,2863
288112500,2864
288112516,2865
288112529,2866
288112628,2867
288112645,2868
288112655,2869
288112669,2870
288112680,2871
288112682,2872
288112685,2873
288112687,2874
288112691,2875
288114812,2876
288114813,2877
288114819,2878
288158196,2879
288158197,2880
288158199,2881
288518291,2882
288518292,2883
288518293,2884
288518294,2885
288518295,2886
288799061,2887
288799085,2888
288901851,2889
288901853,2890
288901861,2891
288909232,2892
288909235,2893
288969942,2894
288970300,2895
288970301,2896
288981747,2897
288999613,2898
288999757,2899
289001152,2900
289001335,2901
289004612,2902
289020902,2903
289020915,2904
289020926,2905
289020936,2906
289020956,2907
289020962,2908
289020963,2909
289020965,2910
289020967,2911
289020968,2912
289020972,2913
289020976,2914
289020977,2915
289135118,2916
289135121,2917
289135122,2918
289135123,2919
289175392,2920
289321628,2921
289328488,2922
289328489,2923
289328490,2924
289328492,2925
289329280,2926
290518525,2927
290518527,2928
290518529,2929
290518531,2930
290518532,2931
290528556,2932
290528558,2933
290528845,2934
290528847,2935
290529719,2936
290790171,2937
291051253,2938
291051715,2939
291580966,2940
291580969,2941
291580970,2942
291580974,2943
291580976,2944
291580977,2945
291580979,2946
291580982,2947
291580992,2948
291742708,2949
291742709,2950
291742710,2951
292077194,2952
292692344,2953
292692346,2954
292692351,2955
292867143,2956
293246511,2957
293246514,2958
293246518,2959
293246520,2960
293246526,2961
293246531,2962
293246533,2963
293247231,2964
293247252,2965
293252010,2966
293252012,2967
293252020,2968
293551519,2969
293551523,2970
293551525,2971
293672965,2972
293672966,2973
293672979,2974
293672983,2975
293688358,2976
293772443,2977
293772450,2978
293772467,2979
295015564,2980
295015565,2981
297597791,2982
297597793,2983
297597797,2984
297597803,2985
297597804,2986
297597825,2987
297597830,2988
297597831,2989
297597836,2990
297597858,2991
297597870,2992
297597911,2993
297597967,2994
297597979,2995
297597980,2996
297597985,2997
297597990,2998
297597991,2999
297597996,3000
297597997,3001
297597999,3002
297598002,3003
297598008,3004
297598010,3005
297598033,3006
297598034,3007
297598035,3008
297598042,3009
297598043,3010
297598067,3011
297598069,3012
297598072,3013
297598099,3014
297598158,3015
297598173,3016
297699664,3017
297700955,3018
297700970,3019
297701001,3020
297701063,3021
297701066,3022
297701067,3023
297701069,3024
297701071,3025
297701074,3026
297701075,3027
297701095,3028
297701285,3029
297714150,3030
297714155,3031
297714159,3032
297714176,3033
297714188,3034
297714191,3035
297861090,3036
297885320,3037
297885323,3038
297885327,3039
297886857,3040
297886873,3041
297906081,3042
297906655,3043
297995814,3044
298137869,3045
298137873,3046
298137892,3047
298137894,3048
298137901,3049
298137903,3050
298375758,3051
298375763,3052
298375785,3053
298382132,3054
298382133,3055
298382611,3056
298382612,3057
298389030,3058
298510959,3059
298511107,3060
298512146,3061
298512221,3062
298874399,3063
298996651,3064
298996674,3065
298999999,3066
299000001,3067
299000002,3068
299000007,3069
299000021,3070
299000022,3071
299000030,3072
299000032,3073
299000035,3074
299000036,3075
299000037,3076
299000038,3077
299000040,3078
299000042,3079
299000047,3080
299000054,3081
299000061,3082
299000066,3083
299000070,3084
299000071,3085
299000072,3086
299000073,3087
299000074,3088
299000075,3089
299000076,3090
299000077,3091
299000078,3092
299000079,3093
299002772,3094
299002780,3095
299002813,3096
299002842,3097
299002872,3098
299002873,3099
299002874,3100
299002875,3101
299002876,3102
299002877,3103
299002878,3104
299002879,3105
299002880,3106
299002881,3107
299002882,3108
299002883,3109
299002884,3110
299002885,3111
299002886,3112
299011556,3113
299011563,3114
299011565,3115
299011578,3116
299011590,3117
299011593,3118
299011597,3119
299011606,3120
299011637,3121
299011638,3122
299011640,3123
299011641,3124
299011643,3125
299011646,3126
299011651,3127
299011652,3128
299011654,3129
299011655,3130
299013563,3131
299013566,3132
299013567,3133
299013568,3134
299013570,3135
299014400,3136
299014405,3137
299014406,3138
299018678,3139
299018680,3140
299018681,3141
299019804,3142
299020023,3143
299020026,3144
299020035,3145
299020036,3146
299020037,3147
299020041,3148
299020042,3149
299020044,3150
299020057,3151
299020058,3152
299020083,3153
299020135,3154
299020146,3155
299020147,3156
299020148,3157
299020149,3158
299020150,3159
299020155,3160
299022319,3161
299022320,3162
299022322,3163
299022327,3164
299022333,3165
299022360,3166
299022365,3167
299022378,3168
299022380,3169
299024696,3170
299024701,3171
299049942,3172
299049984,3173
299049999,3174
299050005,3175
299050360,3176
299050362,3177
299082360,3178
299082363,3179
299082366,3180
299214663,3181
299214664,3182
299214668,3183
299214674,3184
299214681,3185
299214686,3186
299214695,3187
299214698,3188
299214700,3189
299214714,3190
299214726,3191
299214752,3192
299216241,3193
299217483,3194
299217484,3195
299218322,3196
299228980,3197
299229271,3198
299238666,3199
299280318,3200
299280319,3201
299280323,3202
299280333,3203
299281626,3204
299281637,3205
299309952,3206
299312658,3207
299312659,3208
299312662,3209
299312669,3210
299312670,3211
299312672,3212
299312675,3213
299312678,3214
299312679,3215
299312680,3216
299312681,3217
299312682,3218
299312683,3219
299312685,3220
299312690,3221
299312691,3222
299312692,3223
299312693,3224
299312694,3225
299312695,3226
299312696,3227
299312697,3228
299312698,3229
299315673,3230
299315677,3231
299315682,3232
299315685,3233
299453836,3234
299487288,3235
299488535,3236
299488664,3237
299488710,3238
299536158,3239
299553370,3240
299553630,3241
299553632,3242
299830381,3243
299830382,3244
299929910,3245
299929911,3246
299932490,3247
299932668,3248
299932671,3249
300114236,3250
300120061,3251
300120065,3252
300120066,3253
300295004,3254
300317900,3255
300317964,3256
300318053,3257
300318107,3258
300318122,3259
300318127,3260
300318133,3261
300318137,3262
300318187,3263
300318238,3264
300376703,3265
300376915,3266
300700829,3267
300700830,3268
300700833,3269
300700834,3270
300700844,3271
300992195,3272
301088098,3273
301088099,3274
301142352,3275
301142360,3276
301142366,3277
301142400,3278
301224375,3279
301224616,3280
301563287,3281
301984207,3282
302997491,3283
302997495,3284
302997549,3285
302997551,3286
302997610,3287
302997611,3288
302997612,3289
302997647,3290
302997648,3291
302997649,3292
302997675,3293
302997744,3294
302998331,3295
302998332,3296
302998363,3297
302998364,3298
302998365,3299
302998366,3300
302998405,3301
303189189,3302
303189192,3303
303189193,3304
303189194,3305
303354044,3306
303354235,3307
303354238,3308
303935475,3309
304043394,3310
304043452,3311
304043625,3312
304043688,3313
304044032,3314
304044121,3315
304045928,3316
304046353,3317
304157139,3318
304157658,3319
304157660,3320
304158987,3321
304158988,3322
304158989,3323
304159121,3324
304159129,3325
304245940,3326
304246153,3327
304246161,3328
304249751,3329
304250074,3330
304250085,3331
304250170,3332
304250873,3333
304250883,3334
304250903,3335
304250905,3336
304250930,3337
304251023,3338
304251386,3339
304251401,3340
304251402,3341
304251406,3342
304251408,3343
304251409,3344
304251412,3345
304251415,3346
304251417,3347
304251420,3348
304251421,3349
304251426,3350
304251428,3351
304251429,3352
304251430,3353
304251456,3354
304251598,3355
304251602,3356
304251603,3357
304251606,3358
304251610,3359
304251617,3360
304251620,3361
304251731,3362
304251735,3363
304251865,3364
304251870,3365
304252099,3366
304252174,3367
304252687,3368
304252777,3369
304252778,3370
304252972,3371
304253092,3372
304253094,3373
304253102,3374
304253121,3375
304253230,3376
304253231,3377
304253232,3378
304253244,3379
304253254,3380
304253258,3381
304253275,3382
304253346,3383
304253353,3384
304253354,3385
304253355,3386
304253722,3387
304253795,3388
304253797,3389
304253799,3390
304253800,3391
304253804,3392
304253822,3393
304254102,3394
304254111,3395
304254112,3396
304254195,3397
304254197,3398
304254198,3399
304254321,3400
304254378,3401
304254590,3402
304254599,3403
304264985,3404
304265164,3405
304265529,3406
304265532,3407
304265635,3408
304265637,3409
304265661,3410
304265663,3411
304265665,3412
304265832,3413
304265838,3414
304273206,3415
304275082,3416
304275320,3417
304275445,3418
304275448,3419
304336804,3420
304341694,3421
304401618,3422
304500825,3423
304602258,3424
304663362,3425
304663574,3426
304663830,3427
304664055,3428
304664423,3429
304664424,3430
304664507,3431
304664583,3432
304664585,3433
304665174,3434
304665254,3435
304665361,3436
304665585,3437
304665726,3438
304672281,3439
304672292,3440
304672294,3441
304729587,3442
304729596,3443
304729604,3444
304729620,3445
304729623,3446
304729629,3447
304729630,3448
304729633,3449
304729644,3450
304729650,3451
304729659,3452
304729675,3453
304730431,3454
304730447,3455
304731237,3456
304735192,3457
304931028,3458
304931069,3459
304931078,3460
304931083,3461
304933516,3462
304933518,3463
304933519,3464
304933524,3465
304933527,3466
304933531,3467
304933533,3468
304933534,3469
304933535,3470
304933537,3471
304933538,3472
304933547,3473
304933549,3474
304933555,3475
304942651,3476
304942652,3477
304942653,3478
304942659,3479
304942661,3480
304942662,3481
304942680,3482
304942682,3483
304942688,3484
304942853,3485
304942917,3486
304944526,3487
304944528,3488
304944533,3489
304944534,3490
304944535,3491
304944537,3492
304944545,3493
304944546,3494
304944547,3495
304944550,3496
304944551,3497
304944557,3498
304944559,3499
304944560,3500
304944561,3501
304944562,3502
304947604,3503
304947839,3504
304950868,3505
304979645,3506
304979662,3507
304979670,3508
304979671,3509
304979672,3510
304979677,3511
304979681,3512
304994296,3513
305704713,3514
305704973,3515
305707072,3516
305707074,3517
305784336,3518
305789434,3519
305789435,3520
305791461,3521
305970298,3522
305970600,3523
305970612,3524
305970621,3525
305970626,3526
305971721,3527
305971787,3528
305975520,3529
305975523,3530
305976121,3531
305976129,3532
305976933,3533
305976936,3534
305976943,3535
305978234,3536
305978239,3537
305978298,3538
305978432,3539
305978433,3540
305978436,3541
305978755,3542
305978761,3543
305986076,3544
305986792,3545
306021502,3546
306021522,3547
306101598,3548
306472239,3549
306474411,3550
306474413,3551
306474426,3552
306474624,3553
306474625,3554
306475438,3555
306475439,3556
306478091,3557
306523158,3558
306523159,3559
307350292,3560
307350302,3561
307350391,3562
307407999,3563
307408001,3564
307408005,3565
307408006,3566
307408014,3567
307408016,3568
307408020,3569
307412037,3570
307722853,3571
309122327,3572
309122330,3573
309429151,3574
309442012,3575
309442015,3576
309442016,3577
309442018,3578
309442019,3579
309442020,3580
309442021,3581
309442022,3582
309442023,3583
309442024,3584
309442025,3585
309442026,3586
309442027,3587
309442028,3588
309442029,3589
309442030,3590
309442031,3591
309442032,3592
309442033,3593
309442034,3594
309442035,3595
309442036,3596
309442037,3597
309442038,3598
309442039,3599
309442830,3600
309442832,3601
309442835,3602
309444121,3603
309444123,3604
309737374,3605
309737379,3606
309740696,3607
309913180,3608
309918260,3609
309918262,3610
309918391,3611
309920921,3612
309920923,3613
309926613,3614
309926619,3615
309926622,3616
309926625,3617
309926628,3618
309926630,3619
309926638,3620
309926642,3621
309926646,3622
309926649,3623
309926653,3624
309926677,3625
309926682,3626
309926692,3627
309926695,3628
309926696,3629
309926766,3630
309926784,3631
309926792,3632
309926795,3633
309926799,3634
309926802,3635
309926806,3636
309926818,3637
309926823,3638
309926827,3639
309926838,3640
309926842,3641
309926845,3642
309926851,3643
309926852,3644
309926857,3645
309926861,3646
309926867,3647
309926874,3648
309926894,3649
309926901,3650
309926954,3651
309926995,3652
309927000,3653
309927002,3654
309927003,3655
309934760,3656
309934788,3657
309934983,3658
310006667,3659
310007130,3660
310007330,3661
310007438,3662
310007960,3663
310009178,3664
310078872,3665
310078874,3666
310078956,3667
310078957,3668
310079152,3669
310079415,3670
310079792,3671
310079804,3672
310092395,3673
310109825,3674
310109850,3675
310110080,3676
310110090,3677
310110123,3678
310110266,3679
310110309,3680
310110653,3681
310110668,3682
310110925,3683
310110926,3684
310110927,3685
310110955,3686
310111290,3687
310111326,3688
310125324,3689
310126015,3690
310126017,3691
310126279,3692
310128064,3693
310128069,3694
310129108,3695
310129109,3696
310204228,3697
310204368,3698
310204433,3699
310204498,3700
310204501,3701
310204575,3702
310204963,3703
310204964,3704
310205128,3705
310205140,3706
310205142,3707
310205460,3708
310205461,3709
310205462,3710
310205463,3711
310205464,3712
310205581,3713
310205582,3714
310205602,3715
310205720,3716
310205721,3717
310206181,3718
310206183,3719
310206373,3720
310206377,3721
310206379,3722
310206405,3723
310206417,3724
310206418,3725
310206431,3726
310206556,3727
310206558,3728
310206559,3729
310206560,3730
310244305,3731
310245973,3732
310399247,3733
310399250,3734
310399252,3735
310399254,3736
310399259,3737
310399285,3738
310399395,3739
310399404,3740
310399410,3741
310399676,3742
310399832,3743
310399835,3744
310399842,3745
310399843,3746
310399953,3747
310399959,3748
310400389,3749
310400393,3750
310400491,3751
310400601,3752
310400602,3753
310400605,3754
310400649,3755
310400783,3756
310400798,3757
310401019,3758
310401311,3759
310401767,3760
310401858,3761
310401859,3762
310401860,3763
310401862,3764
310401864,3765
310401969,3766
310401970,3767
310401971,3768
310401972,3769
310401973,3770
310403239,3771
310403420,3772
310403452,3773
310403743,3774
310403809,3775
310404235,3776
310404288,3777
310404346,3778
310404360,3779
310404367,3780
310405548,3781
310405559,3782
310405637,3783
310595190,3784
310595202,3785
311126784,3786
311242128,3787
311242131,3788
311242135,3789
311242150,3790
311242160,3791
311242162,3792
311242166,3793
311321219,3794
311321220,3795
311321588,3796
311321593,3797
311322040,3798
311322641,3799
311322644,3800
311322649,3801
311322661,3802
311323105,3803
311323117,3804
311323124,3805
311323986,3806
311323990,3807
311325084,3808
311325126,3809
311326224,3810
311326477,3811
311326480,3812
311327408,3813
311327410,3814
311333055,3815
311333727,3816
311333776,3817
311334119,3818
311334207,3819
311335525,3820
313827118,3821
314591693,3822
314591697,3823
314591711,3824
314591738,3825
314591749,3826
314591753,3827
314591754,3828
314591756,3829
314591763,3830
314597916,3831
314854782,3832
314855447,3833
314856323,3834
314859735,3835
314859736,3836
314860160,3837
314933652,3838
314933653,3839
314933654,3840
314933655,3841
314933656,3842
314933657,3843
314933658,3844
314933661,3845
314933663,3846
314973987,3847
314974008,3848
314974013,3849
314974014,3850
314974015,3851
314974018,3852
314974033,3853
314974037,3854
314974039,3855
314974040,3856
314974049,3857
314974058,3858
314974063,3859
314974066,3860
314974067,3861
314974068,3862
314974073,3863
314974078,3864
314974084,3865
315230243,3866
315231966,3867
315829627,3868
315829631,3869
315829633,3870
315829635,3871
315829637,3872
315829638,3873
315829644,3874
315829646,3875
315829647,3876
315829649,3877
315829657,3878
315829660,3879
315829662,3880
315829663,3881
315829665,3882
315829667,3883
315829669,3884
315829670,3885
315829672,3886
315829674,3887
315829676,3888
315829678,3889
315829679,3890
315829681,3891
315829683,3892
315829688,3893
315829690,3894
315829692,3895
315829694,3896
315829696,3897
315829698,3898
315829700,3899
315829704,3900
315829706,3901
315829715,3902
315834363,3903
315834367,3904
315834381,3905
315834399,3906
315834401,3907
315834404,3908
315835824,3909
315835829,3910
315835906,3911
315835917,3912
316055310,3913
316056096,3914
316059267,3915
316059268,3916
316059272,3917
316059753,3918
316102660,3919
316102661,3920
316102663,3921
316102803,3922
316102807,3923
316827977,3924
316921354,3925
316921357,3926
316921358,3927
316921359,3928
316921361,3929
316921364,3930
316921365,3931
316921370,3932
316921373,3933
316921382,3934
316921384,3935
316921385,3936
316921391,3937
316921394,3938
316921399,3939
316921403,3940
316921407,3941
316921408,3942
316921416,3943
316921421,3944
316921426,3945
317966643,3946
317967968,3947
317967969,3948
318112566,3949
318317723,3950
318319126,3951
318537584,3952
318537586,3953
319314757,3954
319314767,3955
319714086,3956
319714087,3957
321231424,3958
321233419,3959
321233420,3960
321233421,3961
321373415,3962
321373681,3963
321373684,3964
321373685,3965
321374001,3966
321375043,3967
321375046,3968
321375049,3969
321375134,3970
321375135,3971
321375513,3972
321375773,3973
321375774,3974
321375781,3975
321375995,3976
321376147,3977
321376148,3978
321376150,3979
321376152,3980
321376637,3981
321376639,3982
321376641,3983
322724116,3984
322724117,3985
322724128,3986
322724129,3987
322724134,3988
322724138,3989
322724145,3990
322724146,3991
322724162,3992
322724819,3993
322724822,3994
322724824,3995
322724825,3996
322725087,3997
322725089,3998
322725090,3999
322725091,4000
322725092,4001
322725093,4002
322725094,4003
322725095,4004
322725096,4005
322725722,4006
322725724,4007
322726027,4008
322800077,4009
322800082,4010
322800091,4011
322800397,4012
322800398,4013
322883169,4014
322884488,4015
322886427,4016
323088711,4017
323092437,4018
323093020,4019
323916537,4020
324581174,4021
324581176,4022
325218132,4023
325218133,4024
325218134,4025
325218137,4026
325218138,4027
325218141,4028
327457916,4029
327457918,4030
327458332,4031
327458977,4032
327459560,4033
327459652,4034
327459985,4035
327460130,4036
327460166,4037
327460442,4038
327463672,4039
327467830,4040
327468053,4041
327468765,4042
327474629,4043
327478090,4044
327478169,4045
327478250,4046
327484525,4047
327484526,4048
327485113,4049
327485938,4050
327485939,4051
327508448,4052
327514185,4053
329590357,4054
330315528,4055
330315529,4056
330315530,4057
330315983,4058
330317754,4059
330317953,4060
331073018,4061
331075644,4062
331094537,4063
331094538,4064
331097105,4065
332070572,4066
332070576,4067
332070578,4068
332070580,4069
332070589,4070
333118947,4071
333136616,4072
335725453,4073
335725630,4074
335725752,4075
335725789,4076
335726067,4077
335726338,4078
335726339,4079
335726342,4080
335726346,4081
335726575,4082
335726593,4083
335727164,4084
335727836,4085
335727963,4086
335727965,4087
335728164,4088
335990441,4089
335990931,4090
335991318,4091
335991480,4092
335991893,4093
335991894,4094
335992445,4095
335993005,4096
335993174,4097
335994090,4098
335994738,4099
335994741,4100
335994745,4101
335994749,4102
335994805,4103
335994807,4104
335997136,4105
336001216,4106
336001248,4107
336002336,4108
336028775,4109
336028777,4110
338577110,4111
338577840,4112
338577987,4113
338579283,4114
338580039,4115
338583960,4116
338585878,4117
338585881,4118
338586076,4119
338586077,4120
338586110,4121
338586194,4122
338590007,4123
338590877,4124
338591183,4125
338591237,4126
338591326,4127
338591738,4128
338592236,4129
338592458,4130
338592687,4131
338593032,4132
338594056,4133
338805071,4134
338805082,4135
338805149,4136
338805150,4137
338805734,4138
338805887,4139
338805889,4140
338805890,4141
338805894,4142
338806012,4143
338806013,4144
338806054,4145
338806058,4146
338806217,4147
338806251,4148
338806253,4149
338806339,4150
338806342,4151
338806346,4152
338806347,4153
338806453,4154
338806479,4155
338806586,4156
338806589,4157
338806601,4158
338806606,4159
338806629,4160
338807054,4161
338871185,4162
338871193,4163
338871224,4164
338871267,4165
338871365,4166
338871371,4167
338871437,4168
338871798,4169
338871799,4170
338871800,4171
338871801,4172
338871802,4173
338871957,4174
338872657,4175
338872832,4176
338872858,4177
339830641,4178
339830642,4179
339830644,4180
340014832,4181
340079444,4182
340311933,4183
340461495,4184
341793261,4185
341793263,4186
343566860,4187
343566863,4188
343567120,4189
343567189,4190
343567190,4191
343567191,4192
343567216,4193
343567759,4194
343567760,4195
343567762,4196
343567775,4197
343568001,4198
343568771,4199
343763158,4200
343763169,4201
343763217,4202
343763222,4203
343763257,4204
343768329,4205
343768333,4206
343770659,4207
343770662,4208
343770667,4209
343770671,4210
343770675,4211
343770678,4212
344050250,4213
344050252,4214
344602771,4215
344602805,4216
344602863,4217
344602947,4218
344602948,4219
344602949,4220
344602950,4221
344602951,4222
344602952,4223
344603066,4224
344603219,4225
344603255,4226
344603294,4227
344603301,4228
344603359,4229
344606069,4230
344606124,4231
344606125,4232
344606126,4233
344606722,4234
344606730,4235
344607154,4236
344607206,4237
344607331,4238
344607423,4239
344607978,4240
344608171,4241
344608981,4242
344610080,4243
344610084,4244
344738125,4245
344738126,4246
344875449,4247
345377553,4248
345377555,4249
345572439,4250
345575483,4251
345577303,4252
345577408,4253
345577413,4254
345577416,4255
345577653,4256
345577654,4257
345577820,4258
345577821,4259
345578120,4260
345578296,4261
345578650,4262
345578653,4263
345579295,4264
345579431,4265
345579470,4266
345582156,4267
345806860,4268
345810040,4269
345812236,4270
345812240,4271
345812243,4272
345812248,4273
346342986,4274
346344206,4275
346345177,4276
346345180,4277
346345182,4278
347496507,4279
347497653,4280
347497660,4281
347497661,4282
347497662,4283
349073391,4284
349073414,4285
351418428,4286
352676705,4287
352677149,4288
352677196,4289
352677511,4290
352677666,4291
352677683,4292
352677772,4293
352678645,4294
352678801,4295
352678836,4296
352679334,4297
352679337,4298
352679344,4299
352679519,4300
352679846,4301
352679911,4302
352679921,4303
352679932,4304
352680025,4305
352680355,4306
352680362,4307
352680691,4308
352680692,4309
352680729,4310
352680939,4311
352750640,4312
353234528,4313
353965084,4314
353973926,4315
354540158,4316
354540162,4317
354540166,4318
354540172,4319
354543177,4320
354578651,4321
354578668,4322
354578674,4323
354578677,4324
354579727,4325
358156657,4326
358158388,4327
358332322,4328
358333118,4329
358333644,4330
358334027,4331
358334412,4332
358334417,4333
358335905,4334
358336177,4335
358336952,4336
358444690,4337
358444691,4338
359216633,4339
359217252,4340
359581395,4341
359581400,4342
359581403,4343
359581410,4344
359581413,4345
359581416,4346
360183140,4347
360596661,4348
360636941,4349
360636945,4350
361118924,4351
361157561,4352
361159423,4353
361159424,4354
361159426,4355
361159887,4356
361160223,4357
361160224,4358
361160226,4359
361160227,4360
361160537,4361
361160600,4362
361160790,4363
361160957,4364
361161374,4365
361161743,4366
361161876,4367
361162350,4368
361165232,4369
362853613,4370
362853626,4371
362853633,4372
362853646,4373
362863346,4374
364307516,4375
364348439,4376
364348442,4377
364348444,4378
364348482,4379
364348486,4380
364348541,4381
364348542,4382
364348544,4383
364348597,4384
364348603,4385
364348697,4386
364348698,4387
364348699,4388
364350165,4389
364350166,4390
364350167,4391
364350200,4392
364350202,4393
364350210,4394
364350211,4395
364350220,4396
364350221,4397
364667931,4398
365311320,4399
365748342,4400
365748667,4401
365749828,4402
365765765,4403
366331102,4404
366331108,4405
366341247,4406
366360865,4407
366360866,4408
366361852,4409
366363006,4410
366376903,4411
366539564,4412
366539570,4413
366539574,4414
366539575,4415
366539585,4416
366539587,4417
366539588,4418
366539590,4419
366539592,4420
366539594,4421
366539597,4422
366539598,4423
366539603,4424
366539604,4425
366539609,4426
366539610,4427
366539611,4428
366539619,4429
366539622,4430
366539635,4431
366539639,4432
366539641,4433
366539644,4434
366539648,4435
366539730,4436
366539767,4437
366539769,4438
366539770,4439
366539772,4440
366539779,4441
366539781,4442
366539782,4443
366539785,4444
366539791,4445
366539799,4446
366539800,4447
366539815,4448
366539819,4449
366539828,4450
366539829,4451
366539834,4452
366539835,4453
366539842,4454
366539844,4455
366539847,4456
366539848,4457
366539850,4458
366540559,4459
366548831,4460
366548842,4461
366548866,4462
366549272,4463
366684765,4464
366684769,4465
366684779,4466
366684782,4467
366684787,4468
366685070,4469
366685078,4470
366685081,4471
366685084,4472
366685089,4473
366685092,4474
366685095,4475
366685099,4476
366685101,4477
366685108,4478
366685111,4479
366685114,4480
366685126,4481
366685131,4482
366685135,4483
366685138,4484
366685269,4485
366685271,4486
366685273,4487
366685275,4488
366685286,4489
366685288,4490
366685290,4491
366686467,4492
366692180,4493
366863046,4494
366864847,4495
366864849,4496
366864851,4497
366864856,4498
366864863,4499
366864867,4500
366864869,4501
366869240,4502
366869243,4503
366869248,4504
366869251,4505
366869256,4506
366869258,4507
366869261,4508
366869270,4509
366869272,4510
366869277,4511
366869279,4512
366869287,4513
366869291,4514
366869299,4515
366869305,4516
366869306,4517
366869319,4518
366869321,4519
366869334,4520
366869337,4521
366869465,4522
366869468,4523
366869475,4524
366869479,4525
366869482,4526
366869489,4527
366869508,4528
366869523,4529
366869528,4530
366869542,4531
366870307,4532
366870374,4533
366875187,4534
366875190,4535
366875193,4536
366875219,4537
366875220,4538
366876825,4539
366903490,4540
366967355,4541
366967437,4542
366970609,4543
366970633,4544
367010508,4545
367010510,4546
367010512,4547
367010524,4548
367011186,4549
367012394,4550
367222352,4551
367224219,4552
367225024,4553
367225455,4554
367225902,4555
367228943,4556
367231294,4557
367231295,4558
367232798,4559
367233652,4560
367234685,4561
367235011,4562
367235394,4563
367644071,4564
367644175,4565
367644219,4566
367971435,4567
368290806,4568
368290812,4569
368290818,4570
368290819,4571
368290821,4572
368290824,4573
368290825,4574
368290831,4575
368290833,4576
368290836,4577
368290837,4578
368290842,4579
368290985,4580
368290986,4581
368290989,4582
369841530,4583
369841533,4584
369842715,4585
369955192,4586
369956403,4587
369957293,4588
369957297,4589
369957710,4590
369957711,4591
369958004,4592
370142927,4593
370149885,4594
370363329,4595
370363394,4596
370363395,4597
370376989,4598
371213442,4599
371577029,4600
371577031,4601
371577388,4602
371577392,4603
371787920,4604
371812722,4605
371812772,4606
371812787,4607
371815466,4608
372704487,4609
372704525,4610
372704537,4611
372704557,4612
372708369,4613
372711784,4614
372822027,4615
372822029,4616
372827478,4617
372827484,4618
372827494,4619
372828055,4620
372828057,4621
372828061,4622
373112663,4623
373112665,4624
373112666,4625
373112670,4626
373112688,4627
373112689,4628
373112693,4629
373121109,4630
373121200,4631
373121357,4632
373121858,4633
373122391,4634
373122491,4635
373122493,4636
373354030,4637
373354037,4638
373354773,4639
373475481,4640
374115004,4641
374115040,4642
374387364,4643
374577968,4644
375610146,4645
375610259,4646
375610262,4647
375610565,4648
375610566,4649
375620471,4650
375620477,4651
375689319,4652
375690056,4653
375690503,4654
375690504,4655
375690620,4656
375690965,4657
375690966,4658
375690967,4659
375691372,4660
375691953,4661
375692145,4662
375692147,4663
375692149,4664
375692150,4665
375692177,4666
375692301,4667
375692466,4668
375692467,4669
375692725,4670
375705433,4671
375705440,4672
375705466,4673
375705471,4674
375710223,4675
375801476,4676
375905889,4677
375908004,4678
375908039,4679
375964911,4680
375977681,4681
375977685,4682
376075546,4683
376078447,4684
376624411,4685
376625440,4686
378367095,4687
378367197,4688
378367384,4689
378368026,4690
378368525,4691
378368590,4692
378368633,4693
378368637,4694
378368822,4695
378368835,4696
378368878,4697
378369362,4698
378369402,4699
378369570,4700
378369958,4701
378370257,4702
378370264,4703
378371245,4704
378371258,4705
378371321,4706
378371802,4707
378372192,4708
378372584,4709
378372649,4710
378372674,4711
378372786,4712
378372791,4713
378374740,4714
378374767,4715
378374790,4716
378374833,4717
378375059,4718
378375124,4719
378375227,4720
378375507,4721
378375519,4722
378375523,4723
378375537,4724
378375751,4725
378375889,4726
378375979,4727
378376364,4728
378376438,4729
378377182,4730
378377206,4731
378738027,4732
379570841,4733
379570870,4734
379570901,4735
379570906,4736
379570913,4737
379570970,4738
379570974,4739
379570996,4740
379571002,4741
379571017,4742
379571022,4743
379571025,4744
379752577,4745
379752578,4746
379752581,4747
379752586,4748
379752598,4749
379752603,4750
379752604,4751
379752615,4752
379752616,4753
379752619,4754
380493530,4755
380493541,4756
380493543,4757
380493544,4758
380493548,4759
380493549,4760
380493550,4761
380515811,4762
380902974,4763
380902980,4764
380902983,4765
380930145,4766
380930147,4767
382651478,4768
382656460,4769
383422740,4770
383422751,4771
383769623,4772
384759394,4773
384878038,4774
384878040,4775
384878042,4776
384878049,4777
384878055,4778
384878076,4779
384878078,4780
384878089,4781
384878095,4782
384878103,4783
384878105,4784
384878121,4785
384878134,4786
384878154,4787
384878164,4788
384878166,4789
384885691,4790
384885694,4791
384885697,4792
384885700,4793
384885701,4794
384885702,4795
385667909,4796
385667914,4797
385667926,4798
386100405,4799
386134296,4800
387469480,4801
387469481,4802
387469482,4803
387469483,4804
387469484,4805
387469485,4806
387469486,4807
392068677,4808
392068680,4809
392068686,4810
392068695,4811
392068696,4812
392068697,4813
392068698,4814
392068702,4815
392068703,4816
392068705,4817
392068710,4818
392068712,4819
392068715,4820
392643126,4821
392643127,4822
392643128,4823
392643129,4824
392643674,4825
392643675,4826
392643749,4827
392643750,4828
392643927,4829
392643988,4830
392643989,4831
392810460,4832
392810469,4833
392810489,4834
392810493,4835
392810495,4836
392810497,4837
392810501,4838
392810504,4839
392810508,4840
392810512,4841
392810516,4842
392810526,4843
392810534,4844
392810536,4845
392810552,4846
392889198,4847
392889199,4848
392894806,4849
392894807,4850
392894903,4851
392894904,4852
392896517,4853
393153390,4854
393158624,4855
393158631,4856
393158648,4857
393158651,4858
393158748,4859
393158990,4860
393159354,4861
393159357,4862
393215032,4863
393406868,4864
393406874,4865
393688581,4866
393688582,4867
393790476,4868
393790477,4869
393790480,4870
393849194,4871
393849213,4872
393855794,4873
393855799,4874
393856115,4875
393857315,4876
393857367,4877
393857774,4878
393858040,4879
399810913,4880
401797783,4881
402626570,4882
402626578,4883
402626581,4884
402626584,4885
402626588,4886
402626591,4887
402626597,4888
402684830,4889
402738612,4890
402738693,4891
402916826,4892
402982662,4893
402982701,4894
402982709,4895
402982714,4896
402982724,4897
402982730,4898
402982749,4899
402982780,4900
402982785,4901
402982787,4902
402982789,4903
402982793,4904
402982797,4905
402982832,4906
402982839,4907
402982842,4908
402982852,4909
402999367,4910
402999373,4911
403011157,4912
403036280,4913
403187926,4914
403380644,4915
403380651,4916
403380653,4917
403380657,4918
403380663,4919
403380669,4920
403871915,4921
403872095,4922
406190260,4923
406190261,4924
406190263,4925
406190266,4926
406190268,4927
406192377,4928
406192836,4929
406192837,4930
406192839,4931
406192861,4932
406194215,4933
406194220,4934
406195997,4935
406202742,4936
406207317,4937
406207320,4938
406207326,4939
406209717,4940
406209721,4941
406212786,4942
406214280,4943
406214296,4944
406214301,4945
406214307,4946
406214311,4947
406253115,4948
406253882,4949
406254430,4950
406254680,4951
406255175,4952
406255180,4953
406256473,4954
406256476,4955
406256478,4956
406256480,4957
406263188,4958
406264053,4959
408534024,4960
409129730,4961
409129731,4962
409129732,4963
409495032,4964
409495859,4965
409495862,4966
409495865,4967
409496322,4968
409496324,4969
409783249,4970
409798244,4971
409798253,4972
409798270,4973
409798277,4974
409798278,4975
409798289,4976
409798295,4977
409798296,4978
409798297,4979
409798303,4980
409798304,4981
409798306,4982
409798307,4983
409798308,4984
409798311,4985
409798315,4986
409798317,4987
410143281,4988
410143282,4989
410217668,4990
410217676,4991
410217683,4992
410287592,4993
410287694,4994
410287921,4995
410288730,4996
410288734,4997
410288857,4998
410556327,4999
410556362,5000
410615984,5001
410615994,5002
410615996,5003
410624595,5004
410624610,5005
410624611,5006
410624613,5007
410703756,5008
410703762,5009
410703769,5010
410703778,5011
410703785,5012
410703788,5013
410703791,5014
410703796,5015
410703801,5016
410703819,5017
410703824,5018
410703829,5019
410703831,5020
410703836,5021
410703840,5022
410703851,5023
410703862,5024
410703864,5025
410703881,5026
410703882,5027
411034871,5028
411034872,5029
411034880,5030
411034881,5031
411034884,5032
411034887,5033
411034897,5034
411034923,5035
411034928,5036
411034941,5037
411034948,5038
411288525,5039
411758474,5040
411759721,5041
411842497,5042
411842501,5043
411842503,5044
411842510,5045
411842519,5046
412123597,5047
412123598,5048
412123601,5049
412123611,5050
412123612,5051
412123619,5052
412123623,5053
412240634,5054
412551248,5055
412551251,5056
412551273,5057
412551276,5058
412551277,5059
412551278,5060
413010339,5061
413010368,5062
413581583,5063
414069265,5064
414069269,5065
414069282,5066
414071453,5067
414109490,5068
414109491,5069
414109492,5070
414110578,5071
414125718,5072
414125721,5073
414129945,5074
414129946,5075
414129947,5076
414129948,5077
414129949,5078
414129950,5079
414129951,5080
414129952,5081
414129953,5082
414917395,5083
414917404,5084
414917408,5085
414917420,5086
414917427,5087
415261041,5088
415261878,5089
415261897,5090
415261915,5091
415261924,5092
415262581,5093
415262584,5094
415262600,5095
415262601,5096
415262602,5097
415262608,5098
415262789,5099
415262796,5100
415262797,5101
415262804,5102
415262810,5103
415263703,5104
415263713,5105
415263725,5106
415264952,5107
415265555,5108
415265560,5109
415265564,5110
415265569,5111
416352918,5112
416352919,5113
416352930,5114
416571017,5115
416571023,5116
416571027,5117
416571028,5118
416571029,5119
416571030,5120
416571031,5121
416571032,5122
416628937,5123
417279188,5124
417279202,5125
417279209,5126
417279227,5127
417279330,5128
417279331,5129
417279365,5130
417279378,5131
417279379,5132
417279380,5133
417282057,5134
417282063,5135
417282064,5136
418244019,5137
418244037,5138
418875240,5139
418877360,5140
418877362,5141
418877367,5142
418877368,5143
418877374,5144
418915566,5145
418915570,5146
418915590,5147
418915592,5148
418915594,5149
418915596,5150
418915599,5151
418915619,5152
418915621,5153
418915625,5154
418915640,5155
418915643,5156
418915650,5157
418915653,5158
418968780,5159
418968784,5160
419622485,5161
419622507,5162
419745831,5163
419745834,5164
419745835,5165
419745837,5166
419749718,5167
419749721,5168
419749725,5169
419750709,5170
419750710,5171
419750713,5172
419750719,5173
419750726,5174
419750727,5175
419758638,5176
419758641,5177
419758646,5178
419758647,5179
419758657,5180
419758658,5181
419758660,5182
419758661,5183
419758664,5184
419758668,5185
419758669,5186
419758673,5187
419758674,5188
419758676,5189
419758679,5190
419758680,5191
419758682,5192
419758685,5193
419758691,5194
419758697,5195
419758701,5196
419758703,5197
419758710,5198
419758718,5199
419758720,5200
419912206,5201
419912419,5202
419913104,5203
419913224,5204
419913407,5205
419914117,5206
419914120,5207
419914700,5208
419915188,5209
419978542,5210
419978611,5211
419979013,5212
420009447,5213
420009449,5214
420009456,5215
420014599,5216
420051016,5217
420051021,5218
420051032,5219
420235548,5220
420235549,5221
420235550,5222
420235560,5223
420254401,5224
420254843,5225
420255622,5226
420257221,5227
420257222,5228
420257223,5229
420259147,5230
420259682,5231
420259919,5232
420265558,5233
420268870,5234
420276678,5235
420315510,5236
420315511,5237
420315512,5238
420315515,5239
420315517,5240
420315519,5241
420315521,5242
420315523,5243
420315525,5244
420315527,5245
420315528,5246
420315529,5247
420315530,5248
420315532,5249
420315535,5250
420315538,5251
420340784,5252
420825616,5253
420825621,5254
420825625,5255
421539186,5256
421929781,5257
421929783,5258
421929787,5259
422048389,5260
423084826,5261
423084862,5262
423084909,5263
423084912,5264
423084915,5265
423084918,5266
423084920,5267
423091278,5268
423091279,5269
423091285,5270
423146335,5271
423146337,5272
423146342,5273
423146345,5274
423146347,5275
423146348,5276
423146355,5277
423146359,5278
423146364,5279
423146375,5280
424198320,5281
424198330,5282
424198332,5283
424198333,5284
424198351,5285
424198354,5286
424198356,5287
424198387,5288
424198390,5289
424198393,5290
424202383,5291
424202386,5292
424202388,5293
424202391,5294
425345533,5295
425345549,5296
425345553,5297
425346780,5298
425347586,5299
425347850,5300
425348239,5301
425349825,5302
425349827,5303
425349956,5304
425349997,5305
425350111,5306
425350566,5307
425357687,5308
425357990,5309
425358162,5310
425358543,5311
427082356,5312
427082358,5313
427082361,5314
427082368,5315
427082371,5316
427082374,5317
427082393,5318
427082396,5319
427082398,5320
427082403,5321
427082408,5322
427082419,5323
427082427,5324
427082428,5325
427082436,5326
427082444,5327
427082449,5328
427082451,5329
427082454,5330
427082457,5331
427082458,5332
427082461,5333
427082463,5334
427082480,5335
427082481,5336
427082483,5337
427082486,5338
427082488,5339
427082493,5340
427688019,5341
427688021,5342
427688022,5343
427688023,5344
427688025,5345
427688026,5346
427688033,5347
427688034,5348
427688035,5349
427688036,5350
427688038,5351
427688049,5352
427688050,5353
427688051,5354
427688052,5355
427688053,5356
427946103,5357
427946107,5358
428055524,5359
428055531,5360
428055540,5361
428157912,5362
428157913,5363
428157931,5364
428277617,5365
428601270,5366
428601274,5367
428601275,5368
428601283,5369
428869712,5370
428869713,5371
428869731,5372
428869748,5373
428869758,5374
429603637,5375
429603639,5376
429606196,5377
429606198,5378
429630080,5379
429630081,5380
429630084,5381
429630085,5382
429630087,5383
429630091,5384
429630093,5385
429630104,5386
429958255,5387
429958256,5388
430366421,5389
430366422,5390
430366423,5391
430366426,5392
430366427,5393
430366429,5394
430366434,5395
430366435,5396
430366438,5397
430366463,5398
430366464,5399
430366468,5400
430366469,5401
430366471,5402
432537397,5403
432537412,5404
432537417,5405
432537419,5406
434003549,5407
434003556,5408
434003559,5409
434085561,5410
434482878,5411
434482881,5412
434482884,5413
434623159,5414
434623164,5415
434623169,5416
434623187,5417
434623189,5418
434623191,5419
434623195,5420
434623208,5421
434623216,5422
434623224,5423
434623231,5424
434623235,5425
434623258,5426
434623262,5427
434623286,5428
434623296,5429
434623306,5430
434623311,5431
434623329,5432
435416612,5433
435416613,5434
435416643,5435
435418387,5436
435418388,5437
435513309,5438
435513316,5439
435513318,5440
435513324,5441
435513330,5442
435513333,5443
435513337,5444
435513342,5445
435513344,5446
435513353,5447
435513360,5448
435513363,5449
435513366,5450
440627461,5451
440627462,5452
440627463,5453
440627468,5454
440627469,5455
440627472,5456
440627478,5457
440627483,5458
440627484,5459
440627486,5460
440628233,5461
440628235,5462
440628236,5463
440659089,5464
440659102,5465
440707730,5466
440707733,5467
440707742,5468
440707745,5469
440810254,5470
440814851,5471
440814853,5472
440814856,5473
440814858,5474
440814861,5475
440814862,5476
440814865,5477
440814870,5478
440814877,5479
440814878,5480
440814879,5481
440814880,5482
440814883,5483
440814884,5484
440814887,5485
440814893,5486
440814894,5487
440814898,5488
440814902,5489
440814912,5490
440814915,5491
441311622,5492
441311623,5493
441311624,5494
441311625,5495
441809422,5496
441841350,5497
441869460,5498
441869534,5499
441869546,5500
441869553,5501
441869590,5502
442156581,5503
442156709,5504
442157146,5505
442157611,5506
442158051,5507
442158568,5508
442158614,5509
442158625,5510
442158667,5511
442158926,5512
442159336,5513
442159777,5514
442159953,5515
442159956,5516
442159964,5517
442159966,5518
442159967,5519
442160018,5520
442160020,5521
442160022,5522
442160083,5523
442160218,5524
442160584,5525
442160587,5526
442160997,5527
442160999,5528
442161004,5529
442161036,5530
442161040,5531
442161041,5532
442161135,5533
442161138,5534
442161179,5535
442162057,5536
442162120,5537
442162333,5538
442162953,5539
442163056,5540
442321105,5541
442321113,5542
442330109,5543
442330110,5544
442330111,5545
442330113,5546
442330178,5547
442330182,5548
442330184,5549
442330229,5550
442579174,5551
442982487,5552
442982488,5553
443419667,5554
443425516,5555
443425517,5556
443425519,5557
443425520,5558
443425529,5559
443425531,5560
443425533,5561
443425548,5562
443825608,5563
443825609,5564
443825616,5565
443825617,5566
443825618,5567
443825619,5568
443825624,5569
443825627,5570
443856523,5571
443856528,5572
443856540,5573
443856554,5574
443856563,5575
443856571,5576
443856581,5577
443856583,5578
443856588,5579
443856592,5580
443856608,5581
443856644,5582
443856651,5583
443856667,5584
443856692,5585
443856696,5586
443856713,5587
443872097,5588
443872101,5589
443872102,5590
443872103,5591
443872158,5592
444587619,5593
444587630,5594
444671939,5595
445682239,5596
448094439,5597
448659859,5598
448881890,5599
448881898,5600
448897358,5601
448897360,5602
448897369,5603
448897374,5604
448897375,5605
448897376,5606
448897379,5607
448900228,5608
449355302,5609
451707359,5610
452506838,5611
452506839,5612
452506840,5613
452506841,5614
452506842,5615
452506843,5616
452595605,5617
452595614,5618
454147977,5619
454159679,5620
454177076,5621
454177077,5622
454177078,5623
454177083,5624
454177088,5625
454177089,5626
454177098,5627
454177101,5628
454177102,5629
454177111,5630
454248898,5631
454248902,5632
454475043,5633
455496195,5634
455575573,5635
455575575,5636
455575577,5637
456301396,5638
456301400,5639
456301401,5640
456301403,5641
457005247,5642
457005266,5643
457118256,5644
457118260,5645
457118264,5646
457118265,5647
457118270,5648
457118275,5649
457118277,5650
457118288,5651
457118292,5652
457118295,5653
457118301,5654
457118303,5655
457118305,5656
457118312,5657
457118314,5658
457118358,5659
457411728,5660
457623370,5661
457623372,5662
458401315,5663
458504299,5664
458504304,5665
458504316,5666
458504319,5667
458504326,5668
458504342,5669
458504348,5670
458504349,5671
458504350,5672
458504351,5673
458504395,5674
458504421,5675
458506181,5676
458506249,5677
458506270,5678
459831912,5679
459832289,5680
459832290,5681
459832294,5682
459832297,5683
459832298,5684
459832300,5685
459832310,5686
459832312,5687
459832314,5688
459832322,5689
459832325,5690
459832326,5691
459832330,5692
459832334,5693
459832335,5694
459832336,5695
459832337,5696
459836658,5697
461873633,5698
461873637,5699
462268815,5700
462269817,5701
462269819,5702
462677749,5703
462679524,5704
462684818,5705
462685507,5706
462685557,5707
463174136,5708
463174221,5709
463174228,5710
463174230,5711
464666745,5712
464666751,5713
464666874,5714
465199666,5715
465199861,5716
467167346,5717
467167617,5718
467168313,5719
467168315,5720
467174925,5721
467180619,5722
469092422,5723
469092427,5724
469092428,5725
469092429,5726
469105062,5727
469105090,5728
469105091,5729
469105093,5730
469105206,5731
469105211,5732
469105215,5733
469105216,5734
469105558,5735
469105788,5736
469105790,5737
469184305,5738
469184306,5739
469184309,5740
469184311,5741
469184312,5742
469184314,5743
469184317,5744
469184322,5745
469184324,5746
469184325,5747
469184327,5748
469184332,5749
469184338,5750
469184340,5751
469184355,5752
469713236,5753
469713238,5754
469713266,5755
469713268,5756
469713305,5757
469713310,5758
469713312,5759
469713318,5760
469713383,5761
469713481,5762
469713518,5763
469713560,5764
469713567,5765
469713572,5766
469714606,5767
469714830,5768
469715061,5769
469715071,5770
469715119,5771
469715164,5772
469715171,5773
469715237,5774
469715384,5775
469715457,5776
469715487,5777
469715766,5778
469715778,5779
469715786,5780
469715788,5781
469716344,5782
469716784,5783
469718791,5784
469719202,5785
469719207,5786
469719216,5787
469719422,5788
469719440,5789
469719554,5790
470054357,5791
470054358,5792
470054359,5793
470054360,5794
470054362,5795
470054363,5796
470415942,5797
470415999,5798
470494691,5799
470494708,5800
470495190,5801
470498156,5802
470498179,5803
470498184,5804
470498740,5805
470498755,5806
470504831,5807
470622277,5808
470622285,5809
470622287,5810
470622288,5811
470622290,5812
470622291,5813
470622293,5814
470622295,5815
470622296,5816
470622297,5817
470622298,5818
470622304,5819
470622307,5820
470622311,5821
470622312,5822
470622316,5823
470622320,5824
470622321,5825
470622324,5826
470622328,5827
470622329,5828
470622332,5829
470622337,5830
470622338,5831
470622339,5832
470622342,5833
470622345,5834
470622346,5835
470622347,5836
470622348,5837
470622350,5838
470627997,5839
470627999,5840
470628001,5841
470628003,5842
470628006,5843
470650794,5844
470650795,5845
470650796,5846
470650797,5847
470650798,5848
470650799,5849
470650808,5850
470650811,5851
470650813,5852
470650817,5853
470651324,5854
470652499,5855
471054005,5856
471131311,5857
471131314,5858
471131318,5859
471131324,5860
471131326,5861
471131327,5862
471131330,5863
471131331,5864
471131333,5865
471131334,5866
471131343,5867
471131344,5868
471955213,5869
471955252,5870
472106376,5871
472106393,5872
472106397,5873
472106399,5874
472106405,5875
472106412,5876
472106414,5877
472106421,5878
472106427,5879
472106429,5880
472106430,5881
472106431,5882
472106433,5883
472106436,5884
472106439,5885
472106442,5886
472106443,5887
472106448,5888
472113508,5889
472113520,5890
472113523,5891
472113524,5892
472113532,5893
472113533,5894
472113534,5895
472113536,5896
472113549,5897
472113551,5898
472115799,5899
472115800,5900
472118173,5901
472354128,5902
472354129,5903
472354132,5904
472354133,5905
472354134,5906
472354135,5907
472354136,5908
472354137,5909
472354138,5910
472354140,5911
472373554,5912
472373557,5913
472373559,5914
472373564,5915
472373565,5916
472373567,5917
472636842,5918
472636843,5919
472637269,5920
472637273,5921
472637277,5922
472637279,5923
472637317,5924
472638495,5925
472638496,5926
472638541,5927
472640082,5928
472640084,5929
472640271,5930
472640274,5931
472643645,5932
472643694,5933
472643752,5934
472647144,5935
473405521,5936
474164760,5937
474164788,5938
474164803,5939
474164804,5940
474164807,5941
474164830,5942
474164837,5943
474164838,5944
474656878,5945
474656881,5946
474656883,5947
474658337,5948
474658341,5949
474658342,5950
474658348,5951
475100300,5952
475296412,5953
475315715,5954
475315716,5955
475315717,5956
475315719,5957
475315720,5958
475315722,5959
475315724,5960
475315729,5961
475315730,5962
475315732,5963
475315737,5964
475315738,5965
475315740,5966
475315742,5967
475315744,5968
475323930,5969
475323931,5970
475323936,5971
475323939,5972
475323942,5973
475334383,5974
475334394,5975
475334397,5976
475334401,5977
475334408,5978
475364610,5979
475365845,5980
476021000,5981
476021003,5982
476874386,5983
476874388,5984
476874391,5985
476874394,5986
476874397,5987
476874398,5988
476874407,5989
476879225,5990
476879226,5991
476879229,5992
476879230,5993
476884369,5994
476884372,5995
476885904,5996
476885906,5997
476885908,5998
476893190,5999
476893193,6000
476893194,6001
476893196,6002
476893197,6003
476893199,6004
476893206,6005
476893218,6006
476897906,6007
476897907,6008
476897912,6009
476899104,6010
476899105,6011
476899112,6012
476901072,6013
476907210,6014
476907213,6015
476907214,6016
476907215,6017
476912166,6018
476912167,6019
476912168,6020
476912169,6021
476912170,6022
476912173,6023
476913081,6024
476913082,6025
476935412,6026
477660442,6027
477660627,6028
477661100,6029
477661186,6030
477662097,6031
477665735,6032
477665873,6033
477665925,6034
477983054,6035
477983056,6036
477983060,6037
477983070,6038
477983072,6039
477983074,6040
477983076,6041
477983081,6042
477983090,6043
477983099,6044
478051337,6045
478051367,6046
478051371,6047
478051374,6048
478051375,6049
478051377,6050
478051379,6051
478051404,6052
478051409,6053
478051411,6054
478051417,6055
478051463,6056
478051465,6057
478051469,6058
478051472,6059
478051479,6060
478080780,6061
478080782,6062
478080783,6063
478080785,6064
478080787,6065
478080810,6066
478080830,6067
479256193,6068
479283910,6069
479287845,6070
479287852,6071
479402165,6072
479434835,6073
480428181,6074
480428186,6075
480428194,6076
481317984,6077
482626274,6078
482626367,6079
482633765,6080
482633777,6081
482633791,6082
482633802,6083
482633803,6084
482664915,6085
482664917,6086
482664919,6087
482664921,6088
482664924,6089
482664933,6090
482664935,6091
482664947,6092
482680541,6093
482680551,6094
482680563,6095
482680573,6096
482680578,6097
482680614,6098
482680625,6099
483401586,6100
483401599,6101
483401603,6102
483613110,6103
485360433,6104
485360435,6105
485360493,6106
485360504,6107
485360511,6108
485360514,6109
485360523,6110
485360527,6111
485360529,6112
485360535,6113
485360541,6114
485360554,6115
485360557,6116
485360564,6117
485360567,6118
485360578,6119
486287364,6120
486287367,6121
486287388,6122
486287391,6123
486287400,6124
486287415,6125
486287417,6126
486287469,6127
486287476,6128
486344218,6129
486344220,6130
486344224,6131
486344227,6132
486344229,6133
486344230,6134
486344232,6135
486344233,6136
486375098,6137
486375100,6138
486375111,6139
486375117,6140
486375120,6141
486375134,6142
486375139,6143
486413159,6144
486413162,6145
486413169,6146
486413192,6147
486413214,6148
486413215,6149
486413223,6150
486424526,6151
486424529,6152
486424534,6153
486424550,6154
486424567,6155
486441973,6156
486441981,6157
486441984,6158
486441992,6159
486442009,6160
486448742,6161
486474430,6162
486474440,6163
486474494,6164
486474505,6165
486474524,6166
486522613,6167
486752881,6168
486752883,6169
487062752,6170
487063317,6171
487063326,6172
487063339,6173
487063341,6174
487063343,6175
487063527,6176
487063528,6177
487063529,6178
487063531,6179
487063534,6180
487063554,6181
487063569,6182
487063571,6183
487063572,6184
487063573,6185
487063858,6186
487063884,6187
487064343,6188
487064384,6189
487064386,6190
487064459,6191
487064460,6192
487104247,6193
488265269,6194
488287482,6195
488310926,6196
488426697,6197
489629848,6198
489629853,6199
491540360,6200
491615967,6201
491615971,6202
491615973,6203
491615975,6204
491615978,6205
491615990,6206
491615992,6207
491615999,6208
491616014,6209
491616022,6210
491616026,6211
491616028,6212
491616030,6213
491616031,6214
491616033,6215
491616040,6216
491616069,6217
491616095,6218
491616098,6219
491619578,6220
491619579,6221
492478993,6222
492679725,6223
493282600,6224
493282602,6225
493282605,6226
493282607,6227
493282611,6228
493282614,6229
493282615,6230
493282618,6231
493282619,6232
493343516,6233
493809356,6234
493809371,6235
493852947,6236
493852948,6237
493852949,6238
493852950,6239
493852951,6240
494381514,6241
494381522,6242
494381547,6243
494391060,6244
494452726,6245
494452727,6246
494508046,6247
494544825,6248
494544828,6249
494544830,6250
494544835,6251
494544837,6252
494544842,6253
494544844,6254
494544863,6255
494544865,6256
494544881,6257
494552707,6258
494552716,6259
494552718,6260
495377790,6261
495377793,6262
496382979,6263
496382982,6264
496382983,6265
496382987,6266
496502177,6267
496502178,6268
496502179,6269
496502187,6270
496510474,6271
497224171,6272
498404728,6273
498404730,6274
498404733,6275
498481977,6276
499483994,6277
499483995,6278
499483997,6279
499484005,6280
499484008,6281
499484015,6282
500880921,6283
500880922,6284
500880932,6285
500880942,6286
500880943,6287
500880944,6288
500880945,6289
500880949,6290
502882632,6291
502884555,6292
502884561,6293
502884563,6294
502884628,6295
502884632,6296
502884638,6297
502899648,6298
502899848,6299
502906918,6300
503450379,6301
503450382,6302
503450384,6303
503450386,6304
503450393,6305
503450397,6306
503450403,6307
503450406,6308
503450409,6309
503450411,6310
503464341,6311
503464342,6312
503485105,6313
503485109,6314
503490079,6315
503978849,6316
503978885,6317
503978928,6318
503979030,6319
503979036,6320
503981168,6321
503981173,6322
503981185,6323
503981200,6324
503981435,6325
503981583,6326
503983666,6327
503983672,6328
503985245,6329
503986580,6330
503986650,6331
503986698,6332
504008549,6333
504498894,6334
504498896,6335
504498903,6336
504498905,6337
504498912,6338
504498916,6339
504498917,6340
504498918,6341
504498920,6342
504498922,6343
504498925,6344
504498928,6345
504498934,6346
504498947,6347
504498950,6348
504503277,6349
504503315,6350
504510440,6351
504510462,6352
504510469,6353
504510472,6354
504514682,6355
504514686,6356
504519523,6357
504519531,6358
504519533,6359
504525811,6360
504539418,6361
504539432,6362
504539454,6363
504546569,6364
504546586,6365
504546588,6366
504583290,6367
504583305,6368
504657977,6369
505174802,6370
506300099,6371
506300118,6372
506302394,6373
506317132,6374
506320854,6375
506747777,6376
506802681,6377
506802682,6378
506802696,6379
506802698,6380
506802705,6381
506802707,6382
506802709,6383
506802712,6384
506802713,6385
506802714,6386
506802717,6387
506802719,6388
506802720,6389
506802721,6390
506802722,6391
506802723,6392
506802729,6393
508052757,6394
508053059,6395
508053123,6396
508053857,6397
508053896,6398
508053984,6399
508053991,6400
508054076,6401
508054077,6402
508058003,6403
509275141,6404
509275176,6405
509410524,6406
510819939,6407
510819940,6408
510819941,6409
510819942,6410
510819943,6411
510819944,6412
510819945,6413
510819946,6414
510819947,6415
510819948,6416
510823750,6417
510823755,6418
510823758,6419
510823759,6420
510823761,6421
510825344,6422
510825345,6423
510825350,6424
510825352,6425
510825357,6426
510825358,6427
510825360,6428
510833428,6429
510833429,6430
510847204,6431
510847212,6432
510847213,6433
510854711,6434
510965090,6435
513557798,6436
513557897,6437
513557985,6438
513558351,6439
513558398,6440
513559534,6441
513566027,6442
513566030,6443
513566036,6444
513583589,6445
513762813,6446
513762817,6447
515981899,6448
516349896,6449
516349903,6450
516372841,6451
516372849,6452
516372852,6453
516707359,6454
516707360,6455
516707370,6456
516720498,6457
516720500,6458
516720502,6459
516720506,6460
516720508,6461
516750222,6462
516750224,6463
516807885,6464
516807887,6465
517236964,6466
517829332,6467
517829677,6468
517830049,6469
517838479,6470
517839811,6471
517840931,6472
517841718,6473
517841719,6474
517843360,6475
517844973,6476
517845102,6477
517845116,6478
517845121,6479
517845799,6480
517848036,6481
517848119,6482
517848636,6483
517848978,6484
517848980,6485
517848991,6486
517849000,6487
517849054,6488
517849326,6489
517849493,6490
517849718,6491
517969349,6492
517969351,6493
517969352,6494
517969353,6495
517969356,6496
517969357,6497
517969358,6498
517969359,6499
517969360,6500
517969361,6501
517969362,6502
517969363,6503
517969364,6504
517969365,6505
517969368,6506
517973618,6507
517973620,6508
517973622,6509
517973624,6510
517973626,6511
517973644,6512
517973645,6513
517987855,6514
517987857,6515
517987866,6516
518024945,6517
518024947,6518
518024950,6519
518028537,6520
518031334,6521
518031343,6522
518034208,6523
518034210,6524
518034212,6525
518034214,6526
518034220,6527
518034222,6528
518039870,6529
518044787,6530
518063199,6531
518063202,6532
519268667,6533
519268671,6534
519268677,6535
519268681,6536
519525339,6537
520605784,6538
520605790,6539
520616315,6540
520624049,6541
522483457,6542
522483902,6543
522485721,6544
522486396,6545
522486400,6546
523634386,6547
523634431,6548
526960221,6549
526960229,6550
527915764,6551
527916697,6552
527916703,6553
527916705,6554
527916711,6555
527916712,6556
527919155,6557
527924700,6558
527924701,6559
527924702,6560
527941160,6561
527941169,6562
527941172,6563
527941177,6564
527941183,6565
527941190,6566
527941195,6567
527941201,6568
527941202,6569
528992252,6570
529049478,6571
529050953,6572
529053228,6573
529053230,6574
529053233,6575
529053243,6576
529053256,6577
529059103,6578
529059106,6579
529059155,6580
529059157,6581
529059160,6582
529059171,6583
529059178,6584
529059188,6585
529069931,6586
529069939,6587
529069942,6588
529069943,6589
529069947,6590
529069949,6591
529069953,6592
529069955,6593
529073836,6594
529073837,6595
529073838,6596
529073839,6597
529073841,6598
529073853,6599
529073858,6600
529073859,6601
529078124,6602
529078133,6603
529078135,6604
529079120,6605
529082744,6606
529084661,6607
529498851,6608
529502290,6609
529503037,6610
529503412,6611
529537196,6612
529922073,6613
530191806,6614
530255144,6615
530255149,6616
530255152,6617
533749583,6618
533749588,6619
533898982,6620
533898984,6621
533898988,6622
533898998,6623
533899021,6624
534139681,6625
534139685,6626
534139690,6627
534139710,6628
534139714,6629
534355006,6630
534355694,6631
534362941,6632
534362943,6633
534362945,6634
534362954,6635
534367630,6636
534367633,6637
534367644,6638
534373195,6639
534373197,6640
534373199,6641
534373200,6642
534373202,6643
534373205,6644
534376045,6645
534376049,6646
534376053,6647
534376061,6648
534376412,6649
534376417,6650
534376419,6651
534377100,6652
534377999,6653
534378010,6654
534378570,6655
534378572,6656
534378574,6657
534378576,6658
534378577,6659
534379851,6660
534379852,6661
534379854,6662
534379855,6663
534379856,6664
534379857,6665
534381875,6666
534381876,6667
534381879,6668
534381880,6669
534381881,6670
534381882,6671
534381883,6672
534381886,6673
534381887,6674
534381888,6675
534696590,6676
534696598,6677
535366089,6678
535484300,6679
535484308,6680
535484311,6681
535490960,6682
535490962,6683
535490963,6684
535490964,6685
535490966,6686
535490969,6687
535497332,6688
535497335,6689
535497339,6690
535497343,6691
535512503,6692
535512505,6693
535512508,6694
535512512,6695
535512515,6696
535512520,6697
535512522,6698
535512525,6699
535512527,6700
535512528,6701
535539942,6702
535539954,6703
535552653,6704
535552658,6705
535556302,6706
535560122,6707
535560139,6708
535560142,6709
535560147,6710
535577110,6711
535605581,6712
535943163,6713
535949780,6714
535949784,6715
536786789,6716
539416778,6717
539416788,6718
539416792,6719
540219100,6720
540219104,6721
540219133,6722
540588148,6723
540588339,6724
540588349,6725
540588521,6726
540943220,6727
541435264,6728
541437230,6729
549260648,6730
549260649,6731
549260654,6732
549260656,6733
552933771,6734
552933779,6735
552933783,6736
552933785,6737
552933786,6738
552933787,6739
552933789,6740
552933791,6741
552933793,6742
552933794,6743
552933800,6744
552933801,6745
552933806,6746
552933808,6747
552933809,6748
552933810,6749
552933812,6750
552933814,6751
552933816,6752
552933823,6753
552933827,6754
552933832,6755
552933834,6756
552933837,6757
552933840,6758
552933856,6759
552933859,6760
552933861,6761
552938976,6762
552938977,6763
552938979,6764
552938982,6765
552939003,6766
552955815,6767
552955830,6768
553034725,6769
553035311,6770
553035387,6771
553035499,6772
553035513,6773
553037566,6774
553037626,6775
553037642,6776
554984975,6777
554985084,6778
554985090,6779
554985119,6780
554985148,6781
554985153,6782
554995233,6783
554995320,6784
554995382,6785
554995572,6786
554995611,6787
554997591,6788
554998598,6789
555002242,6790
555009116,6791
555022430,6792
555023078,6793
555120646,6794
557057272,6795
558065031,6796
558065033,6797
558065036,6798
558065038,6799
558065039,6800
558065058,6801
558065059,6802
558065061,6803
558065063,6804
558065075,6805
558065077,6806
558065079,6807
558065081,6808
558065082,6809
558065084,6810
558065090,6811
558065104,6812
558065106,6813
558065108,6814
558065112,6815
558065123,6816
558065127,6817
558065128,6818
558065130,6819
558065132,6820
558087694,6821
558087697,6822
558087711,6823
558087713,6824
558087719,6825
558519793,6826
558646770,6827
558646771,6828
558646774,6829
558646777,6830
559946296,6831
559946300,6832
559946305,6833
559946306,6834
559946307,6835
559946308,6836
559946309,6837
559946310,6838
559946311,6839
559946312,6840
559946321,6841
559946326,6842
559946336,6843
559946342,6844
559946349,6845
559946350,6846
559946352,6847
559946353,6848
559946355,6849
559946356,6850
559946359,6851
559946363,6852
559946366,6853
559946367,6854
559946368,6855
559946369,6856
559946371,6857
559946391,6858
559946392,6859
559946393,6860
559946395,6861
559946397,6862
559946408,6863
560142422,6864
560371974,6865
560371975,6866
560371976,6867
560371983,6868
560396536,6869
560396553,6870
560396554,6871
560396556,6872
560396568,6873
560396571,6874
560396572,6875
560396573,6876
560396574,6877
560428877,6878
560428900,6879
560428903,6880
560428912,6881
560428915,6882
560428967,6883
560428975,6884
560428976,6885
560428980,6886
560428984,6887
560428986,6888
560428987,6889
560428989,6890
560428991,6891
560428997,6892
560428999,6893
560429003,6894
560429008,6895
560429014,6896
560429015,6897
560429017,6898
560429022,6899
560432877,6900
560432895,6901
560442808,6902
560442809,6903
560456186,6904
560467310,6905
560738086,6906
560769269,6907
560769325,6908
560825501,6909
560829324,6910
560829531,6911
560832881,6912
560832882,6913
560839078,6914
560850578,6915
560850589,6916
560883289,6917
560883361,6918
560885753,6919
560886411,6920
560886413,6921
561217001,6922
561217012,6923
562742184,6924
562754241,6925
563862124,6926
563864734,6927
564306375,6928
564778798,6929
564778803,6930
564899461,6931
564899463,6932
564899465,6933
564899469,6934
564899472,6935
565086771,6936
565087125,6937
565613936,6938
566212950,6939
566455676,6940
566455680,6941
566583674,6942
566583686,6943
566585106,6944
566585444,6945
566585474,6946
566585587,6947
566586169,6948
567238604,6949
567450907,6950
567450962,6951
567450975,6952
567450976,6953
567451042,6954
567463703,6955
567463764,6956
567662919,6957
567662922,6958
567662925,6959
568061407,6960
568061408,6961
568061409,6962
568061412,6963
568061416,6964
568061422,6965
568061424,6966
568064740,6967
568064741,6968
568064743,6969
568064744,6970
568064745,6971
568064747,6972
568064750,6973
568064753,6974
568064760,6975
568064762,6976
568064769,6977
568337458,6978
568337603,6979
568337612,6980
568337615,6981
568337617,6982
568337619,6983
568337978,6984
568337984,6985
568337997,6986
568338004,6987
568338328,6988
568338474,6989
568338586,6990
568338617,6991
571253705,6992
571253713,6993
571655321,6994
571655322,6995
571655327,6996
571655332,6997
582134311,6998
582134397,6999
582136792,7000
582654517,7001
582853291,7002
582853582,7003
582854904,7004
582989630,7005
586455734,7006
586455738,7007
586456038,7008
586456048,7009
586456126,7010
586456807,7011
586456808,7012
586456902,7013
586457942,7014
586458229,7015
586458230,7016
586458239,7017
586458873,7018
586459165,7019
586459172,7020
587754685,7021
587754698,7022
587754702,7023
587754703,7024
587754709,7025
587763976,7026
587763981,7027
590288291,7028
590344950,7029
590345657,7030
595569465,7031
595569530,7032
597286210,7033
597286212,7034
597286220,7035
597424899,7036
597424900,7037
597424905,7038
597424906,7039
597424907,7040
597424909,7041
597424910,7042
597427653,7043
597427654,7044
597427655,7045
597427656,7046
597429964,7047
597429966,7048
597429975,7049
597429977,7050
597434110,7051
597434116,7052
597434784,7053
597434785,7054
597434961,7055
597434962,7056
597442854,7057
597442859,7058
598592970,7059
598592972,7060
598592976,7061
598596508,7062
598596516,7063
598596517,7064
598596518,7065
598596534,7066
598599187,7067
598599200,7068
598904644,7069
598904651,7070
599232587,7071
599238784,7072
599305904,7073
599309880,7074
599309881,7075
599309889,7076
599309890,7077
599691949,7078
599909699,7079
599909711,7080
599909712,7081
600016736,7082
600016737,7083
600016738,7084
600016739,7085
600016740,7086
600016741,7087
600016745,7088
600016746,7089
600016747,7090
600016748,7091
601589287,7092
602084631,7093
602084632,7094
602084634,7095
602084639,7096
602084659,7097
602084660,7098
602084665,7099
602084676,7100
602084677,7101
602084679,7102
602214388,7103
602214402,7104
602214417,7105
602214419,7106
602214422,7107
602214438,7108
602218371,7109
603087602,7110
603087604,7111
603113659,7112
603113676,7113
603131154,7114
603131596,7115
603131611,7116
603131616,7117
603131703,7118
603133275,7119
603134116,7120
603134134,7121
603134162,7122
603134413,7123
603134615,7124
603134666,7125
603135004,7126
603137426,7127
603138331,7128
603138332,7129
603138479,7130
603138572,7131
603138573,7132
603138574,7133
603138588,7134
603138589,7135
603138613,7136
603138679,7137
603138680,7138
603138704,7139
603138723,7140
603140003,7141
603143622,7142
603158278,7143
603158306,7144
603159750,7145
603159786,7146
603159814,7147
603159920,7148
603160163,7149
603161810,7150
603161822,7151
603244712,7152
603244858,7153
603247286,7154
603248153,7155
603249662,7156
603252433,7157
603252436,7158
603252439,7159
603269198,7160
603269213,7161
603269235,7162
603269237,7163
603269249,7164
603269254,7165
603269255,7166
603269264,7167
603269266,7168
603269269,7169
603269273,7170
603269275,7171
603271918,7172
603271922,7173
603274950,7174
603274952,7175
603274969,7176
603274975,7177
603274978,7178
603274986,7179
603284275,7180
603284283,7181
603284285,7182
603284286,7183
603284294,7184
603286103,7185
603287894,7186
604314223,7187
606515522,7188
608399176,7189
610900890,7190
610900901,7191
610900903,7192
610900906,7193
610900913,7194
610900917,7195
610900919,7196
611031873,7197
611035138,7198
611035153,7199
611035351,7200
611035727,7201
611036133,7202
611038145,7203
611394274,7204
611659931,7205
612043560,7206
612043590,7207
612044210,7208
612044315,7209
612044365,7210
612053459,7211
612053715,7212
613102077,7213
613102919,7214
613102957,7215
613103140,7216
613105728,7217
613105764,7218
613105770,7219
613105773,7220
613106137,7221
613106546,7222
613107413,7223
613107423,7224
613107705,7225
613107874,7226
613107939,7227
613108154,7228
613371427,7229
613371458,7230
613371459,7231
613371482,7232
613599742,7233
613601122,7234
613601283,7235
613601446,7236
613601546,7237
613601576,7238
613601580,7239
613601581,7240
613601582,7241
613601585,7242
613601586,7243
613615266,7244
613615267,7245
613615570,7246
614393063,7247
614394001,7248
614394377,7249
614395552,7250
614395628,7251
614396006,7252
614396263,7253
614396333,7254
614402524,7255
614404446,7256
614404559,7257
614404612,7258
614404829,7259
614404920,7260
614404986,7261
614407682,7262
614407688,7263
614675586,7264
614675642,7265
614675643,7266
614675644,7267
615272804,7268
615278983,7269
615281237,7270
615282093,7271
615282096,7272
615285659,7273
615286653,7274
615286656,7275
615286659,7276
615286663,7277
615286673,7278
615287005,7279
615287912,7280
615287914,7281
615287919,7282
615288729,7283
615292674,7284
615294255,7285
615302210,7286
615306711,7287
615306714,7288
615307880,7289
615307884,7290
615307934,7291
615308166,7292
615308225,7293
615308410,7294
615308530,7295
615308574,7296
615313997,7297
615314069,7298
615314178,7299
615314780,7300
615862392,7301
615864662,7302
615864835,7303
615865009,7304
615865138,7305
615866231,7306
615868162,7307
615868671,7308
615869740,7309
615869915,7310
617151472,7311
617151473,7312
617155147,7313
617155305,7314
617156311,7315
618807584,7316
619232284,7317
619232769,7318
619232963,7319
619233996,7320
619234179,7321
619234180,7322
619234397,7323
619237359,7324
619237909,7325
619238369,7326
619238634,7327
619238904,7328
619239808,7329
619239847,7330
619243269,7331
619250086,7332
619250090,7333
619250324,7334
619250325,7335
619250447,7336
619252802,7337
619254561,7338
619254562,7339
619257336,7340
619326154,7341
619327540,7342
619327788,7343
619327822,7344
620389179,7345
620389295,7346
620389324,7347
620389392,7348
620389394,7349
622667654,7350
622677825,7351
623714270,7352
623714283,7353
623714286,7354
626516258,7355
626516666,7356
626836574,7357
626836581,7358
626837482,7359
626837516,7360
626838393,7361
626841118,7362
626841131,7363
626841394,7364
626841443,7365
626841453,7366
626842456,7367
626842628,7368
626842739,7369
626842987,7370
626844682,7371
626845256,7372
627542643,7373
627869619,7374
627869632,7375
627869648,7376
627901316,7377
627901318,7378
627901324,7379
627901330,7380
627929036,7381
627929037,7382
629024570,7383
629024627,7384
629024707,7385
629025594,7386
629025596,7387
629025644,7388
629025762,7389
629027000,7390
631838105,7391
631838286,7392
631838616,7393
631844727,7394
631847315,7395
631853419,7396
631855697,7397
631855706,7398
631855725,7399
631856402,7400
631859208,7401
631859408,7402
631859413,7403
631859659,7404
631862164,7405
631866505,7406
631866524,7407
631866765,7408
631867113,7409
631867460,7410
631868311,7411
631869761,7412
631997344,7413
631997742,7414
635038000,7415
638937658,7416
638937883,7417
638938954,7418
638938955,7419
638938958,7420
638940657,7421
638940684,7422
638940686,7423
638940689,7424
638940695,7425
638940697,7426
638941652,7427
638941653,7428
638941654,7429
638941659,7430
638941663,7431
638943012,7432
638943024,7433
638943025,7434
638943072,7435
638943503,7436
638943520,7437
638943524,7438
638943636,7439
638943864,7440
638943867,7441
638943919,7442
643597612,7443
647093342,7444
648239849,7445
648594353,7446
648594357,7447
648598932,7448
649190929,7449
649192553,7450
649193403,7451
649193639,7452
649193835,7453
649193877,7454
649193880,7455
649193915,7456
649194946,7457
649195082,7458
650088237,7459
650089170,7460
650089171,7461
650089176,7462
650090567,7463
650736223,7464
650736478,7465
650736995,7466
650738372,7467
650741371,7468
650741373,7469
650744369,7470
650808212,7471
650820180,7472
650837726,7473
650838239,7474
650838243,7475
651540022,7476
651893346,7477
651893349,7478
651893350,7479
651893352,7480
651893357,7481
651893358,7482
651903259,7483
651903261,7484
651903267,7485
651921241,7486
651921243,7487
655349514,7488
655349952,7489
656409124,7490
656409127,7491
656409128,7492
656409132,7493
658624776,7494
658624777,7495
658624780,7496
659262591,7497
659263187,7498
659263188,7499
659265139,7500
659280960,7501
659283797,7502
659285418,7503
659717780,7504
660348260,7505
660348310,7506
660479928,7507
660479931,7508
660479932,7509
660479933,7510
660479939,7511
660771015,7512
660772683,7513
660772685,7514
661047883,7515
661279820,7516
662264000,7517
662299851,7518
662299860,7519
662299862,7520
662346366,7521
662346420,7522
662369255,7523
662501185,7524
662501231,7525
662501236,7526
662501246,7527
662516004,7528
662516008,7529
662516010,7530
662516014,7531
662516020,7532
662516025,7533
662617897,7534
662617898,7535
663076894,7536
663076899,7537
663076900,7538
663076901,7539
663076905,7540
664256878,7541
664257049,7542
664257066,7543
664257558,7544
664257625,7545
664259611,7546
664259614,7547
664259619,7548
664673766,7549
664673806,7550
664673819,7551
664681231,7552
665483004,7553
665741539,7554
665741540,7555
665748746,7556
669952050,7557
670257678,7558
670257682,7559
671200669,7560
671555204,7561
672204756,7562
672204757,7563
672220675,7564
672220678,7565
672906233,7566
672906279,7567
672920016,7568
672925327,7569
673789928,7570
673789931,7571
673789948,7572
673789949,7573
673789955,7574
673789956,7575
673789957,7576
673790011,7577
673790018,7578
673790034,7579
673790036,7580
674111378,7581
674129341,7582
674129346,7583
674162804,7584
674162805,7585
674162830,7586
674162868,7587
674163502,7588
674163838,7589
674169962,7590
674791299,7591
676979534,7592
676979541,7593
677008598,7594
677008604,7595
679226146,7596
679226213,7597
679226312,7598
679226786,7599
679227223,7600
679229941,7601
679230715,7602
679232748,7603
679232890,7604
679232896,7605
679232989,7606
679232991,7607
679233083,7608
679233160,7609
679233183,7610
679233234,7611
679233270,7612
679233425,7613
679233833,7614
681672341,7615
685458287,7616
685712589,7617
685712592,7618
686702085,7619
686969962,7620
686970647,7621
687437453,7622
691454497,7623
691454512,7624
691454525,7625
691477501,7626
691477503,7627
691477504,7628
691477505,7629
691873175,7630
694531074,7631
695140683,7632
695140818,7633
697445054,7634
697445058,7635
697445062,7636
697445068,7637
698985416,7638
698997778,7639
698999406,7640
702200087,7641
702243874,7642
702243942,7643
702797220,7644
702797221,7645
702799063,7646
702799071,7647
702805570,7648
702806733,7649
702818183,7650
702818196,7651
702818204,7652
702818210,7653
702818216,7654
702842876,7655
702842894,7656
702842895,7657
702842910,7658
702842911,7659
702842915,7660
702914677,7661
702914717,7662
702921971,7663
702928722,7664
702969807,7665
702970950,7666
702971063,7667
704696149,7668
704696150,7669
704696152,7670
704696158,7671
704696172,7672
704696176,7673
704696185,7674
704696189,7675
704696191,7676
704696194,7677
704696198,7678
704696201,7679
704696204,7680
704706734,7681
704706740,7682
704706742,7683
704712132,7684
704712133,7685
704712134,7686
704752993,7687
704753000,7688
705047176,7689
705056564,7690
705056571,7691
706970596,7692
706971191,7693
706971350,7694
708387865,7695
708388101,7696
708414626,7697
708414864,7698
709980223,7699
709980476,7700
709980604,7701
709980741,7702
717378712,7703
717378763,7704
717378809,7705
717457056,7706
717457070,7707
717457087,7708
717457098,7709
717457103,7710
717457114,7711
717649815,7712
717665909,7713
728345231,7714
728345461,7715
728347526,7716
728347527,7717
733140775,7718
738112238,7719
738112509,7720
738112787,7721
740855048,7722
740857300,7723
740873432,7724
746851725,7725
746851966,7726
746852763,7727
746852815,7728
746853001,7729
746853604,7730
746855062,7731
746855063,7732
746855272,7733
746855885,7734
746856019,7735
746856046,7736
746856047,7737
746856048,7738
746856049,7739
746856051,7740
746856170,7741
746856257,7742
746856468,7743
746856731,7744
746857338,7745
746857339,7746
746857340,7747
746857341,7748
746857389,7749
746857507,7750
746857636,7751
746857895,7752
746984391,7753
747313005,7754
747313010,7755
747313042,7756
748155092,7757
748155096,7758
748155286,7759
748155287,7760
748155292,7761
748160598,7762
749567799,7763
760181700,7764
765892313,7765
766742662,7766
766746543,7767
766746544,7768
766746548,7769
766746550,7770
766746551,7771
766870415,7772
766870417,7773
767328924,7774
768880789,7775
768880877,7776
768885854,7777
768890780,7778
768890835,7779
768890874,7780
768892045,7781
768892513,7782
768892526,7783
768894388,7784
768894508,7785
768894531,7786
768896484,7787
768896485,7788
768896486,7789
768896569,7790
768896572,7791
768900249,7792
768900445,7793
768901159,7794
768901299,7795
768903438,7796
768904278,7797
770638065,7798
771656115,7799
771779957,7800
772359714,7801
773261368,7802
773261646,7803
773452531,7804
773452532,7805
773945665,7806
773945834,7807
773946495,7808
773949068,7809
773949314,7810
773949893,7811
773949897,7812
773950119,7813
773951613,7814
773951773,7815
773953149,7816
782813173,7817
782830594,7818
782864563,7819
782875348,7820
782877419,7821
782886480,7822
782893032,7823
782894464,7824
782896706,7825
782900238,7826
782928979,7827
782930863,7828
782936593,7829
783669183,7830
785269509,7831
785272638,7832
785272778,7833
785280066,7834
785280082,7835
785298621,7836
785299294,7837
785903742,7838
790229206,7839
790232265,7840
790232654,7841
790238032,7842
790238144,7843
793914505,7844
793914511,7845
793914515,7846
793914518,7847
793914520,7848
793914524,7849
793914525,7850
795545240,7851
795545246,7852
795546302,7853
795546306,7854
795546309,7855
795905085,7856
798729281,7857
798729304,7858
807732927,7859
813825193,7860
813825209,7861
822059645,7862
822059647,7863
822059657,7864
822059658,7865
822059675,7866
822059958,7867
822059960,7868
822060293,7869
822060295,7870
822060297,7871
822152694,7872
822153083,7873
822153096,7874
822153110,7875
822153661,7876
822188576,7877
822188578,7878
822190042,7879
823456541,7880
823456855,7881
823456966,7882
823457123,7883
823457206,7884
823457530,7885
823479012,7886
832505638,7887
832505712,7888
832505738,7889
832505753,7890
832505756,7891
832505758,7892
832505760,7893
832505770,7894
832505776,7895
832505778,7896
832505806,7897
832505819,7898
833770831,7899
833770848,7900
833770858,7901
833770867,7902
833770875,7903
833770886,7904
833872819,7905
833876223,7906
833877513,7907
833877515,7908
833877516,7909
833878729,7910
833878823,7911
833881545,7912
833881887,7913
833881900,7914
833888778,7915
833920053,7916
833921043,7917
833921513,7918
833921518,7919
833926502,7920
833927348,7921
833928090,7922
833930681,7923
833934076,7924
833938206,7925
833938210,7926
834022925,7927
835103693,7928
835109125,7929
835111178,7930
836150327,7931
836150330,7932
836150346,7933
836150347,7934
836150370,7935
836150372,7936
836150374,7937
836150380,7938
836150387,7939
836150391,7940
836150396,7941
836150405,7942
839949042,7943
839949050,7944
839949101,7945
839949106,7946
839949143,7947
839949182,7948
839949193,7949
839949230,7950
840917634,7951
840917636,7952
840917637,7953
840917640,7954
840918182,7955
843460417,7956
844674297,7957
845142855,7958
845146836,7959
845146861,7960
845797684,7961
846116751,7962
846116771,7963
847222528,7964
853152649,7965
861581140,7966
861602215,7967
861602217,7968
864886855,7969
868645632,7970
868645639,7971
868645644,7972
868645645,7973
868645646,7974
868645653,7975
868645655,7976
868645657,7977
868645659,7978
868645660,7979
868645661,7980
868645664,7981
868645666,7982
868645668,7983
868645670,7984
869328578,7985
869329044,7986
869329047,7987
869329049,7988
869329052,7989
869329623,7990
869329624,7991
869329676,7992
869329894,7993
869330245,7994
869333586,7995
869333718,7996
869363611,7997
869363888,7998
869363889,7999
869365194,8000
869365293,8001
870275845,8002
870275952,8003
872690632,8004
873689870,8005
873689888,8006
873689902,8007
873689903,8008
873894738,8009
877579613,8010
878516874,8011
878516883,8012
878516888,8013
883463107,8014
883463111,8015
883463116,8016
883463117,8017
883463120,8018
883463121,8019
886549353,8020
886549361,8021
886549375,8022
886747515,8023
890447834,8024
890447838,8025
890447861,8026
890447879,8027
890447881,8028
890447883,8029
890447895,8030
890447899,8031
890447911,8032
890447916,8033
890447918,8034
890447939,8035
890447956,8036
890448004,8037
890448039,8038
890448054,8039
890448057,8040
890448073,8041
890448092,8042
890448102,8043
890448107,8044
890448141,8045
890448142,8046
892877965,8047
893087186,8048
893087188,8049
893087192,8050
893513267,8051
912480905,8052
912480912,8053
912480918,8054
912480928,8055
912480933,8056
912480951,8057
912480956,8058
914244099,8059
915292947,8060
915433246,8061
915433253,8062
915433273,8063
915652126,8064
915652146,8065
915652148,8066
915776679,8067
915777211,8068
915782425,8069
915783516,8070
915783523,8071
915783525,8072
919563329,8073
919563336,8074
920191586,8075
920191591,8076
920459320,8077
921135046,8078
921135048,8079
921135049,8080
921135052,8081
921135055,8082
921135057,8083
921135973,8084
921135976,8085
921135977,8086
921135984,8087
921135987,8088
921140135,8089
921140143,8090
921212353,8091
921217110,8092
921217113,8093
921217114,8094
921275053,8095
921275054,8096
921275055,8097
921275057,8098
921275058,8099
921275069,8100
921275070,8101
921275071,8102
921289761,8103
921404234,8104
921404246,8105
921404250,8106
921404252,8107
921404255,8108
921404277,8109
921404278,8110
921404292,8111
921410463,8112
921410483,8113
921410492,8114
922305082,8115
922462918,8116
922509744,8117
922509748,8118
922509769,8119
922509770,8120
922509772,8121
922509775,8122
922509812,8123
922509832,8124
922509835,8125
922509836,8126
924001988,8127
924001997,8128
929047766,8129
930371282,8130
930371580,8131
930371630,8132
930371742,8133
930372061,8134
930372289,8135
939425398,8136
939425794,8137
939429062,8138
939981204,8139
940205939,8140
940206741,8141
941369608,8142
941369619,8143
941369625,8144
941369626,8145
941369631,8146
946451754,8147
948869617,8148
951387437,8149
951413202,8150
951413226,8151
954957246,8152
956123294,8153
956123414,8154
956139755,8155
956140415,8156
956140427,8157
956140429,8158
956140441,8159
956143104,8160
956145062,8161
956145324,8162
956145326,8163
956145337,8164
958280149,8165
958280168,8166
958280172,8167
958280174,8168
958280181,8169
958280214,8170
968017219,8171
968017375,8172
968017637,8173
968017911,8174
968018292,8175
968020173,8176
968020280,8177
968025368,8178
974624670,8179
977762282,8180
977762284,8181
977762287,8182
977763072,8183
977766136,8184
977766138,8185
977766141,8186
978747677,8187
978747841,8188
978747871,8189
978748017,8190
983624367,8191
983634339,8192
983635609,8193
984646153,8194
984646272,8195
984646273,8196
988747885,8197
988747917,8198
988747972,8199
988747979,8200
988747996,8201
989001321,8202
989001340,8203
989001347,8204
989001350,8205
989001412,8206
989001431,8207
993675867,8208
993675944,8209
998129371,8210
998730636,8211
998763919,8212
998763930,8213
998763935,8214
998764010,8215
998764123,8216
998764180,8217
998764265,8218
998764286,8219
998764301,8220
998764334,8221
998764357,8222
998764398,8223
998764428,8224
998764500,8225
999909062,8226
999963412,8227
1000748875,8228
1000748876,8229
1000754000,8230
1000754001,8231
1000754002,8232
1005439919,8233
1005439976,8234
1005440113,8235
1005440299,8236
1005442292,8237
1005442733,8238
1005442749,8239
1005442828,8240
1005444478,8241
1005449776,8242
1008842662,8243
1008851018,8244
1008852902,8245
1012607363,8246
1012608127,8247
1012608130,8248
1012608250,8249
1012608430,8250
1015537667,8251
1015540518,8252
1015540519,8253
1015541599,8254
1015541602,8255
1015541931,8256
1015824487,8257
1016458877,8258
1016458975,8259
1016459018,8260
1016459055,8261
1016459082,8262
1016459144,8263
1016459184,8264
1016459222,8265
1016459245,8266
1016459288,8267
1016459339,8268
1016459422,8269
1016459513,8270
1016459533,8271
1016486529,8272
1016497854,8273
1016497997,8274
1016498054,8275
1016498079,8276
1016498101,8277
1016498174,8278
1016498309,8279
1016498397,8280
1016498433,8281
1016508181,8282
1016508258,8283
1016508312,8284
1016527132,8285
1016527166,8286
1016527273,8287
1016527286,8288
1016527465,8289
1016527493,8290
1016527522,8291
1016527528,8292
1016543601,8293
1018739044,8294
1019984285,8295
1019984288,8296
1019984321,8297
1019984405,8298
1025583259,8299
1025583283,8300
1026456903,8301
1026471861,8302
1033229818,8303
1033229833,8304
1037695873,8305
1037733890,8306
1037733978,8307
1037733983,8308
1037734161,8309
1037734165,8310
1037734167,8311
1037734191,8312
1037734204,8313
1037734210,8314
1037734275,8315
1037734277,8316
1039068145,8317
1039068983,8318
1039069085,8319
1039069342,8320
1041510119,8321
1050670682,8322
1051483884,8323
1051483894,8324
1054098919,8325
1054099031,8326
1054099109,8327
1054099112,8328
1055395300,8329
1057391097,8330
1057391103,8331
1057459061,8332
1065988624,8333
1065988665,8334
1066060966,8335
1068349843,8336
1068393378,8337
1068393407,8338
1068393409,8339
1068393412,8340
1068442629,8341
1068442657,8342
1068442685,8343
1068953392,8344
1068953401,8345
1075405090,8346
1077361452,8347
1077361577,8348
1077361605,8349
1077361619,8350
1077361686,8351
1077361691,8352
1077361716,8353
1077377681,8354
1077377701,8355
1080163724,8356
1080163726,8357
1080163737,8358
1080163751,8359
1080163758,8360
1080163804,8361
1080163805,8362
1080163817,8363
1080163819,8364
1080163869,8365
1080163871,8366
1080163879,8367
1080163905,8368
1080170681,8369
1080170700,8370
1080170705,8371
1080729528,8372
1080729552,8373
1080729557,8374
1080729565,8375
1080729571,8376
1080729587,8377
1081099422,8378
1081099426,8379
1081099431,8380
1081099447,8381
1081099449,8382
1081099493,8383
1081099518,8384
1081099527,8385
1081099529,8386
1081099592,8387
1081099613,8388
1081099628,8389
1081099636,8390
1081099647,8391
1081099648,8392
1081099660,8393
1081099692,8394
1081099738,8395
1081099745,8396
1081099755,8397
1081099758,8398
1081099806,8399
1081099834,8400
1081099873,8401
1081099876,8402
1081099881,8403
1081099927,8404
1081099934,8405
1081099941,8406
1081099959,8407
1081099972,8408
1081099978,8409
1082815443,8410
1082815557,8411
1088944229,8412
1088944264,8413
1088944294,8414
1088944311,8415
1088944326,8416
1088944338,8417
1089254038,8418
1089352923,8419
1089352929,8420
1089419082,8421
1089419084,8422
1089419090,8423
1089419096,8424
1089419099,8425
1089419132,8426
1089419139,8427
1091410888,8428
1098478174,8429
1098540354,8430
1098540519,8431
1098540586,8432
1098540640,8433
1098540820,8434
1102504509,8435
1102504512,8436
1102504516,8437
1102504518,8438
1102504520,8439
1109568394,8440
1109568409,8441
1109568414,8442
1109568428,8443
1109604141,8444
1109628968,8445
1113317314,8446
1113317367,8447
1113317436,8448
1113317439,8449
1113317688,8450
1113317774,8451
1113317863,8452
1113317867,8453
1113317998,8454
1113318044,8455
1113318049,8456
1113318151,8457
1113318243,8458
1113318338,8459
1113318500,8460
1113318613,8461
1113318666,8462
1113318709,8463
1113318757,8464
1113319002,8465
1113319056,8466
1113333116,8467
1113484923,8468
1113527379,8469
1113527395,8470
1113527447,8471
1116081600,8472
1116117202,8473
1117370744,8474
1117383037,8475
1117384786,8476
1117384791,8477
1117765512,8478
1118649143,8479
1118649154,8480
1119233709,8481
1119233838,8482
1119233913,8483
1119234127,8484
1119280168,8485
1119280171,8486
1119280176,8487
1120310798,8488
1120310802,8489
1120374686,8490
1120401825,8491
1121647563,8492
1123370982,8493
1123370999,8494
1123371063,8495
1123398089,8496
1123398156,8497
1123870288,8498
1123870291,8499
1123870293,8500
1123870298,8501
1123870304,8502
1123870332,8503
1123870339,8504
1125291235,8505
1125291237,8506
1126747317,8507
1126747470,8508
1126992274,8509
1126992310,8510
1126992321,8511
1126992374,8512
1126992382,8513
1126992385,8514
1126992389,8515
1126992392,8516
1133516472,8517
1133516495,8518
1141041286,8519
1141041441,8520
1141041643,8521
1144654877,8522
1144654893,8523
1144654923,8524
1144654963,8525
1144654992,8526
1144654993,8527
1144655018,8528
1144655029,8529
1147484718,8530
1149438460,8531
1151184476,8532
1151838626,8533
1154343500,8534
1157597513,8535
1157597517,8536
1157597546,8537
1157597549,8538
1157600517,8539
1158013120,8540
1158013123,8541
1158063654,8542
1158063658,8543
1159174876,8544
1159174885,8545
1159174886,8546
1159194869,8547
1159194870,8548
1159194871,8549
1159230514,8550
1159230526,8551
1159687865,8552
1159782814,8553
1160106169,8554
1160106170,8555
1160106172,8556
1160106174,8557
1160106178,8558
1160106182,8559
1160106185,8560
1160106194,8561
1160106196,8562
1160106198,8563
1160134615,8564
1160190416,8565
1160190419,8566
1160316658,8567
1160416324,8568
1160416326,8569
1161138302,8570
1161197906,8571
1161197938,8572
1161197972,8573
1161197983,8574
1162354090,8575
1162354093,8576
1162354104,8577
1162354136,8578
1162354140,8579
1162354146,8580
1162354158,8581
1162363209,8582
1163659408,8583
1163659426,8584
1164416884,8585
1164558604,8586
1164558607,8587
1164558611,8588
1164558612,8589
1164606266,8590
1164929210,8591
1164953470,8592
1165054865,8593
1165054867,8594
1165054868,8595
1165054875,8596
1165054878,8597
1165054879,8598
1165098874,8599
1165114852,8600
1165166679,8601
1165166703,8602
1165182004,8603
1165360895,8604
1165361026,8605
1165361104,8606
1165361127,8607
1165361147,8608
1165361230,8609
1165361290,8610
1165743634,8611
1166179028,8612
1166179029,8613
1166624240,8614
1167006649,8615
1167303341,8616
1167413598,8617
1167512173,8618
1167512180,8619
1168411260,8620
1168481534,8621
1168481670,8622
1168824291,8623
1168824302,8624
1168840891,8625
1168850782,8626
1168850794,8627
1168862788,8628
1168862791,8629
1168944141,8630
1169044745,8631
1169044906,8632
1169044930,8633
1169044984,8634
1169044993,8635
1169045009,8636
1169045033,8637
1169045049,8638
1169752982,8639
1169752987,8640
1170486732,8641
1170486734,8642
1170486736,8643
1170486763,8644
1170520443,8645
1170520458,8646
1170520462,8647
1170520481,8648
1170520483,8649
1170520489,8650
1170520502,8651
1170520509,8652
1170520512,8653
1170533823,8654
1171021524,8655
1171021527,8656
1171045350,8657
1171045357,8658
1171091762,8659
1171361616,8660
1171593322,8661
1171593323,8662
1171593326,8663
1171635512,8664
1171635527,8665
1171649905,8666
1172759050,8667
1172759090,8668
1172759127,8669
1172925593,8670
1172925594,8671
1172925602,8672
1172925611,8673
1173415274,8674
1173649227,8675
1173649234,8676
1173649266,8677
1173664189,8678
1173664192,8679
1176179538,8680
1176328665,8681
1176328666,8682
1176400818,8683
1176400828,8684
1176400829,8685
1177074759,8686
1177074765,8687
1177957103,8688
1177957113,8689
1178080259,8690
1178517192,8691
1178553904,8692
1178604833,8693
1178604836,8694
1178604844,8695
1178604845,8696
1178604848,8697
1178604850,8698
1178604860,8699
1178604861,8700
1178604864,8701
1178604869,8702
1178604870,8703
1178604876,8704
1178604890,8705
1178957366,8706
1178957374,8707
1178957380,8708
1178957385,8709
1179124919,8710
1179410118,8711
1179410141,8712
1179410143,8713
1179448780,8714
1179478002,8715
1179478036,8716
1179737588,8717
1179737598,8718
1179737614,8719
1180516874,8720
1180516877,8721
1180819591,8722
1180819595,8723
1180819615,8724
1180819619,8725
1181466937,8726
1181466989,8727
1181467081,8728
1181467101,8729
1182459769,8730
1182459783,8731
1182679126,8732
1182679147,8733
1182679193,8734
1182679203,8735
1182679264,8736
1182696212,8737
1182696219,8738
1182696225,8739
1182861980,8740
1182861984,8741
1182966557,8742
1182966579,8743
1182966594,8744
1183258696,8745
1183258760,8746
1183258778,8747
1183258826,8748
1183258841,8749
1183258937,8750
1183431552,8751
1183456348,8752
1183456390,8753
1183456670,8754
1183456700,8755
1183456771,8756
1183456819,8757
1183590586,8758
1183612695,8759
1184100936,8760
1184103204,8761
1184106693,8762
1184106695,8763
1184125376,8764
1184158167,8765
1184158170,8766
1184158175,8767
1184158181,8768
1184158183,8769
1184158185,8770
1184158190,8771
1184158192,8772
1184158194,8773
1184158200,8774
1184158204,8775
1184158207,8776
1184158222,8777
1184158229,8778
1184158231,8779
1184158237,8780
1184171070,8781
1184202424,8782
1184202428,8783
1184202431,8784
1184202450,8785
1184202452,8786
1184202457,8787
1184265615,8788
1184448921,8789
1184448936,8790
1184512491,8791
1184512493,8792
1184512506,8793
1184515451,8794
1184539507,8795
1184539508,8796
1184546797,8797
1185714241,8798
1185818957,8799
1185897282,8800
1185897285,8801
1185917081,8802
1185917092,8803
1185952620,8804
1186505425,8805
1186749342,8806
1187011709,8807
1187011712,8808
1187978086,8809
1187978088,8810
1188177411,8811
1188177439,8812
1188222721,8813
1189232766,8814
1189232769,8815
1189468178,8816
1189479095,8817
1189479108,8818
1189537016,8819
1189537022,8820
1189537027,8821
1189546009,8822
1189555129,8823
1189555133,8824
1190015553,8825
1190791314,8826
1190791316,8827
1190791318,8828
1190791320,8829
1190829450,8830
1190829455,8831
1190829457,8832
1190838024,8833
1191889319,8834
1192379410,8835
1192379412,8836
1192379414,8837
1192379416,8838
1192379424,8839
1192379425,8840
1192379427,8841
1192379428,8842
1193568857,8843
1193590087,8844
1193854266,8845
1193854270,8846
1193854271,8847
1195292415,8848
1196611117,8849
1196619900,8850
1196619904,8851
1196677086,8852
1199377924,8853
1199799682,8854
1199832277,8855
1199948946,8856
1200013732,8857
1200013736,8858
1201361804,8859
1201497460,8860
1201497512,8861
1201885776,8862
1204024599,8863
1204024604,8864
1204029005,8865
1204043046,8866
1204043058,8867
1204052307,8868
1204180625,8869
1204422875,8870
1204588870,8871
1204869814,8872
1204869835,8873
1204869850,8874
1205590804,8875
1206120413,8876
1206120508,8877
1206247749,8878
1206994890,8879
1207626945,8880
1207738707,8881
1207979061,8882
1211808760,8883
1211824863,8884
1212003704,8885
1212003733,8886
1212003759,8887
1212125548,8888
1212133599,8889
1212133614,8890
1213172481,8891
1213172595,8892
1213194134,8893
1213194139,8894
1213825895,8895
1213826355,8896
1213826478,8897
1213826673,8898
1213826702,8899
1213826713,8900
1213827330,8901
1213827430,8902
1213827481,8903
1213827707,8904
1213828088,8905
1214488293,8906
1214488694,8907
1214804849,8908
1215865158,8909
1215865159,8910
1215865166,8911
1215865169,8912
1216012335,8913
1216012351,8914
1216012352,8915
1216012360,8916
1216012361,8917
1216012381,8918
1216012391,8919
1216012417,8920
1216012422,8921
1216012473,8922
1216123381,8923
1216123385,8924
1216123389,8925
1216123393,8926
1216123395,8927
1216123418,8928
1216123430,8929
1216123463,8930
1216123480,8931
1217742433,8932
1217742444,8933
1217742447,8934
1217742451,8935
1217742452,8936
1218778658,8937
1218778673,8938
1218778676,8939
1221313071,8940
1221313188,8941
1224126446,8942
1225519141,8943
1225519142,8944
1225753045,8945
1225753048,8946
1225753058,8947
1225753060,8948
1225753066,8949
1225753069,8950
1225753076,8951
1225753091,8952
1225753094,8953
1225753099,8954
1225753103,8955
1225753118,8956
1225753120,8957
1225753130,8958
1225753135,8959
1225753145,8960
1225753156,8961
1225758912,8962
1225759290,8963
1227881016,8964
1227881044,8965
1227881046,8966
1227881047,8967
1227881048,8968
1228967768,8969
1230314950,8970
1231698086,8971
1232219928,8972
1232219942,8973
1232219943,8974
1232219945,8975
1232345670,8976
1232345762,8977
1233455792,8978
1233455793,8979
1233455799,8980
1233455802,8981
1233932243,8982
1233983993,8983
1234372484,8984
1234372489,8985
1234372494,8986
1234372502,8987
1234372637,8988
1234372646,8989
1234372647,8990
1234633193,8991
1234633198,8992
1234633204,8993
1234633210,8994
1235278665,8995
1235278669,8996
1235283202,8997
1235283218,8998
1235283220,8999
1236359266,9000
1236394075,9001
1236949293,9002
1236949294,9003
1237100414,9004
1237100416,9005
1241849290,9006
1241849294,9007
1241849302,9008
1241849325,9009
1243065637,9010
1243300228,9011
1244237998,9012
1247437361,9013
1248433741,9014
1254730354,9015
1255336808,9016
1258218672,9017
1258219139,9018
1258219143,9019
1258334754,9020
1258334807,9021
1258334832,9022
1258334936,9023
1258334956,9024
1258380844,9025
1258380846,9026
1258720734,9027
1258720764,9028
1258720807,9029
1258809220,9030
1258809231,9031
1258809303,9032
1258809351,9033
1258809430,9034
1258809538,9035
1258809573,9036
1258809581,9037
1258809659,9038
1258809674,9039
1258809694,9040
1258809696,9041
1258809749,9042
1258809766,9043
1258809889,9044
1258809954,9045
1259443372,9046
1259467770,9047
1260794485,9048
1260794583,9049
1260794762,9050
1260813319,9051
1262067917,9052
1262067998,9053
1262068009,9054
1263365560,9055
1263374418,9056
1263374537,9057
1265073732,9058
1269839478,9059
1269839481,9060
1269839482,9061
1270316180,9062
1270316186,9063
1270356786,9064
1270403673,9065
1270403686,9066
1270706616,9067
1270706623,9068
1270706626,9069
1270706630,9070
1270706631,9071
1270706634,9072
1270706637,9073
1270706639,9074
1270706640,9075
1270706641,9076
1270706642,9077
1270706647,9078
1270706648,9079
1270706650,9080
1270706653,9081
1270706655,9082
1270706658,9083
1270706663,9084
1270706664,9085
1270706665,9086
1270706666,9087
1270706667,9088
1270706668,9089
1270706678,9090
1270706680,9091
1270706681,9092
1270706683,9093
1270706687,9094
1270706689,9095
1271314084,9096
1271314564,9097
1273306464,9098
1274372907,9099
1276247666,9100
1276247902,9101
1276247906,9102
1276902063,9103
1278208205,9104
1279182807,9105
1279182821,9106
1279183036,9107
1279183110,9108
1279183173,9109
1279191358,9110
1279191372,9111
1279191376,9112
1280039249,9113
1280039250,9114
1280039267,9115
1280039268,9116
1280039282,9117
1280039287,9118
1280039341,9119
1280039361,9120
1280039380,9121
1280728002,9122
1280728024,9123
1281213247,9124
1281215424,9125
1281215428,9126
1281215443,9127
1281215463,9128
1281215471,9129
1281215476,9130
1281456308,9131
1281456324,9132
1281888746,9133
1281888748,9134
1282886822,9135
1282886849,9136
1283057020,9137
1283078701,9138
1283078703,9139
1283078738,9140
1283078835,9141
1283078863,9142
1290803061,9143
1291391192,9144
1291391312,9145
1293894328,9146
1293894331,9147
1293894391,9148
1293894393,9149
1293894414,9150
1293894445,9151
1295300838,9152
1295860873,9153
1296211335,9154
1298546209,9155
1298546228,9156
1299570197,9157
1299570207,9158
1299583264,9159
1299583266,9160
1299583282,9161
1299583297,9162
1299583338,9163
1299583354,9164
1300500655,9165
1300500666,9166
1303472419,9167
1303475310,9168
1303790585,9169
1303790607,9170
1303790608,9171
1303790632,9172
1303815880,9173
1303896799,9174
1303942999,9175
1303943007,9176
1303998722,9177
1303998738,9178
1304003327,9179
1304042499,9180
1304042510,9181
1304042512,9182
1304046995,9183
1304046996,9184
1304098811,9185
1304098815,9186
1304098821,9187
1304103191,9188
1304105949,9189
1304119573,9190
1304119587,9191
1304119727,9192
1305025964,9193
1305026168,9194
1305026592,9195
1305026703,9196
1305153367,9197
1305325134,9198
1305330149,9199
1305343200,9200
1305906542,9201
1305906546,9202
1305906557,9203
1305906570,9204
1305927341,9205
1305927351,9206
1306086427,9207
1306086432,9208
1306435810,9209
1306439289,9210
1306457764,9211
1306477588,9212
1306582793,9213
1306680250,9214
1306688318,9215
1306705244,9216
1306716076,9217
1306716082,9218
1306716106,9219
1306719988,9220
1306719995,9221
1306719997,9222
1306720001,9223
1306725292,9224
1307013823,9225
1307042487,9226
1307913770,9227
1309964212,9228
1310374303,9229
1310456060,9230
1310456062,9231
1311058522,9232
1311061260,9233
1311514002,9234
1311514004,9235
1311514009,9236
1311535243,9237
1311535245,9238
1311535246,9239
1311610990,9240
1311630643,9241
1311630670,9242
1311631506,9243
1312946164,9244
1313119590,9245
1313119592,9246
1314499402,9247
1314499405,9248
1314499408,9249
1314501681,9250
1314501683,9251
1314501684,9252
1314509797,9253
1314509799,9254
1314560977,9255
1314560979,9256
1314565923,9257
1314648060,9258
1314648061,9259
1315862467,9260
1316106922,9261
1316107047,9262
1316107156,9263
1316107166,9264
1316287536,9265
1316909368,9266
1316909500,9267
1316909504,9268
1316909612,9269
1316909675,9270
1316909703,9271
1316909706,9272
1316909761,9273
1316909843,9274
1316909848,9275
1316909856,9276
1316909864,9277
1316922484,9278
1317196544,9279
1317196607,9280
1317196722,9281
1317196732,9282
1317196772,9283
1317202430,9284
1317376817,9285
1317464223,9286
1317464278,9287
1317464368,9288
1317464413,9289
1317464455,9290
1317779055,9291
1317871930,9292
1319319380,9293
1319643304,9294
1320752137,9295
1324554828,9296
1324569104,9297
1324569230,9298
1324569490,9299
1325569611,9300
1325584334,9301
1325584345,9302
1325816316,9303
1325816319,9304
1325816320,9305
1325840891,9306
1325847137,9307
1325847138,9308
1325852224,9309
1325854343,9310
1325858434,9311
1325858435,9312
1325858437,9313
1325858442,9314
1325875162,9315
1326531497,9316
1326531501,9317
1326665534,9318
1326665537,9319
1326673371,9320
1326752891,9321
1326860335,9322
1326860341,9323
1327106107,9324
1327107910,9325
1327112793,9326
1327134078,9327
1328759414,9328
1328815637,9329
1328904750,9330
1328957994,9331
1328988056,9332
1328988058,9333
1329004279,9334
1329004282,9335
1329558823,9336
1329633503,9337
1329633505,9338
1329633506,9339
1330162163,9340
1330917743,9341
1330917761,9342
1330927204,9343
1330927205,9344
1330993144,9345
1331038551,9346
1331960358,9347
1332757038,9348
1332785844,9349
1333854013,9350
1333954850,9351
1333954854,9352
1333954858,9353
1334717522,9354
1334721472,9355
1334721473,9356
1334756327,9357
1335869996,9358
1335869999,9359
1335870006,9360
1335876249,9361
1336011309,9362
1336012469,9363
1336813426,9364
1336851235,9365
1337473777,9366
1337473781,9367
1338443237,9368
1338448176,9369
1338459057,9370
1338459059,9371
1338531714,9372
1338784725,9373
1339465872,9374
1340968602,9375
1340968655,9376
1340968672,9377
1340968699,9378
1340968759,9379
1340968827,9380
1340968861,9381
1341010047,9382
1341010048,9383
1341166179,9384
1341166219,9385
1341166261,9386
1341166309,9387
1341166338,9388
1341166348,9389
1341166402,9390
1341166463,9391
1341166510,9392
1341166582,9393
1341166622,9394
1341166626,9395
1341166634,9396
1341166635,9397
1341166744,9398
1341166757,9399
1341166778,9400
1341166797,9401
1341166833,9402
1341166870,9403
1341166920,9404
1341166999,9405
1341167011,9406
1341167021,9407
1341205119,9408
1341205144,9409
1341205167,9410
1341205181,9411
1341205182,9412
1341205199,9413
1341205235,9414
1341205259,9415
1341205278,9416
1341205280,9417
1341205294,9418
1341205308,9419
1341205319,9420
1341205357,9421
1341205360,9422
1341205397,9423
1341205405,9424
1341205413,9425
1341205419,9426
1341205426,9427
1341205444,9428
1341205449,9429
1341205463,9430
1341205495,9431
1341212481,9432
1341229918,9433
1341229920,9434
1341229921,9435
1341245892,9436
1341245903,9437
1341245907,9438
1341245928,9439
1341245935,9440
1341245940,9441
1341245960,9442
1341245973,9443
1341245983,9444
1341245984,9445
1341245995,9446
1341245999,9447
1341246004,9448
1341246011,9449
1341246023,9450
1341246040,9451
1341246059,9452
1341250831,9453
1341250833,9454
1341250834,9455
1341250836,9456
1341250837,9457
1341250840,9458
1341471902,9459
1341614358,9460
1341617460,9461
1341649517,9462
1341652935,9463
1341657193,9464
1341657200,9465
1341676422,9466
1341676423,9467
1341679749,9468
1341679754,9469
1341685269,9470
1341687621,9471
1341692936,9472
1341700268,9473
1341704275,9474
1341704276,9475
1341704277,9476
1341708014,9477
1341709753,9478
1341741218,9479
1341741219,9480
1342494380,9481
1342498557,9482
1342607615,9483
1342675618,9484
1342675620,9485
1342685847,9486
1342896157,9487
1342896161,9488
1342896164,9489
1342896166,9490
1342896303,9491
1342911101,9492
1342911102,9493
1343600214,9494
1343790427,9495
1344204095,9496
1345248828,9497
1347340164,9498
1347641680,9499
1347655473,9500
1347655474,9501
1347659624,9502
1347659625,9503
1347715454,9504
1347783440,9505
1347791356,9506
1347860511,9507
1347991659,9508
1347992880,9509
1348075898,9510
1348082713,9511
1348085890,9512
1348085897,9513
1348253914,9514
1348264017,9515
1348278581,9516
1348278584,9517
1348282014,9518
1348295977,9519
1348295980,9520
1348295983,9521
1348295985,9522
1348295989,9523
1348296000,9524
1348296001,9525
1348296002,9526
1348296003,9527
1348296005,9528
1348305737,9529
1348697593,9530
1348739080,9531
1349527972,9532
1349531223,9533
1349538108,9534
1349538130,9535
1349542046,9536
1349544366,9537
1349544368,9538
1349547785,9539
1349547786,9540
1349547800,9541
1349547802,9542
1349671422,9543
1349697996,9544
1350582233,9545
1350582238,9546
1350607993,9547
1350628851,9548
1350628857,9549
1350637646,9550
1350637648,9551
1351009136,9552
1351122892,9553
1351140512,9554
1352182838,9555
1352182840,9556
1352185126,9557
1352722310,9558
1353091944,9559
1353091946,9560
1353097327,9561
1353097343,9562
1353097345,9563
1354226383,9564
1354251200,9565
1354252615,9566
1354252941,9567
1354253793,9568
1354254414,9569
1354256882,9570
1354572614,9571
1354572616,9572
1355381866,9573
1355381892,9574
1355469556,9575
1355469558,9576
1355469559,9577
1355471068,9578
1355491082,9579
1355493569,9580
1355500421,9581
1355500422,9582
1355500430,9583
1355500432,9584
1355500433,9585
1355500435,9586
1355500437,9587
1355500439,9588
1355500441,9589
1355500445,9590
1355500447,9591
1355500448,9592
1355500452,9593
1355500460,9594
1355505742,9595
1355505746,9596
1355508224,9597
1355511953,9598
1355608688,9599
1355614969,9600
1355644335,9601
1355644348,9602
1355644349,9603
1355645984,9604
1356116655,9605
1356117844,9606
1356125772,9607
1356125782,9608
1356125784,9609
1356152878,9610
1356152879,9611
1356170092,9612
1356364582,9613
1356372330,9614
1356406216,9615
1356421081,9616
1356421085,9617
1356425185,9618
1356427778,9619
1356434997,9620
1356435000,9621
1356437246,9622
1356476360,9623
1356480383,9624
1356501176,9625
1356501177,9626
1356507439,9627
1356516711,9628
1356532306,9629
1356572444,9630
1356705524,9631
1356705531,9632
1356723267,9633
1356723275,9634
1356723283,9635
1356836852,9636
1356836855,9637
1356975950,9638
1356975951,9639
1356975959,9640
1356975961,9641
1356975965,9642
1356975967,9643
1356975975,9644
1356975976,9645
1356975983,9646
1356975985,9647
1356975987,9648
1357387218,9649
1357394129,9650
1357394133,9651
1358175912,9652
1358184266,9653
1358194653,9654
1358194655,9655
1358220757,9656
1358238904,9657
1358245454,9658
1358272485,9659
1358272487,9660
1358272491,9661
1358296178,9662
1358296180,9663
1358322248,9664
1358332506,9665
1358919015,9666
1358922354,9667
1359300511,9668
1359300517,9669
1359300522,9670
1359688335,9671
1359794145,9672
1359794154,9673
1359794156,9674
1359794161,9675
1359794167,9676
1359818291,9677
1359858723,9678
1359858731,9679
1359858733,9680
1359858748,9681
1359858758,9682
1359871408,9683
1359871411,9684
1359889602,9685
1360642654,9686
1360699414,9687
1360732012,9688
1360732018,9689
1360732031,9690
1360804977,9691
1360957710,9692
1360966369,9693
1360978736,9694
1360994081,9695
1361001369,9696
1361129535,9697
1361129536,9698
1361324466,9699
1361324467,9700
1361324470,9701
1362181889,9702
1362181908,9703
1362190536,9704
1362193053,9705
1362193054,9706
1362193055,9707
1362193056,9708
1362193059,9709
1362210172,9710
1362210173,9711
1362647372,9712
1362647375,9713
1362647412,9714
1362647440,9715
1362784571,9716
1362784574,9717
1363017826,9718
1363020498,9719
1363047255,9720
1363047257,9721
1363047715,9722
1363298791,9723
1363298798,9724
1363369765,9725
1363372256,9726
1363376309,9727
1363752233,9728
1363816435,9729
1363839938,9730
1363839940,9731
1363839941,9732
1363840240,9733
1363841361,9734
1363841439,9735
1363841451,9736
1363847973,9737
1363850674,9738
1363850682,9739
1363850689,9740
1363850739,9741
1363850755,9742
1363850765,9743
1363850782,9744
1363858694,9745
1363859207,9746
1363859642,9747
1363859643,9748
1363859644,9749
1364109790,9750
1364109825,9751
1364109839,9752
1364109921,9753
1364109958,9754
1364109963,9755
1364222609,9756
1364222610,9757
1364222623,9758
1364262241,9759
1364262247,9760
1364262270,9761
1364262316,9762
1364660336,9763
1364672505,9764
1364674950,9765
1364675773,9766
1364675775,9767
1364686022,9768
1364686023,9769
1364699816,9770
1364699821,9771
1364699824,9772
1364707622,9773
1364761204,9774
1364761205,9775
1364794339,9776
1364828922,9777
1364828925,9778
1364836180,9779
1364836181,9780
1364933927,9781
1364933933,9782
1364933953,9783
1364934003,9784
1364947551,9785
1364950706,9786
1365044736,9787
1365044737,9788
1365811401,9789
1365811402,9790
1365811411,9791
1365811413,9792
1365811415,9793
1365811416,9794
1366122368,9795
1366143329,9796
1366143331,9797
1366143333,9798
1366143335,9799
1366143339,9800
1366143347,9801
1366143348,9802
1366143355,9803
1366143357,9804
1366147178,9805
1366147180,9806
1366147182,9807
1366149685,9808
1366149700,9809
1366149702,9810
1366340097,9811
1366561555,9812
1367351405,9813
1367351413,9814
1367372481,9815
1367376731,9816
1367376733,9817
1367376741,9818
1367383355,9819
1367384293,9820
1367388509,9821
1367388510,9822
1367388513,9823
1367388515,9824
1367511439,9825
1367511440,9826
1367511684,9827
1367514056,9828
1367514061,9829
1367514063,9830
1367515567,9831
1367515585,9832
1367517137,9833
1367517138,9834
1367517220,9835
1367517222,9836
1367517224,9837
1367517225,9838
1367517226,9839
1367517588,9840
1367518108,9841
1367522819,9842
1367522832,9843
1368101029,9844
1368125616,9845
1368164640,9846
1368164643,9847
1368305084,9848
1368305093,9849
1368305098,9850
1368305111,9851
1368305112,9852
1368305121,9853
1368305135,9854
1368305164,9855
1368668975,9856
1368709338,9857
1368741084,9858
1369191095,9859
1369191099,9860
1369228486,9861
1369249103,9862
1369287260,9863
1369291352,9864
1369291623,9865
1369291626,9866
1369303345,9867
1369303347,9868
1369303349,9869
1369402702,9870
1369408209,9871
1369416956,9872
1369442224,9873
1369442967,9874
1369444678,9875
1369445945,9876
1369445946,9877
1369452002,9878
1369460393,9879
1369462993,9880
1369463003,9881
1369463005,9882
1369477423,9883
1369478814,9884
1369481736,9885
1369481737,9886
1369481738,9887
1369484203,9888
1369504504,9889
1369508462,9890
1369512482,9891
1369512705,9892
1369512706,9893
1369513118,9894
1369513668,9895
1369521501,9896
1369521502,9897
1369521503,9898
1369525581,9899
1369525583,9900
1369525584,9901
1370161661,9902
1371376573,9903
1371715284,9904
1371911422,9905
1371911423,9906
1371911424,9907
1371911425,9908
1372831385,9909
1372831401,9910
1372831425,9911
1372831435,9912
1374297065,9913
1374298974,9914
1374302144,9915
1374308189,9916
1374899208,9917
1374968399,9918
1374970243,9919
1374970244,9920
1375009303,9921
1375009305,9922
1375009307,9923
1375039765,9924
1375039776,9925
1375039782,9926
1375039785,9927
1375039791,9928
1375043296,9929
1375043298,9930
1375068811,9931
1375083016,9932
1375292201,9933
1375294844,9934
1375294845,9935
1375306577,9936
1375306579,9937
1375306584,9938
1375306586,9939
1375309350,9940
1375313546,9941
1376258079,9942
1376258081,9943
1376259867,9944
1376262589,9945
1376262590,9946
1376263506,9947
1376263508,9948
1376265130,9949
1376265131,9950
1376265133,9951
1376273752,9952
1376273754,9953
1376273758,9954
1376287718,9955
1376291074,9956
1376295891,9957
1376295894,9958
1376295897,9959
1376307362,9960
1376307364,9961
1376307366,9962
1376307371,9963
1376307373,9964
1376307377,9965
1376307380,9966
1376307382,9967
1376337089,9968
1376340438,9969
1376343799,9970
1376343800,9971
1376355171,9972
1376358172,9973
1376358173,9974
1376358174,9975
1376358176,9976
1376359081,9977
1376359082,9978
1376359083,9979
1376369666,9980
1376371820,9981
1376487781,9982
1376499375,9983
1376499901,9984
1376501428,9985
1376501432,9986
1376501434,9987
1376501436,9988
1376519354,9989
1376519356,9990
1376523257,9991
1376523259,9992
1376523787,9993
1376524801,9994
1376583854,9995
1376583856,9996
1376583858,9997
1376589067,9998
1376703302,9999
1377397654,10000
1377397655,10001
1377397659,10002
1377397662,10003
1377397667,10004
1377397668,10005
1377397680,10006
1377397686,10007
1377397695,10008
1377397707,10009
1377405564,10010
1377405565,10011
1377405571,10012
1378555184,10013
1380301516,10014
1380301536,10015
1380301538,10016
1380301541,10017
1380301552,10018
1380301554,10019
1380301694,10020
1380301756,10021
1380301787,10022
1380301797,10023
1380313561,10024
1380313572,10025
1381595488,10026
1381595491,10027
1381815147,10028
1381917319,10029
1381917333,10030
1381917335,10031
1381917336,10032
1381917348,10033
1381920623,10034
1383424958,10035
1383424975,10036
1384080614,10037
1384080616,10038
1384080617,10039
1384898563,10040
1384962728,10041
1384962743,10042
1384962752,10043
1384962766,10044
1384962776,10045
1386088184,10046
1386088188,10047
1386088197,10048
1386088203,10049
1386088219,10050
1386088248,10051
1394017789,10052
1394017790,10053
1394017792,10054
1397341641,10055
1397341690,10056
1397341701,10057
1397341920,10058
1400031353,10059
1400031381,10060
1400934936,10061
1400934942,10062
1400934990,10063
1400935000,10064
1400935033,10065
1400939867,10066
1402778612,10067
1402778620,10068
1402778727,10069
1402778744,10070
1402778940,10071
1402778969,10072
1402779038,10073
1402779095,10074
1402779105,10075
1402779127,10076
1402779158,10077
1402779181,10078
1402779191,10079
1402779192,10080
1402779205,10081
1402779207,10082
1402779215,10083
1402779218,10084
1402779220,10085
1406349395,10086
1406499348,10087
1406499351,10088
1406525193,10089
1406535093,10090
1406977609,10091
1406981665,10092
1409067155,10093
1409067157,10094
1409074854,10095
1409088465,10096
1409088466,10097
1409626830,10098
1410606693,10099
1410606894,10100
1411477537,10101
1411477543,10102
1411684978,10103
1411690443,10104
1411690444,10105
1411690445,10106
1411692467,10107
1411864944,10108
1411864952,10109
1411864955,10110
1411864960,10111
1411864963,10112
1411864964,10113
1411864986,10114
1411864988,10115
1411864992,10116
1411865006,10117
1413637575,10118
1413913977,10119
1414246144,10120
1414252217,10121
1415198559,10122
1415440979,10123
1415448628,10124
1416157300,10125
1416350679,10126
1416358574,10127
1416358578,10128
1416358580,10129
1416358586,10130
1416358590,10131
1416359254,10132
1416359255,10133
1416848175,10134
1416849636,10135
1417603857,10136
1417617987,10137
1417617988,10138
1417617989,10139
1417743405,10140
1417764884,10141
1418260962,10142
1420304657,10143
1420331237,10144
1421185343,10145
1422422605,10146
1422422607,10147
1422422787,10148
1422697306,10149
1422713083,10150
1422714231,10151
1422714264,10152
1422722324,10153
1422722337,10154
1422722338,10155
1422743236,10156
1422759480,10157
1422781952,10158
1422781953,10159
1422784928,10160
1422784929,10161
1422789411,10162
1422789414,10163
1422791207,10164
1422799779,10165
1422824395,10166
1422899048,10167
1422899049,10168
1422986292,10169
1422986297,10170
1422986511,10171
1422986768,10172
1422986858,10173
1422986989,10174
1422987106,10175
1422987131,10176
1422987390,10177
1422987417,10178
1422987509,10179
1422996497,10180
1423021764,10181
1423021765,10182
1423021768,10183
1423051880,10184
1423058193,10185
1423058201,10186
1423123851,10187
1423123857,10188
1423125440,10189
1423125441,10190
1423265702,10191
1423315687,10192
1423321495,10193
1423489982,10194
1423499272,10195
1423705916,10196
1423705918,10197
1423705919,10198
1424326083,10199
1424326086,10200
1424326087,10201
1424326088,10202
1424326090,10203
1424397179,10204
1424399319,10205
1424399322,10206
1424400407,10207
1424404297,10208
1424406933,10209
1424406936,10210
1424406939,10211
1424406941,10212
1424469981,10213
1424475580,10214
1424475593,10215
1424477880,10216
1424478675,10217
1424480758,10218
1424480764,10219
1424480765,10220
1426235393,10221
1426235405,10222
1426235411,10223
1426235415,10224
1426235423,10225
1426235439,10226
1426235441,10227
1426235445,10228
1426235449,10229
1426235451,10230
1426235464,10231
1426235465,10232
1426235466,10233
1426235470,10234
1426235471,10235
1426235473,10236
1426235475,10237
1426235477,10238
1426235486,10239
1426235489,10240
1426235493,10241
1426235505,10242
1426235522,10243
1426235527,10244
1426235529,10245
1426235539,10246
1426235546,10247
1426235562,10248
1426235563,10249
1426235564,10250
1426235565,10251
1426235569,10252
1426559378,10253
1426562013,10254
1427642589,10255
1428243697,10256
1428243700,10257
1428247816,10258
1429166042,10259
1429166046,10260
1429166048,10261
1429172039,10262
1429172042,10263
1429428679,10264
1429428835,10265
1429433461,10266
1429433510,10267
1429433511,10268
1429433519,10269
1429433526,10270
1429814371,10271
1429814393,10272
1429814405,10273
1429814449,10274
1429814475,10275
1429814477,10276
1429814516,10277
1429814534,10278
1429814540,10279
1429814565,10280
1429814569,10281
1429814617,10282
1429814631,10283
1429821829,10284
1429821838,10285
1429902337,10286
1429902356,10287
1429902364,10288
1429902398,10289
1429902407,10290
1430126078,10291
1430126080,10292
1430165326,10293
1430205781,10294
1430205784,10295
1430207560,10296
1430211120,10297
1430217863,10298
1430219613,10299
1430296309,10300
1430304318,10301
1430304319,10302
1430309783,10303
1430380021,10304
1430380024,10305
1430382676,10306
1430385436,10307
1430397904,10308
1430403010,10309
1430420160,10310
1430698458,10311
1430698461,10312
1430698464,10313
1431215376,10314
1431219662,10315
1431243495,10316
1431304508,10317
1431304514,10318
1431304515,10319
1431304517,10320
1431304530,10321
1431304531,10322
1431304541,10323
1431304548,10324
1431304552,10325
1431304560,10326
1431304562,10327
1431304572,10328
1431304598,10329
1431304602,10330
1431304625,10331
1431304627,10332
1431304632,10333
1431304647,10334
1431304659,10335
1431324493,10336
1431324497,10337
1432042098,10338
1432061137,10339
1432061140,10340
1432104990,10341
1432104991,10342
1432104992,10343
1432104994,10344
1432104996,10345
1432104997,10346
1432121062,10347
1432149465,10348
1432149466,10349
1432149467,10350
1432149468,10351
1432149469,10352
1432149472,10353
1432149475,10354
1432149478,10355
1432149479,10356
1432149480,10357
1432149482,10358
1432149483,10359
1432149484,10360
1432151096,10361
1432151099,10362
1432151101,10363
1432154577,10364
1432155869,10365
1432155870,10366
1432516984,10367
1432517015,10368
1432517150,10369
1432517185,10370
1432517217,10371
1432937968,10372
1432968605,10373
1432991810,10374
1433035444,10375
1433039369,10376
1433039370,10377
1433039371,10378
1433039372,10379
1433049157,10380
1433049161,10381
1433049163,10382
1433050698,10383
1433733575,10384
1433733609,10385
1433733629,10386
1433733650,10387
1433733662,10388
1433867717,10389
1433921111,10390
1434057135,10391
1434058611,10392
1434058612,10393
1434076066,10394
1434076068,10395
1434076069,10396
1434077407,10397
1434077409,10398
1434077411,10399
1434080691,10400
1434080696,10401
1434080701,10402
1434080703,10403
1434080705,10404
1434083517,10405
1434083518,10406
1434084681,10407
1434084682,10408
1434178601,10409
1434180016,10410
1434180020,10411
1434210745,10412
1434503542,10413
1434503684,10414
1434503694,10415
1434503718,10416
1434503754,10417
1434504014,10418
1434504103,10419
1434504127,10420
1434504157,10421
1434504179,10422
1434504207,10423
1434504213,10424
1434504429,10425
1434504635,10426
1434837522,10427
1434839463,10428
1434863422,10429
1435312901,10430
1435313242,10431
1435313245,10432
1435313247,10433
1435313251,10434
1435313252,10435
1435313996,10436
1435313999,10437
1435317907,10438
1435423231,10439
1435446283,10440
1435446284,10441
1435446288,10442
1435446289,10443
1435446290,10444
1435446291,10445
1435446295,10446
1435451023,10447
1435451024,10448
1435457617,10449
1435492796,10450
1435543890,10451
1435949193,10452
1436203575,10453
1436203576,10454
1436203577,10455
1436220841,10456
1436284212,10457
1436352234,10458
1436352612,10459
1436519938,10460
1436519940,10461
1437437137,10462
1437437204,10463
1437437411,10464
1437437421,10465
1437437434,10466
1437437466,10467
1437437581,10468
1437437671,10469
1437441031,10470
1437441235,10471
1437462963,10472
1437480490,10473
1439020473,10474
1439020474,10475
1439562571,10476
1440811617,10477
1440811621,10478
1440811624,10479
1440818571,10480
1444744449,10481
1444744459,10482
1444750744,10483
1444750753,10484
1444755434,10485
1444780325,10486
1444796514,10487
1445230591,10488
1445292931,10489
1445690437,10490
1445690441,10491
1445722481,10492
1448719443,10493
1448719444,10494
1448728458,10495
1448732426,10496
1449075656,10497
1449075688,10498
1449134944,10499
1449148287,10500
1450516842,10501
1450516869,10502
1450517128,10503
1453540821,10504
1453540848,10505
1453882689,10506
1453949050,10507
1454024467,10508
1454046280,10509
1454046282,10510
1454046283,10511
1454046284,10512
1454317263,10513
1454744853,10514
1455443904,10515
1455443907,10516
1455459987,10517
1455459998,10518
1455469755,10519
1455495124,10520
1455495126,10521
1455498268,10522
1455498271,10523
1455504684,10524
1455504687,10525
1455504702,10526
1455504703,10527
1455519111,10528
1455520359,10529
1455520360,10530
1455526827,10531
1455526843,10532
1455526846,10533
1455526849,10534
1455526853,10535
1455531420,10536
1455531422,10537
1455531423,10538
1455539139,10539
1455541488,10540
1455541490,10541
1455541494,10542
1455541496,10543
1455541498,10544
1455541502,10545
1455541503,10546
1455549918,10547
1455549922,10548
1455549924,10549
1455552277,10550
1455555433,10551
1455557220,10552
1455557224,10553
1455557226,10554
1458084084,10555
1458084101,10556
1458086399,10557
1458487671,10558
1458547681,10559
1458591866,10560
1458651971,10561
1459562219,10562
1467450242,10563
1467450251,10564
1468290185,10565
1468298706,10566
1468301007,10567
1468329111,10568
1468329112,10569
1468330604,10570
1468331774,10571
1468332673,10572
1468333080,10573
1468810881,10574
1468810882,10575
1468810890,10576
1468810893,10577
1468810895,10578
1468810897,10579
1468810901,10580
1468954381,10581
1470897924,10582
1470897927,10583
1470897934,10584
1470897937,10585
1470897940,10586
1471108325,10587
1471108428,10588
1471108466,10589
1472399057,10590
1472399063,10591
1472434100,10592
1472434103,10593
1472828660,10594
1472871825,10595
1472871857,10596
1473199355,10597
1473202015,10598
1473384808,10599
1473384809,10600
1476376486,10601
1476376488,10602
1476376491,10603
1476376494,10604
1476376496,10605
1476376498,10606
1476376500,10607
1476376504,10608
1476376508,10609
1476376516,10610
1476379709,10611
1476382468,10612
1476382471,10613
1476382473,10614
1476382474,10615
1476382487,10616
1476393908,10617
1476400228,10618
1476408621,10619
1476415008,10620
1476422382,10621
1476422385,10622
1476428596,10623
1476437582,10624
1477522309,10625
1477537242,10626
1477538467,10627
1477546452,10628
1477559160,10629
1477603140,10630
1477728665,10631
1477728666,10632
1477728667,10633
1477734951,10634
1477736031,10635
1477738074,10636
1477742129,10637
1477754752,10638
1477754753,10639
1477759218,10640
1477759220,10641
1477760442,10642
1477766338,10643
1477770833,10644
1477770836,10645
1485671209,10646
1486099006,10647
1486110243,10648
1486206499,10649
1486206554,10650
1486206613,10651
1486206684,10652
1486206885,10653
1486206909,10654
1486206977,10655
1486207015,10656
1488912979,10657
1488912984,10658
1488913015,10659
1488913087,10660
1488913101,10661
1488913104,10662
1488913136,10663
1488913142,10664
1488913221,10665
1488913236,10666
1488913240,10667
1488913263,10668
1488913276,10669
1488913329,10670
1488913340,10671
1488913370,10672
1488913389,10673
1488913415,10674
1488913420,10675
1488913455,10676
1488913468,10677
1488913470,10678
1488913476,10679
1488913487,10680
1488913498,10681
1488913589,10682
1489699044,10683
1489699065,10684
1497651343,10685
1497651346,10686
1497651352,10687
1497651355,10688
1497651366,10689
1497898466,10690
1497898499,10691
1499674608,10692
1499678461,10693
1499678462,10694
1499970258,10695
1499971925,10696
1499971927,10697
1499971929,10698
1499978315,10699
1499978320,10700
1499978324,10701
1500543122,10702
1500543125,10703
1500591155,10704
1500613382,10705
1500613384,10706
1500690871,10707
1500690877,10708
1501003598,10709
1501003599,10710
1501005541,10711
1501005547,10712
1501005549,10713
1501005551,10714
1501006202,10715
1501006203,10716
1501018056,10717
1501030420,10718
1501030423,10719
1501036711,10720
1501036714,10721
1501036715,10722
1501036716,10723
1501036717,10724
1501036721,10725
1501036722,10726
1501036724,10727
1501041788,10728
1501041789,10729
1501041790,10730
1501062610,10731
1501074381,10732
1501304299,10733
1501426352,10734
1501428252,10735
1505728750,10736
1505737413,10737
1505749746,10738
1505749748,10739
1508941179,10740
1508982874,10741
1508982878,10742
1508982881,10743
1508982884,10744
1508982889,10745
1508982893,10746
1508982897,10747
1508982899,10748
1508985596,10749
1508996710,10750
1508996711,10751
1508996712,10752
1508996713,10753
1509225025,10754
1509240880,10755
1509244952,10756
1509244956,10757
1509252948,10758
1509252951,10759
1509252954,10760
1509252956,10761
1511694189,10762
1511694231,10763
1511694234,10764
1511694235,10765
1511694238,10766
1517541077,10767
1517555358,10768
1517555522,10769
1517570871,10770
1517570875,10771
1517782398,10772
1517782407,10773
1517782411,10774
1518141658,10775
1518141661,10776
1518141663,10777
1518146616,10778
1518152595,10779
1518152600,10780
1518152602,10781
1519901667,10782
1519901698,10783
1519901776,10784
1519901860,10785
1520092698,10786
1520199797,10787
1528248275,10788
1528248278,10789
1528297367,10790
1528297368,10791
1528307343,10792
1528307360,10793
1528328407,10794
1528328429,10795
1528376981,10796
1528376985,10797
1528376989,10798
1528376992,10799
1528379699,10800
1528379720,10801
1528379724,10802
1528385852,10803
1528385864,10804
1528385866,10805
1528406442,10806
1528418317,10807
1528450462,10808
1528474116,10809
1528479565,10810
1528479567,10811
1528488186,10812
1528488197,10813
1528488200,10814
1529257751,10815
1529257759,10816
1529257766,10817
1529421930,10818
1529460401,10819
1530286935,10820
1530773062,10821
1530773064,10822
1530773065,10823
1530773066,10824
1530773077,10825
1530773082,10826
1530773084,10827
1530773086,10828
1530773087,10829
1530773089,10830
1530773091,10831
1530789736,10832
1530795089,10833
1530795092,10834
1530795096,10835
1530795103,10836
1530962416,10837
1531035107,10838
1531035113,10839
1531035116,10840
1531035137,10841
1531035151,10842
1531035191,10843
1531035214,10844
1531035237,10845
1531035242,10846
1531035264,10847
1531035291,10848
1531035330,10849
1531035343,10850
1531035349,10851
1531035358,10852
1531035448,10853
1531035450,10854
1531188703,10855
1531188713,10856
1531343075,10857
1531343082,10858
1531371125,10859
1531409874,10860
1531409875,10861
1531453034,10862
1531533781,10863
1538220876,10864
1539224202,10865
1539350051,10866
1539350329,10867
1539702082,10868
1539702085,10869
1539702116,10870
1539917014,10871
1540086749,10872
1540145384,10873
1540262610,10874
1542155198,10875
1542273518,10876
1542273523,10877
1545230395,10878
1550651093,10879
1550651097,10880
1552729332,10881
1552765376,10882
1552808597,10883
1552808607,10884
1552820537,10885
1553027402,10886
1553027444,10887
1553027446,10888
1553027486,10889
1553027548,10890
1553027558,10891
1553027572,10892
1553027581,10893
1554903409,10894
1554903410,10895
1556801410,10896
1556831219,10897
1557049456,10898
1557084049,10899
1557084072,10900
1557718003,10901
1557719571,10902
1557723576,10903
1557737845,10904
1558184261,10905
1559956551,10906
1563747094,10907
1569110270,10908
1569795187,10909
1569913042,10910
1569998139,10911
1569998141,10912
1569998154,10913
1571127544,10914
1571138582,10915
1571138836,10916
1571139845,10917
1578726496,10918
1578745389,10919
1578800876,10920
1579265627,10921
1579266247,10922
1579326299,10923
1579379074,10924
1580948930,10925
1580958603,10926
1580969286,10927
1580969290,10928
1580969291,10929
1581058939,10930
1581067323,10931
1581100027,10932
1581100029,10933
1581123649,10934
1581123654,10935
1581123657,10936
1581123696,10937
1581130546,10938
1581130548,10939
1581165136,10940
1581165141,10941
1581169762,10942
1581169766,10943
1581177048,10944
1581177083,10945
1583982303,10946
1584145665,10947
1584145666,10948
1584145997,10949
1584145998,10950
1584173023,10951
1585135805,10952
1585138561,10953
1587318370,10954
1587318373,10955
1587318376,10956
1587505517,10957
1587508821,10958
1587508822,10959
1587510972,10960
1588107418,10961
1588827827,10962
1589620883,10963
1589643338,10964
1589643339,10965
1589650566,10966
1590387535,10967
1590387542,10968
1591069886,10969
1593537242,10970
1593624924,10971
1593636963,10972
1593749984,10973
1593749987,10974
1593755563,10975
1593755569,10976
1593811375,10977
1593858937,10978
1593909182,10979
1593921004,10980
1593921005,10981
1593927108,10982
1596026560,10983
1598671052,10984
1599986032,10985
1600064797,10986
1600064801,10987
1600107461,10988
1600111678,10989
1600119920,10990
1600130234,10991
1600130236,10992
1600134702,10993
1600134704,10994
1600180244,10995
1600180246,10996
1600180251,10997
1601133339,10998
1601133344,10999
1601137157,11000
1601137158,11001
1601137159,11002
1602527600,11003
1602527704,11004
1603229492,11005
1603312000,11006
1603816873,11007
1604209771,11008
1604209776,11009
1604212701,11010
1604212702,11011
1604212703,11012
1604212704,11013
1604217058,11014
1604217066,11015
1604217538,11016
1604768123,11017
1605415798,11018
1608997575,11019
1609020002,11020
1609090445,11021
1610723571,11022
1610723580,11023
1612211997,11024
1612211998,11025
1612220590,11026
1612224302,11027
1612226100,11028
1612226101,11029
1612226102,11030
1612259391,11031
1614660742,11032
1614660749,11033
1614660750,11034
1614660756,11035
1614660762,11036
1614670674,11037
1616064310,11038
1616719859,11039
1618690355,11040
1624449646,11041
1624456368,11042
1624471327,11043
1624475660,11044
1625719286,11045
1627112928,11046
1627926386,11047
1627926393,11048
1627926395,11049
1627926403,11050
1627926407,11051
1627929076,11052
1627939997,11053
1627960498,11054
1627960499,11055
1627967541,11056
1627999385,11057
1628359358,11058
1628359361,11059
1628400908,11060
1628406125,11061
1628406128,11062
1628411128,11063
1628551113,11064
1628551114,11065
1628788389,11066
1628788402,11067
1628900654,11068
1629418474,11069
1629418477,11070
1629424775,11071
1629450644,11072
1629450649,11073
1629450651,11074
1629450662,11075
1629666781,11076
1629666792,11077
1633105722,11078
1633105726,11079
1633105735,11080
1633105741,11081
1633129371,11082
1633129384,11083
1634455756,11084
1634468147,11085
1634468172,11086
1634480194,11087
1634480223,11088
1634480227,11089
1634480231,11090
1634539412,11091
1635553407,11092
1635553419,11093
1635576390,11094
1635591927,11095
1635591928,11096
1635591946,11097
1635632316,11098
1635632374,11099
1635803731,11100
1635803751,11101
1635820987,11102
1635821025,11103
1636519479,11104
1637057668,11105
1637057745,11106
1637163917,11107
1637163921,11108
1637163929,11109
1637163939,11110
1637195261,11111
1637195277,11112
1637195285,11113
1637257683,11114
1637257696,11115
1637257703,11116
1637262225,11117
1637262226,11118
1637262237,11119
1637307526,11120
1637307915,11121
1637547811,11122
1637578698,11123
1637578746,11124
1637578807,11125
1637578822,11126
1637578842,11127
1637578844,11128
1637578845,11129
1637578850,11130
1637578858,11131
1637578861,11132
1637578899,11133
1637578901,11134
1637578902,11135
1637578905,11136
1637578908,11137
1637578912,11138
1637618697,11139
1637618698,11140
1637618700,11141
1637618723,11142
1637618731,11143
1637618746,11144
1637618748,11145
1637618758,11146
1637618764,11147
1637618808,11148
1637618809,11149
1637618814,11150
1637618816,11151
1637620595,11152
1637620596,11153
1637733305,11154
1642067519,11155
1642148716,11156
1642148762,11157
1642199555,11158
1643932782,11159
1646249689,11160
1646249692,11161
1646249762,11162
1646249834,11163
1646249872,11164
1646249991,11165
1646249995,11166
1646250042,11167
1646264290,11168
1646264292,11169
1646264326,11170
1646268576,11171
1646288513,11172
1646288535,11173
1646289666,11174
1646300181,11175
1646670581,11176
1646670585,11177
1647322593,11178
1647322598,11179
1647322601,11180
1648659390,11181
1648659451,11182
1648772187,11183
1648772236,11184
1649201721,11185
1649201730,11186
1649201731,11187
1649201738,11188
1649224380,11189
1649300389,11190
1649300397,11191
1649302997,11192
1649323389,11193
1649323427,11194
1649339630,11195
1649339635,11196
1650088364,11197
1650088365,11198
1650137730,11199
1650137747,11200
1650137817,11201
1650137820,11202
1650137902,11203
1650137943,11204
1650809987,11205
1650809989,11206
1650814991,11207
1651291091,11208
1651291237,11209
1652003997,11210
1652004001,11211
1652004019,11212
1652004041,11213
1652004063,11214
1652054927,11215
1652054933,11216
1652054940,11217
1652054980,11218
1652063526,11219
1652063553,11220
1652132301,11221
1652132304,11222
1652132307,11223
1652132316,11224
1652132319,11225
1652132337,11226
1652132345,11227
1652132346,11228
1652132359,11229
1652142139,11230
1652142142,11231
1652142152,11232
1652195846,11233
1652195862,11234
1652196095,11235
1652229700,11236
1652229711,11237
1652259325,11238
1652259331,11239
1652259336,11240
1652259400,11241
1652276521,11242
1652276523,11243
1652276528,11244
1652276530,11245
1652276539,11246
1652276553,11247
1652533633,11248
1653158197,11249
1653301790,11250
1653311951,11251
1653311955,11252
1653371480,11253
1653371516,11254
1653371522,11255
1653382486,11256
1653382532,11257
1653473565,11258
1653473571,11259
1653473611,11260
1653473624,11261
1653473625,11262
1653484790,11263
1653487112,11264
1653487114,11265
1653489548,11266
1653489562,11267
1654039205,11268
1655765382,11269
1656844646,11270
1656865388,11271
1656889210,11272
1656889217,11273
1656889220,11274
1656889223,11275
1656927222,11276
1657604383,11277
1658018720,11278
1658018867,11279
1658019207,11280
1659150181,11281
1659329157,11282
1659336982,11283
1659336983,11284
1659339612,11285
1659341886,11286
1659341888,11287
1659556230,11288
1660216477,11289
1661971577,11290
1661971646,11291
1663869791,11292
1671577984,11293
1673642106,11294
1673650752,11295
1673650753,11296
1673650758,11297
1673650767,11298
1673656686,11299
1673656698,11300
1673656700,11301
1673656703,11302
1673664040,11303
1673664042,11304
1673664046,11305
1673665990,11306
1674070632,11307
1674070633,11308
1674070667,11309
1674070724,11310
1674109115,11311
1676564737,11312
1676564738,11313
1677760879,11314
1677760912,11315
1679657120,11316
1679657147,11317
1679657154,11318
1679657159,11319
1680024752,11320
1680024791,11321
1680072265,11322
1680106286,11323
1680106302,11324
1680578864,11325
1680578867,11326
1682154398,11327
1682154427,11328
1682154445,11329
1682154475,11330
1682154484,11331
1682154492,11332
1682197735,11333
1682197741,11334
1682197745,11335
1682197750,11336
1682197804,11337
1682197808,11338
1682197816,11339
1682197817,11340
1682197819,11341
1682197822,11342
1682197832,11343
1682404321,11344
1682868807,11345
1682868831,11346
1682868860,11347
1682868902,11348
1682868904,11349
1682868972,11350
1682869035,11351
1682869102,11352
1682869126,11353
1684322374,11354
1684322402,11355
1684322413,11356
1684956389,11357
1685017184,11358
1685063102,11359
1685063148,11360
1685172341,11361
1685172355,11362
1685231384,11363
1685427769,11364
1685430565,11365
1685459545,11366
1686757950,11367
1686758069,11368
1686758096,11369
1686758239,11370
1686758694,11371
1687149397,11372
1687149402,11373
1687149405,11374
1687149418,11375
1687152092,11376
1687152095,11377
1687152097,11378
1687158275,11379
1687158276,11380
1687158278,11381
1687158317,11382
1687158325,11383
1687158327,11384
1687158332,11385
1687158333,11386
1687158335,11387
1687158337,11388
1687658038,11389
1687741177,11390
1687917539,11391
1687917555,11392
1687917564,11393
1687921197,11394
1687930252,11395
1687930867,11396
1687934677,11397
1688137795,11398
1688137801,11399
1688801542,11400
1688801543,11401
1688805318,11402
1688805322,11403
1688806758,11404
1688841884,11405
1688842815,11406
1688857110,11407
1688857112,11408
1688863343,11409
1688863369,11410
1688906163,11411
1688927814,11412
1689028670,11413
1690082076,11414
1690082082,11415
1690152330,11416
1690152345,11417
1690152366,11418
1690152374,11419
1690152377,11420
1690190655,11421
1690191487,11422
1690191488,11423
1690191491,11424
1690440401,11425
1690440405,11426
1690440418,11427
1690440422,11428
1690440434,11429
1691729186,11430
1695138373,11431
1695776590,11432
1696522771,11433
1696522796,11434
1696522802,11435
1696558652,11436
1696622554,11437
1696622614,11438
1696714252,11439
1696714262,11440
1696714264,11441
1696714296,11442
1696714307,11443
1696738990,11444
1696739000,11445
1696739005,11446
1696739009,11447
1696739011,11448
1696739019,11449
1696739136,11450
1696774543,11451
1696774546,11452
1696774564,11453
1696774605,11454
1696805897,11455
1696836638,11456
1696836654,11457
1696837730,11458
1697326918,11459
1699928443,11460
1699928451,11461
1699928482,11462
1701414439,11463
1703206046,11464
1703206050,11465
1703206065,11466
1703206068,11467
1703206075,11468
1703513620,11469
1703513629,11470
1703513631,11471
1703518477,11472
1703518479,11473
1703518481,11474
1703532023,11475
1703532027,11476
1703532032,11477
1703532046,11478
1703532051,11479
1703532061,11480
1703532087,11481
1703532093,11482
1703532098,11483
1703578189,11484
1703578191,11485
1703578192,11486
1703578193,11487
1703589325,11488
1703589326,11489
1703591780,11490
1703591781,11491
1703591782,11492
1703595666,11493
1703595668,11494
1703595669,11495
1703595671,11496
1703595673,11497
1703595674,11498
1703595678,11499
1703595679,11500
1703595681,11501
1703599207,11502
1703599210,11503
1703599212,11504
1703608324,11505
1703610094,11506
1703610389,11507
1703610391,11508
1703615386,11509
1703618769,11510
1703618775,11511
1703623341,11512
1703628424,11513
1703628425,11514
1703628427,11515
1703628429,11516
1703628430,11517
1703635262,11518
1703635264,11519
1703635266,11520
1703638210,11521
1704914313,11522
1704922483,11523
1704922492,11524
1705992425,11525
1706380696,11526
1709919967,11527
1712143356,11528
1713116365,11529
1713889071,11530
1713889439,11531
1713889471,11532
1714418310,11533
1715306154,11534
1715342553,11535
1716111025,11536
1716111028,11537
1716111033,11538
1716111036,11539
1716114572,11540
1716187130,11541
1716196154,11542
1716196194,11543
1716196201,11544
1716196218,11545
1717547968,11546
1719032363,11547
1719032466,11548
1720190196,11549
1720976686,11550
1720977316,11551
1721530612,11552
1721667715,11553
1721667730,11554
1722134555,11555
1722134556,11556
1722349828,11557
1722387850,11558
1722387860,11559
1723142472,11560
1723142478,11561
1723149985,11562
1723149990,11563
1723149992,11564
1723211121,11565
1723212268,11566
1723654911,11567
1725110454,11568
1725284084,11569
1725364818,11570
1725368957,11571
1726229543,11572
1728535833,11573
1728747929,11574
1730165949,11575
1730909463,11576
1731051049,11577
1731077484,11578
1731080257,11579
1731080258,11580
1731088192,11581
1731088207,11582
1731088208,11583
1731088209,11584
1731088213,11585
1731088227,11586
1731092092,11587
1731092096,11588
1731092101,11589
1731092110,11590
1731092112,11591
1731092114,11592
1731092121,11593
1731092127,11594
1731092143,11595
1731092165,11596
1731112574,11597
1731121504,11598
1731121508,11599
1731140572,11600
1731140573,11601
1731140574,11602
1731140584,11603
1731140589,11604
1731176088,11605
1731176093,11606
1731176164,11607
1731180926,11608
1731180927,11609
1731180938,11610
1731220415,11611
1731240101,11612
1731240858,11613
1731244033,11614
1731259522,11615
1732333429,11616
1732858559,11617
1732858578,11618
1732858582,11619
1732858584,11620
1732861354,11621
1732861355,11622
1732861356,11623
1732861362,11624
1732861367,11625
1732865111,11626
1732865117,11627
1732865128,11628
1732865134,11629
1732865135,11630
1732865139,11631
1732865140,11632
1732872560,11633
1732872562,11634
1732872570,11635
1732872573,11636
1732872574,11637
1732879943,11638
1732879952,11639
1732879955,11640
1732901355,11641
1732901409,11642
1733135822,11643
1733135838,11644
1733135868,11645
1733135929,11646
1733135935,11647
1733135979,11648
1733135986,11649
1733136004,11650
1733136029,11651
1733136056,11652
1733145375,11653
1733151919,11654
1734163464,11655
1734163483,11656
1734503356,11657
1734503566,11658
1734503708,11659
1734540277,11660
1734591529,11661
1734931837,11662
1734931838,11663
1734957195,11664
1735041850,11665
1735041862,11666
1735042044,11667
1735042071,11668
1735084674,11669
1735117947,11670
1735137331,11671
1735153141,11672
1735155568,11673
1735155661,11674
1735155677,11675
1735155717,11676
1735155735,11677
1735234517,11678
1735234519,11679
1735234520,11680
1736052017,11681
1736052019,11682
1736181390,11683
1736181421,11684
1736206918,11685
1736418718,11686
1736419029,11687
1736498607,11688
1736498608,11689
1737171772,11690
1737171779,11691
1737559208,11692
1737559209,11693
1737562059,11694
1737617621,11695
1737617623,11696
1737617625,11697
1737617630,11698
1737617634,11699
1737617636,11700
1737617649,11701
1737617650,11702
1737617674,11703
1737617764,11704
1737617798,11705
1737617810,11706
1737617812,11707
1737617835,11708
1737617841,11709
1737617845,11710
1737617847,11711
1737617853,11712
1737617855,11713
1737617860,11714
1737617879,11715
1737617887,11716
1737617891,11717
1737617919,11718
1737617926,11719
1737617933,11720
1737617937,11721
1737617954,11722
1737617972,11723
1737622834,11724
1737622849,11725
1737622860,11726
1737622866,11727
1737622870,11728
1737622873,11729
1737622877,11730
1737622880,11731
1737631439,11732
1737631459,11733
1737655837,11734
1737655918,11735
1737655954,11736
1737655962,11737
1737659455,11738
1737669642,11739
1737669643,11740
1737669653,11741
1737683202,11742
1737683229,11743
1737683233,11744
1737683282,11745
1737683309,11746
1737683330,11747
1737696701,11748
1737696704,11749
1737711390,11750
1737711398,11751
1737711400,11752
1737711417,11753
1737711423,11754
1737711454,11755
1737711479,11756
1737711559,11757
1737711561,11758
1737735032,11759
1737739743,11760
1737739753,11761
1737744806,11762
1737744823,11763
1737744829,11764
1737744844,11765
1737744874,11766
1737744879,11767
1737852764,11768
1738554394,11769
1738554446,11770
1738554482,11771
1738554535,11772
1738554550,11773
1738554585,11774
1738554589,11775
1738554600,11776
1738554604,11777
1738585847,11778
1738585897,11779
1738585981,11780
1738586150,11781
1738586159,11782
1738586169,11783
1738586173,11784
1738586180,11785
1738586198,11786
1738586201,11787
1738586215,11788
1738586221,11789
1738586227,11790
1738586235,11791
1738604201,11792
1738604202,11793
1738604203,11794
1738604204,11795
1738604205,11796
1738604207,11797
1738604208,11798
1738604211,11799
1738604229,11800
1738604232,11801
1738604246,11802
1738604247,11803
1738604252,11804
1738604254,11805
1738636573,11806
1738636583,11807
1738636634,11808
1738677008,11809
1738677130,11810
1738677295,11811
1738677375,11812
1738677383,11813
1740838324,11814
1740838357,11815
1740838376,11816
1740850037,11817
1740874713,11818
1740874717,11819
1740874719,11820
1741710298,11821
1742645058,11822
1742645255,11823
1742645256,11824
1742645259,11825
1742645264,11826
1742657760,11827
1742657768,11828
1742657771,11829
1742657778,11830
1742657781,11831
1742657782,11832
1742657786,11833
1742657789,11834
1742670010,11835
1742670022,11836
1742673002,11837
1742673008,11838
1742673016,11839
1742705964,11840
1742705968,11841
1742723433,11842
1742733505,11843
1742733507,11844
1742733509,11845
1742733511,11846
1742733512,11847
1742733515,11848
1742733519,11849
1742733520,11850
1742733522,11851
1742733536,11852
1742733537,11853
1742733538,11854
1742755630,11855
1742755635,11856
1742755639,11857
1742755643,11858
1742755648,11859
1742755652,11860
1742755670,11861
1742755684,11862
1742755686,11863
1742755690,11864
1742755691,11865
1742755693,11866
1742755695,11867
1742755696,11868
1742755698,11869
1742755700,11870
1742755703,11871
1742755705,11872
1742755726,11873
1742755728,11874
1742755731,11875
1742755733,11876
1742755736,11877
1742776104,11878
1742776115,11879
1742785809,11880
1742785816,11881
1742785822,11882
1742805956,11883
1742805961,11884
1742805963,11885
1742805965,11886
1742822184,11887
1742822216,11888
1742822222,11889
1742822226,11890
1742822231,11891
1742822234,11892
1742822244,11893
1742822247,11894
1742822249,11895
1742822252,11896
1742822256,11897
1742822259,11898
1742822261,11899
1742822263,11900
1742822265,11901
1742822266,11902
1742822268,11903
1742822271,11904
1742822273,11905
1742822274,11906
1742822280,11907
1742822283,11908
1742822286,11909
1742822288,11910
1742822293,11911
1742822296,11912
1742822300,11913
1742822302,11914
1742822307,11915
1742822316,11916
1742822318,11917
1742822320,11918
1742822328,11919
1742822329,11920
1742822334,11921
1742839547,11922
1742872580,11923
1742872589,11924
1742872590,11925
1742872591,11926
1742872592,11927
1742872594,11928
1742872599,11929
1742872600,11930
1742872601,11931
1742872602,11932
1743160036,11933
1743220345,11934
1743220349,11935
1743220361,11936
1743220362,11937
1743220366,11938
1743220375,11939
1743220394,11940
1743220412,11941
1743220433,11942
1743221655,11943
1743221663,11944
1743227546,11945
1743227549,11946
1743230261,11947
1743239198,11948
1743239228,11949
1743294719,11950
1743294723,11951
1743294725,11952
1743294730,11953
1743358500,11954
1743358501,11955
1743421408,11956
1743487081,11957
1743651080,11958
1743792920,11959
1743822191,11960
1743822460,11961
1743822514,11962
1743822687,11963
1743822811,11964
1743956429,11965
1744689909,11966
1744689923,11967
1744689930,11968
1744697403,11969
1744707951,11970
1744716500,11971
1744730981,11972
1744731202,11973
1744731203,11974
1744731204,11975
1744738213,11976
1744771322,11977
1744784908,11978
1744785383,11979
1744785384,11980
1744785649,11981
1744811943,11982
1744812625,11983
1744813681,11984
1744813696,11985
1745787686,11986
1745827421,11987
1745848383,11988
1745848411,11989
1745848425,11990
1745848427,11991
1745848431,11992
1745867852,11993
1745867883,11994
1745867912,11995
1745872702,11996
1745872704,11997
1745872706,11998
1745872708,11999
1745885930,12000
1745947421,12001
1745947449,12002
1745947503,12003
1745947547,12004
1745947617,12005
1745947647,12006
1745947716,12007
1745947736,12008
1745947792,12009
1745947794,12010
1745947835,12011
1745947843,12012
1745952309,12013
1745972636,12014
1745972640,12015
1746019707,12016
1746022787,12017
1746022788,12018
1746023857,12019
1746023859,12020
1746029869,12021
1746046366,12022
1746046997,12023
1746046999,12024
1746047000,12025
1746052991,12026
1746054799,12027
1746077807,12028
1746077810,12029
1746080702,12030
1746080703,12031
1746085168,12032
1746091008,12033
1746091009,12034
1746091011,12035
1746091012,12036
1746091017,12037
1746091018,12038
1746092874,12039
1746092875,12040
1746093511,12041
1746093512,12042
1746093514,12043
1746093515,12044
1746093519,12045
1746094275,12046
1746096168,12047
1746096170,12048
1746096171,12049
1746096172,12050
1746096174,12051
1746096506,12052
1746096507,12053
1746096508,12054
1746106044,12055
1746106049,12056
1746106051,12057
1746106054,12058
1746131145,12059
1746293150,12060
1746971048,12061
1746971054,12062
1746971057,12063
1746971059,12064
1746973308,12065
1746973309,12066
1746973310,12067
1746973311,12068
1746973312,12069
1746987148,12070
1746987149,12071
1746989118,12072
1746989120,12073
1746989123,12074
1746989125,12075
1746989127,12076
1746989129,12077
1746997630,12078
1746997631,12079
1746997632,12080
1746997634,12081
1746997635,12082
1746999363,12083
1746999365,12084
1746999367,12085
1747152882,12086
1747164652,12087
1747178374,12088
1747991041,12089
1748007841,12090
1748009630,12091
1748021193,12092
1748051995,12093
1748294128,12094
1748294138,12095
1748296550,12096
1748296584,12097
1748750718,12098
1748825028,12099
1748825038,12100
1748825045,12101
1748825053,12102
1748825063,12103
1748825110,12104
1748825116,12105
1748825120,12106
1748825123,12107
1748842883,12108
1748842885,12109
1748964762,12110
1748986194,12111
1748997631,12112
1749030947,12113
1749060375,12114
1749060377,12115
1749061022,12116
1749428390,12117
1749428392,12118
1749428996,12119
1749443758,12120
1749443760,12121
1749443764,12122
1749444812,12123
1749447845,12124
1749447846,12125
1749455116,12126
1749457446,12127
1749457479,12128
1749457500,12129
1749457515,12130
1749470209,12131
1749470219,12132
1749473085,12133
1749473090,12134
1749574871,12135
1749575891,12136
1749577345,12137
1749745212,12138
1749748114,12139
1749756584,12140
1749760470,12141
1749780697,12142
1749780719,12143
1749780728,12144
1749780738,12145
1749780751,12146
1749780756,12147
1749780851,12148
1749780940,12149
1749780991,12150
1749781074,12151
1749781151,12152
1750271321,12153
1750293809,12154
1750750849,12155
1750780540,12156
1750780542,12157
1750780561,12158
1750790415,12159
1750842419,12160
1750842420,12161
1750842421,12162
1750842424,12163
1750846413,12164
1751118395,12165
1751118415,12166
1751118421,12167
1751118424,12168
1751118425,12169
1751118426,12170
1751119417,12171
1751119418,12172
1751121213,12173
1751126315,12174
1751126317,12175
1751126318,12176
1751172576,12177
1751172590,12178
1751172601,12179
1751172603,12180
1751181427,12181
1751181433,12182
1751187804,12183
1751558496,12184
1751558498,12185
1751558500,12186
1751558514,12187
1751558516,12188
1751558518,12189
1751600341,12190
1751600346,12191
1751600347,12192
1751600349,12193
1751600352,12194
1751600355,12195
1751600357,12196
1751607439,12197
1751607460,12198
1751607462,12199
1751607471,12200
1751607475,12201
1751613572,12202
1751648203,12203
1751648207,12204
1752700369,12205
1752709621,12206
1752716797,12207
1752777520,12208
1752780493,12209
1752782379,12210
1752986564,12211
1753006048,12212
1753006049,12213
1753006052,12214
1753024334,12215
1753024382,12216
1753024389,12217
1753024397,12218
1753034020,12219
1754245066,12220
1754527882,12221
1754530859,12222
1754530860,12223
1754530874,12224
1754596397,12225
1755034751,12226
1755111313,12227
1755118606,12228
1755121479,12229
1755121480,12230
1755121481,12231
1755123436,12232
1755123438,12233
1755124237,12234
1755126038,12235
1755164831,12236
1755164883,12237
1755164955,12238
1755164956,12239
1755164958,12240
1755164960,12241
1755164966,12242
1755164968,12243
1755164970,12244
1755169461,12245
1755169610,12246
1755169661,12247
1755169707,12248
1755191133,12249
1755191173,12250
1755191176,12251
1755206383,12252
1755206399,12253
1755206402,12254
1755206405,12255
1755206410,12256
1755206413,12257
1755206420,12258
1755220782,12259
1755239357,12260
1755265372,12261
1755268927,12262
1755268940,12263
1755268949,12264
1755268964,12265
1755268969,12266
1755268989,12267
1755268990,12268
1755281192,12269
1755281197,12270
1755281202,12271
1755290951,12272
1755290967,12273
1755290968,12274
1755290972,12275
1755290986,12276
1755291104,12277
1755371891,12278
1755371928,12279
1755371934,12280
1755371938,12281
1755371973,12282
1755371977,12283
1755371979,12284
1755371981,12285
1755372017,12286
1755386192,12287
1755395768,12288
1755395775,12289
1755399433,12290
1755399436,12291
1755812177,12292
1755832726,12293
1755858218,12294
1755859388,12295
1755859393,12296
1756175127,12297
1756175134,12298
1756265374,12299
1756280900,12300
1756280946,12301
1756290981,12302
1756299808,12303
1756301709,12304
1756301712,12305
1756306988,12306
1756306997,12307
1756359820,12308
1756359874,12309
1756359875,12310
1756359876,12311
1756459433,12312
1756479310,12313
1756485437,12314
1756485439,12315
1756485442,12316
1756534059,12317
1756534090,12318
1756534101,12319
1756534162,12320
1756534177,12321
1756534223,12322
1756534232,12323
1756534255,12324
1756534285,12325
1756534288,12326
1756574730,12327
1756574739,12328
1756574744,12329
1756574754,12330
1756574765,12331
1756574770,12332
1756574772,12333
1756574775,12334
1756574814,12335
1756574819,12336
1756640904,12337
1756640920,12338
1756689879,12339
1756689880,12340
1756723489,12341
1756723490,12342
1756725641,12343
1756725647,12344
1756725648,12345
1756725650,12346
1756725652,12347
1756943264,12348
1756947753,12349
1756960874,12350
1756960878,12351
1756960879,12352
1757008569,12353
1757008675,12354
1757008696,12355
1757008700,12356
1757008729,12357
1757008813,12358
1757008943,12359
1757008944,12360
1757059695,12361
1757059696,12362
1757063161,12363
1757063176,12364
1757085027,12365
1757085039,12366
1757085042,12367
1757085043,12368
1757085056,12369
1757085063,12370
1757085064,12371
1757085071,12372
1757085075,12373
1757085077,12374
1757085079,12375
1757099712,12376
1757102489,12377
1757259537,12378
1757266250,12379
1757266258,12380
1757267165,12381
1757437969,12382
1757437979,12383
1757441657,12384
1757441662,12385
1757454971,12386
1757454993,12387
1757454995,12388
1757454996,12389
1757455000,12390
1757455007,12391
1757455012,12392
1757455014,12393
1757455016,12394
1757455019,12395
1757455022,12396
1757455024,12397
1757455027,12398
1757455036,12399
1757455130,12400
1757455131,12401
1757455143,12402
1757455144,12403
1757455162,12404
1757455235,12405
1757455334,12406
1757455448,12407
1757455628,12408
1757455645,12409
1757468379,12410
1757468380,12411
1757469961,12412
1757469962,12413
1757469965,12414
1757469968,12415
1757529945,12416
1758073212,12417
1758110502,12418
1758110503,12419
1758110509,12420
1758121322,12421
1758129384,12422
1758134162,12423
1758343416,12424
1758379135,12425
1758379137,12426
1758391884,12427
1758391885,12428
1758391886,12429
1758391887,12430
1758593974,12431
1758593975,12432
1758593976,12433
1758596991,12434
1758887261,12435
1758887262,12436
1758887263,12437
1758887307,12438
1758976308,12439
1759426312,12440
1759426314,12441
1759430921,12442
1759430922,12443
1759448313,12444
1759448319,12445
1759448321,12446
1759448571,12447
1759448640,12448
1759487228,12449
1759487248,12450
1759555698,12451
1759637048,12452
1761236055,12453
1761296702,12454
1761296713,12455
1761296721,12456
1761296738,12457
1761373196,12458
1761380552,12459
1761387223,12460
1761387231,12461
1761534932,12462
1761534954,12463
1761544137,12464
1762337673,12465
1762363010,12466
1762363012,12467
1762364037,12468
1762553060,12469
1762553062,12470
1762586726,12471
1762594774,12472
1762873846,12473
1763597034,12474
1763671908,12475
1763674449,12476
1763674452,12477
1763674454,12478
1763674854,12479
1763674856,12480
1763718515,12481
1763718516,12482
1763718522,12483
1763718524,12484
1763718526,12485
1764622534,12486
1764622536,12487
1764622537,12488
1764626394,12489
1764642737,12490
1764642901,12491
1764642902,12492
1764642904,12493
1764642905,12494
1764642909,12495
1764662330,12496
1764671364,12497
1765396891,12498
1765404674,12499
1765409089,12500
1765409110,12501
1765409111,12502
1765409112,12503
1765421576,12504
1765431552,12505
1765883862,12506
1765883864,12507
1766041878,12508
1766041880,12509
1766510797,12510
1766510802,12511
1766510806,12512
1766510826,12513
1767278331,12514
1767278333,12515
1767278334,12516
1767279229,12517
1767383510,12518
1767527741,12519
1768056160,12520
1768110791,12521
1768110792,12522
1768122863,12523
1768122864,12524
1768122946,12525
1768795785,12526
1769789387,12527
1769873514,12528
1770741109,12529
1770741111,12530
1770826529,12531
1770826534,12532
1770826538,12533
1771096937,12534
1771675113,12535
1771675203,12536
1771736871,12537
1771736879,12538
1772349413,12539
1772349425,12540
1772349426,12541
1772602119,12542
1772602769,12543
1772602781,12544
1772602789,12545
1772602795,12546
1772602931,12547
1772603300,12548
1772603302,12549
1772832610,12550
1772833518,12551
1772865826,12552
1772865839,12553
1772893927,12554
1772909314,12555
1772909343,12556
1773322303,12557
1773396237,12558
1773946160,12559
1775003207,12560
1775003279,12561
1775012910,12562
1775012913,12563
1775063041,12564
1776093899,12565
1776093905,12566
1776354582,12567
1776354584,12568
1777366792,12569
1777366797,12570
1777366800,12571
1777366803,12572
1777366827,12573
1777366830,12574
1777383161,12575
1777383165,12576
1777383167,12577
1777383176,12578
1777383177,12579
1777383179,12580
1777383190,12581
1777383191,12582
1777383192,12583
1777383194,12584
1777383195,12585
1777383196,12586
1777383197,12587
1777383198,12588
1777383200,12589
1777383201,12590
1777383202,12591
1777383203,12592
1777383204,12593
1777393760,12594
1777393761,12595
1777393763,12596
1778308113,12597
1779931678,12598
1779931681,12599
1780093770,12600
1780095814,12601
1780103213,12602
1780104564,12603
1780109105,12604
1780433484,12605
1780440520,12606
1780538183,12607
1780538185,12608
1780538243,12609
1781497661,12610
1781497673,12611
1781740742,12612
1781809492,12613
1784896759,12614
1784896760,12615
1787850902,12616
1787850914,12617
1787857309,12618
1787903742,12619
1787903745,12620
1787903747,12621
1787905922,12622
1787907432,12623
1787907433,12624
1787907434,12625
1787908234,12626
1787908235,12627
1787908660,12628
1787970534,12629
1787986138,12630
1788325449,12631
1789624346,12632
1789630650,12633
1789630808,12634
1790440725,12635
1790440727,12636
1791270153,12637
1791283788,12638
1791283789,12639
1791363231,12640
1791370551,12641
1791370585,12642
1791452281,12643
1791483179,12644
1791483192,12645
1791483217,12646
1791483219,12647
1791483226,12648
1791483242,12649
1791483277,12650
1791483356,12651
1792134538,12652
1792155289,12653
1792236803,12654
1793406808,12655
1793654386,12656
1793654396,12657
1796192266,12658
1796194826,12659
1796195483,12660
1796197065,12661
1796272772,12662
1796921792,12663
1796921794,12664
1796921796,12665
1796921797,12666
1796921799,12667
1796921800,12668
1797822341,12669
1799088209,12670
1802594621,12671
1803270471,12672
1803270491,12673
1806248342,12674
1806525928,12675
1806525939,12676
1806525943,12677
1806866384,12678
1806886360,12679
1806886368,12680
1806886370,12681
1806886374,12682
1806886375,12683
1806886384,12684
1806886393,12685
1806886406,12686
1806886452,12687
1806886460,12688
1806890144,12689
1806940932,12690
1806956729,12691
1806956732,12692
1806956734,12693
1806956736,12694
1806956737,12695
1806961339,12696
1806966155,12697
1806983728,12698
1807018176,12699
1807020854,12700
1807021016,12701
1807024603,12702
1807024604,12703
1807025187,12704
1807046425,12705
1807048999,12706
1807049003,12707
1807049005,12708
1807049010,12709
1807080902,12710
1807080903,12711
1807357162,12712
1807607360,12713
1807607362,12714
1807608201,12715
1808541821,12716
1808547542,12717
1808547543,12718
1808551008,12719
1809684953,12720
1809688174,12721
1809855004,12722
1809855059,12723
1809855126,12724
1809855265,12725
1809855325,12726
1809855366,12727
1809855700,12728
1809855702,12729
1809883224,12730
1809883225,12731
1810020362,12732
1810020366,12733
1810054267,12734
1810054275,12735
1810054286,12736
1810054287,12737
1810054294,12738
1810054298,12739
1810054301,12740
1810054307,12741
1810054312,12742
1810054316,12743
1810054320,12744
1810054321,12745
1810054340,12746
1810054341,12747
1810054345,12748
1810054346,12749
1810054349,12750
1810054350,12751
1810054352,12752
1810054353,12753
1810054357,12754
1810054359,12755
1810054364,12756
1810054366,12757
1810054368,12758
1810054369,12759
1810054371,12760
1810054373,12761
1810054374,12762
1810054375,12763
1810054376,12764
1810054377,12765
1810054378,12766
1810054379,12767
1810054380,12768
1810054382,12769
1810054383,12770
1810054385,12771
1810054388,12772
1810054391,12773
1810054395,12774
1810054396,12775
1810054398,12776
1810054399,12777
1810054400,12778
1810054401,12779
1810054402,12780
1810054404,12781
1810054407,12782
1810054408,12783
1810054409,12784
1810054410,12785
1810054411,12786
1810054412,12787
1810054413,12788
1810054414,12789
1810054415,12790
1810054416,12791
1810054417,12792
1810054418,12793
1810054419,12794
1810054420,12795
1810054422,12796
1810054423,12797
1810054424,12798
1810054426,12799
1810054427,12800
1810054429,12801
1810054430,12802
1810054431,12803
1810054437,12804
1810054438,12805
1810054440,12806
1810054441,12807
1810054442,12808
1810054443,12809
1810054444,12810
1810054453,12811
1810054455,12812
1810054458,12813
1810054460,12814
1810054462,12815
1810054465,12816
1810054467,12817
1810054469,12818
1810054476,12819
1810054477,12820
1810054478,12821
1810054481,12822
1810054483,12823
1810054485,12824
1810054487,12825
1810054491,12826
1810054493,12827
1810054496,12828
1810054498,12829
1810054500,12830
1810054503,12831
1810054505,12832
1810054507,12833
1810054510,12834
1810054512,12835
1810054513,12836
1810054514,12837
1810054520,12838
1810254452,12839
1810285696,12840
1811337909,12841
1811337911,12842
1812126906,12843
1812126907,12844
1812660940,12845
1812660941,12846
1812668641,12847
1812690376,12848
1812690992,12849
1812723624,12850
1812743209,12851
1813936633,12852
1813942955,12853
1814170582,12854
1814170585,12855
1814170587,12856
1814180598,12857
1814180599,12858
1814180601,12859
1814187491,12860
1814187493,12861
1814199661,12862
1814200560,12863
1814200561,12864
1814200563,12865
1814217838,12866
1814249363,12867
1814269574,12868
1814274470,12869
1814315266,12870
1815572400,12871
1815572406,12872
1815572416,12873
1815572918,12874
1818699893,12875
1818699894,12876
1818699896,12877
1818701236,12878
1818717259,12879
1818717261,12880
1818741288,12881
1818780330,12882
1818780332,12883
1818780333,12884
1818805563,12885
1818815456,12886
1818815457,12887
1818832802,12888
1818984455,12889
1818984457,12890
1818984458,12891
1818984459,12892
1818984461,12893
1818984462,12894
1818984463,12895
1819065126,12896
1819065127,12897
1820745542,12898
1820788749,12899
1820788940,12900
1820950245,12901
1820950248,12902
1820953377,12903
1822522188,12904
1822522189,12905
1822522190,12906
1822522191,12907
1824672031,12908
1824766761,12909
1824776079,12910
1824777337,12911
1825167406,12912
1825168113,12913
1825169023,12914
1825169026,12915
1825169029,12916
1825169032,12917
1825219710,12918
1825219711,12919
1825219712,12920
1825219715,12921
1825219717,12922
1825219718,12923
1825219719,12924
1825221205,12925
1825221206,12926
1825221207,12927
1825221210,12928
1825221211,12929
1825247885,12930
1825252103,12931
1825252104,12932
1825252106,12933
1825255387,12934
1825258848,12935
1825259754,12936
1825259756,12937
1825260207,12938
1825260208,12939
1825260544,12940
1825261738,12941
1825262403,12942
1825262405,12943
1825262506,12944
1825262507,12945
1825263208,12946
1825263209,12947
1825708543,12948
1825708545,12949
1825713718,12950
1825724913,12951
1825724919,12952
1825727266,12953
1825739823,12954
1825739824,12955
1825739825,12956
1825783178,12957
1825783179,12958
1825783180,12959
1825783184,12960
1825783186,12961
1825783188,12962
1825835194,12963
1825835196,12964
1826288002,12965
1827808797,12966
1828854815,12967
1829784841,12968
1830587714,12969
1830598600,12970
1830617377,12971
1830617384,12972
1830617389,12973
1830617391,12974
1830617393,12975
1830617395,12976
1830617397,12977
1830617413,12978
1830617415,12979
1830617440,12980
1830617474,12981
1831336569,12982
1831337996,12983
1831966104,12984
1831969008,12985
1831969010,12986
1831969012,12987
1831969015,12988
1832203047,12989
1832443160,12990
1832443165,12991
1832802958,12992
1832819536,12993
1832819537,12994
1832819965,12995
1832822560,12996
1833150615,12997
1833150667,12998
1833443879,12999
1833443880,13000
1833443908,13001
1833443920,13002
1833443980,13003
1834049574,13004
1834049575,13005
1834542792,13006
1834542818,13007
1834583316,13008
1834586200,13009
1834748982,13010
1835657553,13011
1835657599,13012
1835657703,13013
1835657765,13014
1835657799,13015
1835657831,13016
1835657854,13017
1835657881,13018
1835657943,13019
1835707161,13020
1835774400,13021
1835782111,13022
1835794662,13023
1835805131,13024
1836425586,13025
1836425593,13026
1836601518,13027
1836601520,13028
1837011253,13029
1838798045,13030
1838798047,13031
1838820539,13032
1838987648,13033
1839122876,13034
1839122877,13035
1839122879,13036
1839124290,13037
1839124292,13038
1839134689,13039
1839147042,13040
1839147288,13041
1839174776,13042
1839174779,13043
1839176470,13044
1839176472,13045
1839176473,13046
1839176475,13047
1839176477,13048
1839178937,13049
1839178938,13050
1839178939,13051
1839182475,13052
1839182477,13053
1840636641,13054
1840636642,13055
1840650122,13056
1840650123,13057
1840650801,13058
1840654135,13059
1840654925,13060
1840658760,13061
1840663356,13062
1840669852,13063
1840689084,13064
1840689793,13065
1840696551,13066
1840696554,13067
1840908315,13068
1840968102,13069
1841099720,13070
1841432448,13071
1841438319,13072
1842035786,13073
1842039398,13074
1843181599,13075
1843181600,13076
1843191476,13077
1843217237,13078
1843728351,13079
1843728354,13080
1843992838,13081
1843992895,13082
1844416217,13083
1844416229,13084
1844416231,13085
1844687204,13086
1844687205,13087
1844687206,13088
1847835600,13089
1850257590,13090
1850347027,13091
1850360251,13092
1850360253,13093
1850370403,13094
1850370405,13095
1850370408,13096
1850371210,13097
1850388028,13098
1850388029,13099
1850464566,13100
1850464576,13101
1850464596,13102
1850464597,13103
1850471865,13104
1850514631,13105
1850514633,13106
1850514635,13107
1850553767,13108
1850553769,13109
1850734613,13110
1850734615,13111
1850734616,13112
1851307764,13113
1851307842,13114
1851307890,13115
1852053389,13116
1852586193,13117
1853174444,13118
1853441895,13119
1853452681,13120
1853971502,13121
1853971525,13122
1853971538,13123
1853971541,13124
1853971787,13125
1853972194,13126
1853972201,13127
1854315029,13128
1854315030,13129
1854703985,13130
1854703988,13131
1854706331,13132
1856147909,13133
1856147913,13134
1856908956,13135
1856909025,13136
1856909027,13137
1858228452,13138
1858228453,13139
1858228454,13140
1859177763,13141
1859177764,13142
1859266024,13143
1859268096,13144
1859278460,13145
1859282595,13146
1859500177,13147
1859500179,13148
1859530217,13149
1859531686,13150
1859532578,13151
1859533675,13152
1859536672,13153
1859544237,13154
1859544726,13155
1859544728,13156
1860572349,13157
1860636205,13158
1860636207,13159
1861214976,13160
1861243674,13161
1861259065,13162
1861259072,13163
1861259073,13164
1861259074,13165
1861259075,13166
1861260520,13167
1861260526,13168
1861263122,13169
1861263542,13170
1861263544,13171
1861293899,13172
1861295901,13173
1861315727,13174
1861339140,13175
1861362649,13176
1861362653,13177
1861365302,13178
1861367018,13179
1861367276,13180
1861373002,13181
1861373875,13182
1861381323,13183
1861381326,13184
1861381330,13185
1861385060,13186
1861385068,13187
1861386034,13188
1861410101,13189
1861410104,13190
1861417521,13191
1861494292,13192
1861494294,13193
1861494295,13194
1861497874,13195
1861707848,13196
1861896927,13197
1861896941,13198
1861951238,13199
1861956917,13200
1861958579,13201
1861958580,13202
1862629098,13203
1862629100,13204
1862656696,13205
1862656697,13206
1862706777,13207
1862715605,13208
1862715607,13209
1863431636,13210
1863465093,13211
1863465095,13212
1863465123,13213
1863465156,13214
1863465181,13215
1863465183,13216
1863729729,13217
1864283607,13218
1864349789,13219
1864349790,13220
1864350618,13221
1864354370,13222
1864786746,13223
1864786748,13224
1864889705,13225
1866481556,13226
1866481558,13227
1866481560,13228
1867737001,13229
1867786543,13230
1868010025,13231
1868010028,13232
1868023392,13233
1868023393,13234
1869749342,13235
1871054706,13236
1871054707,13237
1871054712,13238
1872330524,13239
1872330527,13240
1872330528,13241
1872333745,13242
1872333749,13243
1872336994,13244
1872336996,13245
1872337016,13246
1872337019,13247
1872369137,13248
1872381158,13249
1872381159,13250
1872381160,13251
1872390516,13252
1873169573,13253
1873241113,13254
1874257240,13255
1874257244,13256
1874341355,13257
1874727221,13258
1874814204,13259
1874818421,13260
1874818427,13261
1874818429,13262
1874819771,13263
1874829292,13264
1874844375,13265
1874844376,13266
1874844379,13267
1874909746,13268
1874982841,13269
1874992007,13270
1874996017,13271
1875003582,13272
1875003588,13273
1875029392,13274
1875029393,13275
1875058071,13276
1875058073,13277
1875069246,13278
1875069250,13279
1875069254,13280
1875069256,13281
1875101777,13282
1875158156,13283
1875158165,13284
1875188127,13285
1875188133,13286
1875188138,13287
1875222346,13288
1875222350,13289
1878208504,13290
1878215466,13291
1879908647,13292
1881210065,13293
1881210067,13294
1881624833,13295
1881731778,13296
1882043023,13297
1882094593,13298
1882094594,13299
1882657369,13300
1882657370,13301
1882744111,13302
1882895451,13303
1882895455,13304
1883472145,13305
1883477751,13306
1883477752,13307
1883481615,13308
1883481618,13309
1883534910,13310
1883535947,13311
1883540776,13312
1883540780,13313
1883560468,13314
1883560483,13315
1883560487,13316
1883568057,13317
1883568059,13318
1883569400,13319
1883569402,13320
1883569404,13321
1883570298,13322
1883570299,13323
1883570302,13324
1883570304,13325
1883638070,13326
1884561254,13327
1884571915,13328
1884571920,13329
1885382051,13330
1885391810,13331
1885648040,13332
1885648043,13333
1885648056,13334
1885649792,13335
1885649793,13336
1885649794,13337
1885652238,13338
1885652240,13339
1885653017,13340
1885653018,13341
1885653019,13342
1885653020,13343
1885653021,13344
1885653022,13345
1885653024,13346
1885653026,13347
1885656510,13348
1885663865,13349
1885663868,13350
1885674112,13351
1885689205,13352
1885689211,13353
1885689213,13354
1885691184,13355
1885778030,13356
1885932249,13357
1885932251,13358
1885970525,13359
1885973741,13360
1886077727,13361
1886077730,13362
1886511115,13363
1886543069,13364
1886590238,13365
1887054529,13366
1887060012,13367
1887128846,13368
1887178657,13369
1887186721,13370
1887186724,13371
1887190412,13372
1887238647,13373
1887264402,13374
1887292670,13375
1887302970,13376
1887310711,13377
1887314675,13378
1887319782,13379
1887319790,13380
1887326519,13381
1887326523,13382
1887326527,13383
1887331484,13384
1887370162,13385
1887384880,13386
1887394933,13387
1887394944,13388
1888654929,13389
1889360165,13390
1889361459,13391
1889361750,13392
1889372228,13393
1889372230,13394
1890744356,13395
1890744357,13396
1890750606,13397
1892895443,13398
1892895449,13399
1892895825,13400
1893097510,13401
1893106403,13402
1893107078,13403
1893108089,13404
1893115150,13405
1893124876,13406
1893133906,13407
1893265239,13408
1893275353,13409
1893275361,13410
1893785669,13411
1893805607,13412
1893805609,13413
1893805612,13414
1893805622,13415
1893823600,13416
1893861617,13417
1893861625,13418
1893862357,13419
1893862367,13420
1896966432,13421
1896966436,13422
1896992093,13423
1896997419,13424
1897005932,13425
1898088876,13426
1899013264,13427
1899750336,13428
1899750338,13429
1899750339,13430
1899750340,13431
1899750342,13432
1899750344,13433
1899750345,13434
1899750347,13435
1899750348,13436
1899750349,13437
1899750350,13438
1899750351,13439
1899750352,13440
1899750353,13441
1899750354,13442
1900791244,13443
1900805374,13444
1903122190,13445
1903158501,13446
1904318268,13447
1904793498,13448
1906706911,13449
1907056660,13450
1907056719,13451
1907303583,13452
1907303593,13453
1907303604,13454
1907303615,13455
1907341685,13456
1907387649,13457
1907387657,13458
1907387659,13459
1907387811,13460
1907387819,13461
1907437524,13462
1907437595,13463
1907437600,13464
1907437645,13465
1907437646,13466
1907439003,13467
1907439004,13468
1907439005,13469
1908040380,13470
1908040381,13471
1908048390,13472
1908048535,13473
1908051158,13474
1908056014,13475
1908095625,13476
1908099989,13477
1908105779,13478
1908423984,13479
1908423986,13480
1908450989,13481
1908451847,13482
1908452745,13483
1908491250,13484
1908495971,13485
1908542281,13486
1909830067,13487
1909864218,13488
1909864228,13489
1909993532,13490
1910018126,13491
1910039832,13492
1910039834,13493
1910043213,13494
1910043215,13495
1910059282,13496
1910266983,13497
1911101134,13498
1911126641,13499
1911146616,13500
1911317198,13501
1911317199,13502
1911317200,13503
1911317205,13504
1911457130,13505
1911474539,13506
1911507648,13507
1911507673,13508
1912025948,13509
1912025981,13510
1912026008,13511
1916846013,13512
1917471536,13513
1917549504,13514
1917549516,13515
1917605910,13516
1917611045,13517
1918197380,13518
1918197501,13519
1918197696,13520
1918257366,13521
1918316586,13522
1918316600,13523
1918397909,13524
1918580734,13525
1918692089,13526
1919066557,13527
1919066568,13528
1919125377,13529
1919230168,13530
1920711832,13531
1920711836,13532
1920843207,13533
1922054998,13534
1922324024,13535
1923589625,13536
1924123421,13537
1924123426,13538
1926868085,13539
1927699045,13540
1927699046,13541
1927703592,13542
1927705823,13543
1927740980,13544
1927935265,13545
1928067799,13546
1928081320,13547
1928091228,13548
1928096403,13549
1928137992,13550
1928517485,13551
1928727700,13552
1930322130,13553
1930322135,13554
1930545419,13555
1930545423,13556
1930804418,13557
1931881389,13558
1931881397,13559
1931881414,13560
1932237722,13561
1932530345,13562
1932707829,13563
1934002118,13564
1934160330,13565
1934160331,13566
1937411725,13567
1937831627,13568
1937831629,13569
1937831630,13570
1937837946,13571
1938253479,13572
1938253484,13573
1938253488,13574
1938253490,13575
1940677190,13576
1940677192,13577
1940702179,13578
1940702181,13579
1941157125,13580
1941157286,13581
1941157325,13582
1941157332,13583
1941157340,13584
1941172881,13585
1942628899,13586
1942634326,13587
1942637888,13588
1942637889,13589
1942637892,13590
1942637893,13591
1942637897,13592
1942637899,13593
1942637914,13594
1942637915,13595
1942637923,13596
1942638738,13597
1942638743,13598
1942641335,13599
1942641336,13600
1942641337,13601
1942643979,13602
1942651066,13603
1942651070,13604
1942651071,13605
1942651072,13606
1942653489,13607
1942653873,13608
1942654873,13609
1942654874,13610
1942654877,13611
1942657699,13612
1942689028,13613
1942689031,13614
1942690358,13615
1942690360,13616
1942693609,13617
1942697573,13618
1942713666,13619
1942717966,13620
1942717972,13621
1942717974,13622
1942720069,13623
1942726292,13624
1942746558,13625
1942746563,13626
1942746564,13627
1942746565,13628
1942746566,13629
1942746569,13630
1942746575,13631
1942750649,13632
1942750651,13633
1942751619,13634
1943933575,13635
1943933592,13636
1946017834,13637
1949742461,13638
1949761143,13639
1949766677,13640
1950074114,13641
1951478191,13642
1951478192,13643
1951478193,13644
1951627760,13645
1951627768,13646
1955036311,13647
1955170623,13648
1955202241,13649
1955202242,13650
1956172696,13651
1956725958,13652
1956725979,13653
1956725986,13654
1957151160,13655
1959017790,13656
1962329914,13657
1962329916,13658
1962346750,13659
1962346755,13660
1962435942,13661
1974771451,13662
1974798957,13663
1974812767,13664
1974822657,13665
1974827609,13666
1974827611,13667
1974827613,13668
1974827614,13669
1974827617,13670
1974845603,13671
1978075231,13672
1978075234,13673
1978141944,13674
1981599125,13675
1981804662,13676
1982590583,13677
1982590585,13678
1982632806,13679
1982759584,13680
1982759586,13681
1982759589,13682
1983393723,13683
1983393784,13684
1983393873,13685
1983393890,13686
1983393953,13687
1983394110,13688
1983394145,13689
1983394239,13690
1983394280,13691
1983394427,13692
1983394453,13693
1983394549,13694
1983394630,13695
1985103510,13696
1985103511,13697
1985793259,13698
1985793260,13699
1985793261,13700
1985796938,13701
1985803461,13702
1985846731,13703
1985864915,13704
1985864917,13705
1985876377,13706
1985876378,13707
1985921614,13708
1985921615,13709
1985950524,13710
1986159983,13711
1986159986,13712
1986173807,13713
1986209171,13714
1986235295,13715
1986237235,13716
1986480613,13717
1986762293,13718
1986762297,13719
1986764712,13720
1986764714,13721
1986766892,13722
1986766893,13723
1987147646,13724
1989402785,13725
1989402786,13726
1990932253,13727
1990932256,13728
1993879935,13729
1995749872,13730
1995778980,13731
1997249754,13732
1997512754,13733
1997548871,13734
1997550602,13735
1997550603,13736
1997679808,13737
1998939933,13738
1998939934,13739
2000698623,13740
2000698625,13741
2001309126,13742
2001600368,13743
2001600370,13744
2001600372,13745
2001603738,13746
2001603740,13747
2001607601,13748
2001617203,13749
2001617212,13750
2001617214,13751
2001617217,13752
2001617220,13753
2001629643,13754
2001629645,13755
2001629646,13756
2001633056,13757
2001633293,13758
2001634949,13759
2001649832,13760
2001649833,13761
2001649837,13762
2001650024,13763
2001650025,13764
2001656452,13765
2001673583,13766
2001675370,13767
2001675372,13768
2001678897,13769
2001693144,13770
2001693145,13771
2001697872,13772
2001698976,13773
2001708884,13774
2003713057,13775
2003751502,13776
2004844603,13777
2004998034,13778
2005000445,13779
2005000449,13780
2005164613,13781
2005190169,13782
2005225836,13783
2005355985,13784
2006234003,13785
2006280943,13786
2006330266,13787
2006360799,13788
2006465758,13789
2006482095,13790
2006649634,13791
2006684161,13792
2007228629,13793
2007959387,13794
2007999666,13795
2007999668,13796
2008401732,13797
2008401737,13798
2010625379,13799
2010655360,13800
2010655361,13801
2010689776,13802
2010689778,13803
2010689791,13804
2010694872,13805
2010766289,13806
2010766291,13807
2010826495,13808
2010934955,13809
2011004223,13810
2011028203,13811
2011028204,13812
2014268282,13813
2014268297,13814
2014268322,13815
2014268327,13816
2014274642,13817
2014274654,13818
2014274655,13819
2014295974,13820
2014428999,13821
2015823787,13822
2016937197,13823
2016937202,13824
2017712547,13825
2017712551,13826
2017712552,13827
2017723305,13828
2017723307,13829
2017723311,13830
2017723313,13831
2022894441,13832
2023655450,13833
2023800573,13834
2026240546,13835
2026240582,13836
2026240587,13837
2026891941,13838
2026902237,13839
2026902252,13840
2026909371,13841
2027036046,13842
2029618105,13843
2029643046,13844
2036203275,13845
2036207977,13846
2036713195,13847
2036713202,13848
2036713205,13849
2036713206,13850
2036713208,13851
2036713209,13852
2036713210,13853
2036713211,13854
2036713212,13855
2036713213,13856
2036713215,13857
2036713216,13858
2036713217,13859
2036713218,13860
2036713219,13861
2036713220,13862
2036713225,13863
2036713228,13864
2037273659,13865
2037273689,13866
2037344353,13867
2037349125,13868
2037411947,13869
2039084761,13870
2039090087,13871
2039125009,13872
2039130597,13873
2039130599,13874
2039130600,13875
2039133061,13876
2039159921,13877
2041901687,13878
2042418670,13879
2043043205,13880
2043053278,13881
2048246042,13882
2049162917,13883
2049178436,13884
2054532654,13885
2054671646,13886
2054671648,13887
2054845333,13888
2054845334,13889
2056994553,13890
2056994570,13891
2056994592,13892
2057003332,13893
2057003344,13894
2057474470,13895
2057659748,13896
2057874803,13897
2058144610,13898
2058270720,13899
2058270722,13900
2058270736,13901
2058403447,13902
2058441658,13903
2058441660,13904
2058441666,13905
2058441668,13906
2058441670,13907
2058509640,13908
2058509643,13909
2058510830,13910
2058510843,13911
2058510850,13912
2060025645,13913
2060095580,13914
2060095588,13915
2060095597,13916
2060104002,13917
2060104019,13918
2061590910,13919
2061590916,13920
2061771531,13921
2063906242,13922
2063906243,13923
2063906244,13924
2063906246,13925
2063906247,13926
2063906251,13927
2063906252,13928
2063909667,13929
2063984709,13930
2063993629,13931
2064007987,13932
2065498989,13933
2065498998,13934
2065584312,13935
2065695320,13936
2065762243,13937
2065762247,13938
2065762249,13939
2065762250,13940
2066152986,13941
2066152991,13942
2066153031,13943
2066162864,13944
2066188288,13945
2066188293,13946
2066188295,13947
2066241113,13948
2066752391,13949
2066752401,13950
2066752403,13951
2066752411,13952
2066752425,13953
2066752442,13954
2066752454,13955
2066752479,13956
2066752521,13957
2066752526,13958
2066924367,13959
2068643909,13960
2068656771,13961
2069574530,13962
2069574533,13963
2069610470,13964
2069643416,13965
2069643419,13966
2069705715,13967
2069705717,13968
2069705718,13969
2069705721,13970
2069717330,13971
2070573818,13972
2070573821,13973
2070573825,13974
2070581765,13975
2070623326,13976
2070623330,13977
2070623331,13978
2070623335,13979
2070623340,13980
2071351854,13981
2071351855,13982
2072549509,13983
2072565702,13984
2072565706,13985
2072743693,13986
2072743696,13987
2073159888,13988
2073159890,13989
2073159892,13990
2073159898,13991
2073159900,13992
2073159901,13993
2074313940,13994
2074339193,13995
2074390714,13996
2074396394,13997
2074396396,13998
2074396398,13999
2074396400,14000
2074396402,14001
2074396403,14002
2074396404,14003
2074396405,14004
2074530002,14005
2074530004,14006
2074531103,14007
2088314640,14008
2088752360,14009
2088752374,14010
2088934689,14011
2088934692,14012
2090852607,14013
2092340701,14014
2092340709,14015
2093778399,14016
2094925634,14017
2095551246,14018
2095551263,14019
2095551270,14020
2095551274,14021
2095551303,14022
2096186959,14023
2096186975,14024
2096188199,14025
2096188204,14026
2096189246,14027
2096189248,14028
2098196537,14029
2098198696,14030
2099016286,14031
2100656710,14032
2100659475,14033
2100659477,14034
2103491787,14035
2105919998,14036
2107649192,14037
2107649197,14038
2107653375,14039
2107702155,14040
2114831508,14041
2114914283,14042
2116945930,14043
2116960588,14044
2116960593,14045
2119656419,14046
2119656421,14047
2119671142,14048
2119678021,14049
2119687404,14050
2119707660,14051
2119707665,14052
2120034739,14053
2120039582,14054
2120039584,14055
2120554689,14056
2121049837,14057
2121049838,14058
2121049839,14059
2121049840,14060
2121064158,14061
2121064944,14062
2121064945,14063
2121108113,14064
2121115441,14065
2121119119,14066
2121135484,14067
2121135527,14068
2121136249,14069
2121137027,14070
2121139600,14071
2121139601,14072
2121143103,14073
2121165231,14074
2121165237,14075
2121174185,14076
2121174189,14077
2121174191,14078
2121186183,14079
2121186187,14080
2121196076,14081
2121196102,14082
2121196107,14083
2126161482,14084
2126161483,14085
2126178379,14086
2128228041,14087
2128228055,14088
2128228061,14089
2128228062,14090
2128228064,14091
2130377575,14092
2130394837,14093
2130468030,14094
2130468031,14095
2130479936,14096
2130479942,14097
2130483407,14098
2133616647,14099
2133616673,14100
2135163355,14101
2135163368,14102
2139737525,14103
2139737558,14104
2139737559,14105
2140753940,14106
2140753941,14107
2140753942,14108
2141053289,14109
2141200778,14110
2141200784,14111
2141200790,14112
2141200794,14113
2141392187,14114
2141392220,14115
2142260004,14116
2142260083,14117
2142578382,14118
2142578386,14119
2142578389,14120
2145258641,14121
2145258647,14122
2145258648,14123
2145258652,14124
2145258656,14125
2145263182,14126
2146440262,14127
2146689223,14128
2146722421,14129
2147489986,14130
2150730957,14131
2150730958,14132
2150768396,14133
2150791737,14134
2150791738,14135
2157117304,14136
2157117306,14137
2157263946,14138
2158649266,14139
2158649328,14140
2159710757,14141
2159710758,14142
2159710760,14143
2159710763,14144
2159710766,14145
2159710768,14146
2159710769,14147
2159901100,14148
2163793874,14149
2168173206,14150
2168500328,14151
2168500333,14152
2168500339,14153
2168508167,14154
2168508168,14155
2168550078,14156
2168550082,14157
2168794277,14158
2173844455,14159
2180121340,14160
2180125446,14161
2180125450,14162
2180152168,14163
2182644918,14164
2183270346,14165
2185592667,14166
2185592670,14167
2185592672,14168
2185592691,14169
2185592694,14170
2185624257,14171
2187067964,14172
2187067977,14173
2189935161,14174
2191188941,14175
2191457930,14176
2191457936,14177
2191457939,14178
2193788907,14179
2194333309,14180
2194333310,14181
2194333312,14182
2194333314,14183
2195437256,14184
2197329097,14185
2198606598,14186
2198606602,14187
2198628025,14188
2198628027,14189
2198628032,14190
2201489404,14191
2201489415,14192
2203112364,14193
2206975596,14194
2206978422,14195
2206993291,14196
2207468419,14197
2207472816,14198
2207486132,14199
2207486133,14200
2207486134,14201
2207486135,14202
2207486136,14203
2208160647,14204
2208160649,14205
2209745449,14206
2209745487,14207
2209745488,14208
2209745505,14209
2209745508,14210
2210260234,14211
2211202725,14212
2211932987,14213
2211932989,14214
2214557105,14215
2216804211,14216
2216959377,14217
2216965403,14218
2216965405,14219
2219074504,14220
2219074517,14221
2223283824,14222
2226380205,14223
2226654767,14224
2228127381,14225
2228405986,14226
2228406040,14227
2232520437,14228
2232523712,14229
2232596888,14230
2235009408,14231
2235009413,14232
2235509440,14233
2238311733,14234
2238362032,14235
2238362033,14236
2238376795,14237
2238752289,14238
2238752305,14239
2238763332,14240
2239064731,14241
2239064741,14242
2239302946,14243
2239338458,14244
2239342040,14245
2239361574,14246
2239361575,14247
2239738204,14248
2239738214,14249
2239742526,14250
2245134016,14251
2245134025,14252
2245212670,14253
2245241840,14254
2245355247,14255
2253354333,14256
2253354334,14257
2253354343,14258
2253354345,14259
2253354358,14260
2253354360,14261
2253354371,14262
2253354441,14263
2253354455,14264
2253354467,14265
2253354468,14266
2253354476,14267
2253354506,14268
2253354517,14269
2253354586,14270
2253354588,14271
2253354602,14272
2253354604,14273
2253570935,14274
2253570937,14275
2253570938,14276
2254935536,14277
2254935541,14278
2254935547,14279
2254935562,14280
2255097723,14281
2260679289,14282
2262023602,14283
2263190502,14284
2263190503,14285
2263240493,14286
2263254592,14287
2263257461,14288
2263260711,14289
2264128032,14290
2264128033,14291
2265927734,14292
2266244946,14293
2266604976,14294
2266605004,14295
2266638045,14296
2267960802,14297
2268010674,14298
2268457275,14299
2268457294,14300
2268522495,14301
2268560143,14302
2269070555,14303
2269070559,14304
2269187418,14305
2270493779,14306
2271073393,14307
2271167560,14308
2273342874,14309
2273342876,14310
2273342946,14311
2273442466,14312
2273623665,14313
2273623666,14314
2281458378,14315
2281458387,14316
2282822082,14317
2282822086,14318
2282830601,14319
2283880800,14320
2284131158,14321
2284131186,14322
2284131301,14323
2284131332,14324
2284234340,14325
2284524724,14326
2284615210,14327
2284615212,14328
2285989217,14329
2285989220,14330
2288285318,14331
2288285319,14332
2289090235,14333
2289090236,14334
2289090237,14335
2289090238,14336
2289090239,14337
2293862769,14338
2293862772,14339
2293862773,14340
2294177138,14341
2294956115,14342
2294956117,14343
2296371504,14344
2296371510,14345
2297324213,14346
2297324217,14347
2298679943,14348
2298679951,14349
2298688753,14350
2298688754,14351
2298688755,14352
2299216601,14353
2299233737,14354
2299233738,14355
2299236359,14356
2299546900,14357
2299546902,14358
2299546904,14359
2299604374,14360
2300662109,14361
2302357554,14362
2302357559,14363
2302357561,14364
2302357562,14365
2302357563,14366
2302357564,14367
2302420493,14368
2302420498,14369
2305491554,14370
2305559320,14371
2305559332,14372
2306709286,14373
2308603918,14374
2308644081,14375
2308647528,14376
2308657570,14377
2309886964,14378
2309886975,14379
2309886986,14380
2309995937,14381
2310042389,14382
2310086223,14383
2310271259,14384
2310271261,14385
2310271262,14386
2310298298,14387
2310330591,14388
2310330593,14389
2310330595,14390
2310343287,14391
2310343289,14392
2310343290,14393
2310702766,14394
2310702769,14395
2310702773,14396
2310705087,14397
2310705089,14398
2310842605,14399
2311588204,14400
2311588293,14401
2317489113,14402
2317701922,14403
2317707649,14404
2317715525,14405
2320038756,14406
2320069110,14407
2320644187,14408
2320654621,14409
2320715108,14410
2320733731,14411
2320757435,14412
2320764768,14413
2320764769,14414
2320771820,14415
2320771821,14416
2320771822,14417
2320771823,14418
2320771824,14419
2320880203,14420
2320887427,14421
2320887432,14422
2320980653,14423
2320980665,14424
2320980747,14425
2320984832,14426
2321097765,14427
2322314819,14428
2322314827,14429
2322316871,14430
2322316877,14431
2322428819,14432
2322429153,14433
2322555736,14434
2322555744,14435
2322557930,14436
2322557933,14437
2322558470,14438
2322558858,14439
2322561119,14440
2322763781,14441
2322794680,14442
2322794764,14443
2322838484,14444
2323707016,14445
2325900649,14446
2326854946,14447
2326854948,14448
2327048220,14449
2327048227,14450
2327856651,14451
2327856653,14452
2327856654,14453
2328262161,14454
2328262490,14455
2328262502,14456
2328262590,14457
2328262654,14458
2328262674,14459
2328262807,14460
2328262821,14461
2328262959,14462
2328262978,14463
2329298899,14464
2329298900,14465
2329324850,14466
2329336964,14467
2330909606,14468
2330912036,14469
2330917597,14470
2330917604,14471
2336819045,14472
2336819047,14473
2337280391,14474
2343195995,14475
2343196003,14476
2344322995,14477
2345207728,14478
2345207731,14479
2345308128,14480
2345308202,14481
2345889591,14482
2345889595,14483
2347384200,14484
2347384205,14485
2350002893,14486
2350002894,14487
2350005281,14488
2350010893,14489
2350010898,14490
2352718188,14491
2352718189,14492
2352718190,14493
2352719305,14494
2352719306,14495
2352719307,14496
2352719308,14497
2352719310,14498
2352719313,14499
2352719314,14500
2352719315,14501
2352719316,14502
2352723811,14503
2352723812,14504
2352723813,14505
2352723816,14506
2352724725,14507
2352765541,14508
2352768006,14509
2352768008,14510
2352795711,14511
2352800587,14512
2352800589,14513
2352800964,14514
2352800983,14515
2353386598,14516
2354037539,14517
2354037541,14518
2354037546,14519
2354037547,14520
2354037552,14521
2354037553,14522
2355016310,14523
2355016313,14524
2355016317,14525
2355016318,14526
2355016319,14527
2355084764,14528
2355084782,14529
2355127015,14530
2355132842,14531
2355135231,14532
2355143577,14533
2355143579,14534
2355144506,14535
2355154734,14536
2355154735,14537
2355157420,14538
2355157423,14539
2357280810,14540
2357280813,14541
2358298915,14542
2358571368,14543
2358571386,14544
2359193896,14545
2359193900,14546
2359193903,14547
2359193906,14548
2359193907,14549
2359193909,14550
2359193917,14551
2359193920,14552
2359193921,14553
2359193923,14554
2362725433,14555
2364276289,14556
2365709800,14557
2365709835,14558
2365709916,14559
2366151182,14560
2366151191,14561
2366164558,14562
2367180361,14563
2372966024,14564
2372966027,14565
2372966038,14566
2374056182,14567
2374176519,14568
2374176521,14569
2374176533,14570
2374211865,14571
2374211867,14572
2374211868,14573
2374821362,14574
2374821376,14575
2374832783,14576
2376258865,14577
2376673760,14578
2377029285,14579
2377062591,14580
2377062595,14581
2377063944,14582
2377063983,14583
2377305087,14584
2378490715,14585
2378606509,14586
2379410915,14587
2379410917,14588
2379446583,14589
2379446584,14590
2379446587,14591
2379446589,14592
2379455833,14593
2379981927,14594
2379981929,14595
2381892411,14596
2381892412,14597
2381892416,14598
2381892425,14599
2381892430,14600
2381892434,14601
2381892443,14602
2381892448,14603
2381892453,14604
2381892455,14605
2381892456,14606
2381892457,14607
2381892460,14608
2381892461,14609
2382441190,14610
2384526985,14611
2385055117,14612
2386824420,14613
2392102995,14614
2392103179,14615
2392683739,14616
2392683740,14617
2392707841,14618
2392707842,14619
2394471553,14620
2394471556,14621
2394932786,14622
2394932788,14623
2394932790,14624
2394932791,14625
2395503275,14626
2395503276,14627
2395512298,14628
2395512305,14629
2397577645,14630
2397649896,14631
2398361338,14632
2398361350,14633
2401271478,14634
2402196563,14635
2405887682,14636
2411558283,14637
2411558284,14638
2412695095,14639
2412695106,14640
2413768352,14641
2413768355,14642
2413772307,14643
2413775004,14644
2413776519,14645
2413782481,14646
2413782484,14647
2414213664,14648
2414216965,14649
2414219680,14650
2414225277,14651
2414230066,14652
2414235960,14653
2414235963,14654
2414239282,14655
2414260475,14656
2414260485,14657
2429428881,14658
2429428882,14659
2429431313,14660
2429444057,14661
2429444058,14662
2429448575,14663
2429448581,14664
2429448582,14665
2432163887,14666
2432163889,14667
2432163894,14668
2432163896,14669
2432163899,14670
2432163903,14671
2432163910,14672
2432163914,14673
2432771308,14674
2432779185,14675
2432919810,14676
2433704809,14677
2433704821,14678
2433704833,14679
2433718375,14680
2433718376,14681
2433718377,14682
2433747523,14683
2433758373,14684
2433758377,14685
2433771146,14686
2433771149,14687
2434547060,14688
2434547072,14689
2434557113,14690
2434560257,14691
2434566736,14692
2434566738,14693
2434573228,14694
2434573235,14695
2434573421,14696
2434573423,14697
2434573954,14698
2434574990,14699
2434574994,14700
2434574995,14701
2434574996,14702
2434575001,14703
2434576309,14704
2434583846,14705
2436881170,14706
2436881172,14707
2436881174,14708
2436881177,14709
2436881182,14710
2436881185,14711
2438950556,14712
2438950568,14713
2439299792,14714
2439302986,14715
2444300427,14716
2446638481,14717
2447442143,14718
2447736340,14719
2447736494,14720
2447736498,14721
2449535663,14722
2449668099,14723
2449668102,14724
2449668104,14725
2449668110,14726
2449699807,14727
2449704670,14728
2449795601,14729
2449795603,14730
2449800962,14731
2449800964,14732
2452169477,14733
2452173619,14734
2452176722,14735
2452176726,14736
2452195929,14737
2452195930,14738
2452200513,14739
2461454803,14740
2461454808,14741
2461454810,14742
2461454812,14743
2461454818,14744
2461454822,14745
2461454825,14746
2461454828,14747
2461454832,14748
2461454844,14749
2462114116,14750
2462114117,14751
2462114118,14752
2462114119,14753
2462114131,14754
2462114145,14755
2462119678,14756
2462119681,14757
2463281896,14758
2464456927,14759
2466692569,14760
2469275647,14761
2469275664,14762
2469275700,14763
2469275708,14764
2471746848,14765
2471746850,14766
2471746865,14767
2471746870,14768
2477945258,14769
2477945273,14770
2477945274,14771
2477945275,14772
2477945290,14773
2477945336,14774
2477945378,14775
2477945408,14776
2477945426,14777
2477945428,14778
2477945495,14779
2480322364,14780
2480322386,14781
2480322409,14782
2480322420,14783
2480322432,14784
2480322436,14785
2480322440,14786
2480322442,14787
2480322444,14788
2480322446,14789
2480322472,14790
2480322507,14791
2480322567,14792
2480322750,14793
2480322845,14794
2480572168,14795
2480572187,14796
2480572189,14797
2480572210,14798
2480572213,14799
2480572221,14800
2480572537,14801
2480572663,14802
2480602708,14803
2480602739,14804
2480618927,14805
2480619087,14806
2480619267,14807
2480619271,14808
2480619284,14809
2480619297,14810
2480619400,14811
2480619444,14812
2480948198,14813
2480948200,14814
2480948203,14815
2480948205,14816
2480948208,14817
2480948217,14818
2480948219,14819
2480948232,14820
2480948236,14821
2481284258,14822
2481284260,14823
2481304174,14824
2481304176,14825
2481334856,14826
2481338683,14827
2481338684,14828
2483910425,14829
2483910434,14830
2483910445,14831
2483910450,14832
2483910452,14833
2484896503,14834
2486718139,14835
2486718143,14836
2486718145,14837
2488516411,14838
2489679276,14839
2489794342,14840
2492813769,14841
2494047253,14842
2494047329,14843
2494727938,14844
2494727939,14845
2494727940,14846
2495438579,14847
2495438581,14848
2496042901,14849
2496265898,14850
2496265912,14851
2500900722,14852
2501493175,14853
2508633379,14854
2508633921,14855
2509654039,14856
2511784110,14857
2511784112,14858
2513316130,14859
2514176621,14860
2515696044,14861
2516451994,14862
2517200987,14863
2517202040,14864
2517464048,14865
2517464049,14866
2518375001,14867
2518375002,14868
2518375006,14869
2518375009,14870
2518375010,14871
2518375011,14872
2523666665,14873
2523666674,14874
2524038965,14875
2524038966,14876
2524038967,14877
2524491542,14878
2524491545,14879
2524491546,14880
2526438018,14881
2526438021,14882
2526438027,14883
2526439480,14884
2526588447,14885
2526588449,14886
2526588455,14887
2527647426,14888
2528384950,14889
2528390291,14890
2529489531,14891
2529489533,14892
2529489535,14893
2529489537,14894
2529489544,14895
2529489546,14896
2529489550,14897
2530389423,14898
2530389426,14899
2531077566,14900
2531077567,14901
2531077568,14902
2531077569,14903
2531751675,14904
2533526781,14905
2533526795,14906
2534668384,14907
2534668385,14908
2534668386,14909
2535076499,14910
2535082690,14911
2535200574,14912
2536038213,14913
2540728310,14914
2542265916,14915
2542267906,14916
2543984038,14917
2543984043,14918
2543984048,14919
2545163259,14920
2545163260,14921
2545163262,14922
2547664205,14923
2547664208,14924
2547664210,14925
2547664214,14926
2547664216,14927
2547664217,14928
2547664218,14929
2547691572,14930
2547691575,14931
2547691577,14932
2547691578,14933
2547691579,14934
2550235707,14935
2553151199,14936
2553185709,14937
2553299509,14938
2553299511,14939
2553299515,14940
2553299517,14941
2553299519,14942
2553299521,14943
2553321758,14944
2558731981,14945
2558731983,14946
2559690048,14947
2559690050,14948
2560582838,14949
2561158553,14950
2561912917,14951
2566133437,14952
2566972009,14953
2566972016,14954
2567056782,14955
2567329877,14956
2568614486,14957
2568614489,14958
2568614491,14959
2568614492,14960
2568614495,14961
2568614499,14962
2568614502,14963
2568833778,14964
2569045883,14965
2569045884,14966
2569045886,14967
2569045888,14968
2569057464,14969
2569057468,14970
2569057476,14971
2569398821,14972
2569398822,14973
2571156534,14974
2571349749,14975
2571349752,14976
2571358642,14977
2571358646,14978
2571358648,14979
2571358663,14980
2571358665,14981
2571383033,14982
2571387785,14983
2571396071,14984
2571396072,14985
2571414404,14986
2571414405,14987
2571414406,14988
2571414407,14989
2571414408,14990
2571414410,14991
2572331233,14992
2572618780,14993
2572618782,14994
2572815896,14995
2572815897,14996
2572929844,14997
2573566877,14998
2573607016,14999
2573890637,15000
2573890641,15001
2573900712,15002
2573900714,15003
2573914987,15004
2573914988,15005
2574316336,15006
2574328740,15007
2574373755,15008
2574373756,15009
2575016408,15010
2575016410,15011
2575043203,15012
2575043207,15013
2575043208,15014
2575453849,15015
2575453850,15016
2575453851,15017
2575453852,15018
2575710940,15019
2575984346,15020
2576992220,15021
2577186200,15022
2577186202,15023
2577186218,15024
2577221409,15025
2577221411,15026
2577221412,15027
2577221413,15028
2577221414,15029
2577221415,15030
2577226928,15031
2577226929,15032
2577226933,15033
2577226935,15034
2577226937,15035
2577226939,15036
2577226941,15037
2577239145,15038
2577245222,15039
2577245223,15040
2577270452,15041
2577270453,15042
2577455857,15043
2577455859,15044
2577455860,15045
2577458878,15046
2577458880,15047
2577471418,15048
2577471419,15049
2578143035,15050
2578143036,15051
2578143037,15052
2578143039,15053
2578155652,15054
2578163257,15055
2578171033,15056
2578208462,15057
2578208466,15058
2578689818,15059
2578773209,15060
2578818213,15061
2578824764,15062
2578824765,15063
2578824770,15064
2578824771,15065
2578824772,15066
2578825761,15067
2578825768,15068
2578847527,15069
2578873339,15070
2578873344,15071
2579578510,15072
2579578511,15073
2579583393,15074
2579849246,15075
2579849256,15076
2579849590,15077
2579849662,15078
2579849663,15079
2579849694,15080
2579849703,15081
2579849706,15082
2579849752,15083
2579849762,15084
2579849765,15085
2579849774,15086
2579849785,15087
2579849809,15088
2579887449,15089
2579887454,15090
2579887455,15091
2579887459,15092
2579887463,15093
2579887471,15094
2579950937,15095
2579976805,15096
2579976807,15097
2579976809,15098
2579979406,15099
2579980400,15100
2579980401,15101
2579981443,15102
2579981462,15103
2580119519,15104
2580119526,15105
2580202483,15106
2580665373,15107
2582185254,15108
2582213716,15109
2582215528,15110
2583508294,15111
2584159466,15112
2584245594,15113
2584250565,15114
2584267037,15115
2584267042,15116
2587342344,15117
2587342345,15118
2587860279,15119
2588331305,15120
2588337087,15121
2588337088,15122
2588341345,15123
2589323048,15124
2589323052,15125
2589428519,15126
2589428521,15127
2594093088,15128
2594093089,15129
2594093090,15130
2594093092,15131
2594093097,15132
2594093110,15133
2594093122,15134
2594093270,15135
2594093285,15136
2594093310,15137
2594476317,15138
2594574405,15139
2595249495,15140
2598334590,15141
2598343639,15142
2598343641,15143
2599420497,15144
2599420499,15145
2599429727,15146
2599429729,15147
2599432325,15148
2599436452,15149
2599436554,15150
2599436555,15151
2599502921,15152
2599502934,15153
2599505444,15154
2600133998,15155
2600149034,15156
2600295421,15157
2600295439,15158
2600544043,15159
2601184414,15160
2601316090,15161
2601676385,15162
2603010422,15163
2603027179,15164
2603027181,15165
2603027182,15166
2603027183,15167
2606862282,15168
2606862285,15169
2606904556,15170
2606904576,15171
2606912040,15172
2606924065,15173
2607221125,15174
2607221127,15175
2607221128,15176
2607221130,15177
2607221135,15178
2607221137,15179
2607221139,15180
2607221140,15181
2607221997,15182
2608452657,15183
2608452662,15184
2608452664,15185
2608582546,15186
2608582548,15187
2608582552,15188
2608582553,15189
2608582555,15190
2608587405,15191
2608587406,15192
2609287371,15193
2609289408,15194
2609292635,15195
2610203224,15196
2611030984,15197
2611096983,15198
2611131911,15199
2611210164,15200
2611210165,15201
2611253101,15202
2611253110,15203
2611254925,15204
2611258935,15205
2611459344,15206
2611459345,15207
2611459349,15208
2611459355,15209
2611470212,15210
2611545421,15211
2611545422,15212
2611555642,15213
2611555649,15214
2611617846,15215
2612637894,15216
2612637906,15217
2612640092,15218
2614642361,15219
2614642363,15220
2614642364,15221
2614758173,15222
2615500755,15223
2618944869,15224
2618944870,15225
2619035686,15226
2619223326,15227
2619264814,15228
2619573053,15229
2619590852,15230
2621941784,15231
2621941790,15232
2623383846,15233
2623383857,15234
2623802086,15235
2623802313,15236
2623802314,15237
2623803223,15238
2623803225,15239
2626768458,15240
2626768489,15241
2631571620,15242
2634814268,15243
2634984096,15244
2637039620,15245
2637040359,15246
2637042795,15247
2637044015,15248
2637049759,15249
2637055830,15250
2641992299,15251
2655862552,15252
2655862562,15253
2655862565,15254
2657252020,15255
2661300472,15256
2661300506,15257
2661300545,15258
2661300564,15259
2661300602,15260
2661300642,15261
2661300684,15262
2661300806,15263
2661300887,15264
2665080853,15265
2677949958,15266
2677949959,15267
2684198002,15268
2684199899,15269
2684199900,15270
2684199902,15271
2685996991,15272
2686001804,15273
2688911387,15274
2688911393,15275
2688911431,15276
2696071013,15277
2696163693,15278
2696163702,15279
2696163720,15280
2696163721,15281
2696697651,15282
2696697652,15283
2696697653,15284
2696697654,15285
2696697655,15286
2696697657,15287
2696697658,15288
2698083034,15289
2698083036,15290
2698212128,15291
2701543221,15292
2701543766,15293
2701608065,15294
2706750763,15295
2706750765,15296
2709822439,15297
2709822443,15298
2709822512,15299
2709822516,15300
2710065011,15301
2712396742,15302
2714432486,15303
2714510245,15304
2714510246,15305
2717060668,15306
2717331107,15307
2717331111,15308
2717410755,15309
2717410756,15310
2717410757,15311
2717457083,15312
2717457085,15313
2717457087,15314
2717457089,15315
2718046190,15316
2718046191,15317
2718184533,15318
2718184558,15319
2718184564,15320
2721192166,15321
2721249215,15322
2728669478,15323
2728669833,15324
2728670099,15325
2728670333,15326
2728670339,15327
2728670364,15328
2728670378,15329
2730946416,15330
2741634256,15331
2741858221,15332
2741858228,15333
2741858243,15334
2741858263,15335
2741858267,15336
2741878386,15337
2741878389,15338
2741960145,15339
2742016786,15340
2742971683,15341
2743096447,15342
2743096455,15343
2743096457,15344
2743096459,15345
2744200321,15346
2744590970,15347
2744610500,15348
2750402158,15349
2750402161,15350
2752360115,15351
2752360118,15352
2755610063,15353
2756692709,15354
2756965885,15355
2756965888,15356
2758707174,15357
2758707188,15358
2758707189,15359
2758707216,15360
2758707217,15361
2758707219,15362
2760514521,15363
2760514529,15364
2760514538,15365
2760514540,15366
2760514545,15367
2760514547,15368
2763733107,15369
2763733115,15370
2763733116,15371
2763733119,15372
2763733122,15373
2763848225,15374
2772434776,15375
2772434777,15376
2772443358,15377
2779152074,15378
2779152078,15379
2779152081,15380
2779152084,15381
2781240557,15382
2781240559,15383
2782328049,15384
2783094625,15385
2783094650,15386
2783094654,15387
2783434227,15388
2783434315,15389
2783434334,15390
2783434340,15391
2785609776,15392
2785609830,15393
2793529879,15394
2797489302,15395
2797489305,15396
2805752759,15397
2807984842,15398
2807984861,15399
2821165968,15400
2834162156,15401
2836198128,15402
2836198129,15403
2838702266,15404
2838702268,15405
2840528063,15406
2848381190,15407
2848381192,15408
2848445370,15409
2848456284,15410
2849080804,15411
2849080808,15412
2856298995,15413
2856300406,15414
2856300413,15415
2856300417,15416
2857570909,15417
2857570911,15418
2859529314,15419
2861872556,15420
2861872577,15421
2861872584,15422
2862976440,15423
2868021703,15424
2872183072,15425
2872561058,15426
2872561064,15427
2872561066,15428
2872561068,15429
2875769625,15430
2875769628,15431
2877543643,15432
2877543645,15433
2881485576,15434
2885175336,15435
2887796747,15436
2888057034,15437
2888071732,15438
2888097907,15439
2888612609,15440
2890714515,15441
2893407057,15442
2893554108,15443
2893554109,15444
2893807014,15445
2895131122,15446
2895131124,15447
2895131125,15448
2895131128,15449
2895131129,15450
2895131130,15451
2895131133,15452
2895131134,15453
2895131137,15454
2895131140,15455
2896957244,15456
2896957266,15457
2908224563,15458
2908224594,15459
2908224595,15460
2908224599,15461
2908224600,15462
2908225604,15463
2916142870,15464
2916142873,15465
2920120285,15466
2920120288,15467
2921169134,15468
2921169144,15469
2921169150,15470
2921813302,15471
2921955093,15472
2921960507,15473
2923615658,15474
2924123463,15475
2924783955,15476
2929218902,15477
2930829062,15478
2932940809,15479
2932940828,15480
2933492219,15481
2933493765,15482
2933493766,15483
2933494966,15484
2933509282,15485
2934150168,15486
2934150171,15487
2935095020,15488
2935273856,15489
2935284913,15490
2938603533,15491
2938603534,15492
2939317460,15493
2939317465,15494
2939317471,15495
2939321135,15496
2941441389,15497
2943331706,15498
2945792615,15499
2947592067,15500
2948960778,15501
2949990662,15502
2949993277,15503
2949993278,15504
2953769033,15505
2953769039,15506
2956062659,15507
2956062660,15508
2956062661,15509
2956062662,15510
2956066797,15511
2958414909,15512
2959082715,15513
2959082723,15514
2959583884,15515
2959583885,15516
2964197591,15517
2964197592,15518
2964197598,15519
2964197600,15520
2964197610,15521
2964197616,15522
2964197618,15523
2964203636,15524
2964203641,15525
2964203642,15526
2966746011,15527
2968541442,15528
2968541443,15529
2968541444,15530
2968630732,15531
2968630834,15532
2968630842,15533
2968630852,15534
2968630857,15535
2972054269,15536
2972054270,15537
2972106492,15538
2972106494,15539
2972106495,15540
2972108593,15541
2972108594,15542
2972108596,15543
2972113897,15544
2972130245,15545
2973664825,15546
2973664828,15547
2973665165,15548
2973665184,15549
2973665185,15550
2973665211,15551
2978733680,15552
2979183547,15553
2980634253,15554
2980634256,15555
2980636553,15556
2980644408,15557
2980729995,15558
2980794320,15559
2980794321,15560
2985350822,15561
2987496901,15562
2987496902,15563
2987496905,15564
2992140239,15565
2992146673,15566
2992146683,15567
2992150153,15568
2992150156,15569
2992150157,15570
2998333696,15571
2998335357,15572
2999914528,15573
2999914529,15574
3006930090,15575
3006930091,15576
3006930092,15577
3006930093,15578
3006930094,15579
3006958736,15580
3017075180,15581
3018992015,15582
3018992016,15583
3019019999,15584
3020333964,15585
3020333966,15586
3021203652,15587
3021226118,15588
3021237181,15589
3021237183,15590
3021237184,15591
3021237186,15592
3021237193,15593
3023174276,15594
3036603432,15595
3036605135,15596
3036606451,15597
3036606452,15598
3036606457,15599
3036614093,15600
3036640215,15601
3036640216,15602
3036656602,15603
3036767818,15604
3036767819,15605
3036953801,15606
3036953803,15607
3037180305,15608
3037240466,15609
3037240467,15610
3037240474,15611
3037240475,15612
3039857254,15613
3041447931,15614
3041488804,15615
3041488805,15616
3041536277,15617
3041536278,15618
3041536279,15619
3041536280,15620
3041536281,15621
3051464867,15622
3062739204,15623
3062798729,15624
3062798933,15625
3062853169,15626
3062853173,15627
3062853180,15628
3062853193,15629
3062853201,15630
3062853227,15631
3062953497,15632
3088747166,15633
3088799395,15634
3088799397,15635
3089350229,15636
3089382544,15637
3089382545,15638
3089382546,15639
3089382548,15640
3089382549,15641
3089401032,15642
3089467564,15643
3089564071,15644
3089577317,15645
3089591309,15646
3100152002,15647
3102112757,15648
3102112761,15649
3104290330,15650
3104290331,15651
3104290332,15652
3104290333,15653
3104290334,15654
3104290335,15655
3104290336,15656
3104290337,15657
3104301219,15658
3104301221,15659
3104509058,15660
3105086130,15661
3105086132,15662
3105099753,15663
3105099772,15664
3105099773,15665
3105099775,15666
3105099776,15667
3105099778,15668
3105126081,15669
3105126085,15670
3105126086,15671
3105126088,15672
3105483113,15673
3107017975,15674
3107951545,15675
3107951548,15676
3107966231,15677
3107966234,15678
3107988414,15679
3108068710,15680
3108202503,15681
3109336087,15682
3110217385,15683
3110217386,15684
3112899081,15685
3113508517,15686
3121984290,15687
3128087588,15688
3134266470,15689
3136420190,15690
3136457283,15691
3136457285,15692
3136461100,15693
3136659159,15694
3137212822,15695
3137212824,15696
3137213832,15697
3140600200,15698
3140600201,15699
3140600207,15700
3140600208,15701
3142122339,15702
3142249167,15703
3143511190,15704
3143511191,15705
3143511193,15706
3143581847,15707
3143581848,15708
3143581852,15709
3143581855,15710
3144265186,15711
3144265187,15712
3144265189,15713
3147172305,15714
3148116248,15715
3150261774,15716
3150261775,15717
3150484081,15718
3150484089,15719
3150484092,15720
3152019542,15721
3157674068,15722
3157674069,15723
3157678714,15724
3157997385,15725
3158014528,15726
3158137735,15727
3160105628,15728
3168118261,15729
3168118262,15730
3168118263,15731
3168118267,15732
3168118268,15733
3168118270,15734
3170064009,15735
3170064010,15736
3170812418,15737
3170812421,15738
3170812427,15739
3170823999,15740
3170842948,15741
3170877310,15742
3170877311,15743
3170986206,15744
3171164969,15745
3171164973,15746
3171181571,15747
3185389161,15748
3185389164,15749
3185389167,15750
3185389168,15751
3200721001,15752
3206605959,15753
3206606261,15754
3207081041,15755
3207086696,15756
3208212958,15757
3208215164,15758
3208887896,15759
3213685397,15760
3214750327,15761
3215616565,15762
3215616567,15763
3215616568,15764
3215616569,15765
3220009518,15766
3220130668,15767
3220376678,15768
3220453662,15769
3225548149,15770
3226577080,15771
3226578224,15772
3226578248,15773
3226578915,15774
3226578921,15775
3226578923,15776
3226578925,15777
3226578927,15778
3226578988,15779
3226579001,15780
3226579010,15781
3226579016,15782
3226579017,15783
3226587633,15784
3226587637,15785
3226587648,15786
3226587651,15787
3227939667,15788
3228005867,15789
3228061962,15790
3228061976,15791
3228308732,15792
3228321687,15793
3228321696,15794
3228321699,15795
3228328182,15796
3228338695,15797
3229404010,15798
3229404012,15799
3229418810,15800
3229617247,15801
3229617258,15802
3231402080,15803
3231513964,15804
3231513971,15805
3236266759,15806
3236266866,15807
3236266869,15808
3236319363,15809
3236319366,15810
3236319367,15811
3236319368,15812
3236319369,15813
3236586470,15814
3236586471,15815
3237256230,15816
3237737247,15817
3237737249,15818
3237737255,15819
3237788507,15820
3237788508,15821
3237788509,15822
3237831965,15823
3237831992,15824
3237831994,15825
3237832528,15826
3237832529,15827
3237834783,15828
3237834784,15829
3239200146,15830
3239201763,15831
3239201765,15832
3239222924,15833
3239222925,15834
3239267774,15835
3239267779,15836
3239267780,15837
3239394295,15838
3239394296,15839
3239618816,15840
3240751480,15841
3240751481,15842
3240751489,15843
3242628966,15844
3242628969,15845
3243573080,15846
3243573081,15847
3243778765,15848
3244149687,15849
3244176822,15850
3244177319,15851
3244193543,15852
3244222864,15853
3244660555,15854
3244660556,15855
3244660557,15856
3245425186,15857
3245429409,15858
3245792212,15859
3245806418,15860
3245813358,15861
3245828198,15862
3245832262,15863
3245838706,15864
3245848686,15865
3245848687,15866
3256303866,15867
3256363287,15868
3256380740,15869
3256380741,15870
3256380742,15871
3266925165,15872
3267034654,15873
3267158670,15874
3267161363,15875
3267205395,15876
3267205396,15877
3267205398,15878
3267309672,15879
3267315167,15880
3267344901,15881
3270448507,15882
3274412307,15883
3274412313,15884
3274448097,15885
3274808132,15886
3276697073,15887
3287401902,15888
3287401913,15889
3296536953,15890
3296965864,15891
3297088640,15892
3297090861,15893
3299174949,15894
3304194106,15895
3304314987,15896
3304329873,15897
3304897166,15898
3304897708,15899
3305475104,15900
3307348022,15901
3307348023,15902
3307348043,15903
3307348383,15904
3307348386,15905
3307348387,15906
3311953751,15907
3311953755,15908
3311953758,15909
3311957409,15910
3311957411,15911
3311963956,15912
3312875866,15913
3312875867,15914
3318697422,15915
3318856213,15916
3318856216,15917
3318856219,15918
3318856222,15919
3318943761,15920
3318943766,15921
3318943782,15922
3318943783,15923
3318943784,15924
3318943785,15925
3318943786,15926
3318948970,15927
3320763442,15928
3320779433,15929
3320779434,15930
3320779435,15931
3320782105,15932
3322954222,15933
3322957257,15934
3322989436,15935
3322989437,15936
3324942770,15937
3324942771,15938
3324942775,15939
3324942781,15940
3324942782,15941
3324942783,15942
3325497166,15943
3334923998,15944
3334930859,15945
3345415462,15946
3345415464,15947
3345424894,15948
3345424908,15949
3345424909,15950
3345428435,15951
3345428437,15952
3345428439,15953
3345515792,15954
3345516899,15955
3345516901,15956
3345516904,15957
3345516913,15958
3345516916,15959
3345519493,15960
3345519495,15961
3347409209,15962
3347450062,15963
3353476925,15964
3353476927,15965
3353476930,15966
3353476947,15967
3353497710,15968
3353498834,15969
3353498836,15970
3353498837,15971
3353498838,15972
3355795703,15973
3356661914,15974
3356899182,15975
3356899183,15976
3356899184,15977
3356899185,15978
3356899186,15979
3357675436,15980
3357703727,15981
3357703732,15982
3359514545,15983
3361615541,15984
3361615543,15985
3361615558,15986
3361625840,15987
3362417188,15988
3377715143,15989
3380954156,15990
3382716956,15991
3382732505,15992
3382832037,15993
3382832041,15994
3385197191,15995
3385637607,15996
3385637612,15997
3385823025,15998
3385823030,15999
3393460718,16000
3393492634,16001
3393667590,16002
3393667902,16003
3394907067,16004
3394907068,16005
3399657534,16006
3399657535,16007
3415520781,16008
3416416179,16009
3416416180,16010
3417789781,16011
3419165934,16012
3419165938,16013
3419165942,16014
3422148814,16015
3422148825,16016
3423757625,16017
3428245514,16018
3431817180,16019
3431817181,16020
3432089762,16021
3432119020,16022
3432119021,16023
3435410450,16024
3441821224,16025
3441821228,16026
3444426179,16027
3444426185,16028
3448971800,16029
3455397057,16030
3457831244,16031
3458859462,16032
3460226905,16033
3461121257,16034
3461128031,16035
3461136096,16036
3461396755,16037
3461396756,16038
3465537447,16039
3465670888,16040
3476363423,16041
3476376333,16042
3476376335,16043
3476376336,16044
3476390394,16045
3476390395,16046
3476390399,16047
3486279044,16048
3486279045,16049
3486279049,16050
3486279050,16051
3486279054,16052
3486279055,16053
3486279058,16054
3486279059,16055
3486279060,16056
3486279061,16057
3486279062,16058
3487612743,16059
3494551686,16060
3497798029,16061
3497798031,16062
3499953026,16063
3499953030,16064
3499953031,16065
3499953032,16066
3499998393,16067
3499998394,16068
3500059665,16069
3500059666,16070
3500807875,16071
3500807880,16072
3500807882,16073
3504831462,16074
3504831463,16075
3504831464,16076
3504831470,16077
3504831474,16078
3504831481,16079
3504831484,16080
3505225292,16081
3505226103,16082
3505226105,16083
3505226107,16084
3506646637,16085
3506646638,16086
3506649673,16087
3506676354,16088
3506676355,16089
3507321486,16090
3507542017,16091
3507542018,16092
3508971693,16093
3518268478,16094
3518275965,16095
3518275966,16096
3518348707,16097
3518352895,16098
3518409327,16099
3518409501,16100
3518422509,16101
3518422510,16102
3518424706,16103
3523946479,16104
3525679643,16105
3527803198,16106
3527820988,16107
3527863228,16108
3529915070,16109
3529915086,16110
3529915088,16111
3529917596,16112
3530258694,16113
3531323207,16114
3531323213,16115
3531396798,16116
3531407112,16117
3532900187,16118
3532903615,16119
3533105763,16120
3533145786,16121
3533145787,16122
3533557684,16123
3533558543,16124
3533579577,16125
3535735229,16126
3538796149,16127
3542144026,16128
3542320641,16129
3542320649,16130
3542320652,16131
3542403558,16132
3542415397,16133
3545090002,16134
3545811332,16135
3551914002,16136
3551971605,16137
3553327784,16138
3555406981,16139
3555406984,16140
3555448423,16141
3557801885,16142
3557807527,16143
3563261998,16144
3563262003,16145
3563262007,16146
3563262019,16147
3563324409,16148
3563324410,16149
3563324415,16150
3564234997,16151
3577031517,16152
3577031518,16153
3577034837,16154
3577034842,16155
3591761235,16156
3591761240,16157
3599907324,16158
3600989742,16159
3600989744,16160
3604378830,16161
3606661812,16162
3616739726,16163
3616799917,16164
3616799918,16165
3626354020,16166
3629271933,16167
3630716248,16168
3630716255,16169
3630716262,16170
3630716278,16171
3630716279,16172
3630716282,16173
3630716283,16174
3630716286,16175
3630716290,16176
3630833898,16177
3630833905,16178
3633025909,16179
3633025910,16180
3637810832,16181
3637810835,16182
3637811034,16183
3637811035,16184
3637811062,16185
3637811065,16186
3637811066,16187
3637811172,16188
3639685288,16189
3640241226,16190
3640241227,16191
3640241245,16192
3641870099,16193
3645231381,16194
3645268395,16195
3646253028,16196
3646660591,16197
3649619193,16198
3649619194,16199
3651465845,16200
3653361587,16201
3655201286,16202
3655201301,16203
3655201322,16204
3656925583,16205
3657805081,16206
3657999237,16207
3657999238,16208
3658002763,16209
3658002764,16210
3658002765,16211
3658530531,16212
3658530532,16213
3659780495,16214
3659781131,16215
3662584770,16216
3662584773,16217
3664403876,16218
3664803450,16219
3664807525,16220
3664807527,16221
3664813444,16222
3664813445,16223
3666792518,16224
3666792519,16225
3667080627,16226
3667505672,16227
3672453071,16228
3674834463,16229
3674834465,16230
3674884885,16231
3674936626,16232
3676085811,16233
3676085812,16234
3676085814,16235
3676085815,16236
3676150358,16237
3676150359,16238
3678726544,16239
3679559144,16240
3679559145,16241
3682702873,16242
3684506206,16243
3684506207,16244
3684540767,16245
3684775455,16246
3684777818,16247
3685910370,16248
3694047846,16249
3696062393,16250
3696416869,16251
3700623430,16252
3700989776,16253
3704616934,16254
3714869004,16255
3714869005,16256
3716040067,16257
3716040069,16258
3716066123,16259
3716066124,16260
3716067836,16261
3716067839,16262
3716478853,16263
3727502807,16264
3727502808,16265
3727502810,16266
3727502811,16267
3727766329,16268
3740445396,16269
3741587790,16270
3741594716,16271
3741594717,16272
3741594720,16273
3746354129,16274
3746416251,16275
3747954341,16276
3748761844,16277
3748761866,16278
3748836335,16279
3760364739,16280
3760364742,16281
3760530568,16282
3760541700,16283
3760541701,16284
3760545560,16285
3760545561,16286
3760688279,16287
3760688281,16288
3760688282,16289
3760688283,16290
3760688284,16291
3760688285,16292
3760688286,16293
3760688287,16294
3760688290,16295
3761768603,16296
3766974470,16297
3767102361,16298
3768671797,16299
3768739136,16300
3768739138,16301
3768739140,16302
3768739154,16303
3768739162,16304
3769511283,16305
3769511287,16306
3769511288,16307
3780110776,16308
3780110777,16309
3780110779,16310
3781472273,16311
3789373398,16312
3789373399,16313
3791078083,16314
3791083476,16315
3802218850,16316
3802288793,16317
3802288794,16318
3802428177,16319
3802428243,16320
3802428246,16321
3807406203,16322
3807481990,16323
3812570099,16324
3824697212,16325
3827619037,16326
3827667167,16327
3829811207,16328
3829928040,16329
3833991779,16330
3834007131,16331
3834013506,16332
3834013507,16333
3834013509,16334
3839668158,16335
3839668159,16336
3839783115,16337
3839783119,16338
3842351073,16339
3842501019,16340
3842501024,16341
3842506689,16342
3842506690,16343
3842506693,16344
3846404416,16345
3846404419,16346
3846404424,16347
3846404428,16348
3846445650,16349
3846445654,16350
3846451560,16351
3846451561,16352
3846451562,16353
3846551734,16354
3846552078,16355
3847032368,16356
3851748775,16357
3852620195,16358
3854034151,16359
3854034156,16360
3860877548,16361
3860877555,16362
3862353129,16363
3862400825,16364
3862403693,16365
3862511699,16366
3862580883,16367
3864597261,16368
3864597262,16369
3864598522,16370
3865807913,16371
3865815839,16372
3869214912,16373
3869214916,16374
3870544239,16375
3870544246,16376
3870544272,16377
3874821352,16378
3875307492,16379
3875307497,16380
3884838205,16381
3884838439,16382
3885109071,16383
3885355217,16384
3885357416,16385
3889064892,16386
3889064895,16387
3890024166,16388
3891403029,16389
3891403031,16390
3891403033,16391
3891403034,16392
3891437194,16393
3891437201,16394
3891437204,16395
3891438219,16396
3891438221,16397
3891591962,16398
3891591963,16399
3891591964,16400
3891591968,16401
3891591971,16402
3891591972,16403
3891658475,16404
3891658477,16405
3893087759,16406
3897879697,16407
3897956958,16408
3897956960,16409
3898696926,16410
3898707387,16411
3903537535,16412
3903538959,16413
3904068073,16414
3904068077,16415
3907122312,16416
3907122314,16417
3907142908,16418
3908202954,16419
3908202956,16420
3913711604,16421
3913711609,16422
3914281074,16423
3915107904,16424
3915133661,16425
3915133672,16426
3918633255,16427
3919486350,16428
3920172003,16429
3920303003,16430
3920643913,16431
3920643922,16432
3920643929,16433
3920643930,16434
3920987314,16435
3922812625,16436
3923402582,16437
3925006916,16438
3933241159,16439
3933244934,16440
3933244941,16441
3933244942,16442
3943576524,16443
3943577781,16444
3951582275,16445
3951582279,16446
3951582290,16447
3951582294,16448
3958563492,16449
3961389927,16450
3961436532,16451
3961436534,16452
3963539108,16453
3978537057,16454
3978537058,16455
3982563964,16456
3982563965,16457
3984920099,16458
3988877357,16459
3988877362,16460
3991372614,16461
3991372619,16462
3991708295,16463
3991708297,16464
3991872376,16465
3991872377,16466
3991971538,16467
3991996251,16468
3991997104,16469
3991997105,16470
3994186283,16471
3994186293,16472
3994186295,16473
3994186300,16474
3994186304,16475
3994186305,16476
3994186312,16477
3994211046,16478
3994230790,16479
4004003094,16480
4004003096,16481
4004003097,16482
4004021022,16483
4004137575,16484
4006221474,16485
4009886051,16486
4009886052,16487
4012447439,16488
4012447444,16489
4016805620,16490
4016805624,16491
4016805627,16492
4016805628,16493
4016805629,16494
4016805632,16495
4016805635,16496
4021455471,16497
4022463235,16498
4022640071,16499
4028038321,16500
4032403100,16501
4032407034,16502
4032407035,16503
4032964528,16504
4032964542,16505
4033074471,16506
4033074473,16507
4033076264,16508
4033091715,16509
4033091718,16510
4033096262,16511
4033096269,16512
4033106489,16513
4033114728,16514
4033133153,16515
4034328967,16516
4034405133,16517
4034775431,16518
4034775432,16519
4034869549,16520
4034869550,16521
4036276692,16522
4036602946,16523
4036602947,16524
4036641199,16525
4037866879,16526
4037866883,16527
4037868908,16528
4037945178,16529
4037945179,16530
4037945183,16531
4037945187,16532
4037946290,16533
4038495186,16534
4039748079,16535
4039824993,16536
4039853816,16537
4039853817,16538
4039853838,16539
4039854304,16540
4039854307,16541
4039854308,16542
4039854309,16543
4039867489,16544
4044436090,16545
4044436110,16546
4045819972,16547
4045819984,16548
4050552919,16549
4050552941,16550
4050552944,16551
4050552948,16552
4050601101,16553
4050601102,16554
4050616505,16555
4054829290,16556
4054829294,16557
4056509060,16558
4057815967,16559
4057815973,16560
4057860765,16561
4057908485,16562
4057908486,16563
4057908488,16564
4057910989,16565
4057919734,16566
4058150020,16567
4058157212,16568
4058157213,16569
4058157214,16570
4058157215,16571
4058157216,16572
4058962997,16573
4066975295,16574
4069198963,16575
4069198965,16576
4069198966,16577
4075174143,16578
4075174144,16579
4079299034,16580
4079299036,16581
4079299037,16582
4079299043,16583
4086940876,16584
4086940879,16585
4086940881,16586
4086974375,16587
4086974381,16588
4098871779,16589
4100733273,16590
4100733278,16591
4105864576,16592
4109405274,16593
4109405275,16594
4109405285,16595
4109461628,16596
4111118170,16597
4111572393,16598
4115798509,16599
4127111797,16600
4128477789,16601
4128477790,16602
4128477791,16603
4128513071,16604
4136719707,16605
4136856309,16606
4136856310,16607
4140043991,16608
4140698413,16609
4148523263,16610
4150108089,16611
4150108090,16612
4150108097,16613
4150108098,16614
4150217421,16615
4150217422,16616
4150217423,16617
4156364045,16618
4166010773,16619
4166010774,16620
4166010775,16621
4166010776,16622
4166010778,16623
4166029190,16624
4166029191,16625
4166029192,16626
4166029193,16627
4166029195,16628
4179306498,16629
4179306503,16630
4185542705,16631
4186830372,16632
4188992122,16633
4188992126,16634
4189001312,16635
4189843811,16636
4190665184,16637
4200309106,16638
4200411770,16639
4200572634,16640
4200981033,16641
4204982974,16642
4204983517,16643
4204983547,16644
4204983574,16645
4204983578,16646
4204984311,16647
4204984762,16648
4204984918,16649
4204984998,16650
4208075978,16651
4208076500,16652
4209504491,16653
4209647744,16654
4209682848,16655
4209682851,16656
4209723871,16657
4212230872,16658
4213508931,16659
4213508934,16660
4213618290,16661
4213651961,16662
4213693383,16663
4217642232,16664
4222618237,16665
4222705081,16666
4222705082,16667
4234218091,16668
4236397162,16669
4238374190,16670
4238379389,16671
4238379395,16672
4244013710,16673
4246599693,16674
4246599705,16675
4246599731,16676
4246599732,16677
4246599738,16678
4246599751,16679
4246599755,16680
4246599758,16681
4246601705,16682
4246601708,16683
4246601714,16684
4246601732,16685
4246601753,16686
4249204148,16687
4249204149,16688
4249204151,16689
4263340267,16690
4265207725,16691
4265207740,16692
4265207759,16693
4266510133,16694
4266510143,16695
4266510159,16696
4274075705,16697
4281976489,16698
4281976491,16699
4281976727,16700
4281976755,16701
4281976758,16702
4281976769,16703
4281976776,16704
4281976782,16705
4281976792,16706
4284959574,16707
4298753758,16708
4298753768,16709
4305741919,16710
4305752232,16711
4305818346,16712
4305827262,16713
4305841192,16714
4311213719,16715
4311213725,16716
4311216179,16717
4311216182,16718
4316692413,16719
4316692414,16720
4316704911,16721
4316704912,16722
4316704913,16723
4316977939,16724
4317665126,16725
4318828207,16726
4318828212,16727
4324026086,16728
4324026087,16729
4331368043,16730
4335919512,16731
4339744869,16732
4349125795,16733
4363699374,16734
4369754451,16735
4375277040,16736
4375277041,16737
4375277042,16738
4375277044,16739
4381928003,16740
4381928005,16741
4387071896,16742
4387071898,16743
4388254468,16744
4392507362,16745
4392507365,16746
4392507374,16747
4392507380,16748
4392519569,16749
4392519575,16750
4392550612,16751
4392685738,16752
4392751223,16753
4392751226,16754
4395764560,16755
4395774838,16756
4395791257,16757
4395791258,16758
4395793378,16759
4395795574,16760
4398059323,16761
4398059329,16762
4398059333,16763
4398218667,16764
4400264169,16765
4400278230,16766
4400279432,16767
4400279435,16768
4400279439,16769
4400279440,16770
4404950439,16771
4408460085,16772
4408467207,16773
4408467208,16774
4408467210,16775
4408467212,16776
4408487765,16777
4408500306,16778
4408626508,16779
4408626510,16780
4408631678,16781
4409329704,16782
4409330026,16783
4409330027,16784
4410275603,16785
4410523886,16786
4410524190,16787
4410542072,16788
4410542074,16789
4410542079,16790
4415518384,16791
4415518385,16792
4435766562,16793
4435766694,16794
4435766710,16795
4438763530,16796
4441400790,16797
4447131092,16798
4447131093,16799
4450211531,16800
4450211532,16801
4450211533,16802
4450211540,16803
4450623116,16804
4450623117,16805
4450724484,16806
4460162044,16807
4460512897,16808
4460525009,16809
4468331839,16810
4468395217,16811
4468395218,16812
4468653238,16813
4468653239,16814
4468653246,16815
4471090975,16816
4471111271,16817
4471125662,16818
4477452190,16819
4477452191,16820
4477452192,16821
4477452193,16822
4477452195,16823
4477452198,16824
4480429790,16825
4480800599,16826
4480800601,16827
4482292795,16828
4482292797,16829
4482292803,16830
4482316113,16831
4482948590,16832
4484167142,16833
4484167143,16834
4484201437,16835
4484217892,16836
4484217894,16837
4493282084,16838
4501557105,16839
4502202814,16840
4505149916,16841
4508616979,16842
4510880397,16843
4510880399,16844
4510880400,16845
4512904373,16846
4512908712,16847
4512918288,16848
4524980140,16849
4525032119,16850
4525032120,16851
4525221102,16852
4525237649,16853
4525239062,16854
4525243949,16855
4525243954,16856
4527155696,16857
4527155697,16858
4527155698,16859
4527155699,16860
4527155722,16861
4527155725,16862
4527184454,16863
4527310852,16864
4527310853,16865
4538536921,16866
4538619417,16867
4538619420,16868
4539264094,16869
4539264095,16870
4540270901,16871
4540270902,16872
4540270907,16873
4540283834,16874
4540423885,16875
4547007770,16876
4547007771,16877
4547007772,16878
4547007773,16879
4547007774,16880
4547115838,16881
4547148679,16882
4547148680,16883
4547890928,16884
4547890929,16885
4547908485,16886
4547908488,16887
4547912359,16888
4547915241,16889
4547939778,16890
4547939779,16891
4547939780,16892
4547939781,16893
4549288800,16894
4549288828,16895
4549288836,16896
4549288837,16897
4549288863,16898
4549288870,16899
4550884963,16900
4550884964,16901
4551007160,16902
4551073553,16903
4551073555,16904
4556221803,16905
4557783926,16906
4557783927,16907
4558291781,16908
4558291783,16909
4558291784,16910
4561527637,16911
4561606193,16912
4561606194,16913
4561664469,16914
4561680542,16915
4561680554,16916
4565358893,16917
4565358894,16918
4565358895,16919
4566982450,16920
4567038901,16921
4567038903,16922
4567153143,16923
4567186937,16924
4567186939,16925
4567449106,16926
4569284023,16927
4570533941,16928
4571904209,16929
4586935111,16930
4586935121,16931
4586935124,16932
4592872977,16933
4596553898,16934
4607694939,16935
4607694940,16936
4608830413,16937
4608830414,16938
4608854090,16939
4609322847,16940
4609331031,16941
4609411770,16942
4609437882,16943
4609437883,16944
4609437886,16945
4609442870,16946
4609442872,16947
4609565788,16948
4609580187,16949
4609580188,16950
4615037783,16951
4615037785,16952
4615057950,16953
4615057951,16954
4616997829,16955
4616997830,16956
4617419534,16957
4617419537,16958
4617419541,16959
4619030206,16960
4619030207,16961
4619207331,16962
4619207332,16963
4620526562,16964
4621496653,16965
4621496655,16966
4621712002,16967
4621712011,16968
4621724332,16969
4621724333,16970
4622593924,16971
4622608646,16972
4622608647,16973
4622609033,16974
4623486200,16975
4623486228,16976
4624002134,16977
4624047066,16978
4631737967,16979
4632387816,16980
4632387817,16981
4632387820,16982
4632520108,16983
4632520109,16984
4632520111,16985
4632520112,16986
4632520114,16987
4632596610,16988
4632604655,16989
4632906661,16990
4632964326,16991
4632964328,16992
4632964335,16993
4632964336,16994
4632964337,16995
4633012472,16996
4633259409,16997
4649990992,16998
4657289412,16999
4657289414,17000
4662932231,17001
4663223763,17002
4664294875,17003
4673406524,17004
4686110494,17005
4687757174,17006
4687786212,17007
4689385620,17008
4689424441,17009
4694107973,17010
4694107975,17011
4694107976,17012
4700189712,17013
4700189713,17014
4700189716,17015
4705492624,17016
4706572248,17017
4706572254,17018
4706572255,17019
4706572257,17020
4706581589,17021
4707268166,17022
4707268167,17023
4707268169,17024
4709020765,17025
4709020768,17026
4725246968,17027
4725253930,17028
4742696984,17029
4748925404,17030
4749624201,17031
4755862866,17032
4755898652,17033
4755898659,17034
4755898660,17035
4755898662,17036
4755898663,17037
4755898664,17038
4755898666,17039
4763933860,17040
4769316352,17041
4769316353,17042
4769339058,17043
4769339071,17044
4778878132,17045
4778878162,17046
4778878180,17047
4778878213,17048
4778878246,17049
4780722306,17050
4780722308,17051
4784748880,17052
4784748881,17053
4791165946,17054
4808274349,17055
4808274358,17056
4808337905,17057
4808555290,17058
4809631423,17059
4809631424,17060
4809631425,17061
4813527557,17062
4836274238,17063
4861989040,17064
4861989041,17065
4861989042,17066
4863567161,17067
4881211886,17068
4881553353,17069
4881735034,17070
4881735048,17071
4881735049,17072
4882322481,17073
4882322483,17074
4882322484,17075
4882322485,17076
4882322487,17077
4885853864,17078
4890135930,17079
4890563106,17080
4890563108,17081
4890563109,17082
4890563110,17083
4890563114,17084
4890563115,17085
4890563116,17086
4890717286,17087
4890717287,17088
4890745495,17089
4890745500,17090
4892684960,17091
4895476633,17092
4895483490,17093
4899109091,17094
4899109092,17095
4899268196,17096
4899268198,17097
4899268213,17098
4905601533,17099
4905601543,17100
4905653167,17101
4909196410,17102
4909196414,17103
4909196417,17104
4909196948,17105
4909196989,17106
4916007203,17107
4916007207,17108
4916007208,17109
4917540830,17110
4919176146,17111
4919176148,17112
4921120970,17113
4921679200,17114
4921817869,17115
4932215335,17116
4932215406,17117
4932215408,17118
4932215417,17119
4932239844,17120
4941502830,17121
4941502831,17122
4943726370,17123
4943726375,17124
4943726378,17125
4953736039,17126
4953736040,17127
4953736045,17128
4962714026,17129
5002967892,17130
5005315965,17131
5017549330,17132
5031055164,17133
5040206539,17134
5040465952,17135
5040466008,17136
5058048709,17137
5060091782,17138
5060715325,17139
5060896303,17140
5064237408,17141
5080799826,17142
5080799829,17143
5080799831,17144
5086837420,17145
5087841012,17146
5089744196,17147
5100161215,17148
5100161216,17149
5100186133,17150
5100468657,17151
5101532602,17152
5101532615,17153
5101532652,17154
5101532653,17155
5106172586,17156
5106172592,17157
5106174292,17158
5107472393,17159
5109331997,17160
5120084945,17161
5122907087,17162
5122907088,17163
5122907089,17164
5137131250,17165
5137406868,17166
5150101593,17167
5150101599,17168
5153238170,17169
5153238172,17170
5153252261,17171
5155899263,17172
5156073486,17173
5157559167,17174
5180904547,17175
5180904550,17176
5180904551,17177
5188059314,17178
5189354539,17179
5218685539,17180
5222866976,17181
5222866977,17182
5231499104,17183
5231499107,17184
5231509361,17185
5235400007,17186
5240215891,17187
5246220897,17188
5246220898,17189
5246265821,17190
5246836079,17191
5246836081,17192
5246836084,17193
5246844342,17194
5246870532,17195
5246870534,17196
5248391353,17197
5248391354,17198
5248429537,17199
5249379160,17200
5249379161,17201
5249379162,17202
5256250266,17203
5256250269,17204
5256382595,17205
5256382599,17206
5256445146,17207
5256445150,17208
5256445151,17209
5256445158,17210
5256445163,17211
5256482319,17212
5256482921,17213
5256482922,17214
5256482924,17215
5256495262,17216
5256495264,17217
5260432818,17218
5264397899,17219
5264397906,17220
5264397907,17221
5264485162,17222
5264485163,17223
5264485169,17224
5272807613,17225
5273244797,17226
5275741001,17227
5275741002,17228
5275833145,17229
5277578893,17230
5277578894,17231
5277578897,17232
5285638807,17233
5285685836,17234
5293332637,17235
5293332641,17236
5293332642,17237
5293450282,17238
5294051534,17239
5294183131,17240
5294183138,17241
5294453944,17242
5294482512,17243
5294807453,17244
5294807454,17245
5294807456,17246
5296661597,17247
5296661604,17248
5296661605,17249
5298386605,17250
5298386606,17251
5298386607,17252
5298386614,17253
5316355360,17254
5317057882,17255
5322584059,17256
5325628945,17257
5325628954,17258
5325628955,17259
5325628963,17260
5325997148,17261
5325997153,17262
5325997156,17263
5325997157,17264
5326010446,17265
5326010448,17266
5326110010,17267
5326110012,17268
5326110013,17269
5326110018,17270
5326110019,17271
5326112621,17272
5327120424,17273
5327120426,17274
5335759166,17275
5336896257,17276
5336896260,17277
5336987258,17278
5344728905,17279
5345641348,17280
5352282331,17281
5352282338,17282
5359438724,17283
5364409575,17284
5367538933,17285
5367538934,17286
5367538939,17287
5367538940,17288
5387069583,17289
5403539574,17290
5439831957,17291
5440968759,17292
5443913029,17293
5446624624,17294
5446624626,17295
5446624627,17296
5450354641,17297
5450587976,17298
5451166948,17299
5451166955,17300
5453689981,17301
5453762371,17302
5453762373,17303
5453762375,17304
5453762376,17305
5453762378,17306
5453762379,17307
5459073944,17308
5464075684,17309
5483244423,17310
5494273722,17311
5494273724,17312
5494617016,17313
5494617018,17314
5494617325,17315
5498604759,17316
5499308508,17317
5499308510,17318
5499648287,17319
5499648288,17320
5500378636,17321
5500378638,17322
5501238270,17323
5501238272,17324
5501987074,17325
5518036541,17326
5518036543,17327
5518131380,17328
5518131389,17329
5518131390,17330
5518256786,17331
5518256788,17332
5523485310,17333
5534345894,17334
5536677161,17335
5546407407,17336
5546407409,17337
5546479041,17338
5546479042,17339
5546479044,17340
5546479045,17341
5546479047,17342
5546479054,17343
5548827956,17344
5548827957,17345
5548919034,17346
5548919036,17347
5552018543,17348
5552018544,17349
5554930604,17350
5562736983,17351
5567499551,17352
5567499554,17353
5567622883,17354
5568283680,17355
5568292195,17356
5583125136,17357
5583991521,17358
5588363588,17359
5588363589,17360
5596943580,17361
5596943581,17362
5598184171,17363
5598184172,17364
5598184173,17365
5603023195,17366
5603023200,17367
5603054848,17368
5611134941,17369
5612174075,17370
5612352923,17371
5614098137,17372
5614098138,17373
5614098141,17374
5614098142,17375
5627534170,17376
5627534171,17377
5627534172,17378
5627534173,17379
5629380843,17380
5635888558,17381
5635888561,17382
5638175636,17383
5643137301,17384
5651265627,17385
5651265631,17386
5651980380,17387
5654692924,17388
5654692927,17389
5655762014,17390
5655762017,17391
5659640132,17392
5674439774,17393
5674439775,17394
5679030730,17395
5682827625,17396
5682827626,17397
5682827627,17398
5682827629,17399
5682827631,17400
5682827633,17401
5682827634,17402
5682827635,17403
5682827637,17404
5682827641,17405
5682827642,17406
5682827643,17407
5682827644,17408
5682827645,17409
5682827646,17410
5682827647,17411
5682827648,17412
5682827649,17413
5682827650,17414
5682827651,17415
5688774258,17416
5688791276,17417
5688791278,17418
5691363420,17419
5693655245,17420
5693733880,17421
5693774346,17422
5693774347,17423
5694268595,17424
5694268599,17425
5695877251,17426
5695877253,17427
5709549878,17428
5715728828,17429
5745096269,17430
5745545956,17431
5745546554,17432
5745879584,17433
5745879587,17434
5745904421,17435
5745904422,17436
5745906870,17437
5745906871,17438
5747663260,17439
5747749678,17440
5747796430,17441
5759262561,17442
5759262563,17443
5759314484,17444
5761717269,17445
5761717280,17446
5773016283,17447
5792990724,17448
5792990726,17449
5796670465,17450
5796986860,17451
5796986862,17452
5796991381,17453
5796994785,17454
5796994787,17455
5796995317,17456
5797090610,17457
5800545371,17458
5803637456,17459
5809152701,17460
5809152704,17461
5809180838,17462
5809180840,17463
5810627935,17464
5810627936,17465
5810627937,17466
5810751871,17467
5810751874,17468
5811610658,17469
5818014695,17470
5818030609,17471
5818030612,17472
5818030615,17473
5818030616,17474
5818030618,17475
5818030623,17476
5818030626,17477
5824026734,17478
5825322441,17479
5835050632,17480
5835924629,17481
5836900569,17482
5836900570,17483
5836900582,17484
5844621677,17485
5844621679,17486
5844621682,17487
5844621684,17488
5844621892,17489
5844776174,17490
5844776175,17491
5844784365,17492
5860226465,17493
5866303007,17494
5870694055,17495
5870694056,17496
5870962003,17497
5870962025,17498
5870962028,17499
5870962031,17500
5881559809,17501
5888807466,17502
5891699984,17503
5891700385,17504
5891700935,17505
5891710857,17506
5891710858,17507
5891716186,17508
5891716187,17509
5891719807,17510
5891719809,17511
5891719813,17512
5891775857,17513
5894825463,17514
5894825466,17515
5894926015,17516
5902445988,17517
5903433062,17518
5903433063,17519
5903433068,17520
5903433076,17521
5903433077,17522
5903433081,17523
5905892223,17524
5905952886,17525
5905952887,17526
5905952888,17527
5905976515,17528
5905976522,17529
5906075961,17530
5906085899,17531
5906085900,17532
5906085901,17533
5911240547,17534
5911240550,17535
5911300211,17536
5911300266,17537
5911300267,17538
5911300272,17539
5911300273,17540
5911300277,17541
5911300278,17542
5911482209,17543
5911482225,17544
5911482231,17545
5913730276,17546
5915584080,17547
5915584081,17548
5915593637,17549
5915814160,17550
5915814161,17551
5917892773,17552
5917892776,17553
5917893834,17554
5917893840,17555
5917913177,17556
5917913180,17557
5919924351,17558
5919960094,17559
5922328901,17560
5922368297,17561
5922373482,17562
5922373786,17563
5923621403,17564
5924137317,17565
5926564115,17566
5926564120,17567
5926572904,17568
5926572906,17569
5927244732,17570
5927244734,17571
5927453350,17572
5927453351,17573
5927453357,17574
5927453358,17575
5928694703,17576
5928694707,17577
5928723435,17578
5933567250,17579
5934043119,17580
5934043120,17581
5934043149,17582
5934166867,17583
5934166869,17584
5936218737,17585
5936218738,17586
5936218739,17587
5936222802,17588
5948501606,17589
5949212097,17590
5949212098,17591
5968670531,17592
5968670533,17593
5968670534,17594
5968670535,17595
5968670556,17596
5968670557,17597
5971628483,17598
5995424518,17599
6004767931,17600
6012918405,17601
6012918406,17602
6012918407,17603
6012918409,17604
6027045508,17605
6028383380,17606
6032363061,17607
6032363062,17608
6033910207,17609
6033910208,17610
6033924910,17611
6044505192,17612
6067523923,17613
6067523947,17614
6067523962,17615
6067523983,17616
6067524420,17617
6067524425,17618
6067524431,17619
6067524437,17620
6067524449,17621
6067524459,17622
6067524461,17623
6067524463,17624
6069511686,17625
6069511688,17626
6080593774,17627
6081728654,17628
6081728655,17629
6096373041,17630
6096388450,17631
6096388460,17632
6096388461,17633
6096462501,17634
6096462502,17635
6096462503,17636
6103761984,17637
6116116843,17638
6116132371,17639
6116134945,17640
6116135300,17641
6116150204,17642
6116150205,17643
6116153905,17644
6141158228,17645
6172746472,17646
6172746480,17647
6172747190,17648
6173466577,17649
6173466578,17650
6186802943,17651
6186802946,17652
6191728046,17653
6203072934,17654
6203170554,17655
6203170560,17656
6207438687,17657
6223337589,17658
6223337847,17659
6223338085,17660
6223338093,17661
6241413889,17662
6241413891,17663
6241413892,17664
6241807538,17665
6241807539,17666
6254078498,17667
6254078505,17668
6254078506,17669
6254078507,17670
6254078510,17671
6254078512,17672
6254078513,17673
6259480018,17674
6266506168,17675
6266506170,17676
6266506173,17677
6266506175,17678
6266523686,17679
6266576587,17680
6266920255,17681
6266920256,17682
6266937141,17683
6266955162,17684
6266955163,17685
6266955164,17686
6266964051,17687
6266964052,17688
6266964053,17689
6266964054,17690
6266967301,17691
6270908845,17692
6270908847,17693
6282887353,17694
6282887358,17695
6282887363,17696
6282887371,17697
6282888040,17698
6293407782,17699
6297374246,17700
6297389253,17701
6297389254,17702
6297389259,17703
6297628535,17704
6297653010,17705
6297922216,17706
6297922222,17707
6312491736,17708
6312513504,17709
6312513508,17710
6312649540,17711
6312649542,17712
6312649543,17713
6312774603,17714
6314665897,17715
6314665898,17716
6314719454,17717
6327873081,17718
6341217683,17719
6341589706,17720
6341606667,17721
6341606668,17722
6341606669,17723
6341606670,17724
6341612138,17725
6341614941,17726
6341614947,17727
6341626038,17728
6341688389,17729
6341688403,17730
6341710093,17731
6346148206,17732
6353344590,17733
6353344592,17734
6353344594,17735
6353344595,17736
6353344596,17737
6353344598,17738
6353960645,17739
6353984222,17740
6371184267,17741
6371257296,17742
6371257299,17743
6371257300,17744
6384347198,17745
6384347199,17746
6384347200,17747
6384347201,17748
6386638922,17749
6386638923,17750
6388618594,17751
6388618595,17752
6404114200,17753
6404114209,17754
6410801191,17755
6410808667,17756
6412558054,17757
6412558055,17758
6412668556,17759
6412668563,17760
6412668564,17761
6412668574,17762
6412706588,17763
6412723822,17764
6412723824,17765
6412723830,17766
6416664445,17767
6416664455,17768
6417009464,17769
6418526799,17770
6419084374,17771
6419084380,17772
6440171034,17773
6440171036,17774
6440220264,17775
6440308347,17776
6440611867,17777
6440798898,17778
6442002257,17779
6442002260,17780
6442002263,17781
6442002265,17782
6442008485,17783
6442485817,17784
6442485826,17785
6442485827,17786
6442485831,17787
6448341324,17788
6448464286,17789
6448464289,17790
6482468024,17791
6484038917,17792
6484070142,17793
6484070152,17794
6486800267,17795
6498180363,17796
6501703515,17797
6501703516,17798
6501703517,17799
6501703518,17800
6501703521,17801
6501703522,17802
6501703523,17803
6501703524,17804
6501703525,17805
6501703528,17806
6501703529,17807
6501703548,17808
6509375039,17809
6511365887,17810
6511365891,17811
6511444191,17812
6511444192,17813
6516449137,17814
6518963928,17815
6518963931,17816
6541397912,17817
6541397916,17818
6541397920,17819
6543173128,17820
6543173129,17821
6543173131,17822
6547600150,17823
6548968481,17824
6556166853,17825
6556166855,17826
6556166857,17827
6556166859,17828
6556166864,17829
6556166866,17830
6556166868,17831
6556166870,17832
6556191208,17833
6556337039,17834
6556380866,17835
6562839302,17836
6562839303,17837
6569794528,17838
6569794549,17839
6595668386,17840
6595668390,17841
6598114424,17842
6598114425,17843
6598114428,17844
6601908647,17845
6602519486,17846
6604442443,17847
6624792053,17848
6624792054,17849
6624930306,17850
6624972863,17851
6624972869,17852
6624972873,17853
6629654135,17854
6629654140,17855
6633328943,17856
6633328945,17857
6633735697,17858
6633735702,17859
6635553700,17860
6635553708,17861
6649339625,17862
6649339626,17863
6693538155,17864
6693551037,17865
6693551039,17866
6695830275,17867
6710640760,17868
6712584834,17869
6712584835,17870
6724428850,17871
6724428851,17872
6725784582,17873
6731299216,17874
6731373426,17875
6731373436,17876
6731373439,17877
6731787930,17878
6731999213,17879
6731999214,17880
6731999224,17881
6736717914,17882
6736717917,17883
6739856462,17884
6767452182,17885
6781164554,17886
6788887029,17887
6788887030,17888
6788887031,17889
6788887032,17890
6788887034,17891
6788887052,17892
6788887060,17893
6788887061,17894
6788887080,17895
6792448550,17896
6792584373,17897
6792584377,17898
6793502337,17899
6794079294,17900
6804883438,17901
6804914393,17902
6804985345,17903
6804994178,17904
6804994179,17905
6805092619,17906
6805792621,17907
6807649024,17908
6807713514,17909
6807749257,17910
6807749261,17911
6810728220,17912
6817464601,17913
6817464607,17914
6819460957,17915
6828553726,17916
6832647488,17917
6837583242,17918
6837583246,17919
6838389013,17920
6838389025,17921
6871500474,17922
6871504572,17923
6872200189,17924
6925505640,17925
6928696061,17926
6928728829,17927
6928728830,17928
6928748409,17929
6935052867,17930
6937677049,17931
6939341821,17932
6965320614,17933
6965320615,17934
6965320627,17935
6965320628,17936
6965320629,17937
6965320630,17938
6965320638,17939
6965320639,17940
6965557679,17941
6965557682,17942
6965682583,17943
6965692690,17944
6965692691,17945
6966046093,17946
6966046102,17947
6966476247,17948
6976556406,17949
6976648552,17950
6988228118,17951
6997245132,17952
7001789045,17953
7001789077,17954
7001799807,17955
7001856049,17956
7008462613,17957
7008462625,17958
7008462627,17959
7008462628,17960
7008800137,17961
7008800162,17962
7008821291,17963
7008822277,17964
7008822278,17965
7008822279,17966
7008822284,17967
7008829185,17968
7008829186,17969
7008829187,17970
7022223568,17971
7028866014,17972
7036597583,17973
7036610085,17974
7045989192,17975
7048917892,17976
7053631750,17977
7053631753,17978
7053631756,17979
7053631757,17980
7055630477,17981
7058365163,17982
7059274546,17983
7059274549,17984
7059274551,17985
7059274552,17986
7066764080,17987
7073786264,17988
7073786267,17989
7073786272,17990
7085597309,17991
7086254557,17992
7095289410,17993
7095289413,17994
7095449076,17995
7095837448,17996
7095837459,17997
7098012730,17998
7098012736,17999
7098450978,18000
7104627239,18001
7104627243,18002
7111320036,18003
7111320038,18004
7113986190,18005
7117106087,18006
7128143038,18007
7130369387,18008
7130379144,18009
7130379146,18010
7146855298,18011
7156226782,18012
7156283688,18013
7165026038,18014
7165026046,18015
7165026047,18016
7165026051,18017
7165026052,18018
7171717080,18019
7171717082,18020
7171717084,18021
7171720185,18022
7172927061,18023
7172927062,18024
7172927063,18025
7172927068,18026
7172927070,18027
7177737475,18028
7177737476,18029
7177737479,18030
7181072391,18031
7181072396,18032
7182507740,18033
7182507743,18034
7184207695,18035
7187069479,18036
7188882363,18037
7188882365,18038
7188882366,18039
7188925337,18040
7188925341,18041
7190443502,18042
7190648797,18043
7190648800,18044
7190648801,18045
7190855326,18046
7199532405,18047
7199580140,18048
7201111126,18049
7201111127,18050
7202850020,18051
7202850021,18052
7202954075,18053
7205081600,18054
7205087531,18055
7205087532,18056
7212692622,18057
7212692628,18058
7212692629,18059
7217799023,18060
7217799024,18061
7217816929,18062
7217816932,18063
7217816933,18064
7217816935,18065
7217907545,18066
7222209981,18067
7222211074,18068
7222211078,18069
7222905500,18070
7222905503,18071
7222905505,18072
7233732606,18073
7233732616,18074
7233732626,18075
7233774200,18076
7239096688,18077
7239096694,18078
7242283758,18079
7245035118,18080
7251553231,18081
7260077753,18082
7261546080,18083
7261906124,18084
7261906125,18085
7266491494,18086
7266491496,18087
7273401355,18088
7273401356,18089
7273469412,18090
7273964039,18091
7279310827,18092
7284348553,18093
7284867372,18094
7284924788,18095
7284924795,18096
7290668205,18097
7290668212,18098
7318732314,18099
7334043244,18100
7334043247,18101
7358738255,18102
7358738258,18103
7358738262,18104
7358738263,18105
7360143105,18106
7360168500,18107
7360168501,18108
7360223649,18109
7360223651,18110
7360304921,18111
7360304922,18112
7360304924,18113
7360304926,18114
7360304927,18115
7364705843,18116
7364705844,18117
7364705845,18118
7364705851,18119
7364705853,18120
7369008280,18121
7369019362,18122
7387180853,18123
7401911794,18124
7409941392,18125
7409941394,18126
7409941395,18127
7409941398,18128
7409941399,18129
7412057832,18130
7413593209,18131
7413593211,18132
7413593240,18133
7413593242,18134
7413814303,18135
7413814304,18136
7413814305,18137
7432636764,18138
7432636769,18139
7434268022,18140
7444124121,18141
7444124124,18142
7456676467,18143
7456676468,18144
7477732104,18145
7490859811,18146
7490859812,18147
7490859815,18148
7490859816,18149
7504279861,18150
7509635942,18151
7511477422,18152
7511477423,18153
7520925642,18154
7525195554,18155
7525195555,18156
7525195556,18157
7526088856,18158
7526172426,18159
7533735879,18160
7533735880,18161
7551974708,18162
7556102693,18163
7556102695,18164
7556102707,18165
7559391752,18166
7566112780,18167
7571570870,18168
7571599242,18169
7571599245,18170
7575272657,18171
7589042256,18172
7589042257,18173
7597463852,18174
7601672741,18175
7601672742,18176
7605220276,18177
7605220277,18178
7606162547,18179
7611977760,18180
7621719280,18181
7623117857,18182
7623117872,18183
7623117874,18184
7623117877,18185
7623117878,18186
7634245196,18187
7634245199,18188
7635645189,18189
7635645190,18190
7635645191,18191
7635645192,18192
7637918994,18193
7637918995,18194
7637919002,18195
7637919004,18196
7640855943,18197
7641095528,18198
7641095529,18199
7641095530,18200
7641135930,18201
7641135934,18202
7641142879,18203
7641161102,18204
7641161104,18205
7641161108,18206
7641190706,18207
7643471201,18208
7643471202,18209
7643471203,18210
7643471204,18211
7643471205,18212
7643471207,18213
7643471209,18214
7643471211,18215
7643625947,18216
7643640064,18217
7644099302,18218
7644099303,18219
7644099307,18220
7644099321,18221
7644099333,18222
7644139890,18223
7645651597,18224
7646342239,18225
7646395480,18226
7646395482,18227
7647094406,18228
7647094408,18229
7669403437,18230
7673837160,18231
7673837163,18232
7681091103,18233
7681242501,18234
7687693233,18235
7687700722,18236
7687700725,18237
7687895849,18238
7691686981,18239
7699493265,18240
7699493267,18241
7699583624,18242
7702636288,18243
7702636290,18244
7717830849,18245
7717830850,18246
7721420159,18247
7725197483,18248
7725305835,18249
7725305841,18250
7728668842,18251
7729255168,18252
7729313736,18253
7729313742,18254
7729316522,18255
7777738554,18256
7788511450,18257
7788511452,18258
7788511465,18259
7801854143,18260
7801936620,18261
7814983887,18262
7814983889,18263
7848714255,18264
7848714259,18265
7848714260,18266
7848714264,18267
7848714265,18268
7849868484,18269
7853675559,18270
7853675560,18271
7853799421,18272
7853983749,18273
7854158563,18274
7854955721,18275
7855076450,18276
7855076453,18277
7855076454,18278
7869889894,18279
7869889906,18280
7869889907,18281
7879983981,18282
7879983983,18283
7879983984,18284
7880026785,18285
7882829945,18286
7882829960,18287
7887020891,18288
7887933830,18289
7887933837,18290
7899798703,18291
7912134942,18292
7937440872,18293
7941527406,18294
7941527408,18295
7944323591,18296
7944367516,18297
7944367521,18298
7944367522,18299
7944837239,18300
7945536926,18301
7945648141,18302
7945648144,18303
7950893296,18304
7952070090,18305
7973156536,18306
7973167877,18307
7973167880,18308
7973167881,18309
7973280908,18310
7973280913,18311
7973280914,18312
7975563962,18313
7975563963,18314
7975563964,18315
7975563965,18316
7975563966,18317
7978333450,18318
7978798959,18319
7978905412,18320
7978905413,18321
8017402117,18322
8017405973,18323
8017405974,18324
8017405975,18325
8024776353,18326
8024776354,18327
8062096460,18328
8065690373,18329
8074118970,18330
8082847135,18331
8103939308,18332
8104484578,18333
8118862679,18334
8118862682,18335
8119376497,18336
8119389549,18337
8119522565,18338
8119529400,18339
8119691474,18340
8119691479,18341
8119691483,18342
8119691484,18343
8119691485,18344
8119691486,18345
8119691487,18346
8119691488,18347
8119691489,18348
8119691490,18349
8119691491,18350
8119691492,18351
8119691493,18352
8119723601,18353
8119723602,18354
8119723603,18355
8119723604,18356
8119752385,18357
8149700524,18358
8149700527,18359
8151982546,18360
8151982553,18361
8157876579,18362
8158205862,18363
8158205876,18364
8158205877,18365
8163121110,18366
8168259706,18367
8173504886,18368
8173543632,18369
8173543635,18370
8173543637,18371
8173613974,18372
8186383464,18373
8186383467,18374
8187589323,18375
8187589356,18376
8190655315,18377
8190673817,18378
8191118763,18379
8191118765,18380
8194104340,18381
8198679694,18382
8200257144,18383
8200257149,18384
8228180729,18385
8228380838,18386
8235027001,18387
8235027002,18388
8235178056,18389
8235178057,18390
8235178058,18391
8255634665,18392
8255634672,18393
8255634673,18394
8255634679,18395
8261607896,18396
8261707547,18397
8261707557,18398
8261707558,18399
8261707559,18400
8261707560,18401
8261707561,18402
8261707562,18403
8261707563,18404
8266024936,18405
8266024950,18406
8266615310,18407
8266739184,18408
8270652921,18409
8277159739,18410
8277159745,18411
8277786333,18412
8283737640,18413
8283737641,18414
8284018025,18415
8284018030,18416
8284018031,18417
8284018039,18418
8284018043,18419
8296555632,18420
8300200814,18421
8303614010,18422
8303614011,18423
8303645027,18424
8303645030,18425
8303645033,18426
8309663611,18427
8310313279,18428
8310313280,18429
8310313281,18430
8310313282,18431
8310313283,18432
8310313284,18433
8310347804,18434
8310935776,18435
8310935781,18436
8316386747,18437
8320625371,18438
8320625378,18439
8320759822,18440
8320759823,18441
8320922433,18442
8320922439,18443
8321296181,18444
8321296184,18445
8321395526,18446
8321395527,18447
8322998718,18448
8323109969,18449
8333202711,18450
8341121885,18451
8341658602,18452
8341692071,18453
8341692074,18454
8341714810,18455
8343818392,18456
8344038004,18457
8344038005,18458
8344466153,18459
8344466155,18460
8344684065,18461
8344736421,18462
8344736424,18463
8344736425,18464
8344736426,18465
8347748424,18466
8347748425,18467
8347748427,18468
8347748430,18469
8347753984,18470
8348186457,18471
8348186459,18472
8348202536,18473
8348310657,18474
8348310658,18475
8348310660,18476
8348747068,18477
8354324367,18478
8354324368,18479
8354690611,18480
8359565380,18481
8359987150,18482
8366452886,18483
8366452890,18484
8367101412,18485
8374443686,18486
8374443689,18487
8374443707,18488
8375325359,18489
8380890948,18490
8381082749,18491
8382160937,18492
8382160941,18493
8389891618,18494
8391907501,18495
8391907502,18496
8391907506,18497
8391907511,18498
8392164150,18499
8392164153,18500
8393701662,18501
8393701666,18502
8406845993,18503
8409478442,18504
8417354398,18505
8417354400,18506
8417354402,18507
8417354403,18508
8417354404,18509
8417379262,18510
8417379263,18511
8417425559,18512
8423648125,18513
8423648127,18514
8427033489,18515
8427033503,18516
8427033504,18517
8427033505,18518
8427033507,18519
8435618156,18520
8435618157,18521
8435618158,18522
8439282307,18523
8439319924,18524
8439319925,18525
8454232003,18526
8464063295,18527
8464063302,18528
8464063303,18529
8464063305,18530
8464063307,18531
8464063309,18532
8464063310,18533
8464119361,18534
8464119363,18535
8464657005,18536
8464657006,18537
8483112476,18538
8483112482,18539
8483112484,18540
8483112485,18541
8483113518,18542
8483113519,18543
8483113521,18544
8483113522,18545
8483113534,18546
8483113547,18547
8483113548,18548
8491337308,18549
8491779871,18550
8494138799,18551
8494218959,18552
8505642479,18553
8505642484,18554
8521652579,18555
8521652613,18556
8521652615,18557
8521652616,18558
8521681717,18559
8532597616,18560
8532624418,18561
8532624419,18562
8537882489,18563
8537953696,18564
8545085889,18565
8545085890,18566
8545102508,18567
8560206951,18568
8560206955,18569
8560206959,18570
8564157118,18571
8564157119,18572
8565628334,18573
8565628335,18574
8565628337,18575
8565628338,18576
8592179610,18577
8592179612,18578
8613241922,18579
8617460394,18580
8617460395,18581
8631810811,18582
8631810813,18583
8631845036,18584
8645680265,18585
8645775425,18586
8645775427,18587
8645891221,18588
8645891226,18589
8645891227,18590
8645891228,18591
8646147844,18592
8646219343,18593
8646284350,18594
8646637560,18595
8646763854,18596
8646763855,18597
8647155986,18598
8665202555,18599
8665202556,18600
8666766275,18601
8666766292,18602
8666766303,18603
8666766307,18604
8666907656,18605
8666907658,18606
8667048958,18607
8667048959,18608
8670664408,18609
8670664409,18610
8670664412,18611
8670669717,18612
8670669725,18613
8670704492,18614
8684521806,18615
8684521808,18616
8684521809,18617
8684521810,18618
8684521815,18619
8684521816,18620
8684692031,18621
8684692032,18622
8684692034,18623
8684692035,18624
8684692036,18625
8684699672,18626
8691789709,18627
8691789711,18628
8707654900,18629
8738884580,18630
8739028151,18631
8743440092,18632
8743440093,18633
8743440098,18634
8743440099,18635
8749027016,18636
8757555389,18637
8767016672,18638
8775548180,18639
8794489657,18640
8811721434,18641
8812013119,18642
8812013120,18643
8812013121,18644
8812013122,18645
8812013123,18646
8812013126,18647
8821187420,18648
8829438580,18649
8829438581,18650
8833484720,18651
8833484721,18652
8833484722,18653
8833484723,18654
8833484724,18655
8833484726,18656
8837945615,18657
8839348375,18658
8839348377,18659
8839967794,18660
8840934618,18661
8840934620,18662
8840934621,18663
8843940949,18664
8849814515,18665
8856157751,18666
8856157754,18667
8856157755,18668
8861707960,18669
8861769356,18670
8862063288,18671
8862891250,18672
8863029435,18673
8863029437,18674
8864679119,18675
8864724588,18676
8864793041,18677
8864793042,18678
8865151922,18679
8865151955,18680
8865151957,18681
8865151962,18682
8865151963,18683
8865151964,18684
8865151965,18685
8868397183,18686
8870766200,18687
8870766201,18688
8870766207,18689
8870967094,18690
8870967100,18691
8870973517,18692
8870973520,18693
8871086304,18694
8872779616,18695
8872811519,18696
8872811526,18697
8872908914,18698
8872908915,18699
8873504654,18700
8880219537,18701
8880219538,18702
8887084479,18703
8887084480,18704
8887084481,18705
8888992608,18706
8902326539,18707
8902326542,18708
8933501649,18709
8933501652,18710
8935326700,18711
8935326708,18712
8935810076,18713
8935810077,18714
8936233265,18715
8938428146,18716
8938497807,18717
8938497811,18718
8938497812,18719
8938497813,18720
8943533986,18721
8950935593,18722
8951904052,18723
8951904056,18724
8953372957,18725
8953468978,18726
8954204720,18727
8954204722,18728
8954204728,18729
8954204729,18730
8954746141,18731
8954746148,18732
8955822578,18733
8956642940,18734
8956642942,18735
8960809939,18736
8962085318,18737
8962085319,18738
8963826923,18739
8974013445,18740
8974243929,18741
8979441796,18742
8984345009,18743
8986012158,18744
8986012159,18745
8993005160,18746
9003382521,18747
9003382524,18748
9003382526,18749
9008009560,18750
9009737196,18751
9009767017,18752
9009767063,18753
9009767064,18754
9009767065,18755
9009767066,18756
9009767071,18757
9009767073,18758
9009767074,18759
9009767075,18760
9009767076,18761
9009767078,18762
9010072641,18763
9010072642,18764
9013330392,18765
9013365562,18766
9013365563,18767
9013365564,18768
9013365567,18769
9013365569,18770
9013365572,18771
9013365575,18772
9013365576,18773
9013748241,18774
9013748242,18775
9013748245,18776
9013748247,18777
9013748249,18778
9013748251,18779
9013748253,18780
9013748255,18781
9013748257,18782
9013748259,18783
9013748260,18784
9013748261,18785
9013748263,18786
9013748265,18787
9013748266,18788
9013748267,18789
9013748268,18790
9013748269,18791
9031564981,18792
9062089595,18793
9063205331,18794
9063205339,18795
9063205347,18796
9063205351,18797
9063205353,18798
9063205357,18799
9063205372,18800
9063883864,18801
9063883866,18802
9063883871,18803
9106933601,18804
9119768210,18805
9120118309,18806
9120118310,18807
9120118312,18808
9120899499,18809
9120899500,18810
9120962065,18811
9121060150,18812
9121060151,18813
9121060153,18814
9121060156,18815
9121060162,18816
9121060163,18817
9121060166,18818
9121060167,18819
9121060168,18820
9121060172,18821
9121108688,18822
9121170608,18823
9121194017,18824
9121212754,18825
9123974872,18826
9123974874,18827
9123974877,18828
9123974879,18829
9124068009,18830
9124070448,18831
9124073562,18832
9124073565,18833
9124366447,18834
9124366448,18835
9124499442,18836
9124499481,18837
9124499484,18838
9124501174,18839
9142534615,18840
9142633964,18841
9142633965,18842
9142633979,18843
9142633980,18844
9143240697,18845
9168680389,18846
9168680390,18847
9168685022,18848
9188038386,18849
9188038390,18850
9205050031,18851
9214627803,18852
9214627806,18853
9214627807,18854
9223009649,18855
9223009652,18856
9223009653,18857
9223009654,18858
9224947987,18859
9224947988,18860
9229593022,18861
9229593024,18862
9248062754,18863
9248107585,18864
9248931030,18865
9269358490,18866
9271425447,18867
9271946977,18868
9278272164,18869
9278272165,18870
9278272181,18871
9278272183,18872
9278272186,18873
9278272187,18874
9278677737,18875
9283783147,18876
9285956132,18877
9288976708,18878
9288976709,18879
9289091920,18880
9289091941,18881
9289091965,18882
9307982658,18883
9311424565,18884
9311424566,18885
9312735155,18886
9312814340,18887
9312814341,18888
9312814344,18889
9312846193,18890
9313163372,18891
9317062364,18892
9317918598,18893
9317918604,18894
9317918605,18895
9318004647,18896
9318084552,18897
9318084555,18898
9318632243,18899
9318632244,18900
9330951178,18901
9330951180,18902
9344168480,18903
9344188354,18904
9344188360,18905
9344705473,18906
9346053173,18907
9346053175,18908
9350769535,18909
9350769536,18910
9350769537,18911
9353415077,18912
9353778557,18913
9353778558,18914
9354078760,18915
9357789286,18916
9357789287,18917
9358055264,18918
9358055265,18919
9358055277,18920
9358055278,18921
9358058498,18922
9358083091,18923
9358083092,18924
9358112149,18925
9358138376,18926
9362792330,18927
9362792339,18928
9362792407,18929
9362792409,18930
9362792419,18931
9362792494,18932
9362792525,18933
9362792587,18934
9362792598,18935
9364441230,18936
9364441254,18937
9364482705,18938
9364482707,18939
9364564246,18940
9365780234,18941
9365800804,18942
9365800807,18943
9365800811,18944
9365822124,18945
9366040602,18946
9366077445,18947
9366077452,18948
9366077454,18949
9366077455,18950
9366077456,18951
9366077457,18952
9366077462,18953
9366077463,18954
9366179384,18955
9366179387,18956
9369658096,18957
9369658097,18958
9369658100,18959
9369658101,18960
9396717879,18961
9396823152,18962
9396964552,18963
9396964553,18964
9397975122,18965
9398010530,18966
9398059672,18967
9398059674,18968
9398079410,18969
9398079411,18970
9399089713,18971
9399165462,18972
9399182105,18973
9399182107,18974
9402359427,18975
9402359434,18976
9402359439,18977
9408579583,18978
9408673986,18979
9408673989,18980
9408673993,18981
9408673994,18982
9411367089,18983
9413826593,18984
9413826594,18985
9413826595,18986
9416668991,18987
9420270106,18988
9420270111,18989
9421494435,18990
9421494533,18991
9421494535,18992
9421507754,18993
9421507757,18994
9421507759,18995
9425358465,18996
9433429765,18997
9433429766,18998
9433429767,18999
9433429769,19000
9434529429,19001
9445315646,19002
9448629822,19003
9460234057,19004
9460234058,19005
9460234060,19006
9460234072,19007
9460264384,19008
9460264387,19009
9460264405,19010
9460451502,19011
9460603313,19012
9460692270,19013
9460692271,19014
9460692333,19015
9460788416,19016
9460794817,19017
9461284281,19018
9461284302,19019
9461284304,19020
9461284307,19021
9461284310,19022
9463691054,19023
9469222460,19024
9469222461,19025
9469229469,19026
9469229470,19027
9477070556,19028
9477070564,19029
9477070566,19030
9477219449,19031
9483016429,19032
9483016430,19033
9483016431,19034
9486094530,19035
9487922196,19036
9492841319,19037
9492841322,19038
9492885333,19039
9492956994,19040
9497472240,19041
9501544262,19042
9501553857,19043
9501553858,19044
9501704179,19045
9501704180,19046
9501704182,19047
9502894212,19048
9503013470,19049
9503116346,19050
9503116347,19051
9511325191,19052
9511325192,19053
9518834564,19054
9518834566,19055
9518834570,19056
9518834575,19057
9518834576,19058
9518834578,19059
9518834581,19060
9518858651,19061
9518858652,19062
9521713160,19063
9521713161,19064
9521713165,19065
9527306409,19066
9529259580,19067
9529259581,19068
9533356092,19069
9536862842,19070
9536979190,19071
9537793244,19072
9537793246,19073
9537793247,19074
9537793248,19075
9537793249,19076
9537793250,19077
9545572512,19078
9545821898,19079
9545821903,19080
9545821906,19081
9545821907,19082
9545825811,19083
9546092937,19084
9546093096,19085
9546093098,19086
9548203295,19087
9548203296,19088
9556423321,19089
9557385471,19090
9563651087,19091
9566500137,19092
9566500139,19093
9566500141,19094
9567101346,19095
9567647918,19096
9567647920,19097
9569806160,19098
9572789674,19099
9576461919,19100
9576548514,19101
9578389395,19102
9596939088,19103
9598490094,19104
9604018367,19105
9604018371,19106
9604018378,19107
9627156766,19108
9644362497,19109
9644372432,19110
9680590472,19111
9693617107,19112
9741302776,19113
9741302779,19114
9741302787,19115
9741302796,19116
9741334860,19117
9741334861,19118
9741334865,19119
9758102853,19120
9769092816,19121
9769099317,19122
9769099319,19123
9769136375,19124
9774415897,19125
9774415900,19126
9774415901,19127
9774415904,19128
9774415905,19129
9774415906,19130
9775646155,19131
9780236994,19132
9780237008,19133
9780828207,19134
9780828208,19135
9782100075,19136
9796128209,19137
9802473423,19138
9811796617,19139
9811796626,19140
9811796627,19141
9815589150,19142
9815589152,19143
9815589158,19144
9824965952,19145
9830951739,19146
9846383192,19147
9846383193,19148
9861788546,19149
9862694879,19150
9863029422,19151
9879532216,19152
9879585868,19153
9880290822,19154
9880290823,19155
9897812993,19156
9900145576,19157
9910904107,19158
9913360242,19159
9915204414,19160
9915204415,19161
9915204416,19162
9915209318,19163
9915240946,19164
9917701055,19165
9921466185,19166
9921466186,19167
9923329405,19168
9923329406,19169
9923361223,19170
9923361224,19171
9931023762,19172
9933937912,19173
9933937913,19174
9953219754,19175
9972902214,19176
10016664704,19177
10039127595,19178
10039127596,19179
10059483880,19180
10059483893,19181
10062245202,19182
10062261171,19183
10064326060,19184
10068574419,19185
10068574421,19186
10068628488,19187
10068628490,19188
10069082773,19189
10069082774,19190
10102036471,19191
10107266782,19192
10107266783,19193
10107266810,19194
10128639304,19195
10128639306,19196
10128639307,19197
10141377562,19198
10144746834,19199
10171476549,19200
10175578345,19201
10175578356,19202
10175578362,19203
10175578363,19204
10175578365,19205
10175588777,19206
10175634198,19207
10175634203,19208
10175775713,19209
10175910555,19210
10175987845,19211
10175987846,19212
10197988719,19213
10197988723,19214
10202023207,19215
10202327847,19216
10216008199,19217
10223026012,19218
10223026013,19219
10252737301,19220
10252737303,19221
10252783614,19222
10252834010,19223
10252894978,19224
10252894981,19225
10252923577,19226
10252923579,19227
10252947558,19228
10253120625,19229
10253132565,19230
10253132571,19231
10253132572,19232
10266960583,19233
10270156319,19234
10285630688,19235
10285630689,19236
10294109705,19237
10294109706,19238
10294114224,19239
10295433968,19240
10295433970,19241
10295433971,19242
10295433973,19243
10295433974,19244
10295433976,19245
10295433978,19246
10295433981,19247
10295433982,19248
10295433984,19249
10295434002,19250
10296096938,19251
10296096960,19252
10296110597,19253
10297984142,19254
10298109172,19255
10311879759,19256
10312145294,19257
10312145295,19258
10314973698,19259
10435617372,19260
10435617388,19261
10435617394,19262
10435617395,19263
10436720829,19264
10436720830,19265
10436720837,19266
10436720838,19267
10537075370,19268
10537075373,19269
10537075378,19270
10537177171,19271
10537177172,19272
10537177185,19273
10537177191,19274
10537177202,19275
10537202018,19276
10537202107,19277
10537202110,19278
10537356463,19279
10539003678,19280
10539003680,19281
10540078392,19282
10542047760,19283
10542047764,19284
10559862253,19285
10559862260,19286
10559862261,19287
10563087057,19288
10563569174,19289
10564410580,19290
10564410583,19291
10566226727,19292
10566226728,19293
10567038985,19294
10585035244,19295
10585035249,19296
10589646672,19297
10604827638,19298
10604827639,19299
10609207850,19300
10609207855,19301
10611782770,19302
10611782772,19303
10611797922,19304
10611797923,19305
10612668604,19306
10612690807,19307
10612690810,19308
10612690817,19309
10635694878,19310
10635694879,19311
10635743752,19312
10635743753,19313
10648249354,19314
10648254744,19315
10648254752,19316
10648330903,19317
10648606868,19318
10675706879,19319
10689429989,19320
10700513898,19321
10700513899,19322
10709245286,19323
10709245288,19324
10712456255,19325
10712456256,19326
10712456257,19327
10712456263,19328
10712456264,19329
10713217869,19330
10713217872,19331
10719581890,19332
10735876305,19333
10743747887,19334
10744347247,19335
10744356104,19336
10744394309,19337
10744394329,19338
10744412367,19339
10749412898,19340
10765636841,19341
10765636843,19342
10765636845,19343
10773760539,19344
10773760542,19345
10773760543,19346
10774012207,19347
10776636380,19348
10776636381,19349
10776636388,19350
10776704707,19351
10776704713,19352
10776923045,19353
10776923046,19354
10780591762,19355
10780591763,19356
10780591765,19357
10780591768,19358
10780591769,19359
10782034627,19360
10788834674,19361
10792823352,19362
10792823360,19363
10792823361,19364
10792823362,19365
10795148367,19366
10796669974,19367
10796669976,19368
10808922633,19369
10811778428,19370
10811910352,19371
10816377816,19372
10816377817,19373
10820329650,19374
10820329651,19375
10820329652,19376
10820329653,19377
10821127748,19378
10824246330,19379
10824246331,19380
10824430045,19381
10824802804,19382
10825027318,19383
10825027320,19384
10825027338,19385
10826333132,19386
10826845148,19387
10827093825,19388
10827093826,19389
10827093827,19390
10837310915,19391
10839407928,19392
10856582160,19393
10857437453,19394
10857437461,19395
10857437462,19396
10857437468,19397
10857437469,19398
10858686364,19399
10858686365,19400
10858686366,19401
10858795858,19402
10858795860,19403
10861709317,19404
10861709325,19405
10862012558,19406
10862012559,19407
10865670585,19408
10865710674,19409
10865886742,19410
10867000739,19411
10867000740,19412
10868955391,19413
10870379799,19414
10870379800,19415
10870394506,19416
10870394507,19417
10870394512,19418
10870394513,19419
10870394530,19420
10870545825,19421
10870545826,19422
10870545827,19423
10870545833,19424
10871893511,19425
10871893526,19426
10876125705,19427
10877100285,19428
10877100286,19429
10877100287,19430
10877100302,19431
10879529436,19432
10882591541,19433
10882591542,19434
10886589027,19435
10889049381,19436
10889049383,19437
10889311927,19438
10893902033,19439
10893902035,19440
10893902036,19441
10914991677,19442
10914991680,19443
10914991682,19444
10914991684,19445
10915198851,19446
10915198852,19447
10915198910,19448
10915198911,19449
10921348334,19450
10921348338,19451
10925655653,19452
10926163024,19453
10931077512,19454
10931510025,19455
10931510026,19456
10931510038,19457
10931725383,19458
10944067495,19459
10944067498,19460
10945017730,19461
10945181792,19462
10945181793,19463
10945181794,19464
10945181795,19465
10945181796,19466
10945181800,19467
10945181801,19468
10945181802,19469
10945182232,19470
10960355454,19471
10960481026,19472
10960481027,19473
10964360397,19474
10964360398,19475
10964360399,19476
10964360400,19477
10964360402,19478
10964360404,19479
10965591681,19480
10965591685,19481
10966459053,19482
10966459054,19483
10967784224,19484
10969939313,19485
10969939315,19486
10969939316,19487
10969939317,19488
10971993773,19489
10971993774,19490
10971993775,19491
10971993780,19492
10971993784,19493
10971993788,19494
10972013210,19495
10977805388,19496
10981825066,19497
10981825067,19498
10983623522,19499
10983623523,19500
10983929603,19501
10984414789,19502
10996509862,19503
10996509863,19504
11001797669,19505
11012859628,19506
11012859629,19507
11012859630,19508
11038698479,19509
11038698486,19510
11038698488,19511
11038698491,19512
11038736846,19513
11038736848,19514
11038736888,19515
11038736891,19516
11038736892,19517
11038736896,19518
11038736901,19519
11038736955,19520
11038736963,19521
11038736975,19522
11038736977,19523
11038737008,19524
11039493967,19525
11039841319,19526
11051171327,19527
11051171328,19528
11051171389,19529
11051171390,19530
11051171400,19531
11051171401,19532
11052600529,19533
11052600532,19534
11052600533,19535
11052600534,19536
11052745313,19537
11052745315,19538
11052745334,19539
11052745335,19540
11052745337,19541
11054364440,19542
11054364442,19543
11077694536,19544
11088750150,19545
11088750151,19546
11088750153,19547
11108770134,19548
11108770144,19549
11108823035,19550
11108824988,19551
11108884488,19552
11109089719,19553
11109089724,19554
11109089725,19555
11111690877,19556
11113003114,19557
11113003116,19558
11113003117,19559
11131952873,19560
11131952876,19561
11131952878,19562
11135757917,19563
11135757918,19564
11135757920,19565
11135757921,19566
11152146697,19567
11158992557,19568
11176043207,19569
11178575742,19570
11187709867,19571
11201051857,19572
11201051858,19573
11211798075,19574
11211798083,19575
11216003818,19576
11220951666,19577
11223193302,19578
11223193303,19579
11223193304,19580
11223193306,19581
11223193307,19582
11223193308,19583
11224314094,19584
11224314098,19585
11227886324,19586
11227886326,19587
11235353942,19588
11245883305,19589
11245883306,19590
11245883307,19591
11245883309,19592
11253559166,19593
11253611732,19594
11253849427,19595
11254655277,19596
11254655287,19597
11254726226,19598
11263210177,19599
11263270917,19600
11263791576,19601
11263813881,19602
11263846040,19603
11265869614,19604
11265910477,19605
11266123591,19606
11266150670,19607
11266150671,19608
11268387663,19609
11268387664,19610
11268439640,19611
11268457256,19612
11268457259,19613
11278971611,19614
11278971612,19615
11279023439,19616
11279023440,19617
11279449441,19618
11279449443,19619
11279449444,19620
11279449455,19621
11279449459,19622
11279449460,19623
11289369680,19624
11289369682,19625
11289746282,19626
11289746284,19627
11289746285,19628
11290168283,19629
11290168284,19630
11292599931,19631
11296291881,19632
11301165164,19633
11301601190,19634
11302985947,19635
11302988584,19636
11303100205,19637
11304097143,19638
11304097147,19639
11331279840,19640
11331476715,19641
11331868886,19642
11331868887,19643
11342981719,19644
11346395134,19645
11350426444,19646
11350426445,19647
11350538058,19648
11350555776,19649
11350661378,19650
11350661380,19651
11350741939,19652
11350741940,19653
11352244775,19654
11352244776,19655
11353490825,19656
11353494012,19657
11353605378,19658
11353605379,19659
11353605380,19660
11353605381,19661
11353713122,19662
11353713123,19663
11353731402,19664
11360336114,19665
11363107927,19666
11363107943,19667
11363107944,19668
11364924435,19669
11364924437,19670
11368373630,19671
11368373633,19672
11371809674,19673
11371809676,19674
11375823345,19675
11405549451,19676
11405549471,19677
11425555059,19678
11425573569,19679
11431719796,19680
11431719798,19681
11459237516,19682
11459237517,19683
11459237520,19684
11459279556,19685
11459356211,19686
11463289499,19687
11463289500,19688
11463289501,19689
11463289502,19690
11463521265,19691
11470031545,19692
11470584901,19693
11470584905,19694
11470584907,19695
11470584908,19696
11470584909,19697
11470584919,19698
11470584921,19699
11470584930,19700
11481833242,19701
11482132027,19702
11482132030,19703
11482132033,19704
11482182743,19705
11482182744,19706
11482182745,19707
11509658884,19708
11510237139,19709
11544801218,19710
11544801220,19711
11544801223,19712
11544801224,19713
11556645443,19714
11556645446,19715
11557070530,19716
11557070532,19717
11557070533,19718
11557142089,19719
11577722336,19720
11577843763,19721
11577843766,19722
11577877787,19723
11577877790,19724
11577877791,19725
11577901773,19726
11577901774,19727
11577920718,19728
11577920721,19729
11577942192,19730
11581466333,19731
11581466334,19732
11581471129,19733
11581589834,19734
11581775051,19735
11581826290,19736
11582391911,19737
11582540091,19738
11584485589,19739
11635026993,19740
11677965414,19741
11694908381,19742
11711796532,19743
11711796533,19744
11737522009,19745
11737522015,19746
11762296051,19747
11769304574,19748
11769304575,19749
11769304577,19750
11769396414,19751
11769704995,19752
11769720805,19753
11801470863,19754
11801691142,19755
11826600734,19756
11826600752,19757
11831031944,19758
11835797542,19759
11845777916,19760
11845788317,19761
11845788319,19762
11847383438,19763
11858881861,19764
11865259009,19765
11865259010,19766
11877157775,19767
11877264596,19768
11877264597,19769
11879371944,19770
11880601751,19771
11880601752,19772
11910240510,19773
11910240511,19774
11926218009,19775
11926218010,19776
11929086967,19777
11929086968,19778
11929102773,19779
11947842395,19780
11947842396,19781
11947842399,19782
11947842402,19783
11947849600,19784
11947849604,19785
11947849619,19786
11947849620,19787
11947849621,19788
11948006095,19789
11948006096,19790
11948006098,19791
11948006099,19792
11948006103,19793
11948258349,19794
11948279128,19795
11948279129,19796
11948279133,19797
11949650850,19798
11949650855,19799
11949684457,19800
11949684458,19801
11949759534,19802
11949759535,19803
11950533378,19804
11957701248,19805
11959574644,19806
11963644557,19807
11963644563,19808
11963644565,19809
11964399267,19810
11966064227,19811
11973720709,19812
11973720710,19813
11973720711,19814
11981194992,19815
11985247128,19816
11987304383,19817
11990360619,19818
11991575503,19819
11997565528,19820
11997719733,19821
11997719734,19822
11997719735,19823
11999742613,19824
11999742614,19825
11999742615,19826
11999742616,19827
12000826930,19828
12000826931,19829
12000826932,19830
12000830427,19831
12001590962,19832
12001590966,19833
12001590967,19834
12001590968,19835
12001607047,19836
12001607050,19837
12001958267,19838
12002159969,19839
12002447501,19840
12002447503,19841
12002447504,19842
12002447507,19843
12002614557,19844
12002614560,19845
12002614561,19846
12002614565,19847
12002614566,19848
12002614567,19849
12004376636,19850
12004406436,19851
12004406437,19852
12009942170,19853
12009942174,19854
12010079132,19855
12015266370,19856
12015357850,19857
12015357855,19858
12015357856,19859
12018265170,19860
12020331758,19861
12020331759,19862
12020437887,19863
12020437888,19864
12020718824,19865
12023026777,19866
12032056314,19867
12035960181,19868
12035960185,19869
12035960209,19870
12042153735,19871
12044082842,19872
12044098827,19873
12047292000,19874
12047292006,19875
12047292007,19876
12047292046,19877
12047301320,19878
12047301346,19879
12047301348,19880
12047307180,19881
12050611852,19882
12050611853,19883
12050611855,19884
12050737890,19885
12050737891,19886
12052670928,19887
12052670929,19888
12052670930,19889
12059954292,19890
12060642632,19891
12060642701,19892
12075812150,19893
12075812154,19894
12075812155,19895
12075812156,19896
12075812159,19897
12076795056,19898
12078431231,19899
12094849167,19900
12094849168,19901
12094849169,19902
12094849174,19903
12094849175,19904
12094849177,19905
12094849178,19906
12094914329,19907
12094914330,19908
12094914331,19909
12094914332,19910
12094914345,19911
12094914346,19912
12094963159,19913
12094963160,19914
12094963161,19915
12094963162,19916
12094963163,19917
12094963164,19918
12094963165,19919
12094963166,19920
12094963167,19921
12094963170,19922
12094963171,19923
12094963173,19924
12094963175,19925
12094963177,19926
12094963179,19927
12094963182,19928
12094963183,19929
12094963184,19930
12094963185,19931
12113232919,19932
12119781494,19933
12133888551,19934
12137134234,19935
12137673614,19936
12141355410,19937
12141355414,19938
12141355420,19939
12141355427,19940
12141355431,19941
12141355434,19942
12143599349,19943
12143599351,19944
12143599352,19945
12155623919,19946
12155623921,19947
12155623922,19948
12157212366,19949
12157286622,19950
12157286627,19951
12157286628,19952
12178902615,19953
12178902630,19954
12178902631,19955
12178902636,19956
12179827405,19957
12179827406,19958
12198890505,19959
12198890506,19960
12219209825,19961
12232867361,19962
12246189001,19963
12246189002,19964
12246189004,19965
12258600465,19966
12258600468,19967
12279508576,19968
12284745139,19969
12286255697,19970
12286255698,19971
12286257802,19972
12286257814,19973
12287502056,19974
12287741844,19975
12287741856,19976
12287801670,19977
12287801683,19978
12287801712,19979
12287801728,19980
12290195604,19981
12295915364,19982
12304615848,19983
12307878375,19984
12319427430,19985
12319427431,19986
12323256899,19987
12323305701,19988
12323858286,19989
12330763376,19990
12331583913,19991
12331583921,19992
12334674207,19993
12334674224,19994
12334687105,19995
12334687110,19996
12334687113,19997
12335131922,19998
12335131935,19999
12335131940,20000
12335131948,20001
12335131950,20002
12335131954,20003
12337727443,20004
12337727449,20005
12338027657,20006
12338966863,20007
12338966864,20008
12343195265,20009
12367859132,20010
12367859133,20011
12367859173,20012
12368058442,20013
12368130120,20014
12368130121,20015
12368130123,20016
12381933868,20017
12381933870,20018
12381933879,20019
12381933881,20020
12381933890,20021
12381933896,20022
12381977502,20023
12396794887,20024
12397933040,20025
12397933042,20026
12397933044,20027
12397933049,20028
12416012995,20029
12422362604,20030
12422579079,20031
12422579096,20032
12422590001,20033
12437786819,20034
12444318184,20035
12485148007,20036
12485148011,20037
12505425368,20038
12532136956,20039
12532208148,20040
12534284037,20041
12539773788,20042
12557339353,20043
12566254468,20044
12579518586,20045
12599180178,20046
12599225164,20047
12612610471,20048
12628028578,20049
12628028580,20050
12628063590,20051
12628063592,20052
12628065412,20053
12628065414,20054
12628083475,20055
12628083476,20056
12639186462,20057
12645098716,20058
12645098719,20059
12645098723,20060
12645098726,20061
12645098928,20062
12645098947,20063
12658534856,20064
12659341202,20065
12663252724,20066
12668959931,20067
12688942521,20068
12688942538,20069
12688942540,20070
12688942547,20071
12697473586,20072
12705052774,20073
12712739048,20074
12712739051,20075
12712739052,20076
12714031460,20077
12714031464,20078
12717074369,20079
12722683962,20080
12732846590,20081
12732846592,20082
12732846593,20083
12734392936,20084
12734392937,20085
12749413068,20086
12749413070,20087
12749413071,20088
12749413073,20089
12749627420,20090
12750363587,20091
12753491959,20092
12753673124,20093
12760213154,20094
12765836176,20095
12777125868,20096
12777125870,20097
12777185978,20098
12777786857,20099
12777786858,20100
12777793437,20101
12777796316,20102
12777796317,20103
12777796320,20104
12777796322,20105
12777796323,20106
12788414188,20107
12788636824,20108
12788636826,20109
12788636829,20110
12788636831,20111
12788636833,20112
12790510383,20113
12790510384,20114
12792061165,20115
12797176370,20116
12797231458,20117
12797240137,20118
12800950296,20119
12800950297,20120
12800973907,20121
12820863291,20122
12832239249,20123
12832239255,20124
12839261785,20125
12847679248,20126
12847679250,20127
12847679254,20128
12847679255,20129
12847755009,20130
12847794017,20131
12847794025,20132
12847794031,20133
12861339999,20134
12861372759,20135
12884048121,20136
12898445450,20137
12898445455,20138
12898445477,20139
12901357163,20140
12901380578,20141
12901380580,20142
12901413884,20143
12902347381,20144
12902347383,20145
12902347398,20146
12906110900,20147
12906121719,20148
12906121747,20149
12906121748,20150
12908838876,20151
12912738585,20152
12912780508,20153
12943675460,20154
12944545159,20155
12945813715,20156
12945813755,20157
12945813765,20158
12945813766,20159
12945813769,20160
12948684375,20161
12955221567,20162
12955221568,20163
12955221571,20164
12955221574,20165
12955221577,20166
12971367092,20167
12971367098,20168
12977053702,20169
12978660130,20170
12980192315,20171
12980221031,20172
12980221034,20173
12980221036,20174
12980236949,20175
12980236953,20176
12980236956,20177
12980236957,20178
12980236960,20179
12980236962,20180
12980236964,20181
12980236965,20182
12984995486,20183
12989998672,20184
12989998674,20185
12997660668,20186
12997660669,20187
13003600991,20188
13003600992,20189
13003607164,20190
13005254224,20191
13005254226,20192
13005254227,20193
13005254228,20194
13005254229,20195
13006833583,20196
13006833584,20197
13008669911,20198
13008669913,20199
13008673780,20200
13008680738,20201
13008680770,20202
13008680771,20203
13008716929,20204
13009414649,20205
13009414652,20206
13009414653,20207
13009414655,20208
13009414657,20209
13009414672,20210
13009414691,20211
13011708694,20212
13013018280,20213
13013018281,20214
13013018282,20215
13015474974,20216
13015892934,20217
13030497480,20218
13030497482,20219
13030811754,20220
13030841319,20221
13030841320,20222
13034628876,20223
13034628878,20224
13034668710,20225
13034668712,20226
13037364490,20227
13037364526,20228
13038772107,20229
13063397272,20230
13063397281,20231
13063654327,20232
13067480047,20233
13067480048,20234
13067480063,20235
13068077853,20236
13068077861,20237
13069622860,20238
13069622862,20239
13069648841,20240
13069648842,20241
13069648864,20242
13069648869,20243
13069648887,20244
13073676959,20245
13073676960,20246
13075060801,20247
13075060806,20248
13075144750,20249
13078548923,20250
13081718575,20251
13097028004,20252
13104341827,20253
13107901785,20254
13107901798,20255
13108409333,20256
13108409334,20257
13108486276,20258
13108495807,20259
13108495821,20260
13109354483,20261
13109354484,20262
13109354488,20263
13110540224,20264
13110540225,20265
13110540228,20266
13110540235,20267
13110540236,20268
13110540237,20269
13113144692,20270
13113144699,20271
13113172705,20272
13113172717,20273
13115206886,20274
13118723932,20275
13118723933,20276
13118723935,20277
13118723938,20278
13118729827,20279
13118729828,20280
13119225619,20281
13119225626,20282
13119236752,20283
13119236789,20284
13119236790,20285
13120870818,20286
13122999374,20287
13123280434,20288
13140970057,20289
13140970058,20290
13140970068,20291
13140970069,20292
13140970070,20293
13143888809,20294
13146841250,20295
13148128649,20296
13148172017,20297
13148172022,20298
13148172023,20299
13148172024,20300
13148241245,20301
13148260159,20302
13148368687,20303
13152214661,20304
13152277935,20305
13152615299,20306
13152625801,20307
13160210294,20308
13160210295,20309
13161569645,20310
13161569654,20311
13164974918,20312
13164974920,20313
13165964170,20314
13167735135,20315
13167735136,20316
13167735137,20317
13167735138,20318
13167735162,20319
13167735163,20320
13167752721,20321
13167752730,20322
13167752731,20323
13167823453,20324
13167823462,20325
13172600094,20326
13174146748,20327
13174146749,20328
13174146750,20329
13174195765,20330
13174195779,20331
13174833578,20332
13174833579,20333
13174837778,20334
13174837783,20335
13181624420,20336
13205434901,20337
13205434908,20338
13205611876,20339
13206775688,20340
13206775695,20341
13206775700,20342
13206790801,20343
13206790802,20344
13206790803,20345
13206790804,20346
13244043909,20347
13245964893,20348
13245964894,20349
13246010608,20350
13246010611,20351
13246010612,20352
13247840690,20353
13247840691,20354
13247844188,20355
13251888026,20356
13253541167,20357
13253541176,20358
13253569605,20359
13253569608,20360
13256739908,20361
13261694751,20362
13261694753,20363
13261997700,20364
13264546320,20365
13264546321,20366
13264546324,20367
13264546330,20368
13264546331,20369
13264546332,20370
13264546394,20371
13264546395,20372
13264546398,20373
13264546399,20374
13264547528,20375
13264547532,20376
13264550279,20377
13264586004,20378
13264657488,20379
13265870290,20380
13265870292,20381
13266972151,20382
13272167134,20383
13272167135,20384
13272167154,20385
13272167156,20386
13272220378,20387
13272225305,20388
13273488578,20389
13277135309,20390
13277135311,20391
13277527236,20392
13277527244,20393
13277527249,20394
13277527251,20395
13277527257,20396
13277555617,20397
13277590897,20398
13277603302,20399
13277603303,20400
13279322496,20401
13279339701,20402
13279478412,20403
13279482539,20404
13279482543,20405
13279770117,20406
13279770118,20407
13279770119,20408
13279770120,20409
13279770121,20410
13279770122,20411
13280032567,20412
13283104304,20413
13283104305,20414
13283215541,20415
13289646811,20416
13296035234,20417
13296035239,20418
13296035245,20419
13296035246,20420
13299193728,20421
13299193729,20422
13299685684,20423
13313521745,20424
13316351661,20425
13316351686,20426
13316351694,20427
13317663402,20428
13317663403,20429
13317663404,20430
13324411762,20431
13324461735,20432
13325602848,20433
13333455752,20434
13333463132,20435
13338106139,20436
13338106141,20437
13338106142,20438
13338106143,20439
13338106145,20440
13338136081,20441
13338136082,20442
13338161253,20443
13341408350,20444
13341408352,20445
13343422631,20446
13343422632,20447
13343422637,20448
13343422641,20449
13348052849,20450
13348052852,20451
13348052860,20452
13375907953,20453
13375907954,20454
13383628946,20455
13383628950,20456
13383628959,20457
13383628968,20458
13383628970,20459
13383628974,20460
13383628979,20461
13389211312,20462
13389217637,20463
13389237524,20464
13389237528,20465
13389255788,20466
13389255789,20467
13389306282,20468
13393018575,20469
13393153934,20470
13393176562,20471
13395143102,20472
13395143105,20473
13395143109,20474
13395143110,20475
13395143229,20476
13396428776,20477
13411393583,20478
13411393590,20479
13415362926,20480
13415362927,20481
13417707069,20482
13417707076,20483
13417707077,20484
13417707083,20485
13417707084,20486
13418993219,20487
13418993220,20488
13418993229,20489
13418993237,20490
13418993239,20491
13418993247,20492
13418993257,20493
13418993261,20494
13418993269,20495
13418993270,20496
13418993274,20497
13418993279,20498
13418993282,20499
13418993288,20500
13418993292,20501
13418993296,20502
13419003803,20503
13419003817,20504
13419003824,20505
13419003831,20506
13419003836,20507
13419003844,20508
13419003848,20509
13419003850,20510
13419003851,20511
13419003868,20512
13421712018,20513
13421712024,20514
13421712045,20515
13421712048,20516
13421712086,20517
13421712088,20518
13421712099,20519
13424123407,20520
13424123414,20521
13424123423,20522
13424123425,20523
13424123458,20524
13424123460,20525
13424340342,20526
13424340345,20527
13424340347,20528
13424340350,20529
13424340352,20530
13424340354,20531
13424340362,20532
13424345124,20533
13424345126,20534
13424345127,20535
13424345129,20536
13424345130,20537
13424345132,20538
13424345133,20539
13424345135,20540
13424345136,20541
13424345138,20542
13424345139,20543
13424345141,20544
13424345145,20545
13424345146,20546
13424345147,20547
13424345148,20548
13424345149,20549
13424345150,20550
13432335221,20551
13435791704,20552
13435857639,20553
13435857640,20554
13435881081,20555
13435881082,20556
13436182193,20557
13436196618,20558
13446917266,20559
13446917273,20560
13460907121,20561
13462169381,20562
13462169385,20563
13463973735,20564
13464020647,20565
13464044315,20566
13468952060,20567
13469014388,20568
13482762861,20569
13509376870,20570
13514083533,20571
13514123382,20572
13514316349,20573
13514316355,20574
13514316357,20575
13514316359,20576
13516650528,20577
13516650529,20578
13516713012,20579
13516713013,20580
13516775812,20581
13527282863,20582
13530070225,20583
13530208976,20584
13533186773,20585
13533186774,20586
13534157613,20587
13534275303,20588
13534275306,20589
13534474329,20590
13535318369,20591
13535318381,20592
13535318383,20593
13535318386,20594
13537051231,20595
13538383931,20596
13538806713,20597
13538806714,20598
13538806719,20599
13538806729,20600
13538806733,20601
13538806736,20602
13538806739,20603
13538806740,20604
13538806748,20605
13538806771,20606
13538806778,20607
13538806781,20608
13538806787,20609
13538806789,20610
13543242256,20611
13543242258,20612
13543242266,20613
13543242271,20614
13544594682,20615
13544594683,20616
13544594685,20617
13544594687,20618
13544594691,20619
13544594694,20620
13547068365,20621
13564123389,20622
13564123390,20623
13564145474,20624
13564145479,20625
13566143206,20626
13566143664,20627
13566143701,20628
13566164750,20629
13566164751,20630
13567157887,20631
13574036173,20632
13574475329,20633
13574475330,20634
13579764666,20635
13579882204,20636
13580083270,20637
13580083271,20638
13580139221,20639
13580139224,20640
13581764418,20641
13581764423,20642
13584606175,20643
13586347366,20644
13586463393,20645
13586463395,20646
13587244349,20647
13587244350,20648
13587397967,20649
13589493497,20650
13590748050,20651
13590819033,20652
13595885443,20653
13595933511,20654
13595987309,20655
13596071187,20656
13596144405,20657
13596144409,20658
13598000826,20659
13598354717,20660
13598368044,20661
13602114100,20662
13602528113,20663
13603595805,20664
13603595806,20665
13603595808,20666
13603595811,20667
13603921852,20668
13603921853,20669
13603921859,20670
13603921860,20671
13603968815,20672
13603988172,20673
13603988173,20674
13603988174,20675
13605776593,20676
13607539388,20677
13607612301,20678
13609551327,20679
13609551328,20680
13609619865,20681
13609619867,20682
13609619868,20683
13610447862,20684
13612091145,20685
13612151999,20686
13612208917,20687
13614340009,20688
13615043462,20689
13619512133,20690
13619512134,20691
13619512142,20692
13619512143,20693
13619512147,20694
13619512148,20695
13619575205,20696
13622093509,20697
13623680485,20698
13624497243,20699
13624835462,20700
13624913127,20701
13624913131,20702
13628458876,20703
13630498010,20704
13630508440,20705
13635057543,20706
13635064192,20707
13635074017,20708
13639055286,20709
13644624064,20710
13647139583,20711
13651419338,20712
13651493374,20713
13656022320,20714
13656022368,20715
13664123882,20716
13667453557,20717
13667453565,20718
13671094694,20719
13673643470,20720
13677222453,20721
13680282010,20722
13684800173,20723
13686643750,20724
13686679483,20725
13686773111,20726
13686827027,20727
13687219536,20728
13687219546,20729
13687219554,20730
13689385297,20731
13690465734,20732
13690465735,20733
13706715946,20734
13706715951,20735
13715411840,20736
13715411842,20737
