,osm_id,matrix_index,lon,lat,Degree,generalized Degree,betweenness
0,512034,0,8.5457964,49.517048,1,Counter({0: 1}),6.388052344397788e-07
1,20978257,1,8.4992728,49.4732689,3,Counter({0: 3}),0.0009251061258750615
2,20978316,2,8.4921981,49.470422,3,"Counter({1: 2, 0: 1})",0.0012331844684844277
3,20978320,3,8.4918062,49.4704429,4,"Counter({1: 2, 0: 2})",0.001650086197799387
4,20978343,4,8.4920422,49.4774611,1,Counter({0: 1}),0.0003084267818281514
5,20978627,5,8.5240589,49.4803159,1,Counter({0: 1}),5.8073203130888986e-08
6,20978722,6,8.5445837,49.4829,1,Counter({0: 1}),5.8073203130888986e-08
7,20978821,7,8.551223,49.4916248,1,Counter({0: 1}),5.8073203130888986e-08
8,21133583,8,8.5247322,49.5099118,1,Counter({0: 1}),1.1614640626177797e-07
9,21648952,9,8.4908881,49.4702422,4,"Counter({1: 2, 0: 2})",0.025304652018002253
10,21649702,10,8.4548753,49.4916775,2,Counter({0: 2}),0.01099481872228232
11,21649767,11,8.455774,49.4870026,4,Counter({0: 4}),0.001725097918112829
12,21649781,12,8.4559122,49.4853712,2,Counter({0: 2}),0.0003964254403289346
13,21650017,13,8.4906358,49.471053,2,Counter({0: 2}),0.0009207650270472538
14,21650045,14,8.4891025,49.474544,2,Counter({0: 2}),0.0010753959263595687
15,21672845,15,8.4906362,49.4768815,2,Counter({0: 2}),0.010251373860023217
16,21672882,16,8.4909453,49.4771336,3,"Counter({1: 2, 0: 1})",0.009585269803774225
17,21672897,17,8.4884249,49.4764155,5,"Counter({1: 2, 2: 2, 0: 1})",0.01588973697166062
18,21672943,18,8.4954943,49.4765288,3,Counter({0: 3}),0.01500325272061809
19,21672958,19,8.4866182,49.4745208,2,Counter({0: 2}),0.009612673732389382
20,21673578,20,8.4825254,49.4739335,4,"Counter({0: 2, 1: 2})",0.001749467499760855
21,21673581,21,8.4827144,49.4735784,3,Counter({0: 3}),0.013850549029665623
22,21673584,22,8.4834378,49.4728665,2,Counter({0: 2}),0.013509739404376924
23,21673613,23,8.4828663,49.4699536,3,Counter({0: 3}),0.0011805362630931929
24,21686237,24,8.5235752,49.4735284,2,Counter({0: 2}),0.005228388551077066
25,21686265,25,8.5239788,49.4761898,3,Counter({0: 3}),0.004266988046153
26,21686269,26,8.5228287,49.4771322,3,"Counter({1: 2, 0: 1})",0.00040549910701404734
27,21686272,27,8.5225882,49.4772549,4,"Counter({0: 2, 1: 2})",0.001685903127143402
28,21686313,28,8.5057656,49.4778825,4,"Counter({1: 2, 0: 2})",0.008713626685619702
29,21686358,29,8.4986725,49.4781598,3,Counter({0: 3}),0.026262525330175642
30,21686371,30,8.4944037,49.4795652,3,"Counter({1: 2, 0: 1})",0.002899894986256847
31,21686374,31,8.4936957,49.4801733,3,"Counter({1: 2, 0: 1})",0.0004548722970049162
32,21686395,32,8.4874097,49.4847712,4,Counter({0: 4}),0.060956462198295105
33,21686411,33,8.4831322,49.486504,2,Counter({0: 2}),0.0004144847797776987
34,21686419,34,8.4797075,49.4878343,3,"Counter({1: 2, 0: 1})",0.0012334936080457318
35,21686456,35,8.4759142,49.4874955,3,Counter({0: 3}),0.018910798466352255
36,21686467,36,8.4750327,49.4851676,5,"Counter({1: 4, 2: 1})",0.01821031393151449
37,21686469,37,8.4749257,49.4850455,4,"Counter({1: 2, 2: 1, 0: 1})",0.019121498951684825
38,21686472,38,8.4744411,49.4844667,3,Counter({0: 3}),0.06109173347726909
39,21686475,39,8.4739489,49.4839904,3,"Counter({1: 2, 0: 1})",0.05179363825655804
40,21686479,40,8.4740617,49.4836982,5,"Counter({1: 4, 0: 1})",0.03644886648668683
41,21686487,41,8.4770738,49.482716,3,Counter({0: 3}),0.006414762626035659
42,21686490,42,8.4778314,49.4829349,3,Counter({0: 3}),0.006333303104880505
43,21686503,43,8.4839247,49.4806567,4,Counter({0: 4}),0.10810412147578824
44,21686509,44,8.4872617,49.4793635,4,Counter({0: 4}),0.008906732899865908
45,21686515,45,8.4900604,49.4782611,4,Counter({0: 4}),0.004392559307421544
46,21686594,46,8.4787424,49.4876293,4,Counter({0: 4}),0.003351310972182083
47,21686610,47,8.4738472,49.4834774,3,"Counter({1: 2, 0: 1})",0.002209006355967583
48,21732671,48,8.52595,49.5119976,2,Counter({0: 2}),0.025542014035307207
49,21732679,49,8.5287139,49.5095537,3,Counter({0: 3}),0.03799258920839692
50,21732929,50,8.4665218,49.4940434,3,Counter({0: 3}),0.006419591124963451
51,21732936,51,8.4591759,49.4923968,2,Counter({0: 2}),0.0038245457286233703
52,21732959,52,8.4803823,49.4894523,4,"Counter({1: 2, 0: 2})",0.03030331670490779
53,21732980,53,8.4845285,49.4940534,3,"Counter({1: 2, 0: 1})",0.0005715714680723661
54,21732984,54,8.4853172,49.4947285,3,Counter({0: 3}),0.06373074055421456
55,21732988,55,8.4863712,49.4958756,3,Counter({0: 3}),0.065747465891202
56,21732995,56,8.4882652,49.4975705,2,Counter({0: 2}),0.0014706729730256819
57,21733267,57,8.4889374,49.4982176,4,Counter({1: 4}),0.0016583776924069676
58,21733269,58,8.490056,49.4989253,2,Counter({0: 2}),0.0017735266944770643
59,21733272,59,8.4922693,49.5000956,3,Counter({0: 3}),0.0017850308019798982
60,21733274,60,8.4955866,49.5018706,2,Counter({0: 2}),0.0007408806174519722
61,21733283,61,8.5052659,49.5065939,3,Counter({0: 3}),0.005354122100692576
62,21733290,62,8.5118387,49.5075518,2,Counter({0: 2}),1.7421960939266694e-07
63,21733321,63,8.4971322,49.5028937,3,Counter({0: 3}),0.03231788915259478
64,21733328,64,8.4911023,49.4996606,4,Counter({0: 4}),0.047914524740689114
65,21733330,65,8.4891306,49.4986542,3,Counter({0: 3}),0.03200910370230623
66,21733331,66,8.4888091,49.4984784,4,"Counter({0: 2, 1: 2})",0.0483957862954082
67,21733332,67,8.4884918,49.4982426,5,"Counter({1: 4, 0: 1})",0.07066887562724346
68,21817963,68,8.5139586,49.4622353,1,Counter({0: 1}),5.8073203130888986e-08
69,24306323,69,8.4740998,49.4961478,3,Counter({0: 3}),0.0012202120475256811
70,24306337,70,8.4746451,49.4962202,3,Counter({0: 3}),0.0009712316038975881
71,24306344,71,8.4749261,49.4961432,4,Counter({0: 4}),0.0013505393470238847
72,24306390,72,8.4785996,49.4949596,3,"Counter({1: 2, 0: 1})",0.0005380412329105336
73,24306395,73,8.4788895,49.4949445,4,"Counter({1: 2, 0: 2})",0.004508577980827201
74,24306424,74,8.4790035,49.4952349,3,Counter({0: 3}),0.008964690907606702
75,24306464,75,8.4746552,49.4965155,3,"Counter({1: 2, 0: 1})",0.0009046076723244026
76,24306472,76,8.474831,49.4965041,3,Counter({0: 3}),0.0009244695786550543
77,24311169,77,8.487512,49.4946722,4,Counter({0: 4}),0.0015692969167316626
78,24311258,78,8.4888006,49.4946456,2,Counter({0: 2}),0.0010527874682874868
79,24311332,79,8.4906106,49.4931288,2,Counter({0: 2}),0.0014929427856840971
80,24311381,80,8.4911343,49.4911523,2,Counter({0: 2}),0.0022521612310842263
81,24311614,81,8.5019217,49.4895056,3,Counter({0: 3}),0.004916187731440608
82,24311697,82,8.5228699,49.4885254,2,Counter({0: 2}),0.005216797508574187
83,24311944,83,8.5376466,49.4856232,3,Counter({0: 3}),0.025518579185655883
84,24360236,84,8.4878158,49.4955032,3,Counter({0: 3}),0.022310150182165905
85,24555431,85,8.4931806,49.4579381,2,Counter({0: 2}),0.0009250480526719307
86,24555474,86,8.4895722,49.462122,1,Counter({0: 1}),0.0003084267818281514
87,24555481,87,8.4906706,49.4607889,4,Counter({0: 4}),0.007375587163638555
88,24555496,88,8.4882901,49.4636855,2,Counter({0: 2}),0.0006167954904531718
89,24555545,89,8.4605109,49.4936742,3,Counter({0: 3}),0.0039673074245968115
90,24555547,90,8.4952401,49.4537398,2,Counter({0: 2}),0.00041138573154568146
91,24555564,91,8.4607347,49.4949259,3,Counter({0: 3}),0.006099158633229954
92,24555573,92,8.4840296,49.4692111,2,Counter({0: 2}),0.009878292624349878
93,24958081,93,8.5445103,49.4740796,3,Counter({0: 3}),0.0014211481295182723
94,24958083,94,8.5449987,49.4738915,2,Counter({0: 2}),0.0006414636031623042
95,24958098,95,8.5361088,49.4826328,2,Counter({0: 2}),0.0018491088608906363
96,24958158,96,8.4681118,49.4971048,2,Counter({0: 2}),0.0009576125218592374
97,24958163,97,8.4690955,49.4983559,3,Counter({0: 3}),0.000920964299518379
98,24958167,98,8.4698506,49.4993225,4,Counter({0: 4}),0.0011636241514408558
99,24958178,99,8.4757061,49.49976,4,Counter({0: 4}),0.054816663636368036
100,24958183,100,8.4674255,49.4989242,4,Counter({0: 4}),0.010004102601215063
101,24958187,101,8.467046,49.4991623,3,Counter({0: 3}),0.0007344366004970394
102,24958194,102,8.4655579,49.4991522,2,Counter({0: 2}),0.0004456307556532562
103,24958205,103,8.4660683,49.5016548,2,Counter({0: 2}),0.0006555673009393105
104,24958206,104,8.4675109,49.5007764,2,Counter({0: 2}),0.0009775007938358734
105,24958208,105,8.4679597,49.5004957,3,Counter({0: 3}),0.0014802543897034137
106,24958210,106,8.4666605,49.4994025,2,Counter({0: 2}),0.000312317686437921
107,24958212,107,8.4656086,49.5019401,3,Counter({0: 3}),0.0010792012170841672
108,24958221,108,8.4774537,49.4974296,3,Counter({0: 3}),0.0012124100287528275
109,24958224,109,8.4765836,49.4971192,3,Counter({0: 3}),0.0030717165592506913
110,25029794,110,8.5456792,49.4729283,2,Counter({0: 2}),0.007910870365461509
111,25029808,111,8.5460898,49.4707051,3,"Counter({1: 2, 0: 1})",0.007646219536417548
112,25030944,112,8.5475897,49.465368,2,Counter({0: 2}),0.0003095301726876383
113,25031031,113,8.5529674,49.4610233,2,Counter({0: 2}),0.0008834283160934324
114,25031048,114,8.5532418,49.4612419,2,Counter({0: 2}),0.0007682019959038734
115,25100837,115,8.4781402,49.4832698,3,Counter({0: 3}),0.004905464781462574
116,25100845,116,8.4780926,49.4838457,3,Counter({0: 3}),0.0060548162042096025
117,25100858,117,8.4775941,49.4842275,2,Counter({0: 2}),0.002300356128510216
118,25103088,118,8.4709533,49.4867793,3,Counter({0: 3}),0.0007452117525801883
119,25103117,119,8.4720589,49.4863482,3,Counter({0: 3}),0.0007915192966463492
120,25105821,120,8.4715663,49.4811213,5,"Counter({1: 4, 0: 1})",0.002535077272322487
121,25105953,121,8.4760398,49.4776923,3,"Counter({1: 2, 0: 1})",0.023625361611279556
122,25113818,122,8.4923507,49.4786102,2,Counter({0: 2}),0.0011640908707399819
123,25113830,123,8.4917179,49.4779475,3,"Counter({1: 2, 0: 1})",0.0008139416682474388
124,25283538,124,8.4708079,49.4934649,3,Counter({0: 3}),0.0032410899420454754
125,25283546,125,8.470528,49.4931131,3,Counter({0: 3}),0.001372023564546108
126,25283557,126,8.4663496,49.4938587,3,"Counter({1: 2, 0: 1})",0.00038138744637067324
127,25283578,127,8.4713422,49.4927261,3,"Counter({1: 2, 0: 1})",0.0003365756968500258
128,25283580,128,8.4718193,49.4926599,4,Counter({0: 4}),0.016936270405022054
129,25283582,129,8.4722036,49.4925866,3,"Counter({1: 2, 0: 1})",0.0003640927644526927
130,25283584,130,8.4727782,49.4923594,3,"Counter({1: 2, 0: 1})",0.010631367953105207
131,25283588,131,8.4735849,49.4919674,3,Counter({0: 3}),0.011189533051767264
132,25283590,132,8.4741946,49.4915296,3,Counter({0: 3}),0.0023138320007141493
133,25283591,133,8.474679,49.491063,3,Counter({0: 3}),0.0035078161353464094
134,25283631,134,8.480369,49.5207796,3,Counter({0: 3}),0.004413120485136741
135,25283640,135,8.4820702,49.5259793,2,Counter({0: 2}),0.008890096961621874
136,25283727,136,8.4871624,49.5113539,4,Counter({0: 4}),0.04829887618792858
137,25283783,137,8.4959669,49.5088302,4,"Counter({1: 2, 0: 2})",0.000599487993864026
138,25283809,138,8.4991754,49.5063863,1,Counter({0: 1}),5.8073203130888986e-08
139,25283810,139,8.5004416,49.5053454,2,Counter({0: 2}),0.0004625820995390962
140,25284066,140,8.5317224,49.4808907,2,Counter({0: 2}),2.9617333596753385e-06
141,25284069,141,8.5414929,49.4837502,2,Counter({0: 2}),0.000616795490453172
142,25422067,142,8.4659092,49.4887113,4,Counter({0: 4}),0.0100611462679938
143,25422068,143,8.4650931,49.4890322,3,Counter({0: 3}),0.005603550878804288
144,25422070,144,8.4646438,49.4873383,3,Counter({0: 3}),0.0009251061258750615
145,25422071,145,8.4638066,49.4876578,3,Counter({0: 3}),0.0015413789575000555
146,25422074,146,8.469323,49.4935917,3,Counter({0: 3}),0.04810758219371872
147,25422075,147,8.4622789,49.4847609,3,Counter({0: 3}),0.0010551878275854363
148,25422076,148,8.461447,49.4850966,4,"Counter({1: 2, 0: 2})",0.014203991972851687
149,25422081,149,8.4781053,49.4900889,4,Counter({0: 4}),0.0025556507494108784
150,25422086,150,8.4758502,49.4890063,4,Counter({0: 4}),0.004520090280407293
151,25440131,151,8.4800749,49.4941767,3,Counter({0: 3}),0.0007489140468832116
152,25552996,152,8.4846982,49.4941811,4,Counter({1: 4}),0.0011960466201356417
153,25553000,153,8.4852015,49.4942361,4,"Counter({0: 2, 1: 2})",0.06345586389797922
154,25553025,154,8.4877247,49.4945524,3,"Counter({1: 2, 0: 1})",0.019292602404658955
155,25553050,155,8.4900414,49.4935347,3,Counter({0: 3}),0.00550998761391062
156,25553053,156,8.4902521,49.4932786,3,Counter({0: 3}),0.005145949275864175
157,25553070,157,8.4910802,49.4903002,3,Counter({0: 3}),0.005879123514973471
158,25553075,158,8.4914299,49.4900089,3,Counter({0: 3}),0.007578720988594374
159,25553088,159,8.5021631,49.4893228,4,Counter({0: 4}),0.07093905736877819
160,25553096,160,8.5159736,49.4885918,3,Counter({0: 3}),0.02520359852928834
161,25553132,161,8.491002,49.4900211,4,"Counter({1: 2, 2: 1, 0: 1})",0.0030241488205847333
162,25553134,162,8.4905134,49.4899818,3,Counter({0: 3}),0.002127193485022877
163,25928711,163,8.5045757,49.455896,2,Counter({0: 2}),0.0009250480526719307
164,25928712,164,8.5021741,49.4552056,3,Counter({0: 3}),2.58425753932456e-06
165,25928719,165,8.4984105,49.4536012,2,Counter({0: 2}),1.6841228907957806e-06
166,26421538,166,8.4949265,49.4536117,4,"Counter({1: 2, 0: 2})",0.0008248572589704878
167,26745908,167,8.4880322,49.4771554,3,Counter({0: 3}),0.008838370812744693
168,26745913,168,8.4877157,49.4779623,4,Counter({0: 4}),0.004115066566154571
169,26745917,169,8.4882567,49.4789768,4,"Counter({1: 2, 0: 2})",0.0046987304904072425
170,26745918,170,8.4884508,49.4792043,3,Counter({0: 3}),0.0010049508058384675
171,26754384,171,8.5317105,49.480983,2,Counter({0: 2}),3.42631898472245e-06
172,26754386,172,8.5318215,49.4808475,2,Counter({0: 2}),2.3810013283664484e-06
173,26754387,173,8.5362444,49.4828415,2,Counter({0: 2}),0.0021568968374843477
174,26768322,174,8.4841342,49.480883,4,Counter({0: 4}),0.11801629403123903
175,26768323,175,8.4875652,49.48466,4,Counter({0: 4}),0.00457067890502081
176,26768326,176,8.4897349,49.4877033,2,Counter({1: 2}),0.0003084267818281514
177,26819800,177,8.4895161,49.4879311,4,"Counter({1: 2, 2: 1, 0: 1})",0.09637642972568454
178,26819802,178,8.4833711,49.4897309,2,Counter({0: 2}),0.0019627294351990308
179,26819805,179,8.4827572,49.4888481,2,Counter({0: 2}),0.0009250480526719307
180,26819851,180,8.5058074,49.4777048,4,"Counter({0: 2, 1: 2})",0.006452234678174078
181,26819869,181,8.5104497,49.4785266,2,Counter({0: 2}),0.0017333364311066801
182,26819876,182,8.5154133,49.4784532,2,Counter({0: 2}),0.000616795490453172
183,26819891,183,8.5221811,49.4776682,3,Counter({0: 3}),0.001185335288155135
184,26819892,184,8.5221981,49.4775456,4,Counter({0: 4}),0.0018173089546996786
185,26819953,185,8.5206946,49.4774063,3,Counter({0: 3}),0.000720221003461434
186,26907020,186,8.4924797,49.4751133,2,Counter({0: 2}),0.000616795490453172
187,26915333,187,8.5106794,49.5073577,3,"Counter({1: 2, 0: 1})",0.000988251468197619
188,26915335,188,8.510482,49.5071076,3,Counter({0: 3}),0.001544375760705655
189,26915341,189,8.5072345,49.5054146,1,Counter({0: 1}),0.0003084267818281514
190,26915351,190,8.5031431,49.5032411,3,"Counter({1: 2, 0: 1})",0.00031404564077012743
191,26915356,191,8.5095288,49.5065405,5,"Counter({0: 3, 1: 2})",0.02522323060577537
192,26915362,192,8.5110095,49.5071881,5,"Counter({1: 4, 0: 1})",0.0020342557081280462
193,26915366,193,8.5043995,49.5014621,3,Counter({0: 3}),0.0006167892683242649
194,26915380,194,8.511512,49.4980034,2,Counter({0: 2}),0.0006506457822349033
195,26915393,195,8.5198072,49.495412,3,Counter({0: 3}),0.004608722671830985
196,26915439,196,8.5175106,49.4888319,3,"Counter({1: 2, 0: 1})",0.002154328371905612
197,26915441,197,8.5173998,49.4887861,2,Counter({0: 2}),0.0022275470368872314
198,26915452,198,8.5164072,49.4885654,4,Counter({0: 4}),0.02226236102165956
199,26915456,199,8.5183136,49.4895192,2,Counter({0: 2}),0.00042853367962460755
200,26915508,200,8.5171475,49.4885279,3,"Counter({1: 2, 0: 1})",0.0068077601502587156
201,26915509,201,8.5175211,49.4886095,3,"Counter({1: 2, 0: 1})",0.006418520229481028
202,26915542,202,8.4910564,49.4706906,4,"Counter({0: 2, 1: 2})",0.0027663072775306148
203,26936832,203,8.5173139,49.4887943,2,Counter({0: 2}),0.0023641018984480815
204,26936902,204,8.4762515,49.4877152,4,"Counter({0: 2, 1: 2})",0.018919604869416417
205,26936904,205,8.4753423,49.4850699,5,"Counter({1: 4, 0: 1})",0.003837796159857744
206,26936931,206,8.464005,49.4840989,3,Counter({0: 3}),0.0050560609896932
207,26936932,207,8.4663739,49.4866727,3,Counter({0: 3}),0.01449329531725048
208,26936933,208,8.4648628,49.4837631,3,Counter({0: 3}),0.002508665473028372
209,26936934,209,8.4656846,49.4834361,4,"Counter({0: 2, 1: 2})",0.0032308601075528723
210,26936935,210,8.4664689,49.4831349,2,Counter({0: 2}),0.0005694919350881472
211,26936937,211,8.4672134,49.4863334,4,Counter({0: 4}),0.027589931633724803
212,26936938,212,8.4680318,49.4860174,3,Counter({0: 3}),0.011921124215577696
213,26936940,213,8.4696682,49.4853947,2,Counter({0: 2}),0.00205245272712901
214,26936946,214,8.4613135,49.488623,4,Counter({0: 4}),0.00446115922706658
215,26936967,215,8.4683402,49.4887943,3,Counter({0: 3}),0.016287092400547806
216,26936968,216,8.4691612,49.4884726,4,Counter({0: 4}),0.033738770809227416
217,26936969,217,8.4699706,49.4881507,4,Counter({0: 4}),0.0016959480262269471
218,26936970,218,8.4707999,49.4878312,4,Counter({0: 4}),0.0013016069335885373
219,26936971,219,8.4716216,49.4875053,4,Counter({0: 4}),0.0015210335096667903
220,26936973,220,8.4755388,49.4859549,3,Counter({0: 3}),0.017385646301938774
221,26938716,221,8.470115,49.4871004,3,Counter({0: 3}),0.0009301645539588712
222,26938717,222,8.4693027,49.4874153,3,Counter({0: 3}),0.0014666873132450117
223,26938718,223,8.4684871,49.4877327,4,Counter({0: 4}),0.04266247247441279
224,26938719,224,8.4676549,49.4880512,4,Counter({0: 4}),0.008481668521856726
225,26938721,225,8.4679224,49.4870979,4,Counter({0: 4}),0.07137659705726435
226,27088458,226,8.4666188,49.4894712,3,Counter({0: 3}),0.005443126642416337
227,27088461,227,8.4673095,49.4902328,3,Counter({0: 3}),0.005595100918624875
228,27088471,228,8.4690362,49.4895499,3,Counter({0: 3}),0.01685198157255567
229,27088479,229,8.4680204,49.4909908,4,Counter({0: 4}),0.01405530078474042
230,27088480,230,8.4687214,49.4917341,3,Counter({0: 3}),0.006833114782823187
231,27088481,231,8.4698516,49.4892304,4,Counter({0: 4}),0.02690314929912296
232,27088482,232,8.4705446,49.4899911,4,Counter({0: 4}),0.02756187377269417
233,27088492,233,8.4715704,49.4932317,3,Counter({0: 3}),0.01786424276057102
234,27194895,234,8.4720753,49.4904267,4,Counter({0: 4}),0.01203895474563682
235,27194900,235,8.4736838,49.4897802,4,Counter({0: 4}),0.005196184607810282
236,27194902,236,8.4728849,49.4900917,4,Counter({0: 4}),0.003599244454186903
237,27194904,237,8.4723192,49.4882729,4,Counter({0: 4}),0.003830546525408821
238,27194905,238,8.4726072,49.4881565,3,Counter({0: 3}),0.0019404126882674884
239,27194916,239,8.4725596,49.4871361,4,Counter({0: 4}),0.0012078748261773963
240,27194921,240,8.470671,49.4889092,4,Counter({0: 4}),0.0017423660275310755
241,27194922,241,8.4715115,49.4885904,4,Counter({0: 4}),0.0016499905808599485
242,27194923,242,8.4797797,49.4868601,3,Counter({0: 3}),0.015243692533199142
243,27194925,243,8.4800931,49.4867544,3,Counter({0: 3}),0.0056540774030999965
244,27194927,244,8.479918,49.4865387,3,Counter({0: 3}),0.00322148036413059
245,27194929,245,8.4795949,49.4867167,3,Counter({0: 3}),0.015463624323920146
246,27194932,246,8.4781223,49.4867985,4,Counter({0: 4}),0.003745675050492003
247,27194940,247,8.4786796,49.4854252,3,Counter({0: 3}),0.015593207544191525
248,27194941,248,8.4801657,49.4848447,3,Counter({0: 3}),0.013258324650766054
249,27194943,249,8.4798087,49.4844426,3,Counter({0: 3}),0.013206773801261458
250,27194947,250,8.4791498,49.4841405,3,Counter({0: 3}),0.009372337446957696
251,27194954,251,8.4805546,49.485278,2,Counter({0: 2}),0.0018880771641820327
252,27194961,252,8.4818533,49.4847761,2,Counter({0: 2}),0.0005287822428224989
253,27194964,253,8.4802028,49.4833186,4,Counter({0: 4}),0.009928942699252208
254,27194965,254,8.4804116,49.4832354,4,Counter({0: 4}),0.0010995821458784924
255,27194968,255,8.4795923,49.4826531,4,Counter({0: 4}),0.009595865396732824
256,27194969,256,8.4798011,49.4825712,4,Counter({0: 4}),0.0026997944170320497
257,27194975,257,8.481632,49.4870868,4,Counter({0: 4}),0.006999335355323705
258,27194987,258,8.4773379,49.4859432,3,Counter({0: 3}),0.005490152373392429
259,27194989,259,8.475185,49.4909163,5,Counter({0: 5}),0.004697631428723915
260,27212962,260,8.4907425,49.4974328,4,Counter({0: 4}),0.008291381773300622
261,27212974,261,8.4936891,49.4989954,2,Counter({0: 2}),0.0028036748426137708
262,27212980,262,8.4944126,49.4984209,3,Counter({0: 3}),0.003409144419293748
263,27213014,263,8.5033704,49.493013,2,Counter({0: 2}),0.0009250480526719307
264,27213017,264,8.5036295,49.4927391,3,Counter({0: 3}),0.005232047162874312
265,27213062,265,8.5042334,49.498104,2,Counter({0: 2}),0.000616795490453172
266,27213072,266,8.504949,49.495965,2,Counter({0: 2}),0.0015412047378906629
267,27213116,267,8.5011699,49.5020584,3,Counter({0: 3}),0.012241753789053888
268,27213121,268,8.5024401,49.5027921,4,Counter({0: 4}),0.007677432315778541
269,27428128,269,8.4615949,49.493677,4,"Counter({1: 2, 0: 2})",0.007069217925451302
270,27428129,270,8.4618673,49.49467,3,Counter({0: 3}),0.0019401154051052003
271,27428130,271,8.4617811,49.4947616,3,Counter({0: 3}),0.008761739698726302
272,27428132,272,8.4610189,49.4950293,3,Counter({0: 3}),0.0074992463382002675
273,27428361,273,8.456342,49.4870015,3,"Counter({1: 2, 0: 1})",0.004397971718633323
274,27428375,274,8.458876,49.4863363,3,"Counter({1: 2, 0: 1})",0.0048462413184022215
275,27537983,275,8.4873617,49.4820661,2,Counter({0: 2}),0.000616795490453172
276,27537989,276,8.4891044,49.48143,4,Counter({0: 4}),0.0032490240503731797
277,27537993,277,8.4857611,49.4826528,4,Counter({0: 4}),0.11758637364612212
278,27537998,278,8.4855528,49.4827341,3,Counter({0: 3}),0.11678989685517395
279,27538005,279,8.4898971,49.4822922,3,Counter({0: 3}),0.002979766348065557
280,27538087,280,8.4902782,49.47849,3,Counter({0: 3}),0.001512763425788808
281,27538116,281,8.4605749,49.4878171,2,Counter({0: 2}),0.003283459568650253
282,27538122,282,8.4597962,49.4881328,3,Counter({0: 3}),0.0030806679278447195
283,27538130,283,8.4605291,49.4889334,3,Counter({0: 3}),0.000887453287949846
284,27538138,284,8.4663592,49.4853909,4,Counter({0: 4}),0.0009142472325784831
285,27749563,285,8.4595852,49.4868949,5,Counter({0: 5}),0.008692702766825926
286,27787754,286,8.4754217,49.4967157,3,Counter({0: 3}),0.0013240248407203497
287,30222167,287,8.4836808,49.4972598,3,Counter({0: 3}),0.0021764240043703046
288,30298853,288,8.4560481,49.4883412,3,Counter({0: 3}),0.0062185272187701155
289,30324356,289,8.47863,49.4978423,3,"Counter({1: 2, 0: 1})",0.0044454012779720315
290,30347275,290,8.491798,49.4610153,2,Counter({0: 2}),0.0049217620385459725
291,30553227,291,8.4851386,49.4986251,2,Counter({0: 2}),0.007553647375860741
292,30553228,292,8.4841491,49.4987451,3,"Counter({1: 2, 0: 1})",0.0033852050215654617
293,30553230,293,8.4787575,49.4993836,2,Counter({0: 2}),0.0021568968374843477
294,30560619,294,8.4926808,49.5331141,3,"Counter({1: 2, 0: 1})",0.0012331844684844277
295,30560625,295,8.4935345,49.534145,1,Counter({0: 1}),0.0003084267818281514
296,30560656,296,8.4852515,49.530216,4,"Counter({1: 2, 0: 2})",0.013715359839988242
297,30560679,297,8.4881206,49.5290527,2,Counter({0: 2}),0.0004151858009831305
298,30560684,298,8.4864552,49.5264316,3,Counter({0: 3}),0.004164952716130486
299,30560694,299,8.484829,49.5239219,3,Counter({0: 3}),0.007909997384447715
300,30560711,300,8.4875106,49.5230408,3,"Counter({1: 2, 0: 1})",0.0013992365327294175
301,30560713,301,8.4834715,49.5243456,2,Counter({0: 2}),0.008030530142159955
302,30560737,302,8.4914445,49.52204,3,Counter({0: 3}),0.003227056654246568
303,30560739,303,8.4943817,49.5216246,3,Counter({0: 3}),0.002647917892470597
304,30560744,304,8.5046182,49.5187967,3,Counter({0: 3}),0.0009041081759574123
305,30560805,305,8.5053462,49.5186373,3,Counter({0: 3}),0.0009326958984915362
306,30560806,306,8.5070291,49.5180126,4,"Counter({1: 2, 0: 2})",0.000884825072221553
307,30560807,307,8.5071688,49.5179558,3,Counter({0: 3}),0.0007057341878340591
308,30560812,308,8.5071929,49.5178859,2,Counter({0: 2}),0.00040122250778364935
309,30561270,309,8.4940291,49.5116329,2,Counter({0: 2}),0.010325575980047099
310,30561271,310,8.4964456,49.5097035,3,Counter({0: 3}),0.012528366727080117
311,30561292,311,8.5081201,49.4825917,3,Counter({0: 3}),0.15900880346013685
312,30561536,312,8.5118214,49.4847771,2,Counter({0: 2}),0.003048724589807301
313,30561549,313,8.5123817,49.4869814,2,Counter({0: 2}),0.021173429118248648
314,30561550,314,8.5125115,49.4881997,3,"Counter({1: 2, 0: 1})",0.02177738202061129
315,30561551,315,8.5169518,49.4841063,3,Counter({0: 3}),0.02025473258167871
316,30561569,316,8.5083778,49.4821708,3,Counter({0: 3}),0.04343497171331396
317,30561596,317,8.5062938,49.4780982,3,Counter({0: 3}),0.008248978377001615
318,30561872,318,8.5047663,49.5141536,3,Counter({0: 3}),9.872444532251128e-07
319,30561892,319,8.5121,49.5132099,2,Counter({0: 2}),0.0009250480526719307
320,30561964,320,8.5138946,49.51504,2,Counter({0: 2}),0.000616795490453172
321,30561974,321,8.5120731,49.516052,4,Counter({0: 4}),0.00722215900946238
322,31380987,322,8.4967896,49.5023458,2,Counter({0: 2}),0.0003550576281688172
323,31380988,323,8.4971984,49.5025365,3,Counter({0: 3}),0.005061339574435844
324,32175710,324,8.4797417,49.4751863,3,Counter({0: 3}),0.0008985361327073457
325,32177021,325,8.4621699,49.4858733,2,Counter({0: 2}),0.00031617042839268483
326,32648101,326,8.4838294,49.5102068,3,Counter({0: 3}),0.0008310102368694199
327,32648102,327,8.496833,49.502943,4,Counter({0: 4}),0.0013402496068323244
328,32648104,328,8.4964736,49.5032404,3,Counter({0: 3}),0.0011696458214291734
329,32648106,329,8.4966845,49.5034812,3,Counter({0: 3}),0.0009930990156280502
330,32648108,330,8.4972317,49.5035974,1,Counter({0: 1}),0.0003084267818281514
331,32648112,331,8.5008721,49.5051133,3,Counter({0: 3}),0.0012332135050859931
332,34822542,332,8.4712742,49.500139,5,"Counter({1: 2, 0: 2, 2: 1})",0.0027488920815438105
333,35127152,333,8.4792552,49.4909416,3,"Counter({1: 2, 0: 1})",0.0017354840788014248
334,35689224,334,8.5360557,49.5259498,3,Counter({0: 3}),0.01817844377675827
335,35689227,335,8.5425756,49.5206404,2,Counter({0: 2}),0.01546947403371011
336,35803425,336,8.496694,49.5256616,3,Counter({0: 3}),0.004922003626248235
337,36133847,337,8.4621127,49.4870243,3,Counter({0: 3}),0.02237782133556669
338,36133848,338,8.4629373,49.4867108,4,Counter({0: 4}),0.002910596781754322
339,36134740,339,8.4737612,49.4838049,4,Counter({1: 4}),0.01648860435104759
340,36301133,340,8.5092057,49.48226,3,Counter({0: 3}),0.21118090997811959
341,36301150,341,8.4924884,49.4870576,2,Counter({0: 2}),0.0013159898559991921
342,36306136,342,8.5065375,49.4995887,3,Counter({0: 3}),0.0012333006148906895
343,36306137,343,8.5099003,49.5011801,2,Counter({0: 2}),0.000616795490453172
344,36306139,344,8.5134147,49.5027242,2,Counter({0: 2}),0.0012331844684844277
345,36306169,345,8.5173726,49.5108409,3,"Counter({1: 2, 0: 1})",0.007742102004552676
346,39956093,346,8.4586059,49.48125,1,Counter({0: 1}),0.0003084267818281514
347,40131266,347,8.4929789,49.5191454,2,Counter({0: 2}),0.0003097479471993792
348,40131289,348,8.4950373,49.5185754,2,Counter({0: 2}),0.0005780598667509018
349,40131323,349,8.4960251,49.5149831,3,Counter({0: 3}),0.04618815505810697
350,40131385,350,8.4933724,49.5121921,3,Counter({0: 3}),0.048673114518231045
351,40131390,351,8.4943395,49.5129263,3,Counter({0: 3}),0.04702316223289013
352,40131527,352,8.4873247,49.5041546,6,"Counter({2: 3, 1: 2, 0: 1})",0.04390687541611301
353,40131542,353,8.4945804,49.5080691,3,Counter({0: 3}),0.016022437985736358
354,40131563,354,8.4877877,49.5021558,3,Counter({0: 3}),0.0487650009756607
355,40131578,355,8.4878625,49.501929,3,Counter({0: 3}),0.0036673493841225275
356,40131587,356,8.4869903,49.498415,3,Counter({0: 3}),0.0026604451836244178
357,40131591,357,8.4875451,49.5003833,3,Counter({0: 3}),0.006764951562002883
358,40131594,358,8.4866133,49.5004941,3,Counter({0: 3}),0.0029158013918390703
359,40131602,359,8.484706,49.5007209,3,Counter({0: 3}),0.0013167849199550708
360,40131615,360,8.4860585,49.4985258,3,Counter({0: 3}),0.007467656184740976
361,43457476,361,8.4966464,49.5210173,1,Counter({0: 1}),0.0003084267818281514
362,43457479,362,8.4944906,49.5177434,2,Counter({0: 2}),0.0004309760279617461
363,43457501,363,8.4758262,49.4842382,3,Counter({0: 3}),0.0027191798142845967
364,43457519,364,8.4754366,49.4838242,3,Counter({0: 3}),0.0025218622903465655
365,43457527,365,8.4749613,49.4833577,4,Counter({0: 4}),0.03474436408663386
366,43457538,366,8.47345,49.4817259,4,Counter({0: 4}),0.0036171738949668628
367,43457547,367,8.4733018,49.4815283,4,Counter({0: 4}),0.008003952321441138
368,43457551,368,8.4713869,49.4794865,4,Counter({0: 4}),0.0025659855618231334
369,59148178,369,8.4585918,49.4896997,2,Counter({0: 2}),0.000616795490453172
370,59148184,370,8.457848,49.4888718,3,Counter({0: 3}),0.002537346302118443
371,59149720,371,8.4743816,49.4792778,4,Counter({0: 4}),0.03894993256676011
372,59667686,372,8.4924416,49.5181962,3,Counter({0: 3}),0.0010485793947148966
373,59667690,373,8.4934068,49.5179801,1,Counter({0: 1}),0.0003084267818281514
374,59667720,374,8.5000571,49.5200701,2,Counter({0: 2}),0.0006357070761137466
375,59667721,375,8.5022326,49.5194279,3,Counter({0: 3}),0.0010770487328802835
376,59667746,376,8.4899208,49.5001012,2,Counter({0: 2}),0.0073657531989973135
377,59667749,377,8.4901701,49.5028501,2,Counter({0: 2}),0.011349722390544398
378,59667751,378,8.4881932,49.5003098,4,Counter({0: 4}),0.007691882838190911
379,59667752,379,8.4904652,49.5001964,4,Counter({0: 4}),0.007516526462166891
380,59667755,380,8.4898447,49.5031043,2,Counter({0: 2}),0.011649531586686333
381,59667760,381,8.4923767,49.5219041,3,Counter({0: 3}),0.008808024753262674
382,59667761,382,8.4948787,49.5175901,2,Counter({0: 2}),0.0004999145253933104
383,59667763,383,8.4961082,49.5182788,2,Counter({0: 2}),0.000885930113715713
384,59667764,384,8.4977141,49.5207227,1,Counter({0: 1}),0.0003084267818281514
385,59784005,385,8.493165,49.4535311,2,Counter({0: 2}),0.0006711423297165773
386,59784008,386,8.4875301,49.4599296,4,Counter({0: 4}),0.01547365190612631
387,59784012,387,8.487825,49.458456,2,Counter({0: 2}),0.0119447867859769
388,59983380,388,8.4870016,49.4605725,2,Counter({0: 2}),0.014831833493832486
389,60312494,389,8.5408793,49.4742239,3,Counter({0: 3}),0.0007648166110303104
390,60312496,390,8.5397748,49.4744307,3,Counter({0: 3}),0.0031288725305233978
391,60335057,391,8.5227104,49.473697,1,Counter({0: 1}),5.8073203130888986e-08
392,61131178,392,8.4573366,49.4877687,3,Counter({0: 3}),0.0017905797723816686
393,61138982,393,8.4605354,49.4865283,2,Counter({0: 2}),0.018653684302343706
394,61138985,394,8.4613608,49.4862003,3,Counter({0: 3}),0.01936013826201322
395,63800712,395,8.4893603,49.477498,2,Counter({0: 2}),0.0009025954281113278
396,63800734,396,8.4859386,49.4768821,2,Counter({0: 2}),0.0012475280529620294
397,63800740,397,8.485957,49.4764752,3,Counter({0: 3}),0.0014425399945432638
398,63800758,398,8.4846596,49.4769043,4,Counter({0: 4}),0.003389441336312358
399,63800763,399,8.4831473,49.477952,3,Counter({0: 3}),0.0057433007433647255
400,63800771,400,8.4819707,49.4789018,3,Counter({0: 3}),0.0005477630924913353
401,63800787,401,8.4794722,49.4802864,3,"Counter({1: 2, 0: 1})",0.0003617303484386808
402,63800795,402,8.4781143,49.4807047,3,Counter({0: 3}),0.004712640496310536
403,63800808,403,8.4773711,49.4809231,3,Counter({0: 3}),0.010438909773343578
404,63800856,404,8.4738358,49.4816567,3,Counter({0: 3}),0.00045596029852878307
405,63800864,405,8.4722315,49.4818107,3,Counter({0: 3}),0.007138586839861675
406,63800870,406,8.4725697,49.4821865,3,Counter({0: 3}),0.0009976961194296803
407,75773878,407,8.4876316,49.4625044,2,Counter({0: 2}),0.016301423661939013
408,75773880,408,8.4802741,49.4600846,3,Counter({0: 3}),0.005745890730215732
409,75773882,409,8.4797602,49.4607283,4,Counter({0: 4}),0.008175979417862543
410,75946774,410,8.5528476,49.500241,2,Counter({0: 2}),8.710980469633348e-07
411,75961572,411,8.5510415,49.4980445,1,Counter({0: 1}),1.1614640626177797e-07
412,75980142,412,8.5443777,49.4975142,2,Counter({0: 2}),1.3356836720104467e-06
413,75980143,413,8.5431283,49.4979403,1,Counter({0: 1}),1.7421960939266694e-07
414,75980145,414,8.5412552,49.4987119,2,Counter({0: 2}),0.0009250480526719307
415,75982897,415,8.5469666,49.4939221,2,Counter({0: 2}),0.002772124351452985
416,75982899,416,8.5478052,49.4951018,2,Counter({0: 2}),0.002464568667671797
417,75982900,417,8.5489734,49.4962009,2,Counter({0: 2}),0.0015412047378906626
418,76463712,418,8.5461261,49.4928378,2,Counter({1: 2}),0.0003084267818281514
419,76463723,419,8.5460811,49.495703,2,Counter({0: 2}),1.3937568751413355e-06
420,76463744,420,8.5462791,49.4939587,2,Counter({0: 2}),0.000616795490453172
421,76863293,421,8.4820073,49.4742123,3,Counter({0: 3}),0.017272237070271982
422,76918045,422,8.5495904,49.4960293,2,Counter({0: 2}),0.0012331844684844277
423,76925728,423,8.5455545,49.4969694,2,Counter({0: 2}),2.7294405471517823e-06
424,76986155,424,8.5447454,49.4899784,3,Counter({0: 3}),0.015281934367291871
425,77666542,425,8.5503831,49.4971159,1,Counter({0: 1}),1.1614640626177797e-07
426,77862756,426,8.546063,49.4926359,4,"Counter({1: 2, 0: 2})",0.01379482481811763
427,77870451,427,8.5533518,49.5007826,2,Counter({0: 2}),8.130248438324458e-07
428,79875692,428,8.5446743,49.4974023,2,Counter({0: 2}),1.8583425001884475e-06
429,79877106,429,8.5451122,49.4971985,2,Counter({0: 2}),2.5552209377591153e-06
430,79879930,430,8.5309397,49.5080605,2,Counter({0: 2}),0.0009250480526719307
431,80159102,431,8.5385168,49.452599,2,Counter({0: 2}),0.0005828177437583344
432,81049201,432,8.5368216,49.497692,2,Counter({0: 2}),0.0012331844684844277
433,81051384,433,8.5353496,49.4992838,2,Counter({0: 2}),0.0015412047378906629
434,82020818,434,8.5068762,49.4649155,1,Counter({0: 1}),0.0003084267818281514
435,82020842,435,8.5100696,49.4648724,3,Counter({0: 3}),0.014274628499170012
436,82020914,436,8.5107644,49.4656443,1,Counter({0: 1}),0.0003084267818281514
437,82653670,437,8.4829498,49.4681554,4,Counter({0: 4}),0.0074452407974248
438,82653671,438,8.4841329,49.4686935,4,"Counter({0: 2, 1: 2})",0.019806763385649073
439,82682763,439,8.4804354,49.4578095,1,Counter({0: 1}),0.0003084267818281514
440,88225875,440,8.4789605,49.4597895,1,Counter({0: 1}),0.0003084267818281514
441,89131370,441,8.5084013,49.4654928,3,"Counter({1: 2, 0: 1})",0.01248182713420491
442,89131371,442,8.507649,49.4657778,5,"Counter({0: 3, 1: 2})",0.014330583723494134
443,90467965,443,8.4702037,49.4738009,2,Counter({0: 2}),0.0034857206157950424
444,92898348,444,8.4651414,49.4938904,2,Counter({0: 2}),0.0003165683276027529
445,92898366,445,8.4639484,49.4925853,2,Counter({0: 2}),0.000616795490453172
446,92898374,446,8.4672008,49.4913189,4,Counter({0: 4}),0.04466333483458397
447,92898381,447,8.4664952,49.4905549,4,Counter({0: 4}),0.03821639128391961
448,92898387,448,8.4657935,49.4897939,4,Counter({0: 4}),0.0313028214890357
449,92898394,449,8.4649681,49.490117,3,Counter({0: 3}),0.025910761085807185
450,92898401,450,8.4641411,49.4904407,3,Counter({0: 3}),0.0031877237981401485
451,92898411,451,8.4634416,49.4896794,3,Counter({0: 3}),0.009261118488646452
452,92898422,452,8.4642598,49.4893564,4,Counter({0: 4}),0.02282582566529038
453,92898430,453,8.4628444,49.4890328,4,Counter({0: 4}),0.013886045013130895
454,92898466,454,8.4636876,49.488741,4,Counter({0: 4}),0.03502187580460567
455,92898502,455,8.4656804,49.4908771,3,Counter({0: 3}),0.0028773297106482305
456,92898511,456,8.4648449,49.4911997,2,Counter({0: 2}),0.0024183250512045448
457,92898521,457,8.4662422,49.4927147,4,Counter({0: 4}),0.0057316842806944815
458,92898526,458,8.4678946,49.4920617,4,Counter({0: 4}),0.049482901908186834
459,92898530,459,8.4670808,49.4923834,4,Counter({0: 4}),0.006119390974154348
460,92898533,460,8.4654385,49.4930314,4,Counter({0: 4}),0.005568258573404414
461,95103420,461,8.4718996,49.5132846,3,Counter({0: 3}),0.05788397594460589
462,95103421,462,8.4716953,49.5129338,3,Counter({0: 3}),0.06061425778987632
463,95103426,463,8.4715643,49.5122776,3,Counter({0: 3}),0.0622540528502549
464,95103434,464,8.4712805,49.5115154,3,Counter({0: 3}),0.0032405818550006998
465,95103462,465,8.4838222,49.4687894,3,"Counter({1: 2, 0: 1})",0.012492639590211227
466,95882440,466,8.4900452,49.4579488,2,Counter({0: 2}),0.011640715494383566
467,95882442,467,8.491324,49.4576567,2,Counter({0: 2}),0.011336528056383969
468,95882449,468,8.4916133,49.4545055,3,Counter({0: 3}),0.0014105255125454572
469,95897308,469,8.4947466,49.4537894,3,"Counter({1: 2, 0: 1})",0.006216465386880389
470,95897320,470,8.4972488,49.4534857,2,Counter({0: 2}),4.00705101603134e-06
471,95897334,471,8.4964247,49.4531021,2,Counter({0: 2}),2.9617333596753385e-06
472,95897402,472,8.4858858,49.464621,2,Counter({0: 2}),0.000616795490453172
473,95897407,473,8.4837226,49.4672376,1,Counter({0: 1}),0.0003084267818281514
474,95897413,474,8.482845,49.4682601,4,Counter({0: 4}),0.039523351516544014
475,110228933,475,8.4888926,49.5287119,4,Counter({0: 4}),0.001233099646247572
476,110295415,476,8.5409471,49.4838946,2,Counter({0: 2}),0.0009250480526719307
477,110412460,477,8.533935,49.4840396,2,Counter({0: 2}),0.043809321051083164
478,110412464,478,8.5322173,49.4841555,3,Counter({0: 3}),0.04588195367082459
479,110412468,479,8.5308445,49.4842022,3,Counter({0: 3}),0.048215044606608054
480,110664285,480,8.5395961,49.5189088,3,Counter({0: 3}),0.007444777513622432
481,110664286,481,8.5375796,49.518388,3,Counter({0: 3}),0.006209943766168535
482,110664288,482,8.5367466,49.5181655,1,Counter({0: 1}),0.0003084267818281514
483,110767736,483,8.4920103,49.5322926,3,Counter({0: 3}),0.005845474407545893
484,113991681,484,8.5562789,49.4630079,2,Counter({0: 2}),0.0009250480526719305
485,113991691,485,8.5557506,49.4630009,2,Counter({0: 2}),0.0012331844684844275
486,113991694,486,8.5556351,49.4630557,3,Counter({0: 3}),0.0024652655461093677
487,113991701,487,8.5554808,49.4630136,3,Counter({0: 3}),0.0031286729317916095
488,113991712,488,8.5551835,49.462739,2,Counter({0: 2}),0.0037305145724385895
489,113991732,489,8.5542697,49.462183,3,Counter({0: 3}),0.004648042145305035
490,113991755,490,8.5537957,49.4616874,2,Counter({0: 2}),0.005256968716733973
491,113991840,491,8.5535545,49.4614108,2,Counter({0: 2}),0.005562201472389926
492,113991861,492,8.5336621,49.4750233,2,Counter({0: 2}),0.000616795490453172
493,113991878,493,8.5295892,49.4750531,3,"Counter({1: 2, 0: 1})",0.0031719025248176614
494,113991882,494,8.5293543,49.4739938,3,Counter({0: 3}),0.0021343780681612455
495,121996660,495,8.4811068,49.4820589,4,Counter({0: 4}),0.00474631675232312
496,121996670,496,8.4823807,49.4834448,4,"Counter({1: 2, 0: 2})",0.002177711069363646
497,121996676,497,8.4828985,49.4813634,4,Counter({0: 4}),0.010527937490818528
498,121996689,498,8.4858791,49.4801922,3,Counter({0: 3}),0.00832535630051408
499,124576985,499,8.4895604,49.529433,2,Counter({0: 2}),0.00981384867029206
500,124579048,500,8.4926247,49.5298065,2,Counter({0: 2}),1.7421960939266694e-07
501,124580319,501,8.5092398,49.5310728,1,Counter({0: 1}),0.0003084267818281514
502,124604027,502,8.5004616,49.5303246,2,Counter({0: 2}),1.5679764845340027e-06
503,124604028,503,8.4997729,49.5306534,2,Counter({0: 2}),1.6841228907957806e-06
504,124604030,504,8.4965057,49.5317557,1,Counter({0: 1}),1.1614640626177797e-07
505,132331226,505,8.4665233,49.4829474,3,Counter({0: 3}),0.0017364921665572375
506,134390925,506,8.4807707,49.489557,4,"Counter({0: 2, 1: 2})",0.07731491898796926
507,135633975,507,8.4802497,49.4669203,2,Counter({0: 2}),0.016317893411637002
508,135634178,508,8.4757216,49.4650968,2,Counter({0: 2}),0.00031586983069609376
509,135634183,509,8.475606,49.4650396,3,Counter({0: 3}),0.004061229719040569
510,135634339,510,8.4748095,49.4647683,3,"Counter({1: 2, 0: 1})",0.0011562019943965383
511,135634474,511,8.472566,49.464708,3,"Counter({1: 2, 0: 1})",0.0005532657475459143
512,135634504,512,8.4694934,49.4646903,1,Counter({0: 1}),0.0003084267818281514
513,135634630,513,8.4750207,49.4647,4,Counter({0: 4}),0.002194213277637765
514,135634714,514,8.4757069,49.4649179,4,Counter({0: 4}),0.005422511213541325
515,135634728,515,8.4764871,49.4651709,4,Counter({0: 4}),0.019998835995375133
516,135634756,516,8.4757919,49.4649955,2,Counter({0: 2}),0.0004944485454664638
517,135634766,517,8.476458,49.4652075,4,Counter({0: 4}),0.012723398605122761
518,135634796,518,8.4803946,49.4668088,3,Counter({0: 3}),0.011465323542043174
519,135635081,519,8.4804204,49.4667903,3,Counter({0: 3}),0.008349802324883278
520,135635088,520,8.4842608,49.4622968,2,Counter({0: 2}),0.0032396458815343214
521,135635095,521,8.4848983,49.4615542,2,Counter({0: 2}),0.0029450134212231902
522,135635101,522,8.4864828,49.4595966,3,Counter({0: 3}),0.0027528054156277515
523,135635113,523,8.4746277,49.4648841,2,Counter({0: 2}),0.000616795490453172
524,135635604,524,8.4594141,49.4829714,2,Counter({0: 2}),0.014262349478948796
525,135635657,525,8.4605851,49.4809641,2,Counter({0: 2}),0.012834025291165032
526,135635676,526,8.4616883,49.4798192,2,Counter({0: 2}),0.012636941113512315
527,135635697,527,8.4635057,49.4770888,3,Counter({0: 3}),0.008460616986239407
528,137516607,528,8.5509592,49.4979242,2,Counter({0: 2}),1.7421960939266694e-07
529,142350519,529,8.5230814,49.473989,1,Counter({0: 1}),5.8073203130888986e-08
530,142350530,530,8.5305421,49.4867473,3,Counter({0: 3}),2.613294140890004e-06
531,146013804,531,8.4860572,49.4756557,3,Counter({0: 3}),0.0028268633772344184
532,146013817,532,8.4837889,49.478661,4,Counter({0: 4}),0.007584794122589583
533,146013828,533,8.4847919,49.4782466,3,Counter({0: 3}),0.0017571954672935097
534,146013833,534,8.4843291,49.4778121,3,Counter({0: 3}),0.000858500119159973
535,146013842,535,8.4837298,49.4774666,4,Counter({0: 4}),0.006242630533963055
536,146782741,536,8.5007978,49.5303551,2,Counter({0: 2}),9.872444532251128e-07
537,146791103,537,8.5210265,49.4949914,3,Counter({0: 3}),0.006522073439693807
538,146797205,538,8.4960608,49.5302383,2,Counter({0: 2}),0.000616795490453172
539,146797206,539,8.4915881,49.5318258,2,Counter({0: 2}),0.006453733137138823
540,147133853,540,8.4872795,49.5266145,3,"Counter({1: 2, 0: 1})",0.0015412047378906629
541,147134197,541,8.4854962,49.5249724,3,Counter({0: 3}),0.005001890020165962
542,147134506,542,8.4922549,49.5300674,1,Counter({0: 1}),0.0003084267818281514
543,147134760,543,8.490601,49.5306565,4,Counter({0: 4}),0.00890575799293435
544,147146481,544,8.5005616,49.5263446,2,Counter({0: 2}),0.0015412047378906629
545,147146928,545,8.4989783,49.5269345,2,Counter({0: 2}),0.000616795490453172
546,147147531,546,8.4946683,49.5273218,1,Counter({0: 1}),2.3229281252355594e-07
547,147147547,547,8.4936866,49.528089,2,Counter({0: 2}),4.065124219162229e-07
548,147147561,548,8.4938571,49.5288862,2,Counter({0: 2}),4.065124219162229e-07
549,147147851,549,8.4964072,49.5266644,2,Counter({0: 2}),0.000616795490453172
550,147149241,550,8.4916499,49.5284467,1,Counter({0: 1}),2.3229281252355594e-07
551,147150234,551,8.4937001,49.5310802,2,Counter({0: 2}),0.0012331844684844277
552,147150239,552,8.4910347,49.5311317,2,Counter({0: 2}),0.007065708551732132
553,148395837,553,8.4870873,49.462319,3,Counter({0: 3}),0.01600438973640893
554,148395839,554,8.4881878,49.4609989,2,Counter({0: 2}),0.007856565388060803
555,148494422,555,8.4719673,49.4966066,3,Counter({0: 3}),0.000832413670071369
556,148503857,556,8.5516718,49.5092735,2,Counter({0: 2}),1.7421960939266694e-07
557,148947703,557,8.5196395,49.4885264,3,Counter({0: 3}),0.0005209018646744018
558,148992497,558,8.5296393,49.5081605,2,Counter({0: 2}),0.0008551761862175274
559,148992498,559,8.5300462,49.5077831,3,Counter({0: 3}),0.030075411335000763
560,148992500,560,8.5307984,49.5079756,3,Counter({0: 3}),0.03150406246213053
561,148992507,561,8.5255009,49.5125817,2,Counter({0: 2}),0.013615522427467958
562,148992527,562,8.504687,49.5223459,3,Counter({0: 3}),0.046926879517623456
563,148992529,563,8.5009313,49.524128,3,Counter({0: 3}),0.002747964347154862
564,148992531,564,8.4968433,49.5258337,4,Counter({0: 4}),0.0030820219371159347
565,148992532,565,8.4889734,49.5288294,4,Counter({0: 4}),0.008463944883834182
566,148992535,566,8.529634,49.5079609,3,Counter({0: 3}),0.0005864134021277732
567,154675135,567,8.5385322,49.5023858,2,Counter({0: 2}),0.00400118562251512
568,154675182,568,8.5378661,49.5026031,2,Counter({0: 2}),0.004308160574264999
569,154675186,569,8.5383837,49.5014683,2,Counter({0: 2}),0.0033868872797965764
570,154745413,570,8.5363668,49.5051062,2,Counter({0: 2}),0.0018491088608906363
571,154772221,571,8.5356384,49.5046123,3,Counter({0: 3}),0.008292214601856508
572,155029984,572,8.4855736,49.5302364,4,"Counter({1: 2, 0: 2})",0.013324552725169267
573,155029988,573,8.4863662,49.5310836,2,Counter({0: 2}),0.000616795490453172
574,155033824,574,8.5054689,49.5220224,2,Counter({0: 2}),0.016546832839067903
575,155033828,575,8.5071098,49.5207357,3,Counter({0: 3}),0.07372852027150761
576,155033833,576,8.5125331,49.521634,2,Counter({0: 2}),0.07266705715088452
577,155036471,577,8.5044219,49.5248772,2,Counter({0: 2}),0.0007484190687931931
578,155038905,578,8.5046799,49.5242548,2,Counter({0: 2}),0.000903496506936425
579,155044453,579,8.4875888,49.5266563,3,"Counter({1: 2, 2: 1})",0.00046255306293753077
580,155044457,580,8.4865235,49.5247038,1,Counter({0: 1}),0.0003084267818281514
581,155046054,581,8.507298,49.517826,2,Counter({0: 2}),0.0003156132575561686
582,155046056,582,8.5074537,49.5178289,3,Counter({0: 3}),0.0006501622825522716
583,155049348,583,8.519474,49.5160482,3,Counter({0: 3}),0.08297630973450884
584,155049576,584,8.5176119,49.5128513,3,Counter({0: 3}),0.0018493411537031598
585,155051695,585,8.5294618,49.5310169,2,Counter({0: 2}),6.388052344397788e-07
586,155051703,586,8.5250512,49.5203837,3,Counter({0: 3}),0.004497605041745174
587,155300331,587,8.5018294,49.5304478,1,Counter({0: 1}),5.226588281780008e-07
588,155308960,588,8.4994726,49.5247867,3,Counter({0: 3}),0.0007125332013096988
589,155309558,589,8.497472,49.5255774,3,Counter({0: 3}),0.0009090175109901407
590,155309559,590,8.4976708,49.5255663,3,Counter({0: 3}),0.0006178795235782819
591,155311027,591,8.5023366,49.5256717,2,Counter({0: 2}),0.0021568968374843477
592,155615883,592,8.4980927,49.5311897,1,Counter({0: 1}),5.226588281780008e-07
593,155617286,593,8.4989348,49.5309325,2,Counter({0: 2}),1.5679764845340027e-06
594,156455789,594,8.5325577,49.5060612,2,Counter({0: 2}),0.008593614526105822
595,156455811,595,8.5357957,49.5044417,2,Counter({0: 2}),0.0049217620385459725
596,156461950,596,8.5359081,49.505732,2,Counter({1: 2}),0.0003084267818281514
597,156702856,597,8.5381802,49.49773,2,Counter({0: 2}),0.0012331844684844275
598,156702861,598,8.538039,49.4981062,2,Counter({0: 2}),0.0009250480526719307
599,156702962,599,8.5397604,49.4956779,2,Counter({0: 2}),0.0021568968374843477
600,156702967,600,8.5400704,49.4954692,2,Counter({0: 2}),0.0024645686676717975
601,156702975,601,8.5404186,49.4952337,2,Counter({0: 2}),0.002772124351452985
602,156702983,602,8.5411409,49.4947869,2,Counter({0: 2}),0.003079563888827912
603,156702986,603,8.5448691,49.4930365,2,Counter({0: 2}),0.0055348989172018985
604,156703023,604,8.5415231,49.4945675,2,Counter({0: 2}),0.0033868872797965764
605,156703029,605,8.5419248,49.4943345,2,Counter({0: 2}),0.003694094524358979
606,156703035,606,8.5424111,49.4940716,2,Counter({0: 2}),0.00400118562251512
607,156703042,607,8.5428423,49.493851,2,Counter({0: 2}),0.004308160574264999
608,156703047,608,8.5432796,49.4936438,2,Counter({0: 2}),0.004615019379608617
609,156703053,609,8.5444174,49.4931868,2,Counter({0: 2}),0.005228388551077066
610,156703103,610,8.5454849,49.4929298,2,Counter({0: 2}),0.0061475712102327775
611,162629306,611,8.4633696,49.4938455,4,"Counter({0: 2, 1: 2})",0.0027288445308794
612,162629315,612,8.463051,49.4939322,4,Counter({0: 4}),0.009254064978942279
613,162629320,613,8.4902186,49.4933298,3,Counter({0: 3}),0.005226357019378484
614,162629376,614,8.4880177,49.4947606,4,"Counter({1: 2, 0: 2})",0.021077490582392097
615,162629393,615,8.4881467,49.4945986,3,"Counter({1: 2, 0: 1})",0.006266557099463316
616,162779543,616,8.5356391,49.5048852,2,Counter({0: 2}),0.0021568968374843477
617,166168471,617,8.5403083,49.4991582,2,Counter({0: 2}),0.0018491088608906363
618,169652096,618,8.4715052,49.4723765,3,"Counter({1: 2, 0: 1})",0.0004922015459076192
619,179913505,619,8.4871602,49.4750872,4,Counter({0: 4}),0.013467843476985002
620,180558950,620,8.4853514,49.4592414,2,Counter({0: 2}),0.0014553874074185993
621,180937433,621,8.4988895,49.5233312,3,Counter({0: 3}),0.0027548269735716705
622,180937436,622,8.4960379,49.5244127,2,Counter({0: 2}),0.000616795490453172
623,180937439,623,8.4936553,49.524477,3,Counter({0: 3}),0.013086247325051174
624,180937440,624,8.4933154,49.5249221,2,Counter({0: 2}),0.012200335548322744
625,180937441,625,8.4924474,49.5258705,2,Counter({0: 2}),0.01133819897866596
626,180937447,626,8.4914254,49.526772,2,Counter({0: 2}),0.010651903236546844
627,180937455,627,8.4884837,49.5279338,3,Counter({0: 3}),0.011203702735953766
628,180939919,628,8.5008623,49.5240083,3,Counter({0: 3}),0.007864645511023727
629,180939920,629,8.5005171,49.52406,4,"Counter({0: 2, 1: 2})",0.005652398630616443
630,180945556,630,8.5049559,49.522164,4,Counter({0: 4}),0.04276806421954067
631,180946886,631,8.5053458,49.5223307,4,Counter({0: 4}),0.018344880342562972
632,180964333,632,8.5075488,49.5180098,3,Counter({0: 3}),0.0018011116835320706
633,181314314,633,8.485454,49.4739962,3,Counter({0: 3}),0.0029927385995355497
634,186083614,634,8.4567139,49.4916076,5,"Counter({0: 3, 1: 2})",0.002926289348031119
635,186083622,635,8.4576566,49.4918699,2,Counter({0: 2}),7.549516407015568e-07
636,186083624,636,8.457766,49.4916907,1,Counter({0: 1}),4.065124219162229e-07
637,186084231,637,8.4733762,49.4797132,3,"Counter({1: 2, 0: 1})",0.0029586086081588125
638,186084236,638,8.4736084,49.4796864,3,Counter({0: 3}),0.003558501721422645
639,188476591,639,8.4688078,49.484441,4,Counter({0: 4}),0.004656207130192938
640,188476598,640,8.4679752,49.484764,4,Counter({0: 4}),0.0049091688132633544
641,188476603,641,8.4671793,49.4850728,4,Counter({0: 4}),0.007319311927774267
642,188677393,642,8.4998073,49.5278598,1,Counter({0: 1}),0.0003084267818281514
643,188679667,643,8.4988449,49.5204608,3,Counter({0: 3}),0.04468804432288173
644,188680235,644,8.5019272,49.5235164,2,Counter({0: 2}),0.0008396938370636249
645,188683812,645,8.5000744,49.511668,2,Counter({0: 2}),0.000616795490453172
646,188684978,646,8.5033642,49.5133948,2,Counter({0: 2}),6.388052344397788e-07
647,188690952,647,8.4920963,49.4971513,3,Counter({0: 3}),0.001234631217157427
648,192294965,648,8.4912372,49.4601204,2,Counter({0: 2}),0.000314669651164722
649,192727851,649,8.4902272,49.5307742,2,Counter({0: 2}),0.0009250480526719307
650,192728682,650,8.4895485,49.5310178,2,Counter({0: 2}),0.000616795490453172
651,192728684,651,8.4888333,49.5302004,1,Counter({0: 1}),0.0003084267818281514
652,192731153,652,8.4856559,49.5302983,2,Counter({0: 2}),0.0009250480526719307
653,192738866,653,8.540605,49.511209,2,Counter({0: 2}),1.7421960939266694e-07
654,192738870,654,8.5410169,49.5113575,1,Counter({0: 1}),1.1614640626177797e-07
655,192741405,655,8.5359941,49.5141911,1,Counter({0: 1}),5.8073203130888986e-08
656,192741435,656,8.5460558,49.5132286,2,Counter({0: 2}),2.5552209377591153e-06
657,192742246,657,8.53544,49.514136,1,Counter({0: 1}),5.8073203130888986e-08
658,192742758,658,8.5375645,49.514727,4,Counter({0: 4}),0.00154140799410162
659,192743760,659,8.5376724,49.5136232,1,Counter({0: 1}),0.0003084267818281514
660,192744790,660,8.541278,49.5162006,2,Counter({0: 2}),0.0012331844684844277
661,192964386,661,8.4618292,49.4992619,3,Counter({0: 3}),0.0665763561649388
662,192984037,662,8.4734466,49.4953866,4,Counter({0: 4}),0.0019407170570727088
663,192992757,663,8.472543,49.5001649,2,Counter({0: 2}),0.0010070696065642899
664,194710558,664,8.4879438,49.5243237,2,Counter({0: 2}),7.549516407015568e-07
665,194711001,665,8.4880462,49.5244493,2,Counter({0: 2}),1.1033908594868907e-06
666,194715605,666,8.4881024,49.522845,2,Counter({0: 2}),0.0012917254065227834
667,194725468,667,8.4936248,49.5222672,2,Counter({0: 2}),0.013360796647038969
668,194725471,668,8.490648,49.5222388,3,Counter({0: 3}),0.0007230245245583252
669,194725791,669,8.493276,49.5217896,3,Counter({0: 3}),0.008948123191497893
670,194725792,670,8.4938506,49.5226464,2,Counter({0: 2}),0.013339851570317262
671,194725795,671,8.4938306,49.524393,2,Counter({0: 2}),0.013372663533275514
672,194731834,672,8.5026927,49.5230767,1,Counter({0: 1}),0.0003084267818281514
673,194733759,673,8.5042186,49.5224594,3,Counter({0: 3}),0.0008844722387121688
674,194733760,674,8.5040789,49.5224569,3,Counter({0: 3}),0.0006205763199460979
675,194734258,675,8.5033542,49.5191138,3,Counter({0: 3}),0.0009636489564176999
676,194734262,676,8.5042149,49.5214997,2,Counter({0: 2}),0.0027318277427057537
677,194745888,677,8.4714294,49.5117025,3,Counter({0: 3}),0.0038153916857438207
678,194746549,678,8.472729,49.5132217,3,Counter({0: 3}),0.01771331847641059
679,194749701,679,8.4731805,49.513585,3,Counter({0: 3}),0.017734711584510912
680,195568289,680,8.4893273,49.5225907,3,Counter({0: 3}),0.0009501086514656568
681,199043790,681,8.4862558,49.4555537,1,Counter({0: 1}),5.8073203130888986e-08
682,199043795,682,8.4885021,49.455049,1,Counter({0: 1}),5.8073203130888986e-08
683,199043826,683,8.4904173,49.4546144,1,Counter({0: 1}),0.0003084267818281514
684,199043839,684,8.4903609,49.4607895,3,Counter({0: 3}),0.008282661559941475
685,199261109,685,8.5475775,49.515037,2,Counter({0: 2}),0.0009250480526719307
686,199261111,686,8.5461955,49.514859,2,Counter({0: 2}),0.00030955920928920375
687,201161615,687,8.4608789,49.4896765,3,Counter({0: 3}),0.0030523436589624388
688,201161619,688,8.4602917,49.4890274,1,Counter({0: 1}),0.0003084267818281514
689,201161625,689,8.4611785,49.4895747,2,Counter({0: 2}),0.0032444746637845263
690,201161633,690,8.4597789,49.4902156,2,Counter({0: 2}),0.0013686817748038997
691,201161637,691,8.4596621,49.4901239,2,Counter({0: 2}),0.0015839205111947419
692,201161691,692,8.4626105,49.4900048,4,Counter({0: 4}),0.008487957480925153
693,201161696,693,8.4620371,49.489393,2,Counter({0: 2}),0.0004222212937855557
694,201161704,694,8.4619457,49.4892934,3,Counter({0: 3}),0.003821803198311209
695,201161708,695,8.4609717,49.4897754,1,Counter({0: 1}),0.0003084267818281514
696,201161711,696,8.461565,49.4904137,4,Counter({0: 4}),0.006178388887501935
697,201161735,697,8.4585032,49.4910732,1,Counter({0: 1}),5.8073203130888986e-08
698,219044399,698,8.5556999,49.4717073,2,Counter({1: 2}),0.0003084267818281514
699,228591742,699,8.4956082,49.5269664,1,Counter({0: 1}),0.0003084267818281514
700,228607237,700,8.4961645,49.5250545,1,Counter({0: 1}),5.8073203130888986e-08
701,228608773,701,8.4928881,49.5254239,2,Counter({0: 2}),0.011622134424095137
702,236065030,702,8.5082568,49.5227642,2,Counter({0: 2}),0.0009250480526719307
703,236066905,703,8.506365,49.5212551,2,Counter({0: 2}),0.016488199375436777
704,236071498,704,8.5360732,49.5103432,2,Counter({0: 2}),0.00046255306293753077
705,236082251,705,8.5392105,49.5111002,2,Counter({0: 2}),0.000616795490453172
706,236089816,706,8.5365843,49.510525,2,Counter({0: 2}),0.0004638887466095412
707,236091541,707,8.5389078,49.5113728,3,"Counter({1: 2, 0: 1})",0.0009250480526719307
708,236091653,708,8.5353083,49.510317,2,Counter({0: 2}),0.0007697603074999335
709,236103510,709,8.5242281,49.4951374,4,Counter({0: 4}),0.008645187832865915
710,236103524,710,8.5204026,49.4912498,4,Counter({0: 4}),0.004567446359415798
711,236103702,711,8.5203915,49.4944586,4,Counter({1: 4}),0.009707891920351097
712,236106101,712,8.5210399,49.4948325,3,"Counter({1: 2, 0: 1})",0.0036520525735293965
713,236107395,713,8.5209089,49.4942251,3,"Counter({1: 2, 0: 1})",0.0008401877018286161
714,236109551,714,8.5206653,49.4947719,4,"Counter({0: 2, 1: 2})",0.006188175159933339
715,236114287,715,8.5131898,49.4776379,3,Counter({0: 3}),0.0005293601825262804
716,236115165,716,8.5117347,49.4776399,2,Counter({0: 2}),0.0004889545716088523
717,236128764,717,8.5001085,49.4894155,3,Counter({0: 3}),0.009140078294826735
718,236130703,718,8.5013189,49.4885058,2,Counter({0: 2}),0.0009250480526719307
719,236130705,719,8.5016145,49.4893476,3,Counter({0: 3}),0.04691018048999202
720,236132614,720,8.5081819,49.4864363,2,Counter({0: 2}),0.000616795490453172
721,237188735,721,8.5203758,49.5121819,3,Counter({0: 3}),0.13918585970100025
722,237189209,722,8.5180296,49.512396,3,Counter({0: 3}),0.006403480458696947
723,237196403,723,8.5000608,49.5014591,3,Counter({0: 3}),0.013144850170942343
724,237198900,724,8.5014446,49.489526,3,Counter({0: 3}),0.005064913614036333
725,237198901,725,8.5015381,49.4895944,4,Counter({0: 4}),0.006063305750891172
726,237198902,726,8.501766,49.4899915,3,Counter({0: 3}),0.006223446081759253
727,240175401,727,8.5030032,49.5093064,2,Counter({0: 2}),1.6841228907957806e-06
728,240177520,728,8.5047135,49.5101717,2,Counter({0: 2}),2.3810013283664484e-06
729,240179765,729,8.4898384,49.4978296,2,Counter({0: 2}),0.0022968254933981784
730,240179771,730,8.4922057,49.4990645,3,Counter({0: 3}),0.0028330515487274464
731,240182269,731,8.4915769,49.496875,3,Counter({0: 3}),0.0011737676657508787
732,240192405,732,8.4917827,49.4898462,3,Counter({0: 3}),0.0079408396686358
733,240193460,733,8.4929286,49.4899771,3,Counter({0: 3}),0.001465786665243255
734,240193468,734,8.4925017,49.4901159,3,Counter({0: 3}),0.0025452921755837604
735,242921261,735,8.4880821,49.5291962,2,Counter({0: 2}),0.012388090762179272
736,242921381,736,8.4867481,49.5232868,2,Counter({0: 2}),0.0008027377201643074
737,242921575,737,8.518884,49.5150415,2,Counter({0: 2}),0.0009250480526719307
738,242921704,738,8.5109732,49.5166954,2,Counter({0: 2}),0.007819345114991673
739,242921712,739,8.5164268,49.5167024,2,Counter({0: 2}),0.000616795490453172
740,242921783,740,8.5209099,49.5131417,2,Counter({0: 2}),0.1381725356581202
741,242921785,741,8.5182329,49.5137738,2,Counter({0: 2}),0.0012331844684844277
742,242921943,742,8.5222902,49.5116069,4,Counter({0: 4}),0.002193555611156475
743,242922019,743,8.5181634,49.5104736,3,"Counter({1: 2, 0: 1})",0.0017689529846149302
744,242922020,744,8.517403,49.5108707,3,Counter({0: 3}),0.008406395262198163
745,242922202,745,8.4868945,49.4964437,3,Counter({0: 3}),0.05969123467157479
746,242922242,746,8.487107,49.496308,3,"Counter({1: 2, 0: 1})",0.0006154827586505523
747,242922428,747,8.4879584,49.4976358,3,Counter({0: 3}),0.07085374250218826
748,242922655,748,8.5167812,49.4841412,2,Counter({0: 2}),0.02051735896397102
749,242922704,749,8.5124948,49.487927,2,Counter({0: 2}),0.02126107967924981
750,242922882,750,8.5214588,49.4909591,2,Counter({0: 2}),0.0017154286128259243
751,242922883,751,8.5209425,49.4903852,2,Counter({0: 2}),0.0016145886238865023
752,242922884,752,8.5203828,49.4896846,2,Counter({0: 2}),0.0017114667844898347
753,242922885,753,8.5201646,49.489131,2,Counter({0: 2}),0.0018447784997518842
754,242922993,754,8.527195,49.4925704,2,Counter({0: 2}),0.0009250480526719307
755,242922998,755,8.530089,49.4963851,2,Counter({0: 2}),0.0019147555387026107
756,242923000,756,8.5311758,49.4939254,2,Counter({0: 2}),0.004615019379608617
757,245457945,757,8.4914873,49.460947,3,Counter({0: 3}),0.005535828088451993
758,247123224,758,8.522815,49.495002,3,Counter({0: 3}),0.003975918399155465
759,247123233,759,8.525145,49.49335,2,Counter({0: 2}),0.0015453809845998503
760,247123241,760,8.5211933,49.4928524,3,Counter({0: 3}),0.0016360271918177181
761,247123323,761,8.5168103,49.4799024,2,Counter({0: 2}),0.001211742433097189
762,247189221,762,8.5241826,49.4953324,3,Counter({0: 3}),0.007993156407735662
763,247897267,763,8.4837268,49.4807342,3,Counter({0: 3}),0.003240664324708028
764,248539899,764,8.4630046,49.4855494,3,Counter({0: 3}),0.0015109709778484825
765,248539900,765,8.463754,49.4852587,4,"Counter({0: 2, 1: 2})",0.002467525350076735
766,248539902,766,8.4639246,49.4851925,4,"Counter({1: 2, 0: 2})",0.005284987041018887
767,248539903,767,8.464725,49.484882,4,Counter({0: 4}),0.01172958766247246
768,248539904,768,8.4664048,49.4842303,4,Counter({0: 4}),0.0051406270914791125
769,248539905,769,8.4672007,49.4839215,3,Counter({0: 3}),0.0021306332563234527
770,248539906,770,8.4680333,49.4835985,3,Counter({0: 3}),0.0050240605941455
771,248539911,771,8.4633117,49.4907559,3,Counter({0: 3}),0.003938659308590987
772,248539912,772,8.4622629,49.4911665,4,Counter({0: 4}),0.006190279125113505
773,248780644,773,8.4640272,49.4915148,4,Counter({0: 4}),0.00632049139875381
774,248780650,774,8.4615788,49.4935079,2,Counter({0: 2}),0.0005730553871392172
775,248780651,775,8.4662122,49.4938641,4,Counter({1: 4}),0.0008785125429380883
776,248780652,776,8.4669907,49.4938448,3,Counter({0: 3}),0.0030497961812157113
777,248780653,777,8.4683423,49.4937433,4,"Counter({0: 2, 1: 2})",0.036195965421721724
778,248780661,778,8.4759383,49.487892,3,Counter({0: 3}),0.0025195285395439525
779,248781409,779,8.4663769,49.4916452,3,Counter({0: 3}),0.0034803894609250485
780,248781410,780,8.4634355,49.491747,2,Counter({0: 2}),0.0029935342352874917
781,248781741,781,8.47137,49.4896642,2,Counter({0: 2}),0.005416970725048326
782,248781744,782,8.4730058,49.4890321,3,Counter({0: 3}),0.004143391666663509
783,248782307,783,8.4655847,49.4845484,4,Counter({0: 4}),0.0027033920748063393
784,248782308,784,8.4691871,49.4820704,4,Counter({0: 4}),0.003944794022774667
785,248782310,785,8.4699194,49.4828667,3,Counter({0: 3}),0.006439889713724073
786,248782313,786,8.4683034,49.4824163,3,Counter({0: 3}),0.0018279170943433316
787,248782314,787,8.4701586,49.481708,6,"Counter({0: 3, 1: 2, 2: 1})",0.006243452833799908
788,248782316,788,8.4706417,49.4849656,3,Counter({0: 3}),0.0012539407527941962
789,248782319,789,8.4708811,49.4824936,3,Counter({0: 3}),0.011797991072981812
790,248782320,790,8.4690335,49.4832104,3,Counter({0: 3}),0.004950453661282181
791,248782321,791,8.4696096,49.4841299,3,Counter({0: 3}),0.0012333006148906895
792,248783352,792,8.4671952,49.4826867,3,Counter({0: 3}),0.002168446253849907
793,248783354,793,8.4681954,49.4822986,4,Counter({0: 4}),0.003529704499910111
794,248783355,794,8.4673256,49.4813414,3,Counter({0: 3}),0.0012813728918302956
795,248783356,795,8.4690813,49.4819549,3,Counter({0: 3}),0.0016353707914988822
796,248783357,796,8.4682036,49.4810012,4,Counter({0: 4}),0.0013020200690805964
797,248783753,797,8.4654995,49.4857245,4,Counter({0: 4}),0.011134823553800754
798,249247095,798,8.469897,49.5046363,3,Counter({0: 3}),0.004652307199385175
799,249247096,799,8.476937,49.503905,5,Counter({0: 5}),0.05480936802323205
800,249247214,800,8.4698223,49.5055522,4,Counter({0: 4}),0.05599347306795328
801,249247530,801,8.4760836,49.5007688,3,Counter({0: 3}),0.053569383402791666
802,249247537,802,8.4799792,49.4992354,3,Counter({0: 3}),0.0030803769136717443
803,249250497,803,8.4816232,49.4990312,3,Counter({0: 3}),0.0012333006148906895
804,249250498,804,8.4812258,49.4977008,3,Counter({0: 3}),0.0026486036631317524
805,249805892,805,8.5258267,49.4864485,2,Counter({0: 2}),0.000616795490453172
806,249805893,806,8.5263957,49.4875947,3,Counter({0: 3}),0.0024651493997031064
807,249805896,807,8.5255643,49.4878303,2,Counter({0: 2}),0.0027721243514529856
808,249805897,808,8.5247571,49.4880706,3,Counter({0: 3}),0.004643979241707485
809,249805900,809,8.5238737,49.4883217,2,Counter({0: 2}),0.004914058351734892
810,249805907,810,8.5203478,49.4866751,2,Counter({0: 2}),0.000616795490453172
811,249805910,811,8.5197912,49.4885286,4,Counter({0: 4}),0.0063871636294016865
812,249805911,812,8.5198833,49.4877245,1,Counter({0: 1}),0.0003084267818281514
813,249805913,813,8.5254666,49.4856383,1,Counter({0: 1}),0.0003084267818281514
814,249820010,814,8.4559774,49.4870116,2,Counter({0: 2}),0.0003940894928712917
815,249820012,815,8.4582087,49.4887347,3,Counter({0: 3}),0.002936607316640253
816,250068870,816,8.4756169,49.4648847,3,Counter({0: 3}),0.0021941345617829235
817,251707128,817,8.5252585,49.495269,3,Counter({0: 3}),0.003944917589644983
818,251707129,818,8.5281754,49.491607,2,Counter({0: 2}),0.000616795490453172
819,251716145,819,8.4742102,49.496618,3,"Counter({1: 2, 0: 1})",0.0016347381973985547
820,251716286,820,8.4731936,49.4828294,3,"Counter({1: 2, 0: 1})",0.0018250846006284574
821,251716287,821,8.4740684,49.4823892,4,Counter({0: 4}),0.004120559428495059
822,251716547,822,8.481185,49.4795414,3,Counter({0: 3}),0.002535990707956005
823,251718173,823,8.4921752,49.4902594,3,Counter({0: 3}),0.0034808628430053547
824,251718174,824,8.4912839,49.4901034,4,Counter({0: 4}),0.006878549079154584
825,251718275,825,8.4907823,49.489976,3,Counter({0: 3}),0.003199974134606486
826,251718276,826,8.4908033,49.489899,4,Counter({0: 4}),0.08710214661831858
827,251753075,827,8.4786277,49.4904374,3,Counter({0: 3}),0.0009926409869685517
828,251753077,828,8.474858,49.4908728,3,Counter({0: 3}),0.0021418199031008863
829,252685593,829,8.4563848,49.4913796,3,Counter({0: 3}),0.01073715842699531
830,253877610,830,8.4929265,49.4614092,2,Counter({0: 2}),0.00400118562251512
831,253877726,831,8.5246907,49.5096881,2,Counter({0: 2}),0.01638061334133852
832,253877730,832,8.5259817,49.5095991,2,Counter({0: 2}),0.009718020082753964
833,253877953,833,8.5171502,49.5074383,2,Counter({0: 2}),0.01732332923682661
834,255196631,834,8.4699565,49.4816153,4,"Counter({1: 2, 0: 2})",0.003952032381160929
835,255196633,835,8.470138,49.4815452,4,"Counter({1: 2, 0: 2})",0.0019655524009597244
836,255196642,836,8.470043,49.4815818,4,"Counter({1: 2, 2: 1, 0: 1})",0.0006320839769552867
837,256838187,837,8.4719743,49.5207238,2,Counter({0: 2}),1.4518300782722246e-06
838,256838191,838,8.4710991,49.5257051,2,Counter({0: 2}),3.1940261721988942e-06
839,258642479,839,8.5543306,49.4667946,1,Counter({0: 1}),0.0003084267818281514
840,258642495,840,8.5475154,49.4652021,3,Counter({0: 3}),0.02086623330795909
841,258642499,841,8.5468734,49.4655325,3,Counter({0: 3}),0.022175177325435374
842,258642591,842,8.546145,49.4699205,3,Counter({0: 3}),0.0005942772065872797
843,258642621,843,8.5480762,49.4695498,2,Counter({0: 2}),0.006655646582192828
844,258642631,844,8.5494177,49.4694117,3,Counter({0: 3}),0.0060554890644366555
845,258642635,845,8.5508907,49.4692226,2,Counter({0: 2}),0.0049217620385459725
846,258642639,846,8.5518881,49.4690827,2,Counter({0: 2}),0.004615019379608617
847,258642643,847,8.5534809,49.4688758,2,Counter({0: 2}),0.00400118562251512
848,258642701,848,8.5548522,49.4633072,2,Counter({0: 2}),0.000500964412939904
849,258642707,849,8.5540854,49.4636253,2,Counter({0: 2}),0.001072317711655216
850,258642715,850,8.5535997,49.4635407,2,Counter({0: 2}),0.001316917298640577
851,258642786,851,8.5505135,49.4650997,2,Counter({0: 2}),0.003033039103403517
852,258642800,852,8.5513848,49.4652548,2,Counter({0: 2}),0.002727864420950699
853,258642903,853,8.5546539,49.4633969,2,Counter({0: 2}),0.0005974336824739628
854,258642914,854,8.5553279,49.4643366,2,Counter({0: 2}),0.0009250480526719305
855,258642916,855,8.5550093,49.4651233,2,Counter({0: 2}),0.000616795490453172
856,258642921,856,8.5546714,49.4708076,2,Counter({0: 2}),0.003694094524358979
857,258642923,857,8.5550133,49.4713294,2,Counter({0: 2}),0.0033868872797965764
858,258642941,858,8.5500652,49.4733149,2,Counter({0: 2}),0.00046182714789839464
859,258643003,859,8.549582,49.4720634,2,Counter({0: 2}),0.0007558421530196786
860,258643016,860,8.5495059,49.4709089,2,Counter({0: 2}),0.0004896673916549466
861,258643030,861,8.5496383,49.4707903,2,Counter({0: 2}),0.00036781296822690194
862,258643039,862,8.5498066,49.473089,3,"Counter({1: 2, 0: 1})",0.0013287800430699652
863,258643041,863,8.5497961,49.473385,3,Counter({0: 3}),0.002550146614717258
864,258643046,864,8.5567601,49.4635255,2,Counter({0: 2}),0.000616795490453172
865,258643160,865,8.5544442,49.4622775,2,Counter({0: 2}),0.004035863474500787
866,258913627,866,8.5319399,49.5301206,2,Counter({0: 2}),0.000616795490453172
867,258913633,867,8.5257932,49.531053,2,Counter({0: 2}),8.130248438324458e-07
868,258913634,868,8.5245838,49.5310681,2,Counter({0: 2}),6.388052344397788e-07
869,258913635,869,8.5160786,49.5311337,2,Counter({0: 2}),0.0009250480526719307
870,258913639,870,8.5102795,49.529538,2,Counter({0: 2}),0.0027721243514529856
871,258913641,871,8.5109617,49.5311734,3,Counter({0: 3}),0.0021574194963125256
872,261599369,872,8.4860101,49.4777498,3,Counter({0: 3}),0.0010916292200570995
873,261599370,873,8.4825565,49.4791445,4,Counter({0: 4}),0.09766618093635092
874,261599377,874,8.4722009,49.4931321,4,Counter({0: 4}),0.1384594871179262
875,261599386,875,8.4819401,49.5304642,2,Counter({0: 2}),0.000873395504980144
876,261599387,876,8.4820811,49.5311084,3,Counter({0: 3}),0.0011793832122767986
877,261617372,877,8.5048499,49.5219425,4,"Counter({1: 2, 0: 2})",0.003469149591949888
878,261617374,878,8.5075476,49.5201,2,Counter({0: 2}),0.00039095859587733175
879,261617375,879,8.5089465,49.5192269,3,"Counter({1: 2, 0: 1})",0.010472735582392496
880,261617376,880,8.5085632,49.5189338,4,"Counter({0: 2, 1: 2})",0.009529541881233557
881,261617381,881,8.5093388,49.4785746,2,Counter({0: 2}),0.0019983367385368114
882,262154411,882,8.4975353,49.5031103,1,Counter({0: 1}),0.0003084267818281514
883,262154414,883,8.4821764,49.4787247,4,Counter({0: 4}),0.09679781226360631
884,262275530,884,8.4794051,49.4824272,4,Counter({0: 4}),0.011380051699570525
885,262288049,885,8.5171653,49.508901,3,Counter({0: 3}),0.14827549538591706
886,262288052,886,8.5157474,49.5084881,2,Counter({0: 2}),0.016182268093293345
887,262463290,887,8.4917508,49.4699412,3,Counter({0: 3}),0.023731856293041042
888,262463299,888,8.5003142,49.4664999,2,Counter({0: 2}),0.022269754074315543
889,262463812,889,8.5124909,49.462934,2,Counter({0: 2}),0.0009771362957383364
890,262463815,890,8.5132235,49.46324,3,Counter({0: 3}),0.004271434854527953
891,262464369,891,8.5092006,49.4576805,2,Counter({0: 2}),0.003079563888827912
892,262465873,892,8.4796115,49.4823463,4,Counter({0: 4}),0.005562528145043833
893,262465972,893,8.4779009,49.4807751,3,Counter({0: 3}),0.011818138093223697
894,262466249,894,8.4780061,49.480888,4,Counter({0: 4}),0.015287563933678406
895,262466250,895,8.4782155,49.4808148,3,Counter({0: 3}),0.004806607751029629
896,262466340,896,8.4817147,49.4827203,3,Counter({0: 3}),0.0007652061289118754
897,262466456,897,8.4809333,49.4818285,4,Counter({0: 4}),0.006758433189834804
898,264200419,898,8.4847582,49.4815619,2,Counter({0: 2}),0.11716017751198192
899,264490942,899,8.4783176,49.4627038,4,Counter({0: 4}),0.010882575730572604
900,264490943,900,8.4781891,49.462876,3,Counter({0: 3}),0.012574933807688905
901,264490944,901,8.4808149,49.4610959,3,Counter({0: 3}),0.004721415448841335
902,264490945,902,8.4792524,49.4630148,3,Counter({0: 3}),0.0037636995688671276
903,264490946,903,8.4791177,49.4631773,3,Counter({0: 3}),0.002809779187526088
904,264490947,904,8.47783,49.4647557,2,Counter({0: 2}),0.0017071489574238383
905,264490952,905,8.4770056,49.46447,3,Counter({0: 3}),0.014572328297725395
906,264491205,906,8.4808054,49.4578088,2,Counter({0: 2}),0.0006167954904531718
907,264491208,907,8.4763781,49.4653045,3,Counter({0: 3}),0.007704101321143375
908,264491209,908,8.4763485,49.4653409,3,Counter({0: 3}),0.017685325674383558
909,264499626,909,8.4562938,49.4898964,3,"Counter({1: 2, 0: 1})",0.006557360669082733
910,264499627,910,8.4568478,49.490442,3,"Counter({1: 2, 0: 1})",0.010176752131902526
911,264499631,911,8.4564188,49.4905434,3,"Counter({1: 2, 0: 1})",0.00400118562251512
912,264499634,912,8.457188,49.4909212,1,Counter({0: 1}),0.0003084267818281514
913,264857419,913,8.5388432,49.4528972,4,"Counter({1: 2, 2: 1, 0: 1})",0.0009452704516453989
914,264857420,914,8.5371423,49.4544038,2,Counter({0: 2}),0.004775817103445738
915,264857422,915,8.5347638,49.4554744,3,Counter({0: 3}),0.009113180648123552
916,264857434,916,8.5373898,49.4541574,2,Counter({0: 2}),0.004477495058962365
917,264858187,917,8.5422542,49.4872644,2,Counter({0: 2}),0.0012079284324428149
918,264858194,918,8.5420606,49.4855816,2,Counter({0: 2}),0.003006165167390986
919,264858198,919,8.540697,49.4848886,2,Counter({0: 2}),0.0048067248304640865
920,264858200,920,8.5397114,49.4846786,4,Counter({0: 4}),0.005757371712390371
921,265512632,921,8.4927937,49.4542809,3,Counter({0: 3}),0.0009767525611928578
922,265520208,922,8.4921208,49.4590741,1,Counter({0: 1}),0.0003084267818281514
923,265587926,923,8.4826909,49.4568254,3,Counter({0: 3}),0.0030796219620310428
924,265588009,924,8.481751,49.4581066,3,Counter({0: 3}),0.004309438184733878
925,265591316,925,8.4901357,49.4614381,2,Counter({0: 2}),0.000616795490453172
926,265624416,926,8.4689615,49.4736877,4,"Counter({0: 2, 1: 2})",0.0016765338542029154
927,265624421,927,8.4668975,49.4735132,2,Counter({0: 2}),0.0011510137831129363
928,265624426,928,8.465428,49.4744438,2,Counter({0: 2}),0.0013671873910298237
929,265624428,929,8.4645936,49.4755316,3,Counter({0: 3}),0.0036658363380434257
930,265872930,930,8.4990687,49.4896373,3,Counter({0: 3}),0.0009085469157610478
931,265873117,931,8.5033039,49.4895345,2,Counter({0: 2}),0.0023267047090962515
932,265873121,932,8.5098873,49.4892228,3,Counter({0: 3}),0.002141802046947258
933,266023904,933,8.4846506,49.4859142,2,Counter({0: 2}),0.0006358910136128891
934,266024166,934,8.4808617,49.4840341,3,Counter({0: 3}),0.00557482029626244
935,266024329,935,8.4810865,49.483948,4,Counter({0: 4}),0.001663490697491758
936,266024340,936,8.4771772,49.4819271,3,Counter({0: 3}),0.000669119232585063
937,266024344,937,8.4787102,49.4816627,4,Counter({0: 4}),0.011011218489680317
938,266024345,938,8.4789158,49.481583,4,Counter({0: 4}),0.005369348756976444
939,266024346,939,8.480224,49.4810757,4,Counter({0: 4}),0.0042276297528089785
940,266024347,940,8.4819951,49.4803889,4,Counter({0: 4}),0.004372312583313649
941,266024349,941,8.4832395,49.4799063,3,Counter({0: 3}),0.1001905972028111
942,266024358,942,8.4772033,49.4811954,3,Counter({0: 3}),0.006118372424953141
943,266024575,943,8.4750362,49.4813853,3,Counter({0: 3}),0.030546507783659284
944,266024582,944,8.4754286,49.4818724,4,Counter({0: 4}),0.03736632199639511
945,266024667,945,8.4792602,49.4876974,3,Counter({0: 3}),0.013591359596320565
946,266024668,946,8.4788737,49.4875835,3,"Counter({1: 2, 0: 1})",0.00033755721861245783
947,266024669,947,8.4787355,49.487559,4,"Counter({1: 2, 0: 1, 2: 1})",0.0027926283569662783
948,266024983,948,8.4914354,49.4898774,3,Counter({0: 3}),0.08461559131275141
949,266186964,949,8.5235201,49.4775764,3,Counter({0: 3}),0.1193398864526058
950,266186967,950,8.5251327,49.4773466,2,Counter({0: 2}),0.0463643768015536
951,266186969,951,8.5295007,49.4761473,3,"Counter({1: 2, 0: 1})",0.0010651562278473758
952,266186970,952,8.52962,49.4761562,3,"Counter({1: 2, 0: 1})",0.04570987161490952
953,266187443,953,8.5436334,49.476074,2,Counter({0: 2}),0.003179043285790653
954,266187449,954,8.5554191,49.4747962,3,"Counter({1: 2, 0: 1})",0.0021568968374843477
955,266190132,955,8.5248896,49.4844915,4,Counter({0: 4}),0.051803540860266055
956,266298359,956,8.4919763,49.4588922,2,Counter({0: 2}),0.000616795490453172
957,266298376,957,8.4880198,49.4635958,2,Counter({0: 2}),0.028820780912372224
958,266298378,958,8.4902908,49.4607709,3,Counter({0: 3}),0.010729256571244263
959,266633264,959,8.5378614,49.4537582,2,Counter({0: 2}),0.0035974488992832863
960,266633267,960,8.538531,49.4531593,5,"Counter({0: 3, 1: 2})",0.005925733041056597
961,266633273,961,8.5382446,49.4530348,3,Counter({0: 3}),0.0031136577819290074
962,266633274,962,8.5384346,49.4528598,3,Counter({0: 3}),0.000959258092179292
963,266633276,963,8.5374276,49.4517382,1,Counter({0: 1}),0.0003084267818281514
964,266633277,964,8.5366201,49.4524086,3,Counter({0: 3}),0.0018494573001094216
965,266633280,965,8.5369098,49.4521579,1,Counter({0: 1}),0.0003084267818281514
966,266635388,966,8.533974,49.4547152,4,Counter({0: 4}),0.007554491211969285
967,266635389,967,8.5334599,49.4548793,2,Counter({0: 2}),0.002978473673964059
968,266635392,968,8.53588,49.4575253,2,Counter({0: 2}),0.006560092548095947
969,266635395,969,8.535836,49.4567988,2,Counter({0: 2}),0.005963610442385936
970,266635396,970,8.5353823,49.4569681,2,Counter({0: 2}),0.006357121361698183
971,266745693,971,8.4841043,49.4943592,3,Counter({0: 3}),0.001125416553422806
972,266745694,972,8.4841273,49.4971534,4,Counter({0: 4}),0.009596021172362931
973,266746563,973,8.4831427,49.4842738,3,Counter({0: 3}),0.0008199064309716228
974,266746588,974,8.485729,49.4845641,2,Counter({1: 2}),0.0003084267818281514
975,266746608,975,8.4845192,49.4831435,4,Counter({0: 4}),0.013680438458327452
976,266746611,976,8.4827387,49.4838343,3,Counter({0: 3}),0.00287800914669103
977,266746642,977,8.4833967,49.4819082,3,Counter({0: 3}),0.009820946799763704
978,266746680,978,8.4821984,49.4832464,3,"Counter({1: 2, 0: 1})",0.0006511590648732247
979,266746681,979,8.4824975,49.4832476,3,"Counter({1: 2, 0: 1})",0.0003472468909489598
980,266746771,980,8.4853128,49.4845082,3,"Counter({1: 2, 0: 1})",0.00040735029884492245
981,266746772,981,8.4855715,49.4843023,3,"Counter({1: 2, 0: 1})",0.0006844892066499149
982,266746784,982,8.4822614,49.4868423,2,Counter({0: 2}),0.0006257978721394248
983,266747129,983,8.4851125,49.4774601,3,Counter({0: 3}),0.0013677268973364463
984,266747130,984,8.4859485,49.4772704,3,Counter({0: 3}),0.0015697679413341583
985,266747400,985,8.4812501,49.475224,3,Counter({0: 3}),0.019227906180541817
986,266747461,986,8.4823706,49.475703,4,Counter({0: 4}),0.04377813522714613
987,266747470,987,8.4830238,49.475045,4,Counter({0: 4}),0.03138623672735318
988,266747471,988,8.4767041,49.4804761,4,Counter({0: 4}),0.009320311152446494
989,266747655,989,8.480528,49.4799046,3,Counter({0: 3}),0.002275568140196468
990,266747656,990,8.4786093,49.4789093,3,Counter({0: 3}),0.0036016997682838604
991,266747657,991,8.4763046,49.4777029,5,"Counter({0: 3, 1: 2})",0.013319285426831029
992,266747857,992,8.4871304,49.4763282,3,"Counter({1: 2, 0: 1})",0.0008149261158991888
993,266756532,993,8.5250406,49.4803645,2,Counter({0: 2}),0.000616795490453172
994,266757864,994,8.5244363,49.4769946,1,Counter({0: 1}),0.0003084267818281514
995,266759298,995,8.4796763,49.4928822,3,Counter({0: 3}),0.02903792858362547
996,266759313,996,8.47396,49.4945022,3,Counter({0: 3}),0.08015726205978521
997,266759315,997,8.4735245,49.4947553,3,Counter({0: 3}),0.0584970559019843
998,266759317,998,8.4730466,49.4949616,3,Counter({0: 3}),0.06407482097249965
999,266759427,999,8.4769499,49.4916846,3,"Counter({1: 2, 0: 1})",0.006911687887239025
1000,266759534,1000,8.4758877,49.4907629,4,"Counter({0: 2, 1: 2})",0.0010987353653445875
1001,266760116,1001,8.4796491,49.4884924,4,Counter({0: 4}),0.011977594371266656
1002,266760118,1002,8.4788856,49.4887704,3,Counter({0: 3}),0.02258491282053571
1003,266760151,1003,8.4784808,49.4897422,3,Counter({0: 3}),0.0009643251520512852
1004,266760907,1004,8.4780846,49.4899192,3,Counter({0: 3}),0.0012281894913757961
1005,266773322,1005,8.4844861,49.4794228,3,Counter({0: 3}),0.00831200563186236
1006,266774144,1006,8.4901023,49.4810428,2,Counter({0: 2}),0.000616795490453172
1007,266921401,1007,8.4835504,49.4762194,4,Counter({0: 4}),0.03751068768481835
1008,266921402,1008,8.479632,49.4794357,3,Counter({0: 3}),0.005396315087568772
1009,266921416,1009,8.4853541,49.47479,4,Counter({0: 4}),0.012264328288894247
1010,266921503,1010,8.4800945,49.4777008,4,Counter({0: 4}),0.002770629241224046
1011,266921504,1011,8.4811186,49.4782154,4,Counter({0: 4}),0.10050321919896425
1012,266921588,1012,8.4778283,49.4764751,4,"Counter({1: 2, 0: 2})",0.006482083803379191
1013,266921705,1013,8.4806256,49.4758698,4,Counter({0: 4}),0.04254343226724279
1014,266921706,1014,8.4816702,49.4764072,3,Counter({0: 3}),0.06347865167954017
1015,266921707,1015,8.4826852,49.4769292,4,Counter({0: 4}),0.10067825921799078
1016,266921920,1016,8.4843096,49.4755956,3,Counter({0: 3}),0.014864678675623902
1017,266921977,1017,8.4856825,49.4765379,2,Counter({0: 2}),0.0013284750743380606
1018,266922364,1018,8.4886673,49.480041,2,Counter({0: 2}),0.000609617184010565
1019,266922495,1019,8.4880594,49.4793556,3,Counter({0: 3}),0.0005939274685428098
1020,266923145,1020,8.5068279,49.480006,2,Counter({0: 2}),0.01658148049887984
1021,266924072,1021,8.5433291,49.4752542,4,Counter({0: 4}),0.045496113833051965
1022,266924379,1022,8.5433144,49.4741388,3,Counter({0: 3}),0.037578589580237035
1023,266924386,1023,8.5454904,49.4724544,2,Counter({0: 2}),0.024751629069947042
1024,266924391,1024,8.5460147,49.4702711,3,Counter({0: 3}),0.02439611171685545
1025,266924550,1025,8.5486782,49.4640847,2,Counter({0: 2}),0.004559319028089544
1026,266924767,1026,8.5467904,49.4655184,2,Counter({0: 2}),0.0005958833989708931
1027,266924991,1027,8.5293913,49.4657755,2,Counter({1: 2}),0.0003084267818281514
1028,266925274,1028,8.527018,49.4622632,3,Counter({0: 3}),0.007954380876336067
1029,266925279,1029,8.5254501,49.4628555,2,Counter({0: 2}),0.000616795490453172
1030,266925281,1030,8.5205013,49.4647249,3,Counter({0: 3}),0.01843589511371391
1031,266925947,1031,8.514296,49.4635888,3,Counter({0: 3}),0.019659491952371634
1032,266925953,1032,8.5120512,49.4643408,4,Counter({0: 4}),0.01634527605920329
1033,266925954,1033,8.5122753,49.4645969,1,Counter({0: 1}),0.0003084267818281514
1034,266925957,1034,8.5104381,49.4652866,3,Counter({0: 3}),0.0010331029295524094
1035,266925966,1035,8.5092105,49.4664112,3,Counter({0: 3}),0.0013231035794604067
1036,266925969,1036,8.5083086,49.4666793,2,Counter({0: 2}),0.0013627559420832129
1037,266926894,1037,8.4914034,49.4705382,3,Counter({0: 3}),0.0009456271772353623
1038,266926988,1038,8.4848075,49.4721958,3,Counter({0: 3}),0.03029249066564673
1039,266927021,1039,8.4854886,49.4731709,3,Counter({0: 3}),0.014804866856236505
1040,266927025,1040,8.4857504,49.4740597,3,Counter({0: 3}),0.0074019740395703405
1041,266927028,1041,8.4863664,49.4743606,3,Counter({0: 3}),0.007882157897896421
1042,266977698,1042,8.479739,49.4753998,4,"Counter({1: 2, 0: 2})",0.03696864906367845
1043,266980758,1043,8.4656854,49.4832871,3,"Counter({1: 2, 0: 1})",0.0005789770194583685
1044,266982624,1044,8.4719157,49.4705591,3,Counter({0: 3}),0.0010906869460210245
1045,266982954,1045,8.4774809,49.4798464,2,Counter({0: 2}),0.002292375107403682
1046,266983015,1046,8.4785048,49.4803718,3,Counter({0: 3}),0.004037441007564707
1047,266990204,1047,8.4825741,49.4927103,3,Counter({0: 3}),0.0028350109356993264
1048,266990212,1048,8.4819336,49.4925759,2,Counter({0: 2}),0.0026341327498306836
1049,266990214,1049,8.4795445,49.4932976,3,Counter({0: 3}),0.0068365936206420345
1050,266990216,1050,8.4811471,49.4928135,3,Counter({0: 3}),0.00451696656678471
1051,266990218,1051,8.4818939,49.4938827,3,Counter({0: 3}),0.001815777918611676
1052,267166718,1052,8.4836487,49.4744079,3,Counter({0: 3}),0.018601645915854646
1053,267167368,1053,8.4849559,49.475065,4,Counter({0: 4}),0.01508103025730312
1054,267198018,1054,8.4822765,49.4739516,3,Counter({0: 3}),0.019695994300549403
1055,267198035,1055,8.4832023,49.4737754,4,"Counter({0: 2, 1: 2})",0.0008611894767711636
1056,267198037,1056,8.4836665,49.4738179,3,Counter({0: 3}),0.013444383590267915
1057,267238909,1057,8.4736967,49.4952794,3,Counter({0: 3}),0.007011247075311872
1058,267367348,1058,8.4662833,49.4735444,3,Counter({0: 3}),0.0013632652182605444
1059,267367349,1059,8.4671551,49.4747372,3,Counter({0: 3}),0.0006226257777220843
1060,267368677,1060,8.4907505,49.460797,2,Counter({0: 2}),0.005841293136920469
1061,267369074,1061,8.4864894,49.4740242,1,Counter({0: 1}),0.0003084267818281514
1062,267369077,1062,8.486908,49.4743171,2,Counter({0: 2}),0.0006854883116940324
1063,267397932,1063,8.483393,49.4935315,4,Counter({0: 4}),0.012224069543219297
1064,267397946,1064,8.4802898,49.4950655,4,Counter({0: 4}),0.013245781456464704
1065,267400913,1065,8.4809981,49.4970462,3,Counter({0: 3}),0.0029999978766631617
1066,267402201,1066,8.4778274,49.4954082,4,"Counter({0: 2, 1: 2})",0.006556020066829691
1067,267403583,1067,8.4819678,49.4948229,3,Counter({0: 3}),0.0004933791481971293
1068,267408131,1068,8.4761095,49.4960752,3,"Counter({1: 2, 0: 1})",0.0006537658898315741
1069,267408132,1069,8.4781978,49.4967456,3,Counter({0: 3}),0.004094847515005583
1070,267408133,1070,8.4783725,49.4977551,3,Counter({0: 3}),0.004592453781893217
1071,267408134,1071,8.4787935,49.4972524,2,Counter({0: 2}),0.0038012038841614233
1072,267408135,1072,8.4841299,49.4964092,4,Counter({0: 4}),0.01021527214421131
1073,267408136,1073,8.4832468,49.4966249,4,Counter({0: 4}),0.0074323004148809865
1074,267422296,1074,8.4771533,49.4964352,4,Counter({0: 4}),0.0027145455666306574
1075,267422298,1075,8.4780505,49.4960633,4,Counter({0: 4}),0.006426760035393917
1076,267422299,1076,8.4805375,49.4957405,3,Counter({0: 3}),0.008731528761331203
1077,267422300,1077,8.4824305,49.4954616,4,Counter({0: 4}),0.006806748621154601
1078,267423733,1078,8.4841259,49.4950682,4,Counter({0: 4}),0.0010215066368679227
1079,267426604,1079,8.4828397,49.4960371,3,Counter({0: 3}),0.006563940193190488
1080,267426606,1080,8.4841256,49.4957351,3,Counter({0: 3}),0.000790201571319632
1081,267426608,1081,8.485855,49.4953117,2,Counter({0: 2}),0.06352669602257109
1082,267503880,1082,8.4780638,49.4801464,1,Counter({0: 1}),0.0003084267818281514
1083,267503882,1083,8.4779612,49.4794521,2,Counter({0: 2}),0.0022387730329320983
1084,267503997,1084,8.4865093,49.4808819,3,Counter({0: 3}),0.004109120260978856
1085,267504004,1085,8.4863964,49.4809262,2,Counter({0: 2}),0.0009250480526719307
1086,267504088,1086,8.4889421,49.4837855,3,Counter({0: 3}),0.0026083338093137558
1087,267504144,1087,8.4881305,49.4829777,2,Counter({0: 2}),0.0010384027247176992
1088,267504313,1088,8.4906377,49.4830978,3,Counter({0: 3}),0.0014360093659115047
1089,267504681,1089,8.4880511,49.4802841,3,Counter({0: 3}),0.002984803187926972
1090,267504795,1090,8.4925311,49.481805,3,Counter({0: 3}),0.0005694604304820314
1091,267505153,1091,8.48762,49.4884821,2,Counter({0: 2}),0.09642811391543919
1092,267505275,1092,8.4855464,49.4890896,2,Counter({0: 2}),0.09659777734431903
1093,267637122,1093,8.4874692,49.479586,3,Counter({0: 3}),0.0010344053318155503
1094,267966322,1094,8.5634665,49.4676486,1,Counter({0: 1}),5.8073203130888986e-08
1095,267966330,1095,8.5632857,49.467851,1,Counter({0: 1}),5.8073203130888986e-08
1096,268052311,1096,8.5394808,49.4844965,3,Counter({0: 3}),0.0020408113619959775
1097,268110995,1097,8.4759547,49.481102,3,Counter({0: 3}),0.03512479942895466
1098,268322193,1098,8.4655426,49.4766989,3,Counter({0: 3}),0.00210591503948877
1099,268322196,1099,8.4664419,49.4778174,3,Counter({0: 3}),0.0017184548975081038
1100,268322248,1100,8.4667859,49.4763176,2,Counter({0: 2}),0.0018349923608958537
1101,268325193,1101,8.4877677,49.4848984,2,Counter({0: 2}),0.000616795490453172
1102,268591025,1102,8.4805142,49.4897573,3,Counter({0: 3}),0.003251949456529354
1103,268731105,1103,8.4823478,49.4792264,2,Counter({0: 2}),0.0004841887980325737
1104,268751774,1104,8.4822627,49.5123999,2,Counter({0: 2}),0.0003279614150304135
1105,269480722,1105,8.5306503,49.4812572,2,Counter({0: 2}),0.000616795490453172
1106,269480726,1106,8.5306307,49.4818172,2,Counter({0: 2}),0.0009250480526719307
1107,269480808,1107,8.5322131,49.4845407,2,Counter({0: 2}),0.000616795490453172
1108,269646284,1108,8.4669829,49.4719729,1,Counter({0: 1}),5.8073203130888986e-08
1109,269646338,1109,8.467802,49.4735876,2,Counter({0: 2}),0.001274663035562443
1110,269646577,1110,8.4810655,49.4568268,2,Counter({0: 2}),5.226588281780008e-07
1111,269646608,1111,8.4856543,49.4649009,3,Counter({0: 3}),0.0009281694873402159
1112,269646609,1112,8.4866762,49.4652577,3,Counter({0: 3}),0.029569675517987212
1113,269646759,1113,8.4848212,49.4659087,2,Counter({0: 2}),0.0007613803442881463
1114,270644372,1114,8.4768664,49.4779986,2,Counter({0: 2}),0.000616795490453172
1115,270644377,1115,8.4930423,49.4995089,3,Counter({0: 3}),0.003229678900429936
1116,270747007,1116,8.4747899,49.4794921,1,Counter({0: 1}),0.0003084267818281514
1117,270747009,1117,8.474488,49.4793335,2,Counter({0: 2}),0.0390599919105454
1118,270747015,1118,8.4737762,49.4799158,3,Counter({0: 3}),0.042046729217622744
1119,271097283,1119,8.4838154,49.468545,1,Counter({0: 1}),0.0003084267818281514
1120,271097292,1120,8.491126,49.459986,2,Counter({0: 2}),0.000313624333508366
1121,272300407,1121,8.4830975,49.4562695,2,Counter({0: 2}),0.0021561999590467766
1122,272300409,1122,8.4821371,49.4559684,2,Counter({0: 2}),0.0006167954904531718
1123,273870575,1123,8.4851432,49.4969053,2,Counter({0: 2}),0.0006875187126406823
1124,278455841,1124,8.4814456,49.4984334,2,Counter({0: 2}),0.0009250480526719307
1125,278516953,1125,8.5286588,49.5071913,3,Counter({0: 3}),0.005810335282055485
1126,278516958,1126,8.5276413,49.5069766,3,Counter({0: 3}),0.0021484553734204604
1127,278516959,1127,8.5273696,49.5068539,3,Counter({0: 3}),0.005304106610949681
1128,278516965,1128,8.5294464,49.5075278,3,Counter({0: 3}),0.029599466467200495
1129,278558217,1129,8.5244844,49.5046198,2,Counter({0: 2}),0.0033868872797965764
1130,278559764,1130,8.5132592,49.5055805,2,Counter({0: 2}),0.001323349764129782
1131,278561124,1131,8.5271906,49.5069914,2,Counter({0: 2}),0.000544633446385608
1132,278711944,1132,8.4644264,49.4767925,1,Counter({0: 1}),0.0003084267818281514
1133,278810743,1133,8.5256728,49.5055012,2,Counter({0: 2}),0.00400118562251512
1134,278812839,1134,8.5108154,49.5015822,2,Counter({0: 2}),0.0009250480526719307
1135,278814964,1135,8.5272227,49.5029911,1,Counter({0: 1}),1.7421960939266694e-07
1136,278815425,1136,8.5227259,49.5036676,2,Counter({0: 2}),0.0024645686676717975
1137,278874034,1137,8.5311308,49.5061054,3,Counter({0: 3}),0.0030833235383589588
1138,278874035,1138,8.5321089,49.5042904,2,Counter({0: 2}),0.002343875335544624
1139,278874047,1139,8.528803,49.5031009,2,Counter({0: 2}),2.9036601565444494e-07
1140,278874052,1140,8.5311495,49.506204,3,Counter({0: 3}),0.0041242297386257605
1141,278874056,1141,8.5318309,49.5061679,2,Counter({0: 2}),0.0047357018521253175
1142,278995519,1142,8.4680852,49.4767609,4,Counter({0: 4}),0.0017132996320048156
1143,279008112,1143,8.5257545,49.5033245,2,Counter({0: 2}),3.484392187853339e-07
1144,279008114,1144,8.5259807,49.503189,2,Counter({0: 2}),3.484392187853339e-07
1145,279008119,1145,8.5302793,49.5056637,3,Counter({0: 3}),0.0010166978905038733
1146,279008444,1146,8.5309397,49.5060473,2,Counter({0: 2}),0.0005920068389471076
1147,279008446,1147,8.531041,49.5062184,2,Counter({0: 2}),0.00074149431533799
1148,279009395,1148,8.5112052,49.5049102,3,Counter({0: 3}),0.026215966273640652
1149,279011771,1149,8.5239994,49.5093975,2,Counter({0: 2}),0.01653115458009077
1150,280265215,1150,8.5291382,49.5068235,2,Counter({0: 2}),0.000616795490453172
1151,280267361,1151,8.528371,49.5075361,1,Counter({0: 1}),0.0003084267818281514
1152,280710434,1152,8.4624527,49.4989701,2,Counter({0: 2}),0.06674622109299155
1153,280757006,1153,8.4684368,49.5001847,4,Counter({0: 4}),0.00943034942327437
1154,280758129,1154,8.4675252,49.5037702,3,Counter({0: 3}),0.06990326557299016
1155,280760873,1155,8.4707689,49.4978133,4,Counter({0: 4}),0.0017449925865446706
1156,280761196,1156,8.4698004,49.4965507,3,Counter({0: 3}),0.0010556056566712823
1157,280833594,1157,8.4667947,49.5032836,3,Counter({0: 3}),0.06998606104354087
1158,280833694,1158,8.4671734,49.5030444,3,Counter({0: 3}),0.0006699169187255803
1159,280834004,1159,8.4637166,49.5012332,3,Counter({0: 3}),0.0708923069133656
1160,280915162,1160,8.4742945,49.5082663,2,Counter({0: 2}),0.0011299303133176831
1161,280915167,1161,8.4796942,49.5089112,3,Counter({0: 3}),0.0009234220029842657
1162,280915168,1162,8.481727,49.5094727,1,Counter({0: 1}),0.0003084267818281514
1163,280915169,1163,8.482172,49.5096151,3,Counter({0: 3}),0.0006289908631106582
1164,280915170,1164,8.4828583,49.509832,3,"Counter({1: 2, 0: 1})",0.00032134903741149324
1165,281158316,1165,8.468654,49.505687,3,"Counter({1: 2, 0: 1})",0.000616795490453172
1166,281163310,1166,8.4641869,49.5009389,2,Counter({0: 2}),0.03038379983370487
1167,281168685,1167,8.4705149,49.5009817,3,Counter({0: 3}),0.007952029330252401
1168,281169674,1168,8.4712403,49.4984445,3,Counter({0: 3}),0.0007642390193849611
1169,281169739,1169,8.4704563,49.4989312,3,Counter({0: 3}),0.0006712882850632202
1170,281170046,1170,8.464756,49.4991681,2,Counter({0: 2}),0.000830983588944234
1171,281170048,1171,8.4670423,49.5010502,2,Counter({0: 2}),0.0007947784839024721
1172,281170424,1172,8.4710919,49.5006279,3,Counter({0: 3}),0.0007782438160854722
1173,281170696,1173,8.4691082,49.499772,3,Counter({0: 3}),0.0008603658480961646
1174,281170879,1174,8.4634338,49.4989027,2,Counter({0: 2}),0.0010851546372991272
1175,281171145,1175,8.4632315,49.4987198,4,Counter({0: 4}),0.06817321309107569
1176,281528450,1176,8.4678115,49.5005914,2,Counter({0: 2}),0.001166510708650655
1177,281532944,1177,8.4646814,49.5018753,2,Counter({0: 2}),0.0707311370291616
1178,281532945,1178,8.4651843,49.5022109,3,Counter({0: 3}),0.07069240754056207
1179,281765237,1179,8.4631153,49.5001767,3,Counter({0: 3}),0.06206758343698367
1180,281765239,1180,8.4626035,49.5004915,3,Counter({0: 3}),0.04212585208833542
1181,281766208,1181,8.470294,49.4971942,3,Counter({0: 3}),0.0020319186428586654
1182,281766288,1182,8.4612561,49.4997355,2,Counter({0: 2}),0.012610024552592669
1183,281985493,1183,8.4696847,49.5090094,2,Counter({0: 2}),0.000616795490453172
1184,281987765,1184,8.4732049,49.5058946,2,Counter({0: 2}),0.0003084848550312823
1185,281987977,1185,8.4712334,49.5054009,2,Counter({0: 2}),0.0004625820995390962
1186,281988235,1186,8.4717586,49.5076602,2,Counter({0: 2}),2.9036601565444494e-07
1187,281989338,1187,8.4974379,49.497671,2,Counter({0: 2}),0.0021568968374843477
1188,282074724,1188,8.4669455,49.4982992,2,Counter({0: 2}),0.009830932229545192
1189,282214412,1189,8.4718421,49.5121657,3,Counter({0: 3}),0.07342980934039231
1190,282260205,1190,8.4823716,49.4937514,3,Counter({0: 3}),0.0017977326988827694
1191,282260231,1191,8.4828882,49.4931108,3,Counter({0: 3}),0.0009850902393814323
1192,282264580,1192,8.4720312,49.5214395,2,Counter({0: 2}),2.0325621095811145e-06
1193,282266610,1193,8.4814995,49.5237454,2,Counter({0: 2}),0.00031839631042628643
1194,282266692,1194,8.4819753,49.5242053,3,Counter({0: 3}),0.0005356868646915558
1195,282266752,1195,8.4815559,49.5245879,2,Counter({0: 2}),0.0003134102390933803
1196,282268309,1196,8.481696,49.5304492,2,Counter({0: 2}),0.0161189880236668
1197,282418120,1197,8.4820796,49.4741316,4,Counter({0: 4}),0.025677740787939676
1198,282418121,1198,8.4819454,49.474145,3,Counter({0: 3}),0.008797932468518085
1199,282418122,1199,8.4821433,49.4739621,4,Counter({0: 4}),0.01464201075085728
1200,282419254,1200,8.4826497,49.4737642,2,Counter({0: 2}),0.0005559644564718592
1201,282419262,1201,8.4833731,49.4736387,3,"Counter({1: 2, 0: 1})",0.0007600957602272232
1202,282419264,1202,8.4833741,49.4738869,4,"Counter({0: 2, 1: 2})",0.0005992333399925798
1203,282419265,1203,8.4834665,49.4738164,4,Counter({0: 4}),0.0005976379620428329
1204,282419266,1204,8.4834535,49.4735292,3,Counter({0: 3}),0.000903778060715452
1205,282423329,1205,8.4911082,49.4769486,3,"Counter({1: 2, 0: 1})",0.0078511155156051
1206,282448304,1206,8.4567721,49.4919754,2,Counter({0: 2}),0.0009245350727109412
1207,282448306,1207,8.4570759,49.4920943,1,Counter({0: 1}),4.065124219162229e-07
1208,283033834,1208,8.4904732,49.4899238,4,Counter({0: 4}),0.0929067634462523
1209,283372565,1209,8.4661276,49.4975939,1,Counter({0: 1}),0.0003084267818281514
1210,283536524,1210,8.4684519,49.504935,2,Counter({0: 2}),0.0012123853426645951
1211,283537475,1211,8.4665621,49.5013483,2,Counter({0: 2}),0.0006214682113056354
1212,283537636,1212,8.4649105,49.498162,3,Counter({0: 3}),0.07801559817071128
1213,283626014,1213,8.4935465,49.4794158,3,Counter({0: 3}),0.0027716503657560215
1214,283626028,1214,8.4935449,49.479633,4,Counter({0: 4}),0.0038030481104285043
1215,283626036,1215,8.4940883,49.4796539,4,Counter({0: 4}),0.005273435223987681
1216,283626037,1216,8.494096,49.4794427,3,Counter({0: 3}),0.0016043899039650373
1217,283626067,1217,8.5074805,49.4784398,2,Counter({0: 2}),0.0028887859657097123
1218,283626082,1218,8.4941356,49.4775004,3,Counter({0: 3}),0.019759719933911228
1219,285213440,1219,8.4664506,49.4976547,4,Counter({0: 4}),0.010919204329439594
1220,285762803,1220,8.4764877,49.5017869,3,Counter({0: 3}),0.0034377657871310385
1221,286560470,1221,8.5438509,49.4560104,3,Counter({0: 3}),0.006896755790615986
1222,287656893,1222,8.5452433,49.4737377,3,Counter({0: 3}),0.003183701306400486
1223,287656897,1223,8.5460503,49.4739794,2,Counter({0: 2}),0.002855843955998258
1224,287656902,1224,8.5235227,49.4765667,3,Counter({0: 3}),0.0003436174686210833
1225,287656930,1225,8.5241231,49.4760547,3,Counter({0: 3}),0.00754358082172287
1226,287838585,1226,8.4972318,49.4535749,2,Counter({0: 2}),4.123197422293118e-06
1227,287838591,1227,8.4989748,49.4537676,2,Counter({0: 2}),2.3810013283664484e-06
1228,288013018,1228,8.4752941,49.4984819,2,Counter({0: 2}),0.0020294315627767522
1229,288014407,1229,8.4754474,49.4989318,2,Counter({0: 2}),0.0019560318864659566
1230,288014410,1230,8.4740527,49.4980981,2,Counter({0: 2}),0.0011438418425423682
1231,288014411,1231,8.4750562,49.4979106,3,Counter({0: 3}),0.0024492624001558813
1232,288101489,1232,8.4923639,49.4556846,4,Counter({0: 4}),0.01103573790076753
1233,288101507,1233,8.4822304,49.4540573,1,Counter({0: 1}),2.9036601565444494e-07
1234,288112500,1234,8.4816327,49.4560385,1,Counter({0: 1}),0.0003084267818281514
1235,288112529,1235,8.4816947,49.4556649,1,Counter({0: 1}),5.8073203130888986e-08
1236,288114812,1236,8.4755398,49.4649793,3,Counter({0: 3}),0.0034456202016991673
1237,288518291,1237,8.4831562,49.4988616,3,Counter({0: 3}),0.0036581336273172516
1238,288518292,1238,8.4837144,49.5008387,3,Counter({0: 3}),0.0019845979484030855
1239,288518293,1239,8.4754986,49.4991049,2,Counter({0: 2}),0.0020418617419664625
1240,288901851,1240,8.5056047,49.4761583,2,Counter({0: 2}),0.0003084848550312823
1241,288901853,1241,8.5035875,49.4761231,3,Counter({0: 3}),0.0012333006148906895
1242,288909232,1242,8.4750046,49.4977927,3,Counter({0: 3}),0.0021300387888540657
1243,288909235,1243,8.4764232,49.4970655,3,Counter({0: 3}),0.003395561881146496
1244,288981747,1244,8.4704951,49.4963314,2,Counter({0: 2}),0.0007971399754220029
1245,288999613,1245,8.4699228,49.5044048,3,Counter({0: 3}),0.005419399046641426
1246,288999757,1246,8.468469,49.5042366,3,Counter({0: 3}),0.06983095042631053
1247,289001152,1247,8.4689356,49.5056526,3,"Counter({1: 2, 0: 1})",0.0005914555669028018
1248,289001335,1248,8.4684874,49.5050847,3,"Counter({1: 2, 0: 1})",0.0010232828173748218
1249,289328488,1249,8.4857736,49.4740024,3,Counter({0: 3}),0.007186926974979764
1250,289328489,1250,8.4858114,49.4739089,3,Counter({0: 3}),0.006055186357719115
1251,289328490,1251,8.4857122,49.4738418,3,Counter({0: 3}),0.0072832014401415
1252,289328492,1252,8.4856725,49.473892,4,Counter({0: 4}),0.007242268594055121
1253,290518525,1253,8.5419255,49.4873562,2,Counter({0: 2}),0.018611700844488394
1254,290518527,1254,8.5354613,49.4863557,2,Counter({0: 2}),0.0033868872797965764
1255,290528556,1255,8.4895735,49.4968831,2,Counter({0: 2}),0.0068538853669404326
1256,290528845,1256,8.4876482,49.4968966,2,Counter({0: 2}),0.001635083851763286
1257,290528847,1257,8.4894713,49.4957457,1,Counter({0: 1}),5.8073203130888986e-08
1258,290529719,1258,8.4885626,49.4964123,2,Counter({0: 2}),0.006936745927203363
1259,291742708,1259,8.4659707,49.4849683,3,Counter({0: 3}),0.0005676596641295001
1260,291742709,1260,8.4675866,49.4843414,3,Counter({0: 3}),0.0006726053720920536
1261,291742710,1261,8.4667907,49.4846501,4,Counter({0: 4}),0.004314090282456984
1262,295015564,1262,8.4884513,49.4801273,2,Counter({0: 2}),0.0008598738578889838
1263,295015565,1263,8.4878174,49.4794505,2,Counter({0: 2}),0.0007237064160715924
1264,297597990,1264,8.5441389,49.4888101,3,Counter({0: 3}),0.0010514327646457538
1265,297598173,1265,8.5437235,49.4835916,2,Counter({0: 2}),6.388052344397788e-07
1266,297700955,1266,8.4562047,49.4842944,3,"Counter({1: 2, 0: 1})",0.000616795490453172
1267,297700970,1267,8.4563112,49.4844197,3,"Counter({1: 2, 0: 1})",0.0020074806535276763
1268,297701001,1268,8.4571126,49.4846104,3,Counter({0: 3}),0.004185886016185359
1269,297701063,1269,8.460144,49.4834122,3,"Counter({1: 2, 0: 1})",0.014475907800993995
1270,297701066,1270,8.4603416,49.4835891,3,"Counter({1: 2, 0: 1})",0.015129883204528384
1271,297701067,1271,8.460649,49.4836492,2,Counter({0: 2}),0.015352150988403956
1272,297701069,1272,8.4610076,49.4837126,3,Counter({0: 3}),0.01611759550359858
1273,297701071,1273,8.4612483,49.4837065,2,Counter({0: 2}),0.000616795490453172
1274,297701074,1274,8.4629176,49.4841967,1,Counter({0: 1}),0.0003084267818281514
1275,297701075,1275,8.4630385,49.4843281,5,"Counter({0: 3, 1: 2})",0.007308191186446737
1276,297701095,1276,8.4615309,49.4849212,3,"Counter({1: 2, 0: 1})",0.005871658537875066
1277,297701285,1277,8.4581948,49.4844573,2,Counter({0: 2}),0.004293546058910872
1278,297714150,1278,8.5253791,49.4743796,2,Counter({0: 2}),0.0006823622922414143
1279,297714155,1279,8.5230181,49.4706256,3,Counter({0: 3}),0.004112580912474329
1280,297714159,1280,8.5220502,49.4674101,3,Counter({0: 3}),0.012480721543354265
1281,297714188,1281,8.5246644,49.4797477,3,Counter({0: 3}),2.061598711146559e-06
1282,297714191,1282,8.5245832,49.4797186,1,Counter({0: 1}),8.710980469633348e-07
1283,297886857,1283,8.5240586,49.4744867,3,Counter({0: 3}),0.000986074087769392
1284,297886873,1284,8.5163098,49.4601263,3,Counter({0: 3}),0.005270739577898792
1285,297906081,1285,8.5147535,49.4608929,2,Counter({0: 2}),4.065124219162229e-07
1286,297906655,1286,8.5228814,49.470392,3,Counter({0: 3}),0.010902224956245309
1287,298375758,1287,8.4750988,49.4964548,4,Counter({0: 4}),0.0010039667359485237
1288,298375763,1288,8.4742511,49.4964376,4,"Counter({1: 2, 0: 2})",0.002647005762381639
1289,298375785,1289,8.4733568,49.495426,4,Counter({0: 4}),0.003013969161151834
1290,298382132,1290,8.4914585,49.4996615,3,Counter({0: 3}),0.003625240565177354
1291,298382612,1291,8.5003854,49.5026967,2,Counter({0: 2}),0.0015412047378906629
1292,298874399,1292,8.4826531,49.4923238,3,Counter({0: 3}),0.08885589677933786
1293,299011556,1293,8.5033329,49.4777669,3,Counter({0: 3}),0.005088007184111903
1294,299011597,1294,8.4989385,49.4779787,2,Counter({0: 2}),0.004254464178400878
1295,299013563,1295,8.5034193,49.4779008,2,Counter({0: 2}),0.0017908681803584282
1296,299014400,1296,8.4986896,49.4782325,4,Counter({0: 4}),0.02648914181282638
1297,299014405,1297,8.4989307,49.4798528,2,Counter({0: 2}),0.026598330691935734
1298,299018681,1298,8.5279276,49.4872372,2,Counter({0: 2}),0.0012331844684844277
1299,299020023,1299,8.4925252,49.4785385,2,Counter({0: 2}),0.0025087688644477154
1300,299020026,1300,8.4927658,49.4784448,2,Counter({0: 2}),0.0015412047378906629
1301,299020035,1301,8.4953076,49.4774565,4,"Counter({1: 2, 0: 2})",0.0017064108858154394
1302,299020036,1302,8.4955618,49.477632,2,Counter({0: 2}),0.0005091973434345086
1303,299020037,1303,8.4962142,49.4783535,2,Counter({0: 2}),0.0004062523343557441
1304,299020042,1304,8.4966259,49.4784801,3,Counter({0: 3}),0.007970397761999693
1305,299020058,1305,8.4938325,49.4792452,2,Counter({0: 2}),0.0018491088608906363
1306,299020083,1306,8.4940634,49.4779399,2,Counter({0: 2}),0.000616795490453172
1307,299020135,1307,8.4929619,49.4783685,2,Counter({0: 2}),0.0012331844684844277
1308,299020151,1308,8.4940223,49.4781301,1,Counter({0: 1}),0.0003084267818281514
1309,299020153,1309,8.4937015,49.4782627,1,Counter({0: 1}),0.0003084267818281514
1310,299020154,1310,8.49353,49.4783329,2,Counter({0: 2}),0.000616795490453172
1311,299020155,1311,8.4933619,49.4783986,2,Counter({0: 2}),0.0009250480526719307
1312,299022319,1312,8.4878497,49.4756731,3,Counter({0: 3}),0.0006463070640594339
1313,299022320,1313,8.4879056,49.4756509,3,Counter({0: 3}),0.0006540697105191615
1314,299022327,1314,8.4885979,49.4762175,3,Counter({0: 3}),0.007002224180201885
1315,299022333,1315,8.489741,49.4729667,2,Counter({0: 2}),0.003385142588671361
1316,299022360,1316,8.4903284,49.4715197,2,Counter({0: 2}),0.003093547077052898
1317,299022380,1317,8.49088,49.4708058,2,Counter({0: 2}),0.001010939924212665
1318,299049942,1318,8.4837231,49.4698667,3,Counter({0: 3}),0.03626895803158072
1319,299049984,1319,8.4837164,49.4692454,3,"Counter({1: 2, 0: 1})",0.01329279733550351
1320,299049999,1320,8.4839327,49.4685486,4,"Counter({0: 2, 1: 2})",0.03282853810706452
1321,299050005,1321,8.4837241,49.4691759,3,"Counter({1: 2, 0: 1})",0.012643482049812364
1322,299050360,1322,8.4829513,49.4682346,3,"Counter({1: 2, 0: 1})",0.000616795490453172
1323,299050362,1323,8.4829094,49.4681958,4,"Counter({1: 2, 0: 2})",0.015725300490800252
1324,299214663,1324,8.4967893,49.478652,2,Counter({0: 2}),0.006859720026405201
1325,299214664,1325,8.4964712,49.4785391,3,"Counter({1: 2, 0: 1})",0.0014594770117260728
1326,299214674,1326,8.4972994,49.4782261,2,Counter({0: 2}),0.029764063211009238
1327,299214681,1327,8.4955486,49.4761199,3,Counter({0: 3}),0.0025971035358830865
1328,299214695,1328,8.4963689,49.4785124,3,"Counter({1: 2, 0: 1})",0.0005361729817077598
1329,299214698,1329,8.4920455,49.4778432,3,Counter({0: 3}),0.0026231491825305436
1330,299214752,1330,8.5041214,49.4777936,3,Counter({0: 3}),0.004959786858944698
1331,299216241,1331,8.5086387,49.4825132,2,Counter({0: 2}),0.16883573942487987
1332,299217483,1332,8.512242,49.4891137,4,Counter({0: 4}),0.018801632611100134
1333,299217484,1333,8.5122362,49.4890299,2,Counter({0: 2}),0.009887777016464223
1334,299218322,1334,8.5018765,49.4895794,4,Counter({0: 4}),0.004250900389656632
1335,299228980,1335,8.4796051,49.4879743,4,"Counter({0: 2, 1: 2})",0.006284820273204414
1336,299229271,1336,8.4807247,49.4892916,4,"Counter({1: 2, 0: 2})",0.05439436471547036
1337,299453836,1337,8.4803151,49.4896531,4,"Counter({1: 2, 0: 2})",0.002341103405610645
1338,299487288,1338,8.4569417,49.4932604,1,Counter({0: 1}),0.0003084267818281514
1339,299488535,1339,8.4605231,49.495243,3,Counter({0: 3}),0.0025172492287654407
1340,299488664,1340,8.4574717,49.4961384,3,Counter({0: 3}),0.0012704016204618856
1341,299488710,1341,8.4595375,49.4943606,2,Counter({0: 2}),0.009723371781732347
1342,299536158,1342,8.4885941,49.4881985,2,Counter({0: 2}),0.09627132659616229
1343,299553632,1343,8.5147248,49.4805576,2,Counter({0: 2}),0.0014619314710522188
1344,299830381,1344,8.4861713,49.4797831,4,Counter({0: 4}),0.011817315252256204
1345,299830382,1345,8.4863764,49.480001,3,Counter({0: 3}),0.004677499251657825
1346,300114236,1346,8.5244617,49.4966608,2,Counter({0: 2}),0.0003084848550312823
1347,300120061,1347,8.5200705,49.494932,4,"Counter({0: 2, 1: 2})",0.00959867330121259
1348,300120066,1348,8.5106943,49.4936233,2,Counter({0: 2}),0.000616795490453172
1349,300376703,1349,8.4762113,49.4886962,3,Counter({0: 3}),0.02232469649196179
1350,300376915,1350,8.4761167,49.4891322,3,"Counter({1: 2, 0: 1})",0.001000830470750383
1351,300700829,1351,8.4752308,49.4839939,3,Counter({0: 3}),0.0008653519522476849
1352,300700830,1352,8.4755054,49.4842808,3,Counter({0: 3}),0.0007083072583716548
1353,300700833,1353,8.4751329,49.4847932,3,Counter({0: 3}),0.0008526816523518026
1354,300700834,1354,8.4745483,49.48418,3,Counter({0: 3}),0.001145885443441542
1355,300700844,1355,8.4691131,49.4848025,1,Counter({0: 1}),0.0003084267818281514
1356,300992195,1356,8.4928105,49.4767619,2,Counter({0: 2}),0.000616795490453172
1357,301142366,1357,8.4567578,49.4922135,3,"Counter({1: 2, 0: 1})",0.000616795490453172
1358,301224375,1358,8.4621574,49.488289,3,Counter({0: 3}),0.005509190116043466
1359,301224616,1359,8.4629796,49.4879769,3,Counter({0: 3}),0.024351516969136813
1360,303189189,1360,8.4666641,49.4845124,2,Counter({0: 2}),0.003701825388014566
1361,303935475,1361,8.4792835,49.4934084,3,Counter({0: 3}),0.0030388294877139017
1362,304158987,1362,8.4859409,49.5061799,3,Counter({0: 3}),0.010323593656784754
1363,304158988,1363,8.486238,49.5054002,3,Counter({0: 3}),0.002287281015927186
1364,304158989,1364,8.4869275,49.5043968,4,"Counter({1: 2, 0: 1, 2: 1})",0.008450484511470149
1365,304159129,1365,8.4925518,49.5069778,3,Counter({0: 3}),0.018087208597806374
1366,304602258,1366,8.5184198,49.5103222,3,Counter({0: 3}),0.14179256675941904
1367,304729596,1367,8.5293039,49.5083407,3,Counter({0: 3}),0.002049337397971435
1368,304729604,1368,8.5297193,49.5078725,2,Counter({0: 2}),0.00036142632277883836
1369,304729620,1369,8.5293109,49.5078417,3,Counter({0: 3}),0.0006243740434617529
1370,304729630,1370,8.5311744,49.508039,2,Counter({0: 2}),0.000616795490453172
1371,304729644,1371,8.5313931,49.5080353,1,Counter({0: 1}),0.0003084267818281514
1372,304729659,1372,8.5301044,49.5076656,2,Counter({0: 2}),0.029712000720227526
1373,304931028,1373,8.5248082,49.4968748,3,Counter({0: 3}),0.0007709217715625513
1374,304931069,1374,8.5204901,49.4948237,3,"Counter({1: 2, 0: 1})",0.003509069427652363
1375,304931083,1375,8.5201298,49.4951914,2,Counter({0: 2}),0.0018639006233065285
1376,304933518,1376,8.5054394,49.5068222,3,Counter({0: 3}),0.03717025719590096
1377,304933524,1377,8.5076568,49.5053962,2,Counter({0: 2}),0.0009250480526719307
1378,304933547,1378,8.5058047,49.5047088,2,Counter({0: 2}),0.0009250480526719307
1379,304933549,1379,8.5060047,49.5047981,2,Counter({0: 2}),0.000616795490453172
1380,304942652,1380,8.5320253,49.5004276,1,Counter({0: 1}),1.1614640626177797e-07
1381,304942680,1381,8.524731,49.495453,2,Counter({0: 2}),0.000616795490453172
1382,304942682,1382,8.5241668,49.4954542,4,Counter({0: 4}),0.004656549571950288
1383,304942688,1383,8.5336147,49.4978887,1,Counter({0: 1}),0.0003084267818281514
1384,304944526,1384,8.5230474,49.5037447,2,Counter({0: 2}),0.003079563888827912
1385,304944534,1385,8.5229307,49.5037344,2,Counter({0: 2}),0.0027721243514529856
1386,304944537,1386,8.5255365,49.505407,2,Counter({0: 2}),0.003694094524358979
1387,304944546,1387,8.5272414,49.5070369,3,Counter({0: 3}),0.0008497694133696745
1388,304944547,1388,8.5274318,49.5071692,3,Counter({0: 3}),0.008550768057557697
1389,304944559,1389,8.5274462,49.5068885,3,Counter({0: 3}),0.005670086389408021
1390,304944560,1390,8.5274844,49.5071209,4,Counter({0: 4}),0.006849935852304924
1391,304944561,1391,8.5275533,49.5070575,2,Counter({0: 2}),0.0013542970593953456
1392,304944562,1392,8.5277038,49.5069191,3,Counter({0: 3}),0.005351271209863424
1393,305704713,1393,8.4812989,49.4586889,2,Counter({0: 2}),0.004615019379608617
1394,305707074,1394,8.4767082,49.4626768,2,Counter({0: 2}),0.0012331844684844277
1395,305784336,1395,8.5056161,49.5068798,3,Counter({0: 3}),0.03666301114336445
1396,305789434,1396,8.502062,49.4895792,3,Counter({0: 3}),0.0029009449462208416
1397,305791461,1397,8.5202646,49.4914328,3,"Counter({1: 2, 0: 1})",0.005294758481273027
1398,305970298,1398,8.5528017,49.4607938,2,Counter({0: 2}),0.0009247646224353641
1399,305986076,1399,8.4971001,49.4712153,2,Counter({0: 2}),1.7421960939266694e-07
1400,305986792,1400,8.4917082,49.4700562,2,Counter({0: 2}),0.0013216668257877754
1401,306472239,1401,8.4639785,49.4853588,3,"Counter({1: 2, 0: 1})",0.0013213399323210389
1402,306474426,1402,8.4662422,49.5307645,2,Counter({0: 2}),1.4518300782722246e-06
1403,306474625,1403,8.4713592,49.5330123,1,Counter({0: 1}),5.8073203130888986e-08
1404,306475438,1404,8.4700156,49.5324427,1,Counter({0: 1}),5.8073203130888986e-08
1405,307350292,1405,8.4713175,49.5252871,3,Counter({0: 3}),3.4843921878533393e-06
1406,307350302,1406,8.477844,49.5275099,2,Counter({0: 2}),0.0012331844684844277
1407,307408001,1407,8.4746913,49.5041583,2,Counter({0: 2}),2.9036601565444494e-07
1408,307408005,1408,8.4717569,49.5020219,2,Counter({0: 2}),0.003954345709191901
1409,307408014,1409,8.4716631,49.5044986,2,Counter({0: 2}),0.0030503207010430713
1410,307408016,1410,8.4714508,49.5036223,3,Counter({0: 3}),0.00371220836930143
1411,307408020,1411,8.4745811,49.5038088,1,Counter({0: 1}),1.7421960939266694e-07
1412,309122327,1412,8.4619934,49.4893447,3,Counter({0: 3}),0.004232070712539319
1413,309122330,1413,8.4697962,49.4928895,2,Counter({0: 2}),0.0006629194392467792
1414,309429151,1414,8.5054995,49.48312,3,Counter({0: 3}),0.02771643189690357
1415,309442012,1415,8.5147168,49.5285439,2,Counter({0: 2}),0.004615019379608617
1416,309442015,1416,8.5165412,49.5279929,2,Counter({0: 2}),0.0049217620385459725
1417,309442020,1417,8.5048448,49.5220776,4,"Counter({1: 2, 0: 2})",0.0018155845727760146
1418,309442021,1418,8.4997642,49.5266414,3,Counter({0: 3}),0.0012333006148906895
1419,309442022,1419,8.5013776,49.5260353,2,Counter({0: 2}),0.0018491088608906363
1420,309442024,1420,8.5015163,49.5285951,1,Counter({0: 1}),0.0003084267818281514
1421,309442026,1421,8.4972882,49.5263315,2,Counter({0: 2}),0.0009250480526719307
1422,309442027,1422,8.4980758,49.5285191,1,Counter({0: 1}),5.8073203130888986e-08
1423,309442029,1423,8.4972567,49.5288314,1,Counter({0: 1}),5.8073203130888986e-08
1424,309442036,1424,8.4958942,49.5319737,2,Counter({0: 2}),1.7421960939266694e-07
1425,309442037,1425,8.4952715,49.5321958,1,Counter({0: 1}),1.1614640626177797e-07
1426,309442039,1426,8.4940938,49.5315464,2,Counter({0: 2}),0.0015412047378906629
1427,309444121,1427,8.4956129,49.524429,1,Counter({0: 1}),0.0003084267818281514
1428,309444123,1428,8.4885588,49.5250115,2,Counter({0: 2}),1.1033908594868907e-06
1429,309927003,1429,8.552599,49.4999879,2,Counter({0: 2}),8.130248438324458e-07
1430,310007438,1430,8.5432869,49.4888075,2,Counter({0: 2}),0.017711682342366038
1431,310009178,1431,8.5396867,49.4860813,2,Counter({0: 2}),0.019512532371454585
1432,310078874,1432,8.5422504,49.4875915,2,Counter({0: 2}),0.0183115494941065
1433,310079152,1433,8.5410196,49.48672,2,Counter({0: 2}),0.018911939304675
1434,310109850,1434,8.5400639,49.4861446,2,Counter({0: 2}),0.019212206801463266
1435,310110653,1435,8.5339585,49.4868665,2,Counter({0: 2}),0.0015412047378906629
1436,310110668,1436,8.533773,49.4864852,3,Counter({0: 3}),0.003080609206484268
1437,310110925,1437,8.5318457,49.4878327,2,Counter({0: 2}),0.0012331844684844277
1438,310111290,1438,8.5326539,49.4876527,2,Counter({0: 2}),0.0009250480526719307
1439,310111326,1439,8.5325576,49.4871715,1,Counter({0: 1}),0.0003084267818281514
1440,310204228,1440,8.533386,49.4864343,2,Counter({0: 2}),0.0009250480526719305
1441,310204368,1441,8.5315853,49.4865537,2,Counter({0: 2}),2.1487085158428926e-06
1442,310204433,1442,8.5316234,49.4861532,3,Counter({0: 3}),3.223062773764339e-06
1443,310204498,1443,8.5333493,49.4840856,3,Counter({0: 3}),0.04440073855176814
1444,310204575,1444,8.5323278,49.4863167,2,Counter({0: 2}),1.8002692970575585e-06
1445,310204963,1445,8.5254763,49.4906609,2,Counter({0: 2}),0.0010865175116763137
1446,310205128,1446,8.531694,49.489614,3,Counter({0: 3}),0.0030793315960153883
1447,310205460,1447,8.5298748,49.4897535,3,Counter({0: 3}),0.0006166212708437793
1448,310205461,1448,8.5307047,49.4887426,2,Counter({0: 2}),0.0003085429282344132
1449,310205462,1449,8.531402,49.4880688,2,Counter({0: 2}),0.0003088332942500676
1450,310205463,1450,8.5316165,49.4879033,3,Counter({0: 3}),0.00246474288728119
1451,310205464,1451,8.5317949,49.4877584,3,Counter({0: 3}),0.0018493411537031598
1452,310206181,1452,8.5254605,49.4914834,2,Counter({0: 2}),0.000981202886277573
1453,310206377,1453,8.5253703,49.4939219,3,Counter({0: 3}),0.0019523427026959706
1454,310206379,1454,8.5248823,49.493664,3,Counter({0: 3}),0.0020546230930910013
1455,310206405,1455,8.530506,49.4956824,2,Counter({0: 2}),0.005228388551077066
1456,310399254,1456,8.5252904,49.4891703,2,Counter({0: 2}),0.001371302006041981
1457,310399259,1457,8.5191171,49.4902606,2,Counter({0: 2}),0.00045349281592003726
1458,310399285,1458,8.5210245,49.4922099,2,Counter({0: 2}),0.001936979122785746
1459,310399395,1459,8.5254844,49.4900675,2,Counter({0: 2}),0.001215113684177954
1460,310399953,1460,8.5253795,49.4920801,2,Counter({0: 2}),0.0008902262051446945
1461,310399959,1461,8.5251944,49.4928517,2,Counter({0: 2}),0.000817240815819874
1462,310400393,1462,8.5250756,49.4849517,1,Counter({0: 1}),0.0003084267818281514
1463,310400491,1463,8.5249123,49.4842998,2,Counter({0: 2}),0.017521773023141014
1464,310400602,1464,8.5262338,49.4850501,1,Counter({0: 1}),0.0003084267818281514
1465,310400605,1465,8.525976,49.4844566,3,Counter({0: 3}),0.05078368045429041
1466,310401311,1466,8.5337234,49.4808875,2,Counter({0: 2}),0.000616795490453172
1467,310401767,1467,8.5386104,49.4849908,2,Counter({0: 2}),0.02609571067837056
1468,310401862,1468,8.537037,49.4845296,2,Counter({0: 2}),0.000616795490453172
1469,310401973,1469,8.5371407,49.4852843,2,Counter({0: 2}),0.0009250480526719305
1470,310403239,1470,8.5356025,49.486304,2,Counter({0: 2}),0.003694094524358979
1471,310403452,1471,8.5373618,49.4854464,2,Counter({0: 2}),0.0012331844684844277
1472,310403809,1472,8.5360093,49.4862067,2,Counter({0: 2}),0.00400118562251512
1473,310404367,1473,8.5382188,49.4852331,2,Counter({0: 2}),0.02579744670709036
1474,310405548,1474,8.5306541,49.4860647,3,"Counter({1: 2, 0: 1})",2.9617333596753385e-06
1475,310405559,1475,8.5316377,49.486066,3,Counter({0: 3}),3.1069163675025608e-06
1476,310405637,1476,8.5308578,49.4866895,3,Counter({0: 3}),3.919941211335007e-06
1477,311321219,1477,8.5422981,49.486587,2,Counter({0: 2}),0.001506308550129367
1478,311321220,1478,8.5421691,49.4858041,3,Counter({0: 3}),0.00270996279482186
1479,311326224,1479,8.5413537,49.4850431,3,Counter({0: 3}),0.004519117291958434
1480,311326477,1480,8.5425996,49.4846874,2,Counter({0: 2}),0.0009250480526719307
1481,311326480,1481,8.543614,49.4845038,2,Counter({0: 2}),0.000616795490453172
1482,311327410,1482,8.542963,49.483375,2,Counter({0: 2}),6.388052344397788e-07
1483,311333055,1483,8.5392279,49.4842248,2,Counter({0: 2}),0.03766041415717838
1484,311333727,1484,8.5374667,49.4838868,3,Counter({0: 3}),0.03861719921536134
1485,311333776,1485,8.5367645,49.4835748,2,Counter({0: 2}),0.0024645686676717975
1486,311334119,1486,8.536612,49.4839402,3,"Counter({1: 2, 0: 1})",0.04351767742495984
1487,311334207,1487,8.5368857,49.4839108,3,"Counter({1: 2, 2: 1})",0.0008336408309439114
1488,311335525,1488,8.5368514,49.4859533,2,Counter({0: 2}),0.004308160574264999
1489,313827118,1489,8.5169081,49.5126538,2,Counter({0: 2}),0.003694094524358979
1490,314591756,1490,8.4783859,49.508652,3,Counter({0: 3}),0.0022563568767132247
1491,314591763,1491,8.4795367,49.5079478,3,"Counter({1: 2, 0: 1})",0.000616795490453172
1492,314597916,1492,8.473181,49.4979668,3,Counter({0: 3}),0.04978849006677219
1493,314854782,1493,8.4725704,49.4648686,2,Counter({1: 2}),0.0003084267818281514
1494,314933652,1494,8.5132998,49.5085994,3,Counter({0: 3}),0.002464917106890583
1495,314933653,1495,8.5100572,49.5100234,2,Counter({0: 2}),0.0012331844684844277
1496,314933658,1496,8.5118886,49.5092916,2,Counter({0: 2}),0.0018491088608906363
1497,314933661,1497,8.5062,49.5074045,2,Counter({0: 2}),0.01765938466061383
1498,314973987,1498,8.5004274,49.4741464,1,Counter({0: 1}),1.7421960939266694e-07
1499,314974013,1499,8.5088334,49.4667434,1,Counter({0: 1}),1.7421960939266694e-07
1500,314974018,1500,8.5049522,49.4717072,1,Counter({0: 1}),1.7421960939266694e-07
1501,314974033,1501,8.5071102,49.4678317,1,Counter({0: 1}),1.7421960939266694e-07
1502,314974037,1502,8.5078155,49.4674768,2,Counter({0: 2}),2.9036601565444494e-07
1503,314974039,1503,8.505173,49.4691313,1,Counter({0: 1}),1.7421960939266694e-07
1504,314974063,1504,8.5058177,49.4686693,1,Counter({0: 1}),5.8073203130888986e-08
1505,314974078,1505,8.5007133,49.4718032,2,Counter({0: 2}),6.446125547528678e-06
1506,315231966,1506,8.5008567,49.4617863,2,Counter({0: 2}),0.0009250480526719307
1507,315829627,1507,8.5093113,49.5089832,2,Counter({0: 2}),0.000616795490453172
1508,315829635,1508,8.5132724,49.5129729,2,Counter({0: 2}),0.0012331844684844277
1509,315829637,1509,8.5143258,49.5127117,2,Counter({0: 2}),0.0024645686676717975
1510,315829644,1510,8.5113859,49.5079057,2,Counter({0: 2}),0.016576319422222707
1511,315829649,1511,8.5068458,49.5094801,1,Counter({0: 1}),6.388052344397788e-07
1512,315829657,1512,8.5105336,49.507805,3,Counter({0: 3}),0.01748652977149474
1513,315829660,1513,8.510411,49.5082012,2,Counter({0: 2}),0.0009250480526719308
1514,315829665,1514,8.5088272,49.5075848,2,Counter({0: 2}),0.017474014996220033
1515,315829670,1515,8.5083322,49.510456,1,Counter({0: 1}),0.0003084267818281514
1516,315829672,1516,8.507831,49.5092833,1,Counter({0: 1}),0.0003084267818281514
1517,315829674,1517,8.509663,49.5136608,3,"Counter({1: 2, 0: 1})",0.004169107473637312
1518,315829676,1518,8.5090073,49.5120908,1,Counter({0: 1}),5.8073203130888986e-08
1519,315829681,1519,8.5091225,49.5102954,2,Counter({0: 2}),0.000616795490453172
1520,315829692,1520,8.5109009,49.5134261,1,Counter({0: 1}),0.0003084267818281514
1521,315829700,1521,8.5151958,49.5125831,2,Counter({0: 2}),0.003079563888827912
1522,315829715,1522,8.5178479,49.5117906,2,Counter({0: 2}),0.007982800575575131
1523,316059267,1523,8.4960265,49.4618453,2,Counter({0: 2}),0.003694094524358979
1524,316059272,1524,8.4961658,49.4619083,2,Counter({0: 2}),0.0033868872797965764
1525,316102663,1525,8.5001831,49.5028145,2,Counter({0: 2}),0.0012331844684844277
1526,316102803,1526,8.4976086,49.5027369,3,Counter({0: 3}),0.018303657345801416
1527,316102807,1527,8.4972071,49.5027374,3,Counter({0: 3}),0.010083777174337985
1528,318319126,1528,8.522162,49.4776985,3,Counter({0: 3}),0.0007682024244966222
1529,319714086,1529,8.4614542,49.4887704,2,Counter({0: 2}),0.00033101338275381926
1530,322724116,1530,8.524538,49.4744621,3,Counter({0: 3}),0.001706645736484638
1531,322724128,1531,8.525215,49.4757251,3,Counter({0: 3}),0.035125919419859784
1532,322724129,1532,8.5285256,49.4756207,3,Counter({0: 3}),0.008878495059664662
1533,322724134,1533,8.5292173,49.4752783,3,"Counter({1: 2, 0: 1})",0.004242024647237877
1534,322724138,1534,8.5296418,49.4752901,3,"Counter({1: 2, 0: 1})",0.0009250480526719307
1535,322724145,1535,8.5343617,49.4749583,1,Counter({0: 1}),0.0003084267818281514
1536,322724146,1536,8.5340476,49.4735437,2,Counter({0: 2}),0.001171286524237154
1537,322724162,1537,8.5398339,49.4745558,3,Counter({0: 3}),0.004595020555438443
1538,322724819,1538,8.5404709,49.4745053,3,Counter({0: 3}),0.001238859463267356
1539,322724822,1539,8.540945,49.4743501,3,"Counter({1: 2, 0: 1})",0.0003605594392260908
1540,322724824,1540,8.5411875,49.4744379,3,"Counter({1: 2, 0: 1})",0.0004657323188330401
1541,322724825,1541,8.5409433,49.474465,3,"Counter({1: 2, 0: 1})",0.0006393377416455525
1542,322725090,1542,8.5371915,49.4746951,1,Counter({0: 1}),0.0003084267818281514
1543,322725722,1543,8.4895192,49.4874136,1,Counter({0: 1}),0.0003084267818281514
1544,322726027,1544,8.4930186,49.4900355,2,Counter({0: 2}),0.0007468144279604829
1545,322884488,1545,8.482002,49.5314427,2,Counter({0: 2}),0.013470618907704453
1546,323088711,1546,8.5108057,49.5072644,4,Counter({1: 4}),0.0016584923030421492
1547,325218132,1547,8.4680124,49.4701888,2,Counter({0: 2}),0.0020155481833718622
1548,325218133,1548,8.4715468,49.4682537,2,Counter({0: 2}),0.0005320735337639975
1549,325218137,1549,8.4687576,49.4675044,1,Counter({0: 1}),1.7421960939266694e-07
1550,327457916,1550,8.5055589,49.4654292,2,Counter({0: 2}),0.0009250480526719307
1551,327459560,1551,8.502737,49.4664546,3,Counter({0: 3}),0.01606272476978513
1552,327459652,1552,8.5036885,49.467525,3,Counter({0: 3}),0.0037500957250871042
1553,327459985,1553,8.5037427,49.4660816,3,Counter({0: 3}),0.00795029706123856
1554,327460130,1554,8.5046797,49.4671518,2,Counter({0: 2}),0.00033983150532178536
1555,327460166,1555,8.5046861,49.4657288,3,Counter({0: 3}),0.0077273514467509265
1556,327460442,1556,8.5056264,49.4667995,2,Counter({0: 2}),0.0008494804500971582
1557,327463672,1557,8.5051672,49.4655489,3,Counter({0: 3}),0.0050537784917273525
1558,327467830,1558,8.5057223,49.465562,2,Counter({0: 2}),0.000616795490453172
1559,327468053,1559,8.5061597,49.4660555,1,Counter({0: 1}),0.0003084267818281514
1560,327468765,1560,8.5021286,49.4657702,3,Counter({0: 3}),0.022017054528810656
1561,327474629,1561,8.507034,49.4662695,2,Counter({0: 2}),0.00030884297311725614
1562,327478090,1562,8.5061727,49.4665938,2,Counter({0: 2}),0.0005640667541932148
1563,327484525,1563,8.5047572,49.4679847,2,Counter({0: 2}),0.000982055197716774
1564,327484526,1564,8.5041901,49.4673376,3,Counter({0: 3}),0.0017721277669725875
1565,327485938,1565,8.5038847,49.4684423,3,Counter({0: 3}),0.0012333006148906895
1566,327485939,1566,8.5032106,49.4677018,2,Counter({0: 2}),0.0017057795260541657
1567,327508448,1567,8.5020211,49.4694772,1,Counter({0: 1}),5.8073203130888986e-08
1568,327514185,1568,8.4997002,49.4702347,2,Counter({0: 2}),2.2648549221046703e-06
1569,329590357,1569,8.5045491,49.4648518,3,Counter({0: 3}),0.005784665234569201
1570,331094537,1570,8.4750279,49.5148871,2,Counter({0: 2}),0.017728700112829666
1571,331094538,1571,8.4776904,49.5168248,1,Counter({0: 1}),0.0003084267818281514
1572,331097105,1572,8.4829156,49.5132869,5,"Counter({1: 4, 0: 1})",0.005286670592882545
1573,332070572,1573,8.512751,49.5156657,2,Counter({0: 2}),0.0009250480526719307
1574,332070576,1574,8.5097715,49.513639,3,Counter({0: 3}),0.004778008880011521
1575,336028777,1575,8.473972,49.4999783,2,Counter({0: 2}),0.0005142224230910599
1576,338590007,1576,8.5437612,49.456074,2,Counter({0: 2}),0.00522314866794964
1577,340079444,1577,8.4961538,49.5038979,2,Counter({0: 2}),0.000616795490453172
1578,340463966,1578,8.5531249,49.5023334,1,Counter({0: 1}),3.484392187853339e-07
1579,343566863,1579,8.5243472,49.519485,2,Counter({0: 2}),0.0055348989172018985
1580,343567120,1580,8.5217844,49.5151796,2,Counter({0: 2}),0.013876279537775524
1581,343567190,1581,8.5204594,49.5159212,2,Counter({0: 2}),0.0003933840137873403
1582,343567191,1582,8.5196131,49.5162541,2,Counter({0: 2}),0.0007399306241019105
1583,343567216,1583,8.5200365,49.5168827,3,Counter({0: 3}),0.0018494573001094218
1584,343567759,1584,8.521715,49.522335,3,Counter({0: 3}),0.07127791709539207
1585,343567760,1585,8.52129,49.5238446,4,Counter({0: 4}),0.06372348382384117
1586,343567762,1586,8.5208669,49.5253152,2,Counter({0: 2}),0.005841293136920469
1587,343763158,1587,8.5437774,49.5198383,2,Counter({0: 2}),0.015172952258523761
1588,343763169,1588,8.5419617,49.5193683,3,Counter({0: 3}),0.014991705791552254
1589,343763217,1589,8.5440346,49.5167018,3,Counter({0: 3}),0.007377184176724655
1590,343763222,1590,8.5439358,49.5162762,2,Counter({0: 2}),0.0018491088608906363
1591,343763257,1591,8.5464363,49.5149616,3,"Counter({1: 2, 0: 1})",0.0007705442957422005
1592,343768329,1592,8.5377378,49.5181154,3,Counter({0: 3}),0.004310468016202733
1593,343770659,1593,8.5497184,49.5151776,2,Counter({0: 2}),1.2195372657486686e-06
1594,343770662,1594,8.5497814,49.5125426,2,Counter({0: 2}),5.226588281780008e-07
1595,343770667,1595,8.5497333,49.5144417,2,Counter({0: 2}),1.8002692970575585e-06
1596,343770671,1596,8.54975,49.5137859,2,Counter({0: 2}),3.1940261721988942e-06
1597,343770675,1597,8.5482495,49.5150632,2,Counter({0: 2}),0.000616795490453172
1598,345575483,1598,8.5014735,49.4620778,2,Counter({0: 2}),0.000616795490453172
1599,345810040,1599,8.5209239,49.5267963,2,Counter({0: 2}),0.0055348989172018985
1600,346345182,1600,8.5011486,49.5197665,3,Counter({0: 3}),0.0008642908305659701
1601,347496507,1601,8.516543,49.5079634,2,Counter({0: 2}),0.13480572740687127
1602,347497653,1602,8.5256619,49.5101759,2,Counter({0: 2}),0.007907131806645824
1603,347497661,1603,8.5244332,49.5102021,2,Counter({0: 2}),0.0009250480526719307
1604,347497662,1604,8.5241932,49.510408,2,Counter({0: 2}),0.000616795490453172
1605,352677666,1605,8.4998958,49.4609591,2,Counter({0: 2}),0.0021568968374843477
1606,352678801,1606,8.5146936,49.4607409,1,Counter({0: 1}),2.3229281252355594e-07
1607,352679337,1607,8.5208063,49.4661632,1,Counter({0: 1}),0.0003084267818281514
1608,352679344,1608,8.521788,49.4679153,3,Counter({0: 3}),0.0009251061258750615
1609,352679846,1609,8.5204957,49.4693568,2,Counter({0: 2}),0.000616795490453172
1610,352679847,1610,8.5208155,49.4697812,2,Counter({0: 2}),0.0009250480526719307
1611,352679851,1611,8.5212348,49.4703514,2,Counter({0: 2}),0.0021568968374843477
1612,352679857,1612,8.5223058,49.4700882,2,Counter({0: 2}),0.0018491088608906363
1613,352679858,1613,8.5222489,49.4699387,2,Counter({0: 2}),0.0015412047378906629
1614,352679862,1614,8.5222022,49.4697918,2,Counter({0: 2}),0.0012331844684844277
1615,352679911,1615,8.5220053,49.4690586,1,Counter({0: 1}),0.0003084267818281514
1616,352680025,1616,8.5219201,49.4686169,1,Counter({0: 1}),0.0003084267818281514
1617,354540158,1617,8.4888088,49.4981019,3,"Counter({1: 2, 0: 1})",0.0014054471062468973
1618,354540162,1618,8.4888177,49.498219,4,Counter({1: 4}),0.0013499199230158426
1619,354540166,1619,8.4887337,49.4987678,4,"Counter({1: 2, 0: 1, 2: 1})",0.056895760441564455
1620,354540172,1620,8.4891818,49.4984035,2,Counter({0: 2}),0.0019443986602482941
1621,354543177,1621,8.4963329,49.5028068,4,Counter({0: 4}),0.0011708638362255283
1622,354578651,1622,8.4969858,49.5032471,1,Counter({0: 1}),0.0003084267818281514
1623,354578668,1623,8.497049,49.5026545,3,Counter({0: 3}),0.016148902762629744
1624,354578674,1624,8.4968774,49.502833,4,Counter({0: 4}),0.047340788189094006
1625,354578677,1625,8.4968135,49.5029039,3,Counter({0: 3}),0.0006339005087559347
1626,354579727,1626,8.5019574,49.5047484,2,Counter({0: 2}),0.013766775461005413
1627,359217252,1627,8.4854924,49.4790325,3,Counter({0: 3}),0.009044246215574292
1628,359581400,1628,8.5411233,49.5215224,2,Counter({0: 2}),0.015766131313037064
1629,360636941,1629,8.4980302,49.5003849,1,Counter({0: 1}),5.8073203130888986e-08
1630,364348486,1630,8.5527465,49.4638684,2,Counter({0: 2}),0.0015663851342457632
1631,364348541,1631,8.5519363,49.4641731,2,Counter({0: 2}),0.0018290404722734672
1632,364348542,1632,8.5517,49.4646747,2,Counter({0: 2}),0.002117950605068571
1633,364348544,1633,8.5516368,49.4648381,2,Counter({0: 2}),0.0024228058849041505
1634,364348597,1634,8.5491811,49.4642577,2,Counter({0: 2}),0.004253999162628895
1635,364350165,1635,8.5525759,49.468998,2,Counter({0: 2}),0.004308160574264999
1636,364350166,1636,8.5499785,49.4693421,2,Counter({0: 2}),0.005228388551077066
1637,364350167,1637,8.5489907,49.4694585,2,Counter({0: 2}),0.006350355753333744
1638,366539564,1638,8.5258838,49.5043976,1,Counter({0: 1}),2.9036601565444494e-07
1639,366539585,1639,8.5255996,49.5036576,3,Counter({0: 3}),5.807320313088899e-07
1640,366539588,1640,8.5269159,49.5056001,1,Counter({0: 1}),1.7421960939266694e-07
1641,366539590,1641,8.5281637,49.5062486,2,Counter({0: 2}),0.0029430274318565206
1642,366539592,1642,8.5282963,49.5061421,2,Counter({0: 2}),0.0026371558709661217
1643,366539594,1643,8.5289676,49.5060354,4,Counter({0: 4}),0.002333481412927514
1644,366539597,1644,8.5296489,49.5048658,2,Counter({0: 2}),0.00041232242026161865
1645,366539598,1645,8.5306505,49.504059,3,Counter({0: 3}),0.0006408605175619807
1646,366539604,1646,8.5293563,49.5033842,1,Counter({0: 1}),1.7421960939266694e-07
1647,366539619,1647,8.5289497,49.5054264,2,Counter({0: 2}),0.0007156581179486284
1648,366539767,1648,8.5161784,49.5074579,2,Counter({0: 2}),0.017492764540365587
1649,366539769,1649,8.5152272,49.5074776,2,Counter({0: 2}),0.017663624980964715
1650,366539770,1650,8.5142777,49.5074989,2,Counter({0: 2}),0.017835470034128054
1651,366539772,1651,8.5133435,49.5075188,2,Counter({0: 2}),0.01801086457949827
1652,366539779,1652,8.5141854,49.5056181,2,Counter({0: 2}),0.0011394319298142555
1653,366539782,1653,8.5161764,49.5055167,2,Counter({0: 2}),0.0008482236054972437
1654,366539791,1654,8.5370658,49.5078207,1,Counter({0: 1}),1.1614640626177797e-07
1655,366539799,1655,8.5370922,49.5084376,2,Counter({0: 2}),0.000616795490453172
1656,366539800,1656,8.5366266,49.5089535,2,Counter({0: 2}),0.0009250480526719307
1657,366539815,1657,8.5365567,49.5076288,2,Counter({0: 2}),1.7421960939266694e-07
1658,366540559,1658,8.5263832,49.5053232,1,Counter({0: 1}),1.7421960939266694e-07
1659,366548831,1659,8.511668,49.5074183,3,Counter({0: 3}),0.01880512206274752
1660,366548842,1660,8.5110815,49.5073373,4,"Counter({0: 2, 1: 2})",0.01930501830736944
1661,366548866,1661,8.5102621,49.5068439,1,Counter({0: 1}),0.0003084267818281514
1662,366549272,1662,8.5115044,49.5073561,2,Counter({0: 2}),0.0004901726783465817
1663,366863046,1663,8.5522172,49.5078249,2,Counter({0: 2}),8.710980469633348e-07
1664,366864863,1664,8.5398829,49.5102142,1,Counter({0: 1}),5.8073203130888986e-08
1665,366869248,1665,8.5506944,49.5088638,1,Counter({0: 1}),1.1614640626177797e-07
1666,366869256,1666,8.5518904,49.5082894,1,Counter({0: 1}),5.8073203130888986e-08
1667,366869528,1667,8.5506941,49.5102607,1,Counter({0: 1}),1.1614640626177797e-07
1668,366970609,1668,8.5224833,49.5114844,2,Counter({0: 2}),0.0009250480526719307
1669,367010508,1669,8.5194591,49.5122997,2,Counter({0: 2}),0.0009250480526719307
1670,367010510,1670,8.5171641,49.5087369,3,Counter({0: 3}),0.14921963392191742
1671,367010512,1671,8.5151801,49.5096262,1,Counter({0: 1}),5.8073203130888986e-08
1672,367012394,1672,8.5182919,49.5104303,3,"Counter({1: 2, 0: 1})",0.0023783731782704787
1673,367644071,1673,8.4997168,49.4889819,1,Counter({0: 1}),0.0003084267818281514
1674,369957710,1674,8.5535636,49.5009995,2,Counter({0: 2}),6.388052344397788e-07
1675,369957711,1675,8.55228,49.5048992,2,Counter({0: 2}),8.130248438324458e-07
1676,371577031,1676,8.4825252,49.4616919,2,Counter({0: 2}),0.003830738172281765
1677,371577388,1677,8.4804945,49.4628429,1,Counter({0: 1}),0.0003084267818281514
1678,371577392,1678,8.4816689,49.4613935,3,Counter({0: 3}),0.004428799247404998
1679,373112691,1679,8.5529203,49.5029491,1,Counter({0: 1}),3.484392187853339e-07
1680,373112693,1680,8.5526898,49.5036056,2,Counter({0: 2}),6.388052344397788e-07
1681,375620471,1681,8.4875226,49.4607617,3,Counter({0: 3}),0.01511463415197503
1682,375620477,1682,8.4864198,49.4620848,2,Counter({0: 2}),0.0078565653880608
1683,375705440,1683,8.477788,49.5160958,1,Counter({0: 1}),0.0003084267818281514
1684,375705466,1684,8.4768273,49.515452,3,Counter({0: 3}),0.017224363997501674
1685,375908039,1685,8.5463835,49.5181812,2,Counter({0: 2}),2.0325621095811145e-06
1686,376075546,1686,8.4723121,49.4804608,2,Counter({0: 2}),0.0003459755316922476
1687,376078447,1687,8.4560903,49.4844613,3,"Counter({1: 2, 0: 1})",0.001084290943355934
1688,376624411,1688,8.4660209,49.4811444,2,Counter({0: 2}),0.000616795490453172
1689,378372192,1689,8.5403975,49.4542154,2,Counter({0: 2}),0.005031979040796667
1690,378372584,1690,8.5530839,49.4613544,2,Counter({0: 2}),0.005711265719938466
1691,378372649,1691,8.55288,49.4612351,3,Counter({0: 3}),0.007384560687459727
1692,378372674,1692,8.5529681,49.4612867,3,Counter({0: 3}),0.006283191981051965
1693,378372786,1693,8.5525615,49.4607938,3,Counter({0: 3}),0.007824222883424875
1694,378372791,1694,8.5527386,49.4611524,3,Counter({0: 3}),0.014817901576452776
1695,380902980,1695,8.5290274,49.5065707,1,Counter({0: 1}),0.0003084267818281514
1696,382651478,1696,8.4654998,49.4819368,2,Counter({0: 2}),0.0006375621312382634
1697,382656460,1697,8.4742438,49.4836302,3,"Counter({1: 2, 0: 1})",0.03330640633219803
1698,384885694,1698,8.5433992,49.5122505,1,Counter({0: 1}),5.8073203130888986e-08
1699,385667909,1699,8.501554,49.5044283,3,"Counter({1: 2, 0: 1})",0.000309933781449398
1700,385667914,1700,8.4978248,49.502869,3,Counter({0: 3}),0.018008326071279283
1701,386100405,1701,8.4979539,49.5029472,2,Counter({0: 2}),0.000616795490453172
1702,392810469,1702,8.5304253,49.495826,2,Counter({0: 2}),0.0055348989172018985
1703,392810516,1703,8.5399093,49.491882,1,Counter({0: 1}),0.0003084267818281514
1704,392896517,1704,8.4833758,49.4619884,2,Counter({0: 2}),0.0035350158715252112
1705,393158631,1705,8.491431,49.4610621,1,Counter({0: 1}),0.0003084267818281514
1706,393406874,1706,8.5513399,49.4984304,1,Counter({0: 1}),5.8073203130888986e-08
1707,393688582,1707,8.498078,49.5028481,1,Counter({0: 1}),0.0003084267818281514
1708,393849213,1708,8.5249588,49.4841932,2,Counter({0: 2}),0.017656291749001133
1709,402738612,1709,8.4747091,49.5168635,4,"Counter({1: 2, 0: 1, 2: 1})",0.0005963309471275648
1710,402738693,1710,8.474807,49.5161949,3,Counter({0: 3}),0.0040952141671626845
1711,402916826,1711,8.475634,49.5161186,2,Counter({0: 2}),0.05375347105099053
1712,402982701,1712,8.5457843,49.4919878,3,Counter({0: 3}),0.014375789142239045
1713,402982709,1713,8.5442719,49.492727,1,Counter({0: 1}),0.0003084267818281514
1714,402982724,1714,8.5453453,49.4911489,3,Counter({0: 3}),0.014981841090113003
1715,402982780,1715,8.5445372,49.4851343,1,Counter({0: 1}),3.484392187853339e-07
1716,402982787,1716,8.543984,49.484391,1,Counter({0: 1}),0.0003084267818281514
1717,403187926,1717,8.5541651,49.4621918,1,Counter({0: 1}),0.0003084267818281514
1718,403872095,1718,8.5209586,49.5165962,2,Counter({0: 2}),0.0009250480526719307
1719,406253115,1719,8.5276846,49.4741566,1,Counter({0: 1}),0.0003084267818281514
1720,406253882,1720,8.5399006,49.4744109,2,Counter({0: 2}),0.00032801584113091906
1721,406254680,1721,8.5406018,49.4742803,3,Counter({0: 3}),0.0004054532863990714
1722,406256480,1722,8.5395741,49.4730019,1,Counter({0: 1}),0.0003084267818281514
1723,406263188,1723,8.5394808,49.4726047,2,Counter({0: 2}),0.000616795490453172
1724,409495032,1724,8.4767929,49.5033668,2,Counter({0: 2}),0.00040779975732615456
1725,409495862,1725,8.4765437,49.501969,3,Counter({0: 3}),0.05445203518394139
1726,409495865,1726,8.4763984,49.5019427,3,Counter({0: 3}),0.0526094574918891
1727,409496322,1727,8.4768428,49.5029477,3,Counter({0: 3}),0.05439931566270005
1728,409496324,1728,8.4766929,49.5029761,3,Counter({0: 3}),0.0006084776784505796
1729,409783249,1729,8.4841645,49.497234,3,"Counter({1: 2, 0: 1})",0.008994469701972626
1730,409798253,1730,8.5298718,49.50316,2,Counter({0: 2}),0.0009250480526719307
1731,409798270,1731,8.5269406,49.4997991,1,Counter({0: 1}),5.8073203130888986e-08
1732,409798277,1732,8.5262745,49.5014608,2,Counter({0: 2}),1.7421960939266694e-07
1733,409798296,1733,8.5321513,49.50832,3,Counter({0: 3}),0.0018493411537031598
1734,409798297,1734,8.5327474,49.5079216,2,Counter({0: 2}),0.0021568968374843477
1735,409798303,1735,8.5366953,49.5105678,3,Counter({0: 3}),0.0029265990717811502
1736,409798304,1736,8.5363422,49.5094609,3,Counter({0: 3}),0.005384257028280372
1737,409798306,1737,8.5358032,49.5096778,3,Counter({0: 3}),0.007068554138685545
1738,409798307,1738,8.5366077,49.5090296,3,Counter({0: 3}),0.008292272675059638
1739,409798308,1739,8.5364738,49.5093718,3,Counter({0: 3}),0.008900415258246308
1740,409798311,1740,8.5335588,49.5082445,2,Counter({0: 2}),0.009203963891011465
1741,409798315,1741,8.5324251,49.5070489,2,Counter({0: 2}),0.009508964353854893
1742,409798317,1742,8.5322167,49.5063774,2,Counter({0: 2}),0.00981384867029206
1743,410624613,1743,8.5372607,49.5063653,1,Counter({0: 1}),0.0003084267818281514
1744,411034871,1744,8.5526155,49.5080033,2,Counter({0: 2}),6.388052344397788e-07
1745,411034872,1745,8.5530009,49.5082023,1,Counter({0: 1}),3.484392187853339e-07
1746,411758474,1746,8.5064379,49.4776906,1,Counter({0: 1}),0.0003084267818281514
1747,411759721,1747,8.5061295,49.4780399,3,"Counter({1: 2, 0: 1})",0.005239052023943146
1748,412123597,1748,8.4631874,49.4846595,3,"Counter({1: 2, 0: 1})",0.0007511932392436205
1749,412123598,1749,8.4630771,49.4844598,4,Counter({1: 4}),0.00041737061129724614
1750,412123601,1750,8.462794,49.4845647,3,"Counter({1: 2, 0: 1})",0.0003575251434130364
1751,412123619,1751,8.458012,49.4841472,1,Counter({0: 1}),0.0003084267818281514
1752,412123623,1752,8.4599523,49.4836148,3,"Counter({1: 2, 0: 1})",0.000616795490453172
1753,412240634,1753,8.4826871,49.4811415,4,Counter({0: 4}),0.008410938584864823
1754,413010368,1754,8.5292533,49.4842727,3,Counter({0: 3}),0.04904845314473944
1755,416352918,1755,8.5375253,49.4540516,2,Counter({0: 2}),0.00417928916088525
1756,416571017,1756,8.5270923,49.4622351,2,Counter({0: 2}),0.007191788930530193
1757,416571023,1757,8.5305249,49.4546086,2,Counter({0: 2}),0.0029387270146810063
1758,416571027,1758,8.5345742,49.4539501,3,Counter({0: 3}),0.004518720204002781
1759,416571028,1759,8.522953,49.4576577,3,Counter({0: 3}),0.005162172159268509
1760,416571029,1760,8.5183875,49.4623395,2,Counter({0: 2}),0.017250329906539227
1761,416571031,1761,8.5347546,49.4593406,2,Counter({0: 2}),0.006975755928267954
1762,416628937,1762,8.5338403,49.4583032,2,Counter({0: 2}),0.006766211084111315
1763,417279202,1763,8.5058372,49.5098179,2,Counter({0: 2}),2.0325621095811145e-06
1764,417279209,1764,8.5044292,49.5100714,2,Counter({0: 2}),2.2648549221046703e-06
1765,418244019,1765,8.4562958,49.4866595,3,Counter({0: 3}),0.0021294758648701373
1766,418244037,1766,8.4577309,49.4904411,2,Counter({0: 2}),0.0011620863071717057
1767,419622485,1767,8.4564615,49.4866007,1,Counter({0: 1}),0.0003084267818281514
1768,419622507,1768,8.4656094,49.4833032,4,"Counter({0: 2, 1: 2})",0.0022356529335746055
1769,420009449,1769,8.4609,49.4950886,2,Counter({0: 2}),0.0013509428901301713
1770,420235548,1770,8.4727213,49.4808902,3,Counter({0: 3}),0.0013613735049121647
1771,420235549,1771,8.4732329,49.4806799,2,Counter({0: 2}),0.000468849436057828
1772,420235550,1772,8.4733778,49.4798761,3,Counter({0: 3}),0.0033147817923536373
1773,420235560,1773,8.4776613,49.4764358,4,"Counter({1: 2, 0: 2})",0.005383937585589872
1774,420259919,1774,8.4828784,49.4740763,3,"Counter({1: 2, 0: 1})",0.00036257873853427807
1775,420265558,1775,8.5048471,49.4772167,3,Counter({0: 3}),0.0019155008590989637
1776,420268870,1776,8.5012373,49.4726228,2,Counter({0: 2}),6.736491563183122e-06
1777,420276678,1777,8.4742544,49.4815468,3,Counter({0: 3}),0.001066438587036361
1778,420340784,1778,8.4852559,49.4730093,3,Counter({0: 3}),0.01100228263303064
1779,423084909,1779,8.5442119,49.5137402,1,Counter({0: 1}),0.0003084267818281514
1780,423084912,1780,8.5428094,49.5132101,1,Counter({0: 1}),1.7421960939266694e-07
1781,423084915,1781,8.5456112,49.514503,2,Counter({0: 2}),0.0009250480526719307
1782,423091278,1782,8.5349553,49.5270808,2,Counter({0: 2}),0.0018491088608906363
1783,427688019,1783,8.5139678,49.5235875,1,Counter({0: 1}),0.0003084267818281514
1784,428277617,1784,8.5113029,49.4776417,2,Counter({0: 2}),0.00153842630231306
1785,440814851,1785,8.4872972,49.4594325,3,"Counter({1: 2, 0: 1})",0.0007018578692845513
1786,440814853,1786,8.4873872,49.4594907,3,"Counter({1: 2, 0: 1})",0.0141346543390843
1787,440814856,1787,8.4874052,49.4593569,3,"Counter({1: 2, 0: 1})",0.013159910488287622
1788,440814858,1788,8.4867079,49.4592925,2,Counter({0: 2}),0.0004036570424923531
1789,440814861,1789,8.4876383,49.4597938,2,Counter({0: 2}),0.014437448020208755
1790,440814862,1790,8.4876649,49.4590072,2,Counter({0: 2}),0.012856303782319334
1791,440814865,1791,8.4877467,49.4587831,2,Counter({0: 2}),0.012552580929944785
1792,440814880,1792,8.4860384,49.4590961,2,Counter({0: 2}),0.0008473028974350424
1793,440814883,1793,8.4866208,49.4594024,3,Counter({0: 3}),0.0006318415213489727
1794,440814884,1794,8.4858151,49.459104,2,Counter({0: 2}),0.0011500965785595134
1795,440814912,1795,8.4879568,49.4586997,2,Counter({0: 2}),0.012248741931163975
1796,440814915,1796,8.4865335,49.4595139,1,Counter({0: 1}),0.0003084267818281514
1797,441311622,1797,8.5309814,49.47384,3,Counter({0: 3}),0.001847848478687892
1798,441311623,1798,8.5239969,49.4717614,3,Counter({0: 3}),0.0006282887929763394
1799,441311624,1799,8.5303743,49.4711313,4,Counter({0: 4}),0.01201416878273352
1800,441311625,1800,8.5301494,49.4699265,2,Counter({0: 2}),0.009321781262835463
1801,441809422,1801,8.5018928,49.4735245,1,Counter({0: 1}),5.8073203130888986e-08
1802,441841350,1802,8.4998208,49.4704203,3,Counter({0: 3}),6.126722930308788e-06
1803,441869460,1803,8.5099002,49.4717864,2,Counter({0: 2}),3.252099375329783e-06
1804,441869534,1804,8.5226006,49.469385,2,Counter({0: 2}),0.0037017366807066128
1805,441869546,1805,8.523088,49.4706103,3,Counter({0: 3}),0.023079852209439602
1806,441869553,1806,8.5236119,49.4712552,3,Counter({0: 3}),0.023612194570198305
1807,442163056,1807,8.4945023,49.4550828,2,Counter({0: 2}),0.0015412047378906629
1808,442982487,1808,8.5389589,49.4703298,3,Counter({0: 3}),0.00314547986052608
1809,442982488,1809,8.540753,49.470142,3,Counter({0: 3}),0.0029526585539295536
1810,443825609,1810,8.4794366,49.5280501,1,Counter({0: 1}),0.0003084267818281514
1811,443825616,1811,8.4802019,49.5254076,2,Counter({0: 2}),0.0018491088608906363
1812,445682239,1812,8.5287985,49.4758396,1,Counter({0: 1}),0.0003084267818281514
1813,448897358,1813,8.4576943,49.4973323,2,Counter({0: 2}),0.0016299118446488996
1814,448897374,1814,8.4647225,49.4955792,3,Counter({0: 3}),0.013665227125376718
1815,448897375,1815,8.4646649,49.4954475,2,Counter({0: 2}),0.00956452337497635
1816,448897376,1816,8.4636487,49.4940188,4,Counter({0: 4}),0.007892139157489252
1817,448897379,1817,8.4637988,49.4938829,3,Counter({0: 3}),0.0007073376951097855
1818,454248898,1818,8.4790118,49.5264759,2,Counter({0: 2}),0.0015412047378906629
1819,454475043,1819,8.5220775,49.4678884,2,Counter({1: 2}),0.0003084267818281514
1820,455496195,1820,8.5027745,49.4749271,2,Counter({0: 2}),6.736491563183122e-06
1821,455575573,1821,8.4886834,49.4628298,3,Counter({0: 3}),0.028681927883686276
1822,455575575,1822,8.4857918,49.4662476,3,Counter({0: 3}),0.030598394885001677
1823,455575577,1823,8.4905004,49.4606366,2,Counter({0: 2}),0.0003108948929612142
1824,456301400,1824,8.5396292,49.5120061,2,Counter({0: 2}),2.9036601565444494e-07
1825,456301401,1825,8.5412683,49.5126226,2,Counter({0: 2}),2.9036601565444494e-07
1826,457118358,1826,8.474785,49.4646493,2,Counter({0: 2}),0.0016163869426813536
1827,457623370,1827,8.4766353,49.4627749,3,Counter({0: 3}),0.0018362886596073528
1828,457623372,1828,8.4770724,49.4629686,2,Counter({0: 2}),0.0021432055381541003
1829,458504304,1829,8.5214788,49.5154521,2,Counter({0: 2}),0.0008059780432423544
1830,458504316,1830,8.5166903,49.5170701,3,"Counter({1: 2, 0: 1})",0.002990914386694371
1831,458504319,1831,8.5153403,49.5174454,3,"Counter({1: 2, 0: 1})",0.001125554354743
1832,458504342,1832,8.5052351,49.5223035,3,Counter({0: 3}),0.018635376061668603
1833,458504348,1833,8.5009957,49.5241896,3,Counter({0: 3}),0.0006221420966880892
1834,458504349,1834,8.4993719,49.5249167,2,Counter({0: 2}),0.000309709231730625
1835,458504350,1835,8.5029371,49.5232885,2,Counter({0: 2}),0.0003714691153736104
1836,458504395,1836,8.4817716,49.5313676,3,Counter({0: 3}),0.0019066129060255445
1837,458504421,1837,8.4999041,49.5242921,2,Counter({1: 2}),0.0003084267818281514
1838,458506181,1838,8.5078275,49.5197517,3,"Counter({1: 2, 0: 1})",0.0007896537681724711
1839,458506249,1839,8.5192654,49.5159962,3,Counter({0: 3}),0.03483098743587206
1840,458506270,1840,8.5215236,49.5150894,3,Counter({0: 3}),0.11116966666902973
1841,461873633,1841,8.4999832,49.4610356,2,Counter({0: 2}),0.0018491088608906363
1842,462269817,1842,8.4826744,49.4583983,2,Counter({0: 2}),0.0006167954904531718
1843,463174136,1843,8.5504895,49.4593961,3,Counter({0: 3}),0.007362779699734425
1844,463174221,1844,8.5511071,49.4597435,2,Counter({0: 2}),0.007523785034862774
1845,464666751,1845,8.4947277,49.4757338,2,Counter({0: 2}),0.0019574702701006946
1846,464666874,1846,8.4917931,49.4774155,2,Counter({0: 2}),0.001810150969690977
1847,469184317,1847,8.5518636,49.4617813,2,Counter({0: 2}),0.01447462231290532
1848,469184355,1848,8.5545169,49.463458,2,Counter({0: 2}),0.000832358367342367
1849,470415942,1849,8.5092733,49.4842239,2,Counter({0: 2}),0.14039521817276868
1850,470628003,1850,8.4732947,49.5186616,1,Counter({0: 1}),7.549516407015568e-07
1851,470650797,1851,8.4743014,49.517648,2,Counter({0: 2}),0.000616795490453172
1852,470650808,1852,8.4774692,49.5175803,3,Counter({0: 3}),0.003508930189506502
1853,470650813,1853,8.4773455,49.5151393,2,Counter({0: 2}),0.016904191172488515
1854,470650817,1854,8.4789477,49.514497,2,Counter({0: 2}),0.010284954137387987
1855,471054005,1855,8.4762802,49.4846493,1,Counter({0: 1}),0.0003084267818281514
1856,471131324,1856,8.5101788,49.5297078,2,Counter({0: 2}),0.0024645686676717975
1857,471131326,1857,8.5103876,49.5294822,2,Counter({0: 2}),0.003079563888827912
1858,471131327,1858,8.5126817,49.5289645,2,Counter({0: 2}),0.00400118562251512
1859,471131330,1859,8.5133478,49.5288322,2,Counter({0: 2}),0.004308160574264999
1860,471131333,1860,8.5166746,49.5311244,2,Counter({0: 2}),0.000616795490453172
1861,471131334,1861,8.5233403,49.5310772,1,Counter({0: 1}),3.484392187853339e-07
1862,471131344,1862,8.520923,49.5310978,1,Counter({0: 1}),5.8073203130888986e-08
1863,472354128,1863,8.5205748,49.5178527,3,Counter({0: 3}),0.002464917106890583
1864,472354129,1864,8.516525,49.5176277,3,"Counter({1: 2, 0: 1})",0.0033868872797965764
1865,472354133,1865,8.5212417,49.5193658,1,Counter({0: 1}),0.0003084267818281514
1866,472354134,1866,8.5191555,49.5177775,2,Counter({0: 2}),0.0027721243514529856
1867,474656881,1867,8.5534371,49.475215,3,"Counter({1: 2, 0: 1})",0.0025650643456897122
1868,474656883,1868,8.5530008,49.4740308,4,"Counter({1: 2, 0: 2})",0.00031108847030498387
1869,474658337,1869,8.488857,49.4869594,2,Counter({0: 2}),0.09564758280628752
1870,474658341,1870,8.4873374,49.4849725,4,Counter({0: 4}),0.14913863953918552
1871,474658342,1871,8.4872596,49.4847059,4,Counter({0: 4}),0.07201162839794377
1872,474658348,1872,8.4819563,49.4789193,3,Counter({0: 3}),0.000641093274809565
1873,475100300,1873,8.4833415,49.4864227,2,Counter({0: 2}),0.00041687942550441956
1874,475296412,1874,8.4793069,49.488314,1,Counter({0: 1}),0.0003084267818281514
1875,475315722,1875,8.4695278,49.46625,2,Counter({0: 2}),2.9036601565444494e-07
1876,475315732,1876,8.4680986,49.4676982,1,Counter({0: 1}),0.0003084267818281514
1877,475315742,1877,8.4717914,49.4682525,2,Counter({0: 2}),0.0005971437113533463
1878,475323930,1878,8.4706186,49.4688435,3,Counter({0: 3}),0.004169521945248839
1879,475323931,1879,8.4719386,49.4688867,4,Counter({0: 4}),0.006158195877397794
1880,475323936,1880,8.4712562,49.4692832,3,"Counter({1: 2, 0: 1})",0.0005202264760767465
1881,475323939,1881,8.4724371,49.4682581,3,Counter({0: 3}),0.0018656235761804185
1882,475323942,1882,8.4731466,49.467311,3,Counter({0: 3}),0.0012234680878997265
1883,475334383,1883,8.471364,49.4694166,4,"Counter({1: 2, 0: 2})",0.0026678054797894747
1884,475334394,1884,8.4702758,49.4704225,3,Counter({0: 3}),0.002610587612853356
1885,475334397,1885,8.4709257,49.4693748,4,"Counter({1: 2, 0: 2})",0.0005057426246154083
1886,475334401,1886,8.4701271,49.4702283,2,Counter({0: 2}),0.0003203266228621105
1887,475334408,1887,8.4696054,49.4722004,3,Counter({0: 3}),0.002791046081854653
1888,475364610,1888,8.5015298,49.4892904,4,"Counter({0: 2, 1: 2})",0.05636653911919268
1889,475365845,1889,8.5179501,49.4884734,3,Counter({0: 3}),0.0077800344766282324
1890,477983054,1890,8.5576476,49.4701989,1,Counter({0: 1}),0.0003084267818281514
1891,479256168,1891,8.5228788,49.4711173,2,Counter({0: 2}),0.0009239446618124437
1892,479256193,1892,8.523282,49.4709932,2,Counter({0: 2}),0.00038780255952762424
1893,479287845,1893,8.5308989,49.5188074,2,Counter({0: 2}),0.0004596300450466094
1894,486287364,1894,8.480898,49.4578359,3,Counter({0: 3}),0.0018494573001094211
1895,486287367,1895,8.479413,49.4598195,4,Counter({0: 4}),0.002465691416265661
1896,486287388,1896,8.4795304,49.4588845,2,Counter({0: 2}),5.226588281780008e-07
1897,486287469,1897,8.4810849,49.4574513,2,Counter({0: 2}),0.0006167954904531718
1898,486287476,1898,8.4807412,49.4574124,1,Counter({0: 1}),0.0003084267818281514
1899,487104247,1899,8.5235145,49.4807653,3,Counter({0: 3}),0.03804615622095236
1900,489629848,1900,8.4701048,49.4703851,3,Counter({0: 3}),0.0006398439956307594
1901,489629853,1901,8.4835835,49.4586874,1,Counter({0: 1}),0.0003084267818281514
1902,491540360,1902,8.4913228,49.4805692,1,Counter({0: 1}),0.0003084267818281514
1903,491615967,1903,8.4916407,49.5235989,1,Counter({0: 1}),0.0003084267818281514
1904,491615990,1904,8.4944696,49.5244021,1,Counter({0: 1}),5.8073203130888986e-08
1905,491615999,1905,8.4935484,49.5246179,2,Counter({0: 2}),0.012491936722973872
1906,491616022,1906,8.4976539,49.5220604,4,Counter({0: 4}),0.030952768544856672
1907,491616026,1907,8.4995569,49.5215332,3,Counter({0: 3}),0.04340299820357663
1908,491616028,1908,8.5000921,49.5219369,3,Counter({0: 3}),0.01277181844651086
1909,491616033,1909,8.5020349,49.5233821,2,Counter({1: 2}),0.0003084267818281514
1910,491616040,1910,8.502009,49.52348,3,"Counter({1: 2, 0: 1})",0.0006587454250520885
1911,491616095,1911,8.4977652,49.523764,2,Counter({0: 2}),0.0015412047378906629
1912,491619578,1912,8.4868732,49.5265253,3,Counter({0: 3}),0.003086089564552277
1913,492679725,1913,8.4609262,49.4932967,3,Counter({0: 3}),0.0067489891755410005
1914,493282615,1914,8.4832102,49.4678462,2,Counter({0: 2}),0.000616795490453172
1915,493852947,1915,8.4774809,49.4624254,2,Counter({0: 2}),0.0012673897736777797
1916,493852949,1916,8.4789318,49.4604396,3,Counter({0: 3}),0.0019425436921652328
1917,493852950,1917,8.4818485,49.4565606,2,Counter({0: 2}),0.0006163889780312556
1918,494508045,1918,8.4745713,49.517138,2,Counter({0: 2}),0.0012331844684844277
1919,495377793,1919,8.4872831,49.4649041,2,Counter({0: 2}),0.0015412047378906624
1920,496510474,1920,8.489413,49.46191,2,Counter({0: 2}),0.011640715494383566
1921,497224171,1921,8.4680861,49.4759944,3,Counter({0: 3}),0.0019251610036994237
1922,498404730,1922,8.4875611,49.4645626,2,Counter({0: 2}),0.0012331844684844275
1923,499483997,1923,8.4879029,49.4641484,2,Counter({0: 2}),0.0009250480526719304
1924,502884628,1924,8.5233145,49.4773301,3,Counter({0: 3}),0.07328482183072536
1925,502884632,1925,8.5237743,49.4764239,4,"Counter({0: 2, 1: 2})",0.012261283624343717
1926,502884638,1926,8.5246664,49.4760741,3,Counter({0: 3}),0.026906616811149937
1927,502906918,1927,8.5373503,49.518344,4,Counter({0: 4}),0.002757470546529786
1928,504583305,1928,8.4735593,49.4648912,1,Counter({0: 1}),0.0003084267818281514
1929,513583589,1929,8.5179792,49.4618816,3,Counter({0: 3}),0.017164404732879772
1930,513762813,1930,8.4861853,49.4599557,2,Counter({0: 2}),0.0026702888756926293
1931,516349903,1931,8.5474411,49.4654168,2,Counter({0: 2}),0.0005941609161171336
1932,516707359,1932,8.4987649,49.4615562,2,Counter({0: 2}),0.0024645686676717975
1933,516807885,1933,8.5004518,49.4614155,2,Counter({0: 2}),0.0015412047378906629
1934,517236964,1934,8.4711843,49.4811251,3,Counter({0: 3}),0.001761337646603466
1935,517838479,1935,8.5459833,49.4698142,4,Counter({0: 4}),0.025071835013242158
1936,517839811,1936,8.541665,49.47005,2,Counter({0: 2}),0.0020774103190629323
1937,517840931,1937,8.5457757,49.4709083,2,Counter({0: 2}),0.02448692016769993
1938,517843360,1938,8.5388444,49.464895,2,Counter({0: 2}),0.0009791093607089483
1939,517844973,1939,8.5403233,49.4648063,2,Counter({0: 2}),0.0006807873162255713
1940,517848036,1940,8.5457797,49.4670753,2,Counter({0: 2}),0.02244884729518969
1941,517848119,1941,8.5458635,49.4684264,2,Counter({0: 2}),0.02274687897365741
1942,517848636,1942,8.5420754,49.4649515,2,Counter({0: 2}),0.0003825814181484551
1943,517849326,1943,8.5502713,49.462501,2,Counter({0: 2}),0.01495018226774959
1944,517849493,1944,8.5486978,49.4633648,2,Counter({0: 2}),0.015195094759239188
1945,517849718,1945,8.5480069,49.4645267,2,Counter({0: 2}),0.01544491672722915
1946,517969357,1946,8.5080453,49.5056141,2,Counter({0: 2}),0.000616795490453172
1947,517969361,1947,8.5088292,49.5060338,1,Counter({0: 1}),0.0003084267818281514
1948,517969363,1948,8.5092196,49.5062382,2,Counter({0: 2}),0.000616795490453172
1949,517969365,1949,8.5096373,49.5064595,4,"Counter({1: 2, 0: 2})",0.025703448542737418
1950,517969368,1950,8.509873,49.5066591,2,Counter({1: 2}),0.0003084267818281514
1951,517973620,1951,8.5117682,49.5043531,1,Counter({0: 1}),0.0003084267818281514
1952,517973624,1952,8.5045089,49.5017674,2,Counter({0: 2}),0.0004624659531328345
1953,517973626,1953,8.5042555,49.5016816,4,Counter({0: 4}),0.002101582802849993
1954,517987855,1954,8.5071693,49.501951,2,Counter({0: 2}),4.065124219162229e-07
1955,518024945,1955,8.512639,49.505458,3,Counter({0: 3}),0.0020677045210169107
1956,518024947,1956,8.5110441,49.5070422,3,"Counter({1: 2, 0: 1})",0.0009250480526719307
1957,518024950,1957,8.5107755,49.5070849,3,"Counter({1: 2, 0: 1})",0.000616795490453172
1958,518031334,1958,8.5115276,49.5065755,1,Counter({0: 1}),1.1614640626177797e-07
1959,518034212,1959,8.5070249,49.5020845,2,Counter({0: 2}),4.645856250471119e-07
1960,518034214,1960,8.5047423,49.5010899,2,Counter({0: 2}),0.00030877522104693673
1961,518034220,1961,8.5064195,49.5018153,2,Counter({0: 2}),4.065124219162229e-07
1962,518044787,1962,8.5049924,49.5011995,2,Counter({0: 2}),0.0003084848550312823
1963,519268667,1963,8.5530848,49.4612274,3,Counter({0: 3}),0.001073492824762961
1964,519268671,1964,8.5529643,49.4611395,3,Counter({0: 3}),0.001375260682439372
1965,520624049,1965,8.4779232,49.4765232,2,Counter({0: 2}),0.00037910074763512666
1966,522486396,1966,8.5462372,49.4699175,4,Counter({0: 4}),0.007242298924183646
1967,522486400,1967,8.5462562,49.4702703,3,"Counter({1: 2, 0: 1})",0.006975695326180705
1968,523634386,1968,8.5524385,49.4607309,1,Counter({0: 1}),0.0003084267818281514
1969,523634431,1969,8.545009,49.4653684,2,Counter({0: 2}),0.00035208724814957934
1970,527916697,1970,8.5222709,49.4844862,2,Counter({0: 2}),0.0008626641030554604
1971,527916703,1971,8.5251532,49.4832538,3,"Counter({1: 2, 0: 1})",0.018159258765310642
1972,527916705,1972,8.5250687,49.483241,3,"Counter({1: 2, 0: 1})",0.01917258680809422
1973,527916711,1973,8.5236447,49.4840583,3,Counter({0: 3}),0.01904461102266603
1974,527916712,1974,8.5237917,49.4845269,3,Counter({0: 3}),0.03577383431172026
1975,527924700,1975,8.5251122,49.4834386,2,Counter({0: 2}),0.01787127375098456
1976,527941169,1976,8.5198596,49.4879117,1,Counter({0: 1}),0.0003084267818281514
1977,527941177,1977,8.5221981,49.4845977,4,Counter({0: 4}),0.020211789412372668
1978,527941183,1978,8.5218481,49.4847995,2,Counter({0: 2}),0.0018491088608906363
1979,527941190,1979,8.5209799,49.4855162,2,Counter({0: 2}),0.0015412047378906629
1980,527941195,1980,8.5205213,49.4862204,2,Counter({0: 2}),0.0009250480526719307
1981,529049478,1981,8.4814715,49.4904672,2,Counter({0: 2}),0.020091092241009457
1982,529050953,1982,8.483757,49.4931263,3,Counter({0: 3}),0.027429875555093627
1983,529053230,1983,8.4766787,49.4996373,3,Counter({0: 3}),0.0014887211252296688
1984,529053233,1984,8.4772334,49.5016194,3,Counter({0: 3}),0.001418632139626287
1985,529053256,1985,8.4809398,49.5012654,3,Counter({0: 3}),0.004483159485188242
1986,529059106,1986,8.4796169,49.501419,2,Counter({0: 2}),0.0033338272204469508
1987,529069931,1987,8.4874537,49.5042512,4,"Counter({0: 2, 1: 2})",0.023218923004919106
1988,529069939,1988,8.4858931,49.506927,3,Counter({0: 3}),0.013305918359151868
1989,529069942,1989,8.4863069,49.5062085,3,Counter({0: 3}),0.021636467824193588
1990,529069943,1990,8.4854103,49.5071932,3,Counter({0: 3}),0.020934105367742827
1991,529069947,1991,8.4873566,49.5043704,4,"Counter({1: 2, 0: 1, 2: 1})",0.022746145775309107
1992,529069949,1992,8.4909248,49.5051202,3,Counter({0: 3}),0.0011453427694824128
1993,529069953,1993,8.4910183,49.5061523,3,Counter({0: 3}),0.010780511468790962
1994,529069955,1994,8.4911112,49.5059451,2,Counter({0: 2}),0.00146092603932027
1995,529073838,1995,8.4921012,49.5067306,2,Counter({0: 2}),0.009889681578543674
1996,529073839,1996,8.495099,49.5045421,3,Counter({0: 3}),0.0014874541168462773
1997,529073853,1997,8.495842,49.5062086,3,Counter({0: 3}),0.0004131482532606853
1998,529073858,1998,8.4947556,49.5073726,2,Counter({0: 2}),0.00030870746897661733
1999,529073859,1999,8.4982601,49.504963,1,Counter({0: 1}),0.0003084267818281514
2000,529078124,2000,8.4939798,49.5037294,3,"Counter({1: 2, 0: 1})",0.007502690141345459
2001,529078133,2001,8.4921946,49.5044142,2,Counter({0: 2}),0.00047654507226789245
2002,529078135,2002,8.4932965,49.5050003,2,Counter({0: 2}),0.0006154598067811615
2003,529079120,2003,8.493647,49.5051298,2,Counter({0: 2}),0.0003088487804375692
2004,529082744,2004,8.4943473,49.5054241,2,Counter({0: 2}),0.0007705965616250183
2005,529084661,2005,8.4772536,49.5016985,3,Counter({0: 3}),0.003660982501539005
2006,529537196,2006,8.5221336,49.4673928,3,Counter({0: 3}),0.012756978542234843
2007,533749583,2007,8.4917522,49.4774804,3,Counter({0: 3}),0.0033451770623798807
2008,533749588,2008,8.4917919,49.4775746,3,Counter({0: 3}),0.011204179614051742
2009,534696590,2009,8.4794102,49.4879268,4,Counter({0: 4}),0.012445820715559896
2010,534696598,2010,8.4795105,49.4878795,5,"Counter({0: 2, 1: 2, 2: 1})",0.015300000389012351
2011,535484300,2011,8.4942934,49.5050875,3,Counter({0: 3}),0.0010782354836640275
2012,535484311,2012,8.494157,49.5078413,2,Counter({0: 2}),0.016168566901031366
2013,535490960,2013,8.4928559,49.5038894,3,Counter({0: 3}),0.0012435911332376744
2014,535490962,2014,8.4934122,49.50418,4,"Counter({0: 2, 1: 2})",0.002505869434683841
2015,535490963,2015,8.4927448,49.5047062,3,Counter({0: 3}),0.002507595580627204
2016,535490964,2016,8.4946674,49.5048425,4,Counter({0: 4}),0.007066279604896251
2017,535490966,2017,8.4939663,49.5044705,4,"Counter({1: 2, 0: 2})",0.007983714260637724
2018,535490969,2018,8.496644,49.505901,2,Counter({0: 2}),0.0005147879733803149
2019,535497332,2019,8.494694,49.505597,3,Counter({0: 3}),0.0009254158496250928
2020,535497335,2020,8.4933755,49.5066295,2,Counter({0: 2}),0.00030869972588286657
2021,535497339,2021,8.4940808,49.5070093,3,Counter({0: 3}),0.0004627621264688018
2022,535497343,2022,8.4953923,49.5059732,3,Counter({0: 3}),0.0022562446018536734
2023,535512503,2023,8.4947316,49.5056173,3,Counter({0: 3}),0.0030250389584081166
2024,535512508,2024,8.4939663,49.5061669,3,Counter({0: 3}),0.0006176491665391959
2025,535512512,2025,8.4946716,49.5065467,4,Counter({0: 4}),0.0012326947178046901
2026,535512515,2026,8.4952961,49.5051752,3,Counter({0: 3}),0.004202085997199514
2027,535512520,2027,8.4958428,49.5047471,3,Counter({0: 3}),0.0017448713328174156
2028,535512525,2028,8.4965696,49.5051317,2,Counter({0: 2}),0.0014365800551300132
2029,535512527,2029,8.4953463,49.5069101,3,Counter({0: 3}),0.000463985535281426
2030,535512528,2030,8.4954465,49.5060022,2,Counter({0: 2}),0.0007188010717525095
2031,535539942,2031,8.4870788,49.504893,3,Counter({0: 3}),0.022408884992734114
2032,535552653,2032,8.485019,49.5074432,3,"Counter({1: 2, 0: 1})",0.045585162243747784
2033,535552658,2033,8.4853347,49.5073919,3,"Counter({1: 2, 0: 1})",0.02099369608974225
2034,535556302,2034,8.4863007,49.505294,3,Counter({0: 3}),0.00932475062020304
2035,535560122,2035,8.491858,49.5048393,2,Counter({0: 2}),0.0010189573168803462
2036,535560139,2036,8.4913394,49.5063239,3,Counter({0: 3}),0.010100645977127714
2037,535560142,2037,8.4926178,49.5052319,3,Counter({0: 3}),0.004036133417954437
2038,535560147,2038,8.4924302,49.5045384,3,Counter({0: 3}),0.0008325658689496158
2039,535577110,2039,8.4916405,49.4979056,2,Counter({0: 2}),0.002632880778341879
2040,535605581,2040,8.525155,49.4832051,3,"Counter({1: 2, 0: 1})",0.03721023766671669
2041,540219133,2041,8.5566581,49.4714615,1,Counter({0: 1}),0.0003084267818281514
2042,540943220,2042,8.4961231,49.4535585,2,Counter({0: 2}),2.3810013283664484e-06
2043,552933771,2043,8.4921863,49.5261285,2,Counter({0: 2}),0.011077480571740144
2044,552933786,2044,8.5018438,49.5238045,3,Counter({0: 3}),0.002890479475207169
2045,552933787,2045,8.502026,49.5237131,4,Counter({0: 4}),0.004244416647957701
2046,552933789,2046,8.5036426,49.5251937,3,Counter({0: 3}),0.002611432894729659
2047,552933791,2047,8.5038286,49.5251175,3,Counter({0: 3}),0.0011183761752108455
2048,552933793,2048,8.4916766,49.5265634,2,Counter({0: 2}),0.010678976275917304
2049,552933840,2049,8.494485,49.5308003,2,Counter({0: 2}),0.0009250480526719307
2050,552938976,2050,8.5088254,49.5210886,2,Counter({0: 2}),0.0732265343898475
2051,552955815,2051,8.5126128,49.5214057,2,Counter({0: 2}),0.07238714431179363
2052,552955830,2052,8.5215575,49.5310979,1,Counter({0: 1}),5.8073203130888986e-08
2053,553034725,2053,8.4799576,49.4755157,3,Counter({0: 3}),0.036085187664858714
2054,553035311,2054,8.4803055,49.4752355,2,Counter({0: 2}),0.000616795490453172
2055,553035387,2055,8.4803648,49.4750829,1,Counter({0: 1}),0.0003084267818281514
2056,553035513,2056,8.4800876,49.4754077,2,Counter({0: 2}),0.0009250480526719305
2057,553037566,2057,8.4794752,49.4753458,3,Counter({0: 3}),0.00648227282964035
2058,553037626,2058,8.4795708,49.4753625,4,"Counter({1: 2, 0: 2})",0.006946123526214359
2059,553037642,2059,8.4797151,49.4752949,4,"Counter({1: 2, 0: 2})",0.0017837703280941042
2060,554985084,2060,8.4988901,49.4736457,1,Counter({0: 1}),5.8073203130888986e-08
2061,554985148,2061,8.5000812,49.4740811,3,"Counter({1: 2, 0: 1})",0.0015412047378906629
2062,554985153,2062,8.4999174,49.474226,1,Counter({0: 1}),5.8073203130888986e-08
2063,554995233,2063,8.4907023,49.4920163,2,Counter({0: 2}),0.0017163443743081397
2064,555009116,2064,8.4901702,49.4932671,3,Counter({0: 3}),0.0006466326748809245
2065,558065033,2065,8.4902011,49.5301787,2,Counter({0: 2}),0.009203963891011465
2066,558065039,2066,8.4921107,49.529627,1,Counter({0: 1}),1.1614640626177797e-07
2067,558065079,2067,8.4988209,49.5309703,2,Counter({0: 2}),1.3356836720104467e-06
2068,558065081,2068,8.4993327,49.5308145,2,Counter({0: 2}),1.6841228907957806e-06
2069,558087697,2069,8.5504383,49.5112218,2,Counter({0: 2}),6.388052344397788e-07
2070,558087719,2070,8.5479003,49.5137088,2,Counter({0: 2}),4.413563437947563e-06
2071,558646770,2071,8.5237338,49.4585345,2,Counter({0: 2}),0.002626649239547761
2072,558646771,2072,8.5171923,49.4609958,2,Counter({0: 2}),0.0005307305500197905
2073,558646774,2073,8.5314323,49.4556464,2,Counter({0: 2}),0.0027986347342499485
2074,559946296,2074,8.4939495,49.5233108,3,Counter({0: 3}),0.028194826268202855
2075,559946300,2075,8.497921,49.5223867,2,Counter({0: 2}),0.002702035422391702
2076,559946321,2076,8.4982207,49.5227205,2,Counter({0: 2}),0.0023961348248997183
2077,559946326,2077,8.4990329,49.5234541,3,Counter({0: 3}),0.001902785467714558
2078,559946336,2078,8.4991805,49.5236033,3,Counter({0: 3}),0.0018570518711919742
2079,559946342,2079,8.4995888,49.5240073,3,"Counter({1: 2, 0: 1})",0.0028338507392633556
2080,559946349,2080,8.5091528,49.5151277,2,Counter({0: 2}),0.0007813311126147216
2081,559946353,2081,8.5084986,49.5174465,3,Counter({0: 3}),0.004082569216958441
2082,559946355,2082,8.5068215,49.5205431,2,Counter({0: 2}),0.0004735285127417242
2083,559946356,2083,8.5092826,49.5154476,2,Counter({0: 2}),0.0013889220003716826
2084,559946369,2084,8.5116132,49.5163298,2,Counter({0: 2}),0.007514867310976431
2085,559946371,2085,8.5090409,49.5172395,2,Counter({0: 2}),0.0029104341150805748
2086,560371975,2086,8.4965728,49.5242107,2,Counter({0: 2}),0.0009250480526719307
2087,560371976,2087,8.4971928,49.5239739,2,Counter({0: 2}),0.0012331844684844277
2088,560396571,2088,8.5137659,49.517437,2,Counter({0: 2}),0.005058585367365304
2089,560396572,2089,8.5108971,49.518391,2,Counter({1: 2}),0.0003084267818281514
2090,560396573,2090,8.5053114,49.5216371,2,Counter({0: 2}),0.0007757704984364361
2091,560428877,2091,8.509089,49.5195489,2,Counter({0: 2}),0.05809177084264153
2092,560428976,2092,8.5150169,49.5219884,2,Counter({0: 2}),0.07182697019439307
2093,560428984,2093,8.5144455,49.5236423,2,Counter({0: 2}),0.000616795490453172
2094,560428986,2094,8.5252857,49.5217918,4,Counter({0: 4}),0.011824275210612346
2095,560429014,2095,8.5185765,49.5273777,2,Counter({0: 2}),0.005228388551077066
2096,560429015,2096,8.5270565,49.5231014,3,Counter({0: 3}),0.04954763104112096
2097,560429017,2097,8.5254437,49.5234641,3,Counter({0: 3}),0.05559750376594685
2098,560442808,2098,8.4820877,49.5252723,4,Counter({0: 4}),0.019643385799450054
2099,560442809,2099,8.4823117,49.5247493,3,Counter({0: 3}),0.009523782272716061
2100,560467310,2100,8.490518,49.5271909,2,Counter({0: 2}),0.010730806294170227
2101,560738086,2101,8.5444343,49.4739631,3,Counter({0: 3}),0.03746025325776787
2102,560825501,2102,8.538492,49.4527696,2,Counter({0: 2}),0.0003090075138594603
2103,560829531,2103,8.5363806,49.453815,1,Counter({0: 1}),0.0003084267818281514
2104,560883289,2104,8.5240729,49.471743,4,Counter({0: 4}),0.029544932760229493
2105,560883361,2105,8.5225305,49.469391,3,Counter({0: 3}),0.020596691064004295
2106,560885753,2106,8.5247068,49.4744427,3,Counter({0: 3}),0.0021513341845327727
2107,560886411,2107,8.5248658,49.4757393,4,Counter({0: 4}),0.05120037406564797
2108,560886413,2108,8.5249159,49.4756783,3,Counter({0: 3}),0.0328876240108328
2109,561217001,2109,8.4970083,49.5055734,3,Counter({0: 3}),0.0011297793229896247
2110,561217012,2110,8.4949659,49.5082765,3,Counter({0: 3}),0.01151041810234082
2111,562742184,2111,8.5193924,49.5159357,4,Counter({0: 4}),0.06911820060429505
2112,562754241,2112,8.5386129,49.5171036,2,Counter({0: 2}),0.003386887279796575
2113,564306375,2113,8.4710145,49.4934385,3,Counter({0: 3}),0.0035998494542274417
2114,564778803,2114,8.4889659,49.5286148,3,"Counter({1: 2, 0: 1})",0.0042203376275744
2115,567662919,2115,8.5203932,49.4656384,1,Counter({0: 1}),5.8073203130888986e-08
2116,568064741,2116,8.4742308,49.5087687,2,Counter({0: 2}),0.000822084263520847
2117,568064743,2117,8.4736006,49.5089335,2,Counter({0: 2}),0.0005142962869271739
2118,568064745,2118,8.4747676,49.5097261,2,Counter({0: 2}),0.00030918173346885293
2119,568064747,2119,8.4768275,49.5084121,3,Counter({0: 3}),0.0019514725602761292
2120,568064750,2120,8.4805251,49.5091212,1,Counter({0: 1}),0.0003084267818281514
2121,568064753,2121,8.4718466,49.5109707,2,Counter({0: 2}),0.000616795490453172
2122,582853291,2122,8.5217101,49.5147767,3,"Counter({1: 2, 0: 1})",0.0005598256208001703
2123,586456048,2123,8.4985762,49.4725253,1,Counter({0: 1}),1.1614640626177797e-07
2124,597424899,2124,8.5037894,49.5026423,3,Counter({0: 3}),0.0004756683427865169
2125,597424900,2125,8.5037148,49.5026233,2,Counter({0: 2}),0.0005439397534653152
2126,597427651,2126,8.507818,49.5014054,1,Counter({0: 1}),1.1614640626177797e-07
2127,597434116,2127,8.5118208,49.5051645,3,Counter({0: 3}),0.02796590937686428
2128,597434784,2128,8.5092995,49.5067262,2,Counter({0: 2}),0.02362225946402862
2129,599232587,2129,8.521979,49.5148543,3,"Counter({1: 2, 0: 1})",0.0003266036944081197
2130,599238784,2130,8.5219936,49.5148052,3,Counter({0: 3}),0.026485553040627254
2131,599909711,2131,8.5252904,49.4853677,1,Counter({0: 1}),5.8073203130888986e-08
2132,599909712,2132,8.5235792,49.4857319,1,Counter({0: 1}),5.8073203130888986e-08
2133,601589287,2133,8.4663136,49.4939404,3,"Counter({1: 2, 0: 1})",0.0011868004951857461
2134,603113659,2134,8.5272799,49.4799176,2,Counter({0: 2}),3.774758203507784e-06
2135,603131154,2135,8.5473081,49.4653538,3,Counter({0: 3}),0.021372396090702253
2136,603131703,2136,8.5375948,49.4649843,1,Counter({0: 1}),5.8073203130888986e-08
2137,603133275,2137,8.5296375,49.4674317,2,Counter({0: 2}),0.008823290337035357
2138,603134116,2138,8.5298803,49.4685743,2,Counter({0: 2}),0.009070567799678079
2139,603134413,2139,8.5249639,49.4728188,2,Counter({0: 2}),0.0003144737309882692
2140,603134615,2140,8.52506,49.4728339,4,Counter({0: 4}),0.035378126218028105
2141,603134666,2141,8.5306257,49.4722791,4,Counter({0: 4}),0.007471609191946161
2142,603135004,2142,8.5392083,49.4714461,3,Counter({0: 3}),0.001544933888313978
2143,603137426,2143,8.5360711,49.4733439,2,Counter({0: 2}),0.0005590063635969174
2144,603138332,2144,8.5368729,49.4732677,2,Counter({0: 2}),0.0004382058316589572
2145,603138479,2145,8.5370146,49.4732542,2,Counter({0: 2}),0.0006010470256833881
2146,603138572,2146,8.5371031,49.4733969,2,Counter({0: 2}),0.0008658237053067461
2147,603138573,2147,8.5373767,49.4745054,3,Counter({0: 3}),0.0011322250032121887
2148,603138574,2148,8.5374155,49.474673,3,Counter({0: 3}),0.0011449338411425186
2149,603138588,2149,8.5381394,49.4744458,2,Counter({0: 2}),0.0008365651325173834
2150,603138613,2150,8.5381768,49.4745975,3,Counter({0: 3}),0.0022250408297423974
2151,603138704,2151,8.5383512,49.4745805,2,Counter({0: 2}),0.002523446805356421
2152,603140003,2152,8.5411738,49.4741536,2,Counter({0: 2}),0.001025299115148009
2153,603143622,2153,8.5558755,49.4633706,1,Counter({0: 1}),0.0003084267818281514
2154,603244712,2154,8.5533601,49.4613094,3,Counter({0: 3}),0.0058674923012490094
2155,603252439,2155,8.5509006,49.4622496,2,Counter({0: 2}),0.014709887344343392
2156,606515516,2156,8.5622996,49.4712098,2,Counter({0: 2}),0.000616795490453172
2157,606515522,2157,8.5638614,49.4680646,1,Counter({0: 1}),0.0003084267818281514
2158,606515544,2158,8.5579551,49.4745757,2,Counter({0: 2}),0.0015412047378906629
2159,606515564,2159,8.5596648,49.4734384,2,Counter({0: 2}),0.0009250480526719307
2160,611031873,2160,8.5162986,49.5136917,1,Counter({0: 1}),1.1614640626177797e-07
2161,611035138,2161,8.5155249,49.5126544,2,Counter({0: 2}),0.0033868872797965764
2162,611035727,2162,8.5159005,49.513937,2,Counter({0: 2}),1.7421960939266694e-07
2163,611394274,2163,8.4837405,49.4686628,3,"Counter({1: 2, 0: 1})",0.01079104492441149
2164,613102957,2164,8.490472,49.4712576,3,Counter({0: 3}),0.00299474282942553
2165,613371427,2165,8.5111578,49.4632804,3,Counter({0: 3}),0.0010149073331317373
2166,613371458,2166,8.5105549,49.4626121,2,Counter({0: 2}),0.000616795490453172
2167,613371482,2167,8.5071983,49.4638628,2,Counter({0: 2}),6.388052344397788e-07
2168,615306711,2168,8.5087159,49.4632609,2,Counter({0: 2}),8.130248438324458e-07
2169,615306714,2169,8.5079343,49.4635681,2,Counter({0: 2}),8.710980469633348e-07
2170,615308574,2170,8.5106523,49.4646504,3,Counter({0: 3}),0.0145542825188801
2171,615313997,2171,8.5086347,49.4657572,3,"Counter({1: 2, 0: 1})",0.0006034371974429766
2172,615314069,2172,8.5088019,49.465349,3,"Counter({1: 2, 0: 1})",0.012041881870800606
2173,615314178,2173,8.5090116,49.4652763,3,Counter({0: 3}),0.012296990533477008
2174,615314780,2174,8.5087559,49.4659,3,Counter({0: 3}),0.000528554042964021
2175,615864835,2175,8.5163938,49.5102783,1,Counter({0: 1}),0.0003084267818281514
2176,615866231,2176,8.5172407,49.5107515,3,"Counter({1: 2, 0: 1})",0.000616795490453172
2177,615869740,2177,8.5191869,49.5155864,1,Counter({0: 1}),0.0003084267818281514
2178,617151473,2178,8.5149795,49.517105,1,Counter({0: 1}),0.0003084267818281514
2179,619234180,2179,8.503068,49.4554518,2,Counter({0: 2}),1.2195372657486686e-06
2180,619327788,2180,8.4988863,49.4537566,3,Counter({0: 3}),4.5297098442093405e-06
2181,619327822,2181,8.4988456,49.4536618,2,Counter({0: 2}),2.3810013283664484e-06
2182,627869632,2182,8.5376508,49.5146074,2,Counter({0: 2}),0.0006167954904531717
2183,627901316,2183,8.5138174,49.5177776,4,Counter({0: 4}),0.0023526779629254387
2184,627901318,2184,8.5138899,49.5178719,3,Counter({0: 3}),0.0016342856224697815
2185,627901324,2185,8.5127038,49.5214232,2,Counter({0: 2}),0.07210711532629649
2186,627929036,2186,8.5204486,49.5111224,3,Counter({0: 3}),0.14060939925669833
2187,627929037,2187,8.5208994,49.5120455,3,Counter({0: 3}),0.13994212879460322
2188,631997742,2188,8.5351784,49.4734287,2,Counter({0: 2}),0.0008641373528777628
2189,635038000,2189,8.4990671,49.4897073,3,Counter({0: 3}),0.0011891175341278049
2190,638940684,2190,8.4907913,49.4769798,3,"Counter({1: 2, 0: 1})",0.010229361339845085
2191,638940686,2191,8.4911166,49.476761,3,Counter({0: 3}),0.005481069511490737
2192,638940689,2192,8.4913515,49.4768009,2,Counter({0: 2}),0.003079563888827912
2193,638940697,2193,8.494859,49.4758309,2,Counter({0: 2}),0.002126839633962082
2194,648239849,2194,8.5205351,49.4861195,2,Counter({0: 2}),0.0012331844684844277
2195,649192553,2195,8.5292909,49.4904372,2,Counter({0: 2}),0.000616214758421863
2196,649193835,2196,8.5186522,49.4885388,3,Counter({0: 3}),0.0004972625144197512
2197,649193915,2197,8.5198328,49.4881763,2,Counter({0: 2}),0.000616795490453172
2198,650837726,2198,8.5055447,49.4562284,3,Counter({0: 3}),0.002772298571062378
2199,650838239,2199,8.5050956,49.4562856,3,Counter({0: 3}),0.0020031189955937536
2200,650838243,2200,8.5050043,49.456242,2,Counter({0: 2}),0.0015412047378906629
2201,658624777,2201,8.5009205,49.5092838,1,Counter({0: 1}),1.1614640626177797e-07
2202,658624780,2202,8.4982717,49.510665,3,Counter({0: 3}),0.0018494573001094216
2203,660348260,2203,8.5236204,49.4764775,2,Counter({0: 2}),0.00040279875716860196
2204,660479928,2204,8.5108205,49.5167632,3,Counter({0: 3}),0.008430217138725497
2205,660479932,2205,8.5109507,49.5168912,1,Counter({0: 1}),0.0003084267818281514
2206,660771015,2206,8.4820711,49.5264546,3,Counter({0: 3}),0.01739420661850515
2207,660772683,2207,8.4820933,49.5284519,2,Counter({0: 2}),0.016288879023540866
2208,661279820,2208,8.4817487,49.531435,4,Counter({0: 4}),0.016864726547109857
2209,662264000,2209,8.5178679,49.4887706,4,Counter({0: 4}),0.006619201654817824
2210,662516004,2210,8.5506703,49.5108932,2,Counter({0: 2}),5.226588281780008e-07
2211,662516008,2211,8.5505581,49.5109817,2,Counter({0: 2}),6.388052344397788e-07
2212,662516014,2212,8.5507884,49.5108539,1,Counter({0: 1}),2.9036601565444494e-07
2213,669952050,2213,8.4577856,49.4978491,2,Counter({0: 2}),0.0018374696716651486
2214,671200669,2214,8.4836228,49.4935485,2,Counter({0: 2}),0.0003919547381194715
2215,671555204,2215,8.4854386,49.4891229,3,Counter({0: 3}),0.09875265424496395
2216,672920016,2216,8.4677516,49.4807986,1,Counter({0: 1}),0.0003084267818281514
2217,673789928,2217,8.5451121,49.4735521,3,Counter({0: 3}),0.03606985514476734
2218,673789948,2218,8.5497457,49.4732908,3,"Counter({1: 2, 0: 1})",0.0017846256510458782
2219,673789949,2219,8.5500091,49.4732299,3,"Counter({1: 2, 0: 1})",0.00030990764850798906
2220,673789956,2220,8.5506096,49.4734063,3,Counter({0: 3}),0.0014369536594033689
2221,673789957,2221,8.5511713,49.474432,2,Counter({0: 2}),0.0004114776807839635
2222,673790036,2222,8.5553253,49.4717892,3,"Counter({1: 2, 0: 1})",0.00030892040405476395
2223,676979541,2223,8.5008934,49.4845976,2,Counter({0: 2}),0.0036093850438561554
2224,677008598,2224,8.4987318,49.4784657,2,Counter({0: 2}),0.02642183606027479
2225,677008604,2225,8.4987179,49.4783824,2,Counter({0: 2}),0.02625373453878815
2226,679226786,2226,8.549658,49.4705579,2,Counter({0: 2}),0.0005322338244625027
2227,679233160,2227,8.5552365,49.4718235,2,Counter({0: 2}),0.0003086300380391095
2228,679233183,2228,8.5551425,49.4716704,2,Counter({0: 2}),0.0006163889780312556
2229,679233425,2229,8.555242,49.4716276,3,"Counter({1: 2, 0: 1})",0.0021563451420546042
2230,679233833,2230,8.5555169,49.4717036,4,Counter({1: 4}),0.0015412047378906629
2231,691454512,2231,8.5455451,49.4826434,2,Counter({0: 2}),4.645856250471119e-07
2232,691454525,2232,8.5461252,49.4836962,1,Counter({0: 1}),2.3229281252355594e-07
2233,691477504,2233,8.5196954,49.4636274,2,Counter({0: 2}),0.0015412047378906629
2234,691477505,2234,8.5206237,49.4646786,2,Counter({0: 2}),0.006379365247209149
2235,697445058,2235,8.5059139,49.5069693,2,Counter({0: 2}),0.0011041571478440477
2236,702200087,2236,8.5059171,49.506827,3,Counter({0: 3}),0.01026209606021737
2237,704752993,2237,8.4767787,49.5086841,3,Counter({0: 3}),0.001643239355791739
2238,705047176,2238,8.4656898,49.4832709,4,Counter({0: 4}),0.0011757351274480803
2239,705056571,2239,8.4574731,49.4868878,2,Counter({0: 2}),0.004614334717741636
2240,717649815,2240,8.4764099,49.4777583,2,Counter({0: 2}),0.000616795490453172
2241,717665909,2241,8.4861002,49.4756279,3,Counter({0: 3}),0.0044438083468208295
2242,738112509,2242,8.4804918,49.5311295,3,Counter({0: 3}),0.0020022962918827335
2243,740873432,2243,8.5270291,49.4793497,2,Counter({0: 2}),4.00705101603134e-06
2244,748155096,2244,8.5226673,49.5113104,1,Counter({0: 1}),0.0003084267818281514
2245,748155286,2245,8.5227567,49.5112291,1,Counter({0: 1}),0.0003084267818281514
2246,749567799,2246,8.5368404,49.5187469,2,Counter({0: 2}),0.0005494857443643155
2247,766746544,2247,8.5261056,49.5094865,2,Counter({0: 2}),0.009131161328514865
2248,766746548,2248,8.5255066,49.5100639,4,"Counter({0: 2, 1: 2})",0.017661765343437878
2249,766746550,2249,8.5259329,49.5096433,3,"Counter({1: 2, 0: 1})",0.010015519423526329
2250,768880789,2250,8.5180122,49.5122868,3,Counter({0: 3}),0.0076781872674192425
2251,768885854,2251,8.5179141,49.5106247,2,Counter({0: 2}),0.0014643009609902873
2252,768894388,2252,8.5225218,49.5114498,2,Counter({0: 2}),0.000616795490453172
2253,768900445,2253,8.5215644,49.5154061,2,Counter({0: 2}),0.0011118496041327465
2254,768904278,2254,8.5247447,49.5127169,2,Counter({0: 2}),0.0009250480526719307
2255,771656115,2255,8.5016778,49.4778054,2,Counter({0: 2}),0.004271238270097277
2256,773452532,2256,8.4957808,49.4531861,1,Counter({0: 1}),5.8073203130888986e-08
2257,783669183,2257,8.4947913,49.4535206,3,"Counter({1: 2, 0: 1})",0.0015412047378906629
2258,793914524,2258,8.4941386,49.4952767,1,Counter({0: 1}),0.0003084267818281514
2259,795905085,2259,8.5041592,49.4836043,2,Counter({0: 2}),0.0035667470971992364
2260,807732927,2260,8.4942539,49.5115653,2,Counter({0: 2}),0.010603279008632812
2261,813825193,2261,8.5030304,49.4554928,3,Counter({0: 3}),1.3647202735758911e-06
2262,813825209,2262,8.5021433,49.455252,2,Counter({0: 2}),1.2195372657486686e-06
2263,823456541,2263,8.4625763,49.4910438,3,Counter({0: 3}),0.0010194437139257639
2264,823456855,2264,8.4611414,49.4958335,2,Counter({0: 2}),0.00048581243493315467
2265,823457123,2265,8.4607299,49.4933989,4,Counter({0: 4}),0.002978954071120004
2266,823479012,2266,8.4857838,49.5254501,2,Counter({0: 2}),0.004496367233686064
2267,833872819,2267,8.4920125,49.477769,4,Counter({0: 4}),0.01966713092277203
2268,833876223,2268,8.4921632,49.4779702,2,Counter({0: 2}),0.0009250480526719307
2269,833877513,2269,8.495228,49.4773725,3,"Counter({1: 2, 0: 1})",0.010286625947639646
2270,833877515,2270,8.4931049,49.4781741,1,Counter({0: 1}),0.0003084267818281514
2271,833878729,2271,8.4937269,49.4779381,2,Counter({0: 2}),0.01010285014857282
2272,833881887,2272,8.4921157,49.4779301,3,Counter({0: 3}),0.0013356683401318007
2273,833881900,2273,8.492071,49.4780358,3,Counter({0: 3}),0.0025350429965742714
2274,833920053,2274,8.4596854,49.4868554,3,Counter({0: 3}),0.018793528115677662
2275,833921043,2275,8.4596335,49.4860251,2,Counter({0: 2}),0.010728356775071881
2276,833921518,2276,8.4597622,49.4858329,3,Counter({0: 3}),0.014546671740455663
2277,833927348,2277,8.4595994,49.4856814,1,Counter({0: 1}),1.7421960939266694e-07
2278,833928083,2278,8.4597107,49.4847544,1,Counter({0: 1}),1.7421960939266694e-07
2279,833930681,2279,8.4588531,49.4871794,2,Counter({0: 2}),0.002169419638673694
2280,833938206,2280,8.4561145,49.4871278,3,"Counter({1: 2, 0: 1})",0.0038082099069887436
2281,834022925,2281,8.461214,49.4850726,3,Counter({0: 3}),0.013044675974130704
2282,835103693,2282,8.4960127,49.4771456,4,"Counter({1: 2, 0: 2})",0.026137331682432683
2283,835109125,2283,8.494024,49.4798402,3,Counter({0: 3}),0.002590698236245229
2284,835111178,2284,8.4932571,49.4795172,3,Counter({0: 3}),0.0013495735991674081
2285,845142855,2285,8.4720256,49.510936,1,Counter({0: 1}),0.0003084267818281514
2286,861602215,2286,8.466425,49.4782184,3,Counter({0: 3}),0.003690870244489362
2287,861602217,2287,8.466426,49.4782533,3,Counter({0: 3}),0.0019476537550266473
2288,864886855,2288,8.5138721,49.4776388,3,Counter({0: 3}),0.001420826438633661
2289,868645632,2289,8.4991755,49.5033788,1,Counter({0: 1}),0.0003084267818281514
2290,868645644,2290,8.4998754,49.5030531,2,Counter({0: 2}),0.0009250480526719307
2291,868645646,2291,8.4996996,49.5029604,2,Counter({0: 2}),0.000616795490453172
2292,868645657,2292,8.4986245,49.5031124,1,Counter({0: 1}),5.8073203130888986e-08
2293,868645661,2293,8.4988079,49.5032011,1,Counter({0: 1}),5.8073203130888986e-08
2294,883463107,2294,8.4728517,49.4954793,3,Counter({0: 3}),0.04344255315777295
2295,883463111,2295,8.4735044,49.4952877,3,Counter({0: 3}),0.0016379795047778902
2296,883463116,2296,8.4729909,49.4952094,4,Counter({0: 4}),0.016017543323121296
2297,883463117,2297,8.4729706,49.4955202,3,Counter({0: 3}),0.015069151808997547
2298,883463120,2298,8.4727847,49.495637,3,Counter({0: 3}),0.006950563740637753
2299,883463121,2299,8.4730522,49.4956086,1,Counter({0: 1}),0.0003084267818281514
2300,886549375,2300,8.4764856,49.5170542,2,Counter({0: 2}),0.0003248916410720088
2301,886747515,2301,8.5314977,49.486572,3,Counter({0: 3}),2.7004039455863376e-06
2302,893087186,2302,8.5175821,49.489237,2,Counter({0: 2}),0.0006121455981361177
2303,893087192,2303,8.5111842,49.4926183,3,Counter({0: 3}),0.0013369840832834097
2304,893513267,2304,8.4606673,49.4953887,2,Counter({0: 2}),0.0006488781020138617
2305,915292947,2305,8.4761479,49.5338894,2,Counter({0: 2}),0.0012331844684844277
2306,915652126,2306,8.4804114,49.4991864,4,Counter({0: 4}),0.005987547097455977
2307,915652146,2307,8.4795659,49.4983088,2,Counter({0: 2}),0.004526010698359572
2308,915652148,2308,8.4795008,49.4978601,3,"Counter({1: 2, 0: 1})",0.0023933118375240162
2309,920459320,2309,8.475559,49.5162275,1,Counter({0: 1}),0.0003084267818281514
2310,921135046,2310,8.4762319,49.496169,4,"Counter({0: 2, 1: 2})",0.002972879060066614
2311,921135048,2311,8.4752406,49.4965777,4,Counter({0: 4}),0.0023593437994499813
2312,921135049,2312,8.4751104,49.4965999,4,"Counter({0: 2, 1: 2})",0.0024304225770131202
2313,921135052,2313,8.4735804,49.4969068,4,Counter({0: 4}),0.052198645183899745
2314,921135055,2314,8.4719447,49.498919,4,Counter({0: 4}),0.004396015671889919
2315,921135057,2315,8.4715529,49.5002161,4,"Counter({0: 2, 1: 2})",0.007243667725309391
2316,921135973,2316,8.470911,49.501931,2,Counter({0: 2}),0.00451330898620621
2317,921135976,2317,8.4701464,49.5055281,2,Counter({0: 2}),0.0005933408111018144
2318,921135984,2318,8.473361,49.513601,3,Counter({0: 3}),0.0008064701491620468
2319,921140135,2319,8.4809801,49.5220892,3,"Counter({1: 2, 0: 1})",0.04341667582387963
2320,921140143,2320,8.482177,49.5252933,3,Counter({0: 3}),0.02934031036159561
2321,921217110,2321,8.4815945,49.5278696,2,Counter({0: 2}),0.001584342505044296
2322,921217113,2322,8.4816318,49.5264159,2,Counter({0: 2}),0.0019815395149456122
2323,921217114,2323,8.4816654,49.526302,2,Counter({0: 2}),0.0022498215594459387
2324,921275053,2324,8.4755493,49.516206,3,Counter({0: 3}),0.0010965078003857597
2325,921275054,2325,8.4763885,49.5170117,2,Counter({0: 2}),0.00044874640292068567
2326,921275055,2326,8.4764359,49.5169512,2,Counter({0: 2}),0.0007408544763995319
2327,921275057,2327,8.4763596,49.5167702,2,Counter({0: 2}),0.0010411069018088663
2328,921275058,2328,8.4761289,49.5166024,2,Counter({0: 2}),0.0007945270666161229
2329,921275069,2329,8.4714303,49.5127506,2,Counter({0: 2}),0.0005365064366451535
2330,921275070,2330,8.4714361,49.5121973,3,Counter({0: 3}),0.0012693154144608656
2331,921275071,2331,8.4712447,49.5115776,3,Counter({0: 3}),0.0013952346459524887
2332,921404246,2332,8.4697266,49.5055573,3,Counter({0: 3}),0.02720131090121708
2333,921404250,2333,8.4698273,49.5043939,3,Counter({0: 3}),0.06885595319482894
2334,921404277,2334,8.4716537,49.49871,4,Counter({0: 4}),0.003158933502926942
2335,921404278,2335,8.4722424,49.4973266,4,"Counter({1: 2, 0: 2})",0.005436998777091386
2336,921404292,2336,8.4719037,49.4966615,4,Counter({0: 4}),0.007296758681130239
2337,921410463,2337,8.475475,49.5161205,3,Counter({0: 3}),0.05600336158608254
2338,921410483,2338,8.4753788,49.5160333,2,Counter({0: 2}),0.05582612562678787
2339,921410492,2339,8.4750965,49.5158302,4,Counter({0: 4}),0.056498041459899014
2340,922305082,2340,8.5186492,49.4885093,3,Counter({0: 3}),0.006628903545697459
2341,922509744,2341,8.4769561,49.5054492,2,Counter({0: 2}),0.0018491088608906363
2342,922509769,2342,8.4767701,49.5061214,2,Counter({0: 2}),0.000616795490453172
2343,922509812,2343,8.4764738,49.506277,1,Counter({0: 1}),0.0003084267818281514
2344,922509832,2344,8.4770869,49.5059102,2,Counter({0: 2}),0.0009250480526719307
2345,922509835,2345,8.4770468,49.5057688,2,Counter({0: 2}),0.0012331844684844277
2346,922509836,2346,8.477007,49.5056285,2,Counter({0: 2}),0.0015412047378906629
2347,924001988,2347,8.4588709,49.4913203,3,Counter({0: 3}),0.002474871907022878
2348,929047766,2348,8.4816587,49.524958,1,Counter({0: 1}),0.0003084267818281514
2349,930371282,2349,8.4754297,49.4906046,3,Counter({0: 3}),0.0013911651618587237
2350,930371580,2350,8.4786716,49.4901449,2,Counter({0: 2}),0.00045023203476486976
2351,930371630,2351,8.4782846,49.4901132,4,Counter({0: 4}),0.0015380997627760392
2352,930371742,2352,8.4762603,49.4879,3,"Counter({1: 2, 0: 1})",0.01873049199637502
2353,930372061,2353,8.4793319,49.4881525,3,Counter({0: 3}),0.010479866881322816
2354,930372289,2354,8.4768913,49.4918164,2,Counter({0: 2}),0.015934984770117393
2355,946451726,2355,8.5222695,49.4718905,3,Counter({0: 3}),0.004308741306296308
2356,946451746,2356,8.521421,49.4705032,3,Counter({0: 3}),0.00277241471746864
2357,946451747,2357,8.5216721,49.4704715,2,Counter({0: 2}),0.00030941402628137653
2358,946451748,2358,8.5219293,49.4704446,2,Counter({0: 2}),0.0003090075138594603
2359,946451749,2359,8.5221948,49.4704186,2,Counter({0: 2}),0.0006162728316249939
2360,946451754,2360,8.5221318,49.4694253,3,Counter({0: 3}),0.0015413789575000555
2361,946451756,2361,8.522285,49.4717583,2,Counter({0: 2}),0.003078460497968425
2362,946454576,2362,8.5229824,49.4730255,2,Counter({0: 2}),0.004615019379608617
2363,946454577,2363,8.5233675,49.4733044,2,Counter({0: 2}),0.0049217620385459725
2364,951413202,2364,8.4908742,49.4706223,2,Counter({0: 2}),0.00326277416771688
2365,958280214,2365,8.4830337,49.513466,3,Counter({0: 3}),0.0016946574358837393
2366,978747677,2366,8.5351621,49.4813036,2,Counter({0: 2}),0.0009250480526719307
2367,983634339,2367,8.5239545,49.4747163,1,Counter({0: 1}),0.0003084267818281514
2368,983635609,2368,8.5238952,49.4744984,4,"Counter({1: 2, 0: 2})",0.005644971706669488
2369,988747885,2369,8.4636602,49.4938731,3,"Counter({1: 2, 0: 1})",0.0004056926326466809
2370,988747917,2370,8.4620783,49.493768,4,Counter({0: 4}),0.008714686656182895
2371,988747972,2371,8.4636393,49.4937402,3,"Counter({1: 2, 0: 1})",0.0024048218339613337
2372,988747979,2372,8.4618392,49.4935723,3,Counter({0: 3}),0.002121621907917673
2373,988747996,2373,8.4618436,49.4934131,3,Counter({0: 3}),0.0013434765757944992
2374,989001321,2374,8.4854822,49.4827616,3,Counter({0: 3}),0.04284338462593072
2375,989001340,2375,8.483636,49.4807698,4,Counter({0: 4}),0.0036056457168810556
2376,989001347,2376,8.4713004,49.4812481,5,"Counter({1: 4, 0: 1})",0.0031141960272441545
2377,989001350,2377,8.4829608,49.4800143,3,Counter({0: 3}),0.0009282184746963116
2378,989001431,2378,8.4838402,49.4809973,3,Counter({0: 3}),0.0016250000502705513
2379,998763935,2379,8.4965932,49.5035528,4,Counter({0: 4}),0.0018305440783679058
2380,998764010,2380,8.499439,49.5045713,2,Counter({0: 2}),0.000616795490453172
2381,998764123,2381,8.4962316,49.5028267,3,Counter({0: 3}),0.0018547696715297266
2382,998764180,2382,8.5008174,49.5049327,3,Counter({0: 3}),0.0015401100580116458
2383,998764265,2383,8.4989106,49.5050112,1,Counter({0: 1}),0.0003084267818281514
2384,998764301,2384,8.4997707,49.5046157,1,Counter({0: 1}),0.0003084267818281514
2385,999909062,2385,8.5301202,49.5117648,2,Counter({0: 2}),0.0009250480526719307
2386,1005442292,2386,8.5014145,49.4891709,3,"Counter({1: 2, 0: 1})",0.0012331844684844277
2387,1005442733,2387,8.5002882,49.4895801,3,Counter({0: 3}),0.004613143790566274
2388,1005442749,2388,8.5011403,49.4893685,3,Counter({0: 3}),0.027844484949614105
2389,1005442828,2389,8.5012476,49.4892955,4,"Counter({1: 2, 0: 2})",0.07977716032549288
2390,1005444478,2390,8.5212878,49.4928542,2,Counter({0: 2}),0.0006585474613961354
2391,1005449776,2391,8.5241645,49.496118,3,Counter({0: 3}),0.0015412628110937937
2392,1016458877,2392,8.5377848,49.5204079,2,Counter({0: 2}),0.0015412047378906629
2393,1016458975,2393,8.5375745,49.522157,2,Counter({0: 2}),0.0009250480526719307
2394,1016459055,2394,8.529558,49.5239702,2,Counter({0: 2}),0.0009250480526719307
2395,1016459082,2395,8.527405,49.5193193,1,Counter({0: 1}),0.0003084267818281514
2396,1016459144,2396,8.5283673,49.5197541,2,Counter({0: 2}),0.000616795490453172
2397,1016459184,2397,8.5276865,49.5203956,1,Counter({0: 1}),0.0003084267818281514
2398,1016459222,2398,8.5319939,49.5193079,1,Counter({0: 1}),5.8073203130888986e-08
2399,1016459245,2399,8.5368007,49.5236276,2,Counter({0: 2}),0.000616795490453172
2400,1016459288,2400,8.5280931,49.5226376,4,Counter({0: 4}),0.04912505169966909
2401,1016459339,2401,8.5303857,49.5206654,2,Counter({0: 2}),0.025251825734397534
2402,1016459422,2402,8.5354059,49.5251143,4,Counter({0: 4}),0.0208485238314432
2403,1016459513,2403,8.5261662,49.5208524,3,Counter({0: 3}),0.0029888922610063475
2404,1016459533,2404,8.5296171,49.5182204,2,Counter({0: 2}),0.0009250480526719307
2405,1016459584,2405,8.5302865,49.5206221,3,Counter({0: 3}),0.04415698789626686
2406,1016498174,2406,8.5195988,49.5001249,1,Counter({0: 1}),0.0003084267818281514
2407,1016508258,2407,8.522331,49.5221791,2,Counter({0: 2}),0.007292174686207503
2408,1016543601,2408,8.4751787,49.496074,4,Counter({0: 4}),0.0018051314054297587
2409,1018739044,2409,8.4743614,49.4952232,3,Counter({0: 3}),0.0069841236870046945
2410,1019984285,2410,8.4637385,49.4826036,1,Counter({0: 1}),0.0003084267818281514
2411,1019984288,2411,8.4646567,49.4822753,3,Counter({0: 3}),0.001589472438437962
2412,1019984321,2412,8.4577278,49.4876167,2,Counter({0: 2}),0.001939087789704741
2413,1019984405,2413,8.4618454,49.4826035,2,Counter({0: 2}),0.000616795490453172
2414,1025583259,2414,8.5370148,49.4841569,1,Counter({0: 1}),0.0003084267818281514
2415,1025583283,2415,8.5322224,49.4843014,3,Counter({0: 3}),0.0012333006148906895
2416,1051483894,2416,8.5295827,49.467174,3,"Counter({1: 2, 0: 1})",0.0085808473089907
2417,1057391097,2417,8.4759313,49.4637804,2,Counter({0: 2}),0.00032176964193961286
2418,1057391103,2418,8.476174,49.4634572,2,Counter({0: 2}),0.00030906558706259116
2419,1057459061,2419,8.5176899,49.5127913,3,Counter({0: 3}),0.005845474407545893
2420,1068953392,2420,8.4591,49.4967677,3,Counter({0: 3}),0.012524424765787197
2421,1068953401,2421,8.4605236,49.5001771,3,Counter({0: 3}),0.01587840602121269
2422,1080163751,2422,8.5521246,49.5094725,1,Counter({0: 1}),1.1614640626177797e-07
2423,1081099431,2423,8.5162255,49.4706575,2,Counter({0: 2}),0.000616795490453172
2424,1081099518,2424,8.5144686,49.4712359,1,Counter({0: 1}),0.0003084267818281514
2425,1081099592,2425,8.5102838,49.4718144,1,Counter({0: 1}),1.1614640626177798e-06
2426,1081099636,2426,8.5098534,49.4718691,2,Counter({0: 2}),4.123197422293118e-06
2427,1081099978,2427,8.5180297,49.4701063,2,Counter({0: 2}),0.0009250480526719307
2428,1082815557,2428,8.5102015,49.4718152,2,Counter({0: 2}),2.2648549221046703e-06
2429,1089254038,2429,8.5139614,49.5029045,4,Counter({0: 4}),0.031001178682606545
2430,1089352923,2430,8.5128993,49.5055189,2,Counter({0: 2}),0.001511507680152342
2431,1098478174,2431,8.5455156,49.4825987,2,Counter({0: 2}),4.065124219162229e-07
2432,1098540519,2432,8.4912249,49.4777968,2,Counter({0: 2}),0.003314884690114659
2433,1098540640,2433,8.4919694,49.4779238,3,Counter({0: 3}),0.0021356957491480357
2434,1098540820,2434,8.4914882,49.477812,3,Counter({0: 3}),0.0032325348353121693
2435,1109568394,2435,8.4606241,49.4854012,2,Counter({0: 2}),0.006343813654205377
2436,1109568409,2436,8.4615149,49.4851607,2,Counter({1: 2}),0.0003084267818281514
2437,1109568414,2437,8.46143,49.4849646,4,"Counter({0: 2, 1: 2})",0.006769468613596297
2438,1109568428,2438,8.4615292,49.4850626,4,"Counter({1: 2, 0: 2})",0.001288324403892555
2439,1109604141,2439,8.4915968,49.4778176,3,"Counter({1: 2, 0: 1})",0.003089635825384877
2440,1109628968,2440,8.4882318,49.4762909,6,"Counter({1: 4, 2: 2})",0.010100136578948126
2441,1113317367,2441,8.5177481,49.489206,2,Counter({0: 2}),0.01455287232696807
2442,1113317439,2442,8.5162268,49.4884726,3,Counter({0: 3}),0.005761516835651813
2443,1113317688,2443,8.5178259,49.4887203,3,Counter({0: 3}),0.006414013635808015
2444,1113317867,2444,8.5177326,49.488462,2,Counter({0: 2}),0.007975483543236529
2445,1113318049,2445,8.5204869,49.4950776,4,Counter({0: 4}),0.004989306036087357
2446,1113318243,2446,8.5199588,49.494911,3,Counter({0: 3}),0.0163265769119547
2447,1113318613,2447,8.5174796,49.4888874,5,"Counter({0: 3, 1: 2})",0.019282619781362535
2448,1113318666,2448,8.5175991,49.4884551,3,Counter({0: 3}),0.008308270128300203
2449,1113318709,2449,8.5175724,49.4885188,3,"Counter({1: 2, 0: 1})",0.0003216572806195993
2450,1113318757,2450,8.5170058,49.4894568,2,Counter({0: 2}),0.0003996086943812893
2451,1113319002,2451,8.5119656,49.4921333,2,Counter({0: 2}),0.0006954203400615998
2452,1113319056,2452,8.5187095,49.4961477,3,Counter({0: 3}),0.0017469706947861336
2453,1113527447,2453,8.4984257,49.4780104,3,Counter({0: 3}),0.030048841448076565
2454,1118649143,2454,8.5029616,49.5093376,2,Counter({0: 2}),1.2195372657486686e-06
2455,1118649154,2455,8.5024837,49.5090832,1,Counter({0: 1}),6.388052344397788e-07
2456,1119233709,2456,8.5122502,49.5074991,2,Counter({0: 2}),0.018190264633265348
2457,1119233838,2457,8.5125113,49.5081728,3,Counter({0: 3}),0.01654846379667852
2458,1119233913,2458,8.5111289,49.5074528,2,Counter({0: 2}),0.019013422560858036
2459,1119234127,2459,8.5126879,49.5082681,3,Counter({0: 3}),0.017452648199083955
2460,1119280168,2460,8.5136725,49.5088029,1,Counter({0: 1}),0.0003084267818281514
2461,1119280171,2461,8.5141363,49.5082561,2,Counter({0: 2}),0.01608041573036854
2462,1120310798,2462,8.4633099,49.4842227,3,"Counter({1: 2, 0: 1})",0.0018608866691457598
2463,1120310802,2463,8.4647671,49.4822335,3,Counter({0: 3}),0.000558914492743761
2464,1121647563,2464,8.4794465,49.5075259,1,Counter({0: 1}),0.0003084267818281514
2465,1125291237,2465,8.4881453,49.4794732,2,Counter({0: 2}),0.00040452791367588203
2466,1126992310,2466,8.4648597,49.4821999,4,Counter({0: 4}),0.0015165731789825382
2467,1126992321,2467,8.4663392,49.4830188,4,Counter({0: 4}),0.0016885929802516123
2468,1126992374,2468,8.4655745,49.4822332,2,Counter({0: 2}),0.0004502175324528034
2469,1126992382,2469,8.4650133,49.4818062,1,Counter({0: 1}),0.0003084267818281514
2470,1126992385,2470,8.4656045,49.4818655,2,Counter({0: 2}),0.00042338341187291267
2471,1126992392,2471,8.4650186,49.4819126,2,Counter({0: 2}),0.0009117693617021769
2472,1151184476,2472,8.5479045,49.4739737,2,Counter({0: 2}),0.0017438511802156918
2473,1154343500,2473,8.4709219,49.509795,2,Counter({0: 2}),0.0003085429282344132
2474,1157597513,2474,8.4602586,49.4999563,2,Counter({0: 2}),0.014249802878300652
2475,1157600517,2475,8.461123,49.4996878,3,Counter({0: 3}),0.014448447752800577
2476,1158063654,2476,8.5180995,49.4887843,2,Counter({0: 2}),0.0004892901123423577
2477,1158063658,2477,8.5189261,49.4886119,3,Counter({0: 3}),0.0007299883990194639
2478,1159174886,2478,8.5061602,49.5071992,2,Counter({0: 2}),0.0178493182819205
2479,1159194869,2479,8.4911507,49.4997718,2,Counter({0: 2}),0.0010372881123258194
2480,1159194870,2480,8.4934406,49.5009614,4,Counter({0: 4}),0.0075164017061943485
2481,1159194871,2481,8.4910314,49.4997133,4,Counter({0: 4}),0.010842478286808723
2482,1159230514,2482,8.4911698,49.4900682,4,"Counter({1: 2, 0: 1, 2: 1})",0.0017226844428964141
2483,1159230526,2483,8.4910683,49.4901384,4,"Counter({1: 2, 0: 2})",0.0019269277564739255
2484,1159687865,2484,8.5014112,49.5043321,3,Counter({0: 3}),0.00425524911100579
2485,1159782814,2485,8.4716177,49.5130371,3,Counter({0: 3}),0.0027378963210535697
2486,1160106169,2486,8.4748467,49.4960097,3,Counter({0: 3}),0.0008515588833010599
2487,1160106170,2487,8.4818638,49.4938395,4,Counter({0: 4}),0.0027217582060585313
2488,1160106172,2488,8.4821616,49.4937674,2,Counter({0: 2}),0.0005542734988707558
2489,1160106174,2489,8.4830773,49.4932471,3,Counter({0: 3}),0.011038618505019948
2490,1160106178,2490,8.4755022,49.496742,3,Counter({0: 3}),0.0018325432149518552
2491,1160106182,2491,8.4753121,49.4965624,4,Counter({0: 4}),0.0028798621387825635
2492,1160106185,2492,8.4835305,49.4931383,4,Counter({0: 4}),0.0821814941237998
2493,1160106194,2493,8.4751734,49.4964371,4,Counter({0: 4}),0.0013840267701056474
2494,1160106196,2494,8.4786573,49.4948405,4,Counter({0: 4}),0.005598762987211287
2495,1160106198,2495,8.4824162,49.4936929,4,"Counter({1: 2, 0: 2})",0.0009150215054445808
2496,1160134615,2496,8.4704899,49.4935898,4,Counter({0: 4}),0.09970872097253376
2497,1160190416,2497,8.4745088,49.4960086,3,"Counter({1: 2, 0: 1})",0.0003376545776836982
2498,1160190419,2498,8.4735577,49.4953414,4,Counter({0: 4}),0.0021046546567134988
2499,1160316658,2499,8.4735121,49.4952585,4,Counter({0: 4}),0.009080648908584659
2500,1161138302,2500,8.4823162,49.4925329,3,Counter({0: 3}),0.002875113693898605
2501,1161197906,2501,8.4785953,49.4879073,3,"Counter({1: 2, 0: 1})",0.0008100619719595385
2502,1161197938,2502,8.4802593,49.489459,5,"Counter({0: 3, 1: 2})",0.026161255043057403
2503,1161197972,2503,8.4795711,49.4885299,4,Counter({0: 4}),0.024132557033123957
2504,1161197983,2504,8.4787984,49.48795,3,Counter({0: 3}),0.0012261944602634648
2505,1162354136,2505,8.4817175,49.5318931,2,Counter({0: 2}),0.0003110400759690414
2506,1163659408,2506,8.4857245,49.4943094,2,Counter({0: 2}),0.0025553548292892485
2507,1163659426,2507,8.4847551,49.49411,4,Counter({1: 4}),0.001775427695362021
2508,1164416884,2508,8.4848692,49.4943186,3,Counter({0: 3}),0.06311007731049015
2509,1164558604,2509,8.5377244,49.5183025,4,Counter({0: 4}),0.004094161788614034
2510,1164558612,2510,8.5375672,49.518245,3,Counter({0: 3}),0.0034034333032552755
2511,1164606266,2511,8.5180454,49.488766,3,Counter({0: 3}),0.0006585209160165351
2512,1165054865,2512,8.4730173,49.4955702,4,Counter({0: 4}),0.012485088717894974
2513,1165054867,2513,8.473396,49.4953325,4,Counter({0: 4}),0.0017174185521943654
2514,1165054875,2514,8.5060012,49.5071651,3,Counter({0: 3}),0.018189527806556218
2515,1165054878,2515,8.4880812,49.529015,4,Counter({0: 4}),0.003753733051311772
2516,1165054879,2516,8.472928,49.4955056,4,Counter({0: 4}),0.034688574916366274
2517,1165098874,2517,8.50569,49.5070836,2,Counter({0: 2}),0.017710317033171084
2518,1165114852,2518,8.5058656,49.5071339,2,Counter({0: 2}),0.01755930769745316
2519,1165166679,2519,8.4817184,49.525912,2,Counter({0: 2}),0.0028397291568495113
2520,1165166703,2520,8.501502,49.5236167,3,Counter({0: 3}),0.04212408915068429
2521,1165182004,2521,8.4732836,49.49538,4,"Counter({0: 2, 1: 2})",0.0022180913827719124
2522,1165361026,2522,8.5444464,49.4829355,1,Counter({0: 1}),5.8073203130888986e-08
2523,1166179028,2523,8.481585,49.5252537,3,"Counter({1: 2, 0: 1})",0.003439527071941579
2524,1166179029,2524,8.4817011,49.5252345,3,"Counter({1: 2, 0: 1})",0.0009116164901488764
2525,1167413598,2525,8.5059206,49.5067482,3,Counter({0: 3}),0.019054692707646613
2526,1167512180,2526,8.4558319,49.4853196,2,Counter({0: 2}),0.0005974361160506089
2527,1168824302,2527,8.4605973,49.4954824,2,Counter({0: 2}),0.0005409697761458612
2528,1168862788,2528,8.4719399,49.4929422,4,Counter({0: 4}),0.027218095178727215
2529,1168862791,2529,8.4720043,49.4930204,3,Counter({0: 3}),0.01660629134494492
2530,1169045009,2530,8.545935,49.4928623,3,"Counter({1: 2, 0: 1})",0.0067597789176386085
2531,1169752982,2531,8.5179672,49.4887006,3,Counter({0: 3}),0.0011940277837742847
2532,1169752987,2532,8.517945,49.488532,3,Counter({0: 3}),0.0011740203796815722
2533,1170486732,2533,8.4808039,49.5220116,2,Counter({0: 2}),0.0019391292246817141
2534,1170486734,2534,8.4804017,49.5220069,3,Counter({0: 3}),0.0056050366257090825
2535,1170486736,2535,8.4809512,49.5219887,3,Counter({0: 3}),0.0453894338113753
2536,1170486763,2536,8.4805013,49.5219937,3,Counter({0: 3}),0.004102574764242105
2537,1170520458,2537,8.4876578,49.5225932,3,"Counter({1: 2, 0: 1})",0.015944382783392424
2538,1170520481,2538,8.4882616,49.5228324,4,"Counter({0: 2, 1: 2})",0.0023586686132673032
2539,1170520483,2539,8.4877246,49.5225614,2,Counter({0: 2}),0.015837249293427724
2540,1170520489,2540,8.4875878,49.5229681,2,Counter({1: 2}),0.0003084267818281514
2541,1170533823,2541,8.487105,49.5231701,3,Counter({0: 3}),0.0013020423303866078
2542,1171091762,2542,8.4726062,49.4950667,1,Counter({0: 1}),0.0003084267818281514
2543,1171361616,2543,8.471637,49.4933338,3,Counter({0: 3}),0.06268219137113815
2544,1171593322,2544,8.4764667,49.516721,3,Counter({0: 3}),0.05400545330788151
2545,1171593323,2545,8.4768967,49.5167251,4,Counter({0: 4}),0.04802840167562849
2546,1171649905,2546,8.4724368,49.497488,3,Counter({0: 3}),0.0023069809163989425
2547,1172925593,2547,8.4853267,49.4942536,3,Counter({0: 3}),0.0028304028552569144
2548,1172925602,2548,8.4852839,49.4939538,2,Counter({0: 2}),0.014991821021530148
2549,1172925611,2549,8.4871542,49.4962406,2,Counter({0: 2}),0.00046671381576475376
2550,1173415274,2550,8.4631758,49.4986033,1,Counter({0: 1}),0.0003084267818281514
2551,1173649227,2551,8.497103,49.5026093,4,Counter({0: 4}),0.010658390371373588
2552,1173649234,2552,8.5107174,49.5074612,3,Counter({0: 3}),0.020129382623200198
2553,1173649266,2553,8.4972252,49.5026724,3,Counter({0: 3}),0.014002738248567669
2554,1173664192,2554,8.5055396,49.5066942,3,Counter({0: 3}),0.005543046806119475
2555,1176179538,2555,8.491649,49.4775655,4,Counter({0: 4}),0.014983692899461512
2556,1176400818,2556,8.4601726,49.495541,3,"Counter({1: 2, 0: 1})",0.012397093590702143
2557,1176400828,2557,8.4604078,49.4952915,4,"Counter({1: 2, 2: 1, 0: 1})",0.0023219098002913866
2558,1176400829,2558,8.4604593,49.4952286,4,"Counter({1: 2, 0: 2})",0.0028655370291544072
2559,1178517192,2559,8.4812393,49.5313218,3,Counter({0: 3}),0.002766326710007086
2560,1178553904,2560,8.4835385,49.5307586,2,Counter({0: 2}),0.0010294759616744306
2561,1178604844,2561,8.5301267,49.4963129,3,Counter({0: 3}),0.005842036411698408
2562,1178604845,2562,8.5209897,49.4946357,3,Counter({0: 3}),0.002141373364714853
2563,1178604848,2563,8.5252832,49.4951862,3,Counter({0: 3}),0.004542525460798176
2564,1178604860,2564,8.5375091,49.4986857,2,Counter({0: 2}),0.000616795490453172
2565,1178604864,2565,8.520573,49.4948788,4,Counter({0: 4}),0.004108169958061439
2566,1178604869,2566,8.5208584,49.4946715,4,"Counter({0: 2, 1: 2})",0.00224551379004429
2567,1178604870,2567,8.5242578,49.4950417,4,Counter({0: 4}),0.005583135316875714
2568,1178604876,2568,8.5228159,49.4949317,4,Counter({0: 4}),0.004123895236035892
2569,1178604890,2569,8.5372907,49.4986813,1,Counter({0: 1}),0.0003084267818281514
2570,1178957374,2570,8.4937213,49.4793953,2,Counter({0: 2}),0.0021568968374843477
2571,1178957380,2571,8.5059087,49.4778462,3,Counter({0: 3}),0.0012857519075073196
2572,1178957385,2572,8.4935575,49.4798567,3,Counter({0: 3}),0.0009364358797192726
2573,1179410118,2573,8.4898767,49.4900996,2,Counter({0: 2}),0.07076748890518954
2574,1179410141,2574,8.482766,49.4922899,4,Counter({0: 4}),0.05891459177479028
2575,1179448780,2575,8.4912567,49.4900148,4,"Counter({1: 2, 0: 2})",0.004487532331611662
2576,1179478002,2576,8.4807789,49.4927493,1,Counter({0: 1}),0.0003084267818281514
2577,1179478036,2577,8.479167,49.4931985,1,Counter({0: 1}),0.0003084267818281514
2578,1179737588,2578,8.4911381,49.4897319,3,"Counter({1: 2, 0: 1})",0.0015412047378906629
2579,1179737598,2579,8.4931158,49.4893765,3,"Counter({1: 2, 0: 1})",0.000616795490453172
2580,1179737614,2580,8.4930237,49.4892351,3,"Counter({1: 2, 0: 1})",0.000616795490453172
2581,1180516874,2581,8.4794711,49.4928211,2,Counter({0: 2}),0.024979819476194414
2582,1180516877,2582,8.4808606,49.4929,3,Counter({0: 3}),0.004040057395348118
2583,1180819591,2583,8.4717759,49.4959667,3,"Counter({1: 2, 0: 1})",0.0006067889313212272
2584,1180819595,2584,8.4714745,49.4959441,3,"Counter({1: 2, 0: 1})",0.008501102240924135
2585,1180819615,2585,8.4714162,49.4960288,4,"Counter({1: 2, 0: 2})",0.00794552409045235
2586,1180819619,2586,8.4714891,49.4960015,4,Counter({1: 4}),0.0005917206423163525
2587,1182459769,2587,8.4842052,49.4685525,3,"Counter({1: 2, 0: 1})",0.0019506861253783727
2588,1182459783,2588,8.4842825,49.4685737,2,Counter({0: 2}),0.0015921608570932215
2589,1182679126,2589,8.4720645,49.4689509,3,Counter({0: 3}),0.008939847417357826
2590,1182679147,2590,8.4725038,49.4689196,3,Counter({0: 3}),0.01039369178865462
2591,1182679193,2591,8.4711738,49.4738893,4,"Counter({1: 2, 0: 2})",0.0036643120331469443
2592,1182679203,2592,8.4755559,49.4650975,3,Counter({0: 3}),0.011596133553155773
2593,1182679264,2593,8.4720286,49.4694761,3,Counter({0: 3}),0.002891298885833394
2594,1182696212,2594,8.4749156,49.4647871,4,Counter({0: 4}),0.0032086521312794237
2595,1182696219,2595,8.474844,49.4648971,4,Counter({0: 4}),0.0016262376681712963
2596,1182696225,2596,8.4739619,49.4662484,2,Counter({0: 2}),0.0007075463958234822
2597,1183258696,2597,8.4714485,49.5001937,6,"Counter({0: 2, 1: 2, 2: 2})",0.009691489125373454
2598,1183258760,2598,8.4712666,49.5002649,3,"Counter({1: 2, 0: 1})",0.007443388201532544
2599,1183258778,2599,8.4718817,49.4989085,4,Counter({0: 4}),0.0048412245109881015
2600,1183258826,2600,8.470122,49.5046407,4,Counter({0: 4}),0.005545937224865493
2601,1183258841,2601,8.4713101,49.5105879,3,Counter({0: 3}),0.07209948914130193
2602,1183258937,2602,8.4707701,49.5085593,3,Counter({0: 3}),0.07281075779151579
2603,1183456348,2603,8.5439651,49.4888172,3,Counter({0: 3}),0.017474888856599927
2604,1183456771,2604,8.5446502,49.4899929,2,Counter({0: 2}),0.007945052993540053
2605,1183590586,2605,8.476176,49.4889039,3,Counter({0: 3}),0.004194642515848751
2606,1183612695,2606,8.4757142,49.4908142,4,Counter({0: 4}),0.0011543790114884862
2607,1184106693,2607,8.4881403,49.4947639,3,"Counter({1: 2, 0: 1})",0.0021616223686675633
2608,1184125376,2608,8.4714811,49.5000684,3,"Counter({1: 2, 0: 1})",0.0035283612653488837
2609,1184158167,2609,8.4708164,49.5087125,3,Counter({0: 3}),0.0723178542173675
2610,1184158170,2610,8.4697424,49.5053982,3,Counter({0: 3}),0.06724551006319833
2611,1184158183,2611,8.4707414,49.5084281,2,Counter({0: 2}),0.07292434845927201
2612,1184158190,2612,8.4698301,49.5054006,4,Counter({0: 4}),0.04398880862370436
2613,1184158192,2613,8.4701176,49.5056846,3,Counter({0: 3}),0.000859488007861049
2614,1184158194,2614,8.4698194,49.5056903,3,Counter({0: 3}),0.0280450956939646
2615,1184158207,2615,8.4705986,49.5087404,3,Counter({0: 3}),0.0005765875484526842
2616,1184158231,2616,8.4700699,49.505407,3,Counter({0: 3}),0.019282394718908594
2617,1184158237,2617,8.4700343,49.5056825,4,Counter({0: 4}),0.07386637835117056
2618,1184171070,2618,8.4710834,49.5012261,3,Counter({0: 3}),0.007742496797648093
2619,1184448921,2619,8.4605842,49.4953569,3,Counter({0: 3}),0.001482868159874951
2620,1184512491,2620,8.4597024,49.4926215,3,Counter({0: 3}),0.014470877322259594
2621,1184512493,2621,8.4589493,49.4914192,2,Counter({0: 2}),0.0005793950798938499
2622,1184512506,2622,8.4587647,49.4916202,3,Counter({0: 3}),0.0010197225262157813
2623,1184515451,2623,8.4594113,49.4922941,3,Counter({0: 3}),0.005354246162496425
2624,1184539508,2624,8.4617445,49.4937125,2,Counter({0: 2}),0.0035684726362505853
2625,1184546797,2625,8.4613697,49.4934505,4,"Counter({1: 2, 0: 2})",0.006373747728176525
2626,1185818957,2626,8.4754843,49.4909476,3,Counter({0: 3}),0.0007617886481869061
2627,1185897282,2627,8.4560978,49.4870098,4,"Counter({1: 2, 0: 2})",0.0006648721615740003
2628,1185897285,2628,8.4560857,49.4869246,3,Counter({0: 3}),0.0017609223346815466
2629,1185917081,2629,8.4568643,49.4896769,2,Counter({0: 2}),0.0009652209280301764
2630,1185917092,2630,8.4566197,49.4893478,3,Counter({0: 3}),0.001601996168400856
2631,1185952620,2631,8.4574418,49.491643,2,Counter({0: 2}),0.0024919244900660463
2632,1186505425,2632,8.4561891,49.4882176,3,Counter({0: 3}),0.005006296409078269
2633,1186749342,2633,8.4567724,49.4895577,2,Counter({0: 2}),0.0009847881621893042
2634,1187978086,2634,8.4798304,49.4942555,3,Counter({0: 3}),0.0009226133685310046
2635,1187978088,2635,8.4801286,49.494108,3,Counter({0: 3}),0.000792455611203123
2636,1188222721,2636,8.4997195,49.4958659,2,Counter({0: 2}),0.0006166212708437793
2637,1189479095,2637,8.4951394,49.4528267,1,Counter({0: 1}),0.0003084267818281514
2638,1189479108,2638,8.4950464,49.4528169,3,Counter({0: 3}),0.0012333006148906895
2639,1189537027,2639,8.4964343,49.4534288,2,Counter({0: 2}),1.6841228907957806e-06
2640,1190791314,2640,8.5107536,49.5184474,1,Counter({0: 1}),0.0003084267818281514
2641,1190791316,2641,8.5109241,49.5186488,3,Counter({0: 3}),0.10537084219722188
2642,1190791318,2642,8.5109764,49.5187105,3,Counter({0: 3}),0.029610482355345292
2643,1190829450,2643,8.5219834,49.5154784,2,Counter({0: 2}),0.007677219380700393
2644,1190829457,2644,8.5218102,49.5152938,3,Counter({0: 3}),0.009389603978409662
2645,1190838024,2645,8.5218314,49.5149482,3,"Counter({1: 2, 0: 1})",0.0003308014850699588
2646,1192379412,2646,8.4614364,49.4997164,3,Counter({0: 3}),0.012970355470605079
2647,1192379414,2647,8.4612026,49.4995133,2,Counter({0: 2}),0.0015024793339288947
2648,1192379416,2648,8.4611667,49.4996224,2,Counter({0: 2}),0.0022859507598312406
2649,1192379424,2649,8.4616598,49.499348,3,Counter({0: 3}),0.004387575814884145
2650,1192379425,2650,8.4612313,49.4995391,3,Counter({0: 3}),0.002508015541475352
2651,1192379427,2651,8.4613544,49.4995737,3,Counter({0: 3}),0.002767882596094852
2652,1193590087,2652,8.526711,49.4794257,3,Counter({0: 3}),4.152234023858563e-06
2653,1193854266,2653,8.4753277,49.5165265,2,Counter({0: 2}),0.0015685149488722406
2654,1196611117,2654,8.4872681,49.4848829,4,Counter({0: 4}),0.10262769218570682
2655,1196619900,2655,8.5164241,49.4884883,3,Counter({0: 3}),0.008624795608856015
2656,1196619904,2656,8.5175537,49.4888541,4,"Counter({0: 2, 1: 2})",0.006407376177869672
2657,1196677086,2657,8.4973353,49.5218284,1,Counter({0: 1}),0.0003084267818281514
2658,1199377924,2658,8.4767743,49.485312,3,Counter({0: 3}),0.006666410574199618
2659,1199799682,2659,8.4762632,49.4847394,4,Counter({0: 4}),0.005478280323638093
2660,1199832277,2660,8.4757028,49.4856446,3,Counter({0: 3}),0.004024711445752319
2661,1199948946,2661,8.4762105,49.484677,3,Counter({0: 3}),0.0030169304005816617
2662,1200013732,2662,8.4787052,49.4874474,4,"Counter({1: 2, 2: 1, 0: 1})",0.0027062062040648944
2663,1200013736,2663,8.4786451,49.487612,3,Counter({0: 3}),0.0006509809127652676
2664,1201497460,2664,8.4773103,49.5051568,3,Counter({0: 3}),0.05468175902976837
2665,1201497512,2665,8.4827328,49.5056962,3,Counter({0: 3}),0.05387807180825542
2666,1201885776,2666,8.4916357,49.4779746,3,Counter({0: 3}),0.0008034989855686956
2667,1204024599,2667,8.4575484,49.4919125,3,Counter({0: 3}),1.3356836720104467e-06
2668,1204024604,2668,8.4575125,49.4918675,2,Counter({0: 2}),7.549516407015568e-07
2669,1204043058,2669,8.4568003,49.4915817,2,Counter({0: 2}),0.000616795490453172
2670,1204180625,2670,8.4761577,49.5083386,3,Counter({0: 3}),0.0010296862858465866
2671,1204422875,2671,8.4836497,49.5063182,1,Counter({0: 1}),0.0003084267818281514
2672,1206120508,2673,8.5221943,49.4677832,2,Counter({0: 2}),0.006471444541333859
2673,1207229965,2674,8.4848034,49.5068273,1,Counter({0: 1}),0.0003084267818281514
2674,1207626945,2675,8.4780589,49.4967026,3,Counter({0: 3}),0.0004459097575647114
2675,1207738707,2676,8.4745188,49.4967874,1,Counter({0: 1}),0.0003084267818281514
2676,1212003733,2678,8.4558693,49.4852064,2,Counter({0: 2}),0.0008180384589873697
2677,1213172595,2679,8.4761524,49.5158405,3,Counter({0: 3}),0.01757240131706173
2678,1213826673,2680,8.5230306,49.4705129,3,Counter({0: 3}),0.018857759622377974
2679,1213826702,2681,8.5229574,49.4705291,3,Counter({0: 3}),0.00756929476919936
2680,1213827330,2682,8.5222718,49.4681538,2,Counter({0: 2}),0.010008381848751535
2681,1213828088,2683,8.5223513,49.4681459,3,Counter({0: 3}),0.019555739354784166
2682,1215865158,2684,8.4690484,49.5070321,1,Counter({0: 1}),0.0003084267818281514
2683,1217742433,2685,8.4761016,49.507931,2,Counter({0: 2}),0.0009250480526719307
2684,1217742447,2686,8.4760454,49.5077445,2,Counter({0: 2}),0.000616795490453172
2685,1217742451,2687,8.4761445,49.5080844,2,Counter({0: 2}),0.0012331844684844277
2686,1225519141,2688,8.4752645,49.5095564,2,Counter({0: 2}),0.000411739010198007
2687,1225519142,2689,8.4766261,49.5093956,2,Counter({0: 2}),0.001027314963385393
2688,1225753058,2690,8.4730809,49.5112074,1,Counter({0: 1}),5.8073203130888986e-08
2689,1225753060,2691,8.4730035,49.5109653,1,Counter({0: 1}),5.8073203130888986e-08
2690,1227881048,2692,8.4727863,49.513181,3,Counter({0: 3}),0.0010679546580783118
2691,1228967768,2693,8.5134698,49.5179498,1,Counter({0: 1}),0.0003084267818281514
2692,1230314950,2694,8.473393,49.4924813,3,Counter({0: 3}),0.0008789534807355496
2693,1231698086,2695,8.4711753,49.4999828,3,Counter({0: 3}),0.002137575319401554
2694,1232219943,2696,8.5000666,49.5246136,3,Counter({0: 3}),0.00044099112135203265
2695,1232219945,2697,8.500009,49.524551,3,Counter({0: 3}),0.0010119856381414567
2696,1234372646,2698,8.5377778,49.5117449,2,Counter({0: 2}),1.7421960939266694e-07
2697,1236359266,2699,8.5364162,49.5105776,2,Counter({0: 2}),0.0003095301726876383
2698,1236394075,2700,8.5384509,49.5110091,1,Counter({0: 1}),1.1614640626177797e-07
2699,1236949294,2701,8.5393329,49.5155336,1,Counter({0: 1}),0.0003084267818281514
2700,1243300228,2702,8.4574324,49.4832982,1,Counter({0: 1}),0.0003084267818281514
2701,1260794485,2703,8.4621925,49.4792472,2,Counter({0: 2}),0.012258600793558012
2702,1260794583,2704,8.4620285,49.4794568,2,Counter({0: 2}),0.012445030627968241
2703,1260794762,2705,8.4637244,49.4783623,2,Counter({0: 2}),0.0039471304048218974
2704,1260794932,2706,8.4625769,49.4786432,3,Counter({0: 3}),0.012287926495395311
2705,1262068009,2707,8.4603616,49.481495,3,Counter({0: 3}),0.014315756770090468
2706,1263365560,2708,8.5156682,49.4899947,2,Counter({0: 2}),0.00044397550589118814
2707,1263374418,2709,8.4717129,49.4715159,3,Counter({0: 3}),0.0009523234437330496
2708,1265073732,2710,8.5073699,49.4777147,3,Counter({0: 3}),0.0013504769452596743
2709,1270316180,2711,8.4670578,49.4707591,1,Counter({0: 1}),0.0003084267818281514
2710,1270403686,2712,8.4955419,49.489465,2,Counter({0: 2}),0.0012331844684844277
2711,1270706630,2713,8.5073221,49.4935954,2,Counter({0: 2}),6.388052344397788e-07
2712,1270706634,2714,8.5043093,49.4927206,1,Counter({0: 1}),3.484392187853339e-07
2713,1270706637,2715,8.506337,49.4898387,3,Counter({0: 3}),7.549516407015568e-07
2714,1270706639,2716,8.504125,49.489485,2,Counter({0: 2}),0.0021776953611880407
2715,1270706642,2717,8.5069973,49.4893518,2,Counter({0: 2}),0.00206221630657576
2716,1270706650,2718,8.5060044,49.4903093,2,Counter({0: 2}),5.226588281780008e-07
2717,1270706663,2719,8.5084346,49.4920895,2,Counter({0: 2}),8.710980469633348e-07
2718,1270706666,2720,8.5092189,49.4906602,1,Counter({0: 1}),3.484392187853339e-07
2719,1270706667,2721,8.5095157,49.4901506,1,Counter({0: 1}),2.9036601565444494e-07
2720,1270706668,2722,8.5079276,49.4929024,2,Counter({0: 2}),8.130248438324458e-07
2721,1270706681,2723,8.5090047,49.491145,2,Counter({0: 2}),6.388052344397788e-07
2722,1270706683,2724,8.5087491,49.4915868,2,Counter({0: 2}),8.130248438324458e-07
2723,1270706689,2725,8.5097319,49.4896881,1,Counter({0: 1}),2.9036601565444494e-07
2724,1276902063,2726,8.4715634,49.5069958,1,Counter({0: 1}),1.7421960939266694e-07
2725,1280728002,2727,8.5215658,49.5146306,5,"Counter({0: 3, 1: 2})",0.13826496267637486
2726,1280728024,2728,8.5260019,49.5121034,2,Counter({0: 2}),0.013485164326515723
2727,1282886822,2729,8.4659264,49.4940484,3,Counter({0: 3}),0.006596655764291815
2728,1283057020,2730,8.4636327,49.4940792,3,Counter({0: 3}),0.004058865465408018
2729,1283078701,2731,8.4616855,49.4939171,3,Counter({0: 3}),0.0049151586081813935
2730,1283078703,2732,8.4603748,49.4932326,3,Counter({0: 3}),0.0036518999883749775
2731,1283078738,2733,8.4604236,49.4933849,3,Counter({0: 3}),0.002653781495561783
2732,1283078835,2734,8.4613419,49.4936102,3,"Counter({1: 2, 0: 1})",0.001001463920524397
2733,1283078863,2735,8.4584995,49.4917141,2,Counter({0: 2}),0.0026771237827170986
2734,1293894328,2736,8.4692944,49.4806455,3,Counter({0: 3}),0.0014457455904349186
2735,1293894331,2737,8.4690496,49.4806835,3,Counter({0: 3}),0.001418101714821013
2736,1293894391,2738,8.4690572,49.4806612,3,"Counter({1: 2, 0: 1})",0.001024296012188146
2737,1293894393,2739,8.4692636,49.4805814,3,"Counter({1: 2, 0: 1})",0.0011347285629331346
2738,1293894414,2740,8.468942,49.4807143,2,Counter({0: 2}),0.0003476613983538327
2739,1293894445,2741,8.4691352,49.4807033,3,Counter({0: 3}),0.0029204494482240485
2740,1295300838,2742,8.466219,49.4914695,3,Counter({0: 3}),0.00235705527319594
2741,1298546209,2743,8.4720065,49.4820154,3,Counter({0: 3}),0.019305913927814177
2742,1298546228,2744,8.4730056,49.4830276,3,Counter({0: 3}),0.015337562435396605
2743,1299583297,2745,8.4575977,49.4967995,3,"Counter({1: 2, 0: 1})",0.0014487530065860062
2744,1299583338,2746,8.4581108,49.4982703,2,Counter({0: 2}),0.003010475472245545
2745,1300500655,2747,8.4613119,49.4961754,3,Counter({0: 3}),0.0011392856390183173
2746,1300500666,2748,8.4578081,49.4968458,1,Counter({0: 1}),0.0003084267818281514
2747,1303475310,2749,8.5554525,49.4629449,2,Counter({0: 2}),0.003425165670376369
2748,1303815880,2750,8.5453004,49.4736377,3,Counter({0: 3}),0.011237405842006365
2749,1303896799,2751,8.5394805,49.5155869,2,Counter({0: 2}),0.000616795490453172
2750,1303998722,2752,8.5384456,49.5112273,3,"Counter({1: 2, 0: 1})",0.0015412047378906629
2751,1303998738,2753,8.5397742,49.5118311,1,Counter({0: 1}),1.7421960939266694e-07
2752,1304003327,2754,8.5387924,49.5113559,2,Counter({1: 2}),0.0003084267818281514
2753,1304042510,2755,8.5456146,49.5142187,2,Counter({0: 2}),0.000616795490453172
2754,1304119573,2756,8.5469319,49.4696229,1,Counter({0: 1}),0.0003084267818281514
2755,1304119587,2757,8.5462286,49.4698013,3,Counter({0: 3}),0.0008990066611494315
2756,1304119727,2758,8.5461351,49.4698039,3,Counter({0: 3}),0.0012266096587807472
2757,1305025964,2759,8.4721401,49.49295,3,Counter({0: 3}),0.00653046279238239
2758,1305026592,2760,8.47114,49.4934177,3,Counter({0: 3}),0.0036619444891098116
2759,1305026703,2761,8.5110879,49.4633067,3,Counter({0: 3}),0.0019333556784707736
2760,1305153367,2762,8.5504255,49.4594508,1,Counter({0: 1}),0.0003084267818281514
2761,1305325134,2763,8.5505738,49.5104446,1,Counter({0: 1}),5.8073203130888986e-08
2762,1305906546,2764,8.5486068,49.4760359,2,Counter({0: 2}),0.002872019939705
2763,1305927341,2765,8.4756245,49.4962903,3,Counter({0: 3}),0.001102720579699655
2764,1306086427,2766,8.4782062,49.479578,2,Counter({0: 2}),4.645856250471119e-07
2765,1306688318,2767,8.5415797,49.516252,2,Counter({0: 2}),0.0015412047378906629
2766,1306719995,2768,8.5372722,49.4985519,2,Counter({0: 2}),0.0009250480526719307
2767,1306725292,2769,8.5467546,49.4939307,2,Counter({0: 2}),0.003079563888827912
2768,1307042487,2770,8.5457336,49.5131231,1,Counter({0: 1}),9.291712500942238e-07
2769,1307913770,2771,8.5399372,49.5113791,1,Counter({0: 1}),1.1614640626177797e-07
2770,1310374303,2772,8.5469606,49.5150287,3,Counter({0: 3}),0.0015413789575000555
2771,1311514002,2773,8.4855504,49.4892483,3,Counter({0: 3}),0.20461285474896895
2772,1311535245,2774,8.5456086,49.5145997,2,Counter({0: 2}),0.0012331844684844277
2773,1311535246,2775,8.5457456,49.5146213,3,Counter({0: 3}),0.0020029738125859264
2774,1311630643,2776,8.5252035,49.5210047,2,Counter({0: 2}),0.005313020565773427
2775,1314648060,2777,8.5469392,49.5133245,2,Counter({0: 2}),4.413563437947563e-06
2776,1314648061,2778,8.5470316,49.5133443,2,Counter({0: 2}),4.58778304734023e-06
2777,1316106922,2779,8.4760337,49.4864432,4,"Counter({0: 2, 1: 2})",0.0033935520734548114
2778,1316107047,2780,8.4757684,49.4866175,3,Counter({0: 3}),0.019325079475167265
2779,1316107156,2781,8.4761163,49.4868135,3,"Counter({1: 2, 0: 1})",0.0018911526122789458
2780,1316107166,2782,8.4758547,49.4870433,3,Counter({0: 3}),0.01934894821614274
2781,1316287536,2783,8.5439641,49.5163903,3,Counter({0: 3}),0.0041555732330385885
2782,1317464223,2784,8.5251354,49.4757456,2,Counter({0: 2}),0.01782567736518061
2783,1317464368,2785,8.5420542,49.4752479,2,Counter({0: 2}),0.045425489213220656
2784,1317464413,2786,8.5040328,49.4733622,2,Counter({0: 2}),6.039613125612455e-06
2785,1317464455,2787,8.5267241,49.4769222,3,"Counter({1: 2, 0: 1})",0.04584342434666713
2786,1319319380,2788,8.5259188,49.5101871,2,Counter({0: 2}),0.0024645686676717975
2787,1324554828,2789,8.5359837,49.5045943,2,Counter({0: 2}),0.0003123757596410519
2788,1324569230,2790,8.5458411,49.5131429,2,Counter({0: 2}),1.8002692970575585e-06
2789,1325816319,2791,8.5469229,49.5132928,2,Counter({0: 2}),4.123197422293118e-06
2790,1325847138,2792,8.5463941,49.5151246,3,"Counter({1: 2, 0: 1})",0.0029241309606480876
2791,1325858437,2793,8.5467732,49.5150168,3,"Counter({1: 2, 0: 1})",0.0018491088608906363
2792,1325858442,2794,8.5466754,49.5149153,1,Counter({0: 1}),0.0003084267818281514
2793,1326665537,2795,8.5246413,49.5182445,1,Counter({0: 1}),0.0003084267818281514
2794,1327106107,2796,8.5376232,49.5146474,2,Counter({0: 2}),0.0009250480526719302
2795,1327107910,2797,8.540438,49.5159291,2,Counter({0: 2}),0.0009250480526719307
2796,1329004279,2798,8.5395178,49.5106364,1,Counter({0: 1}),0.0003084267818281514
2797,1329004282,2799,8.5395801,49.5105657,1,Counter({0: 1}),5.8073203130888986e-08
2798,1331960358,2800,8.529077,49.5115998,2,Counter({0: 2}),0.0012331844684844277
2799,1333954850,2801,8.5292733,49.5310229,2,Counter({0: 2}),8.130248438324458e-07
2800,1334756327,2802,8.5305646,49.530618,1,Counter({0: 1}),0.0003084267818281514
2801,1337473777,2803,8.4879051,49.4759183,2,Counter({0: 2}),0.010575547536232912
2802,1337473781,2804,8.4839934,49.4740524,3,Counter({0: 3}),0.01807305810124467
2803,1338443237,2805,8.5497697,49.4963107,2,Counter({0: 2}),0.0009250480526719307
2804,1340968602,2806,8.5497603,49.465168,2,Counter({0: 2}),0.0039487373703713715
2805,1343790427,2807,8.5208338,49.4950709,3,"Counter({1: 2, 0: 1})",0.004028892143128602
2806,1347340164,2808,8.5338921,49.5092655,2,Counter({0: 2}),0.000616795490453172
2807,1347641680,2809,8.53902,49.5098973,1,Counter({0: 1}),0.0003084267818281514
2808,1348264017,2810,8.5074476,49.5180695,3,Counter({0: 3}),0.0011716803486215384
2809,1348278581,2811,8.5013838,49.523443,4,Counter({0: 4}),0.04231269002086001
2810,1348278584,2812,8.501559,49.5233589,2,Counter({0: 2}),0.012701865369937814
2811,1348282014,2813,8.499925,49.5220128,3,Counter({0: 3}),0.02981334876946001
2812,1348295985,2814,8.5077083,49.5180672,2,Counter({0: 2}),0.0017282050955471579
2813,1348295989,2815,8.5069933,49.517962,1,Counter({0: 1}),0.0003084267818281514
2814,1348296001,2816,8.5076384,49.5181022,4,"Counter({1: 2, 0: 2})",0.0033377174018009333
2815,1348296002,2817,8.5071024,49.5181161,3,Counter({0: 3}),0.0047058237677550735
2816,1348296003,2818,8.5076072,49.5177719,3,"Counter({1: 2, 0: 1})",0.0003174183662868203
2817,1348305737,2819,8.5082903,49.5187016,2,Counter({0: 2}),0.004976607240275535
2818,1348697593,2820,8.4856113,49.5300193,2,Counter({0: 2}),0.0007536643734156963
2819,1349531223,2821,8.4851893,49.5301568,3,Counter({0: 3}),0.0011442411434570284
2820,1349538130,2822,8.4853208,49.5301163,3,Counter({0: 3}),0.0008101471761995038
2821,1349542046,2823,8.4854011,49.5301671,4,"Counter({1: 2, 0: 2})",0.0006957029300340538
2822,1355381866,2824,8.5218197,49.4811657,2,Counter({0: 2}),0.03830889874965088
2823,1355469559,2825,8.5319933,49.4809143,2,Counter({0: 2}),1.6841228907957806e-06
2824,1355493569,2826,8.5392189,49.4846331,2,Counter({0: 2}),0.026393974649650744
2825,1355500421,2827,8.5394113,49.4844294,4,"Counter({1: 2, 0: 2})",0.0026130258058197804
2826,1355500433,2828,8.5395041,49.4843884,3,Counter({0: 3}),0.0005455946323502195
2827,1355500437,2829,8.5435729,49.4832636,2,Counter({0: 2}),8.130248438324458e-07
2828,1355500439,2830,8.5391733,49.4844562,1,Counter({0: 1}),0.0003084267818281514
2829,1355500445,2831,8.5393153,49.4844805,4,"Counter({1: 2, 0: 2})",0.030535797899601962
2830,1355500447,2832,8.5394553,49.4846144,3,Counter({0: 3}),0.029947024665432854
2831,1355500448,2833,8.5396462,49.4845191,3,Counter({0: 3}),0.0003124168948266032
2832,1355614969,2834,8.5422912,49.486373,2,Counter({0: 2}),0.0018053274730503947
2833,1355644335,2835,8.5193539,49.5160908,4,Counter({0: 4}),0.11703558471055306
2834,1355644348,2836,8.5195313,49.5162834,3,Counter({0: 3}),0.003995899745705648
2835,1355644349,2837,8.5194361,49.51618,3,Counter({0: 3}),0.004968808826014901
2836,1355645984,2838,8.513742,49.5176714,4,Counter({0: 4}),0.11291100044777827
2837,1356116655,2839,8.5217061,49.514963,3,"Counter({1: 2, 0: 1})",0.0005123083379693327
2838,1356117844,2840,8.5216058,49.514961,3,"Counter({1: 2, 0: 1})",0.11130463438169803
2839,1356152878,2841,8.5256742,49.5120833,2,Counter({0: 2}),0.02578341997904076
2840,1356152879,2842,8.5253982,49.5123436,2,Counter({0: 2}),0.026065162124030216
2841,1356170092,2843,8.5258542,49.5101839,3,Counter({0: 3}),0.01025368207348129
2842,1356364582,2844,8.5212164,49.5240944,2,Counter({0: 2}),0.006453733137138823
2843,1356372330,2845,8.521048,49.5246532,2,Counter({0: 2}),0.0061475712102327775
2844,1356406216,2846,8.539306,49.484312,4,"Counter({0: 2, 1: 2})",0.03736982633415087
2845,1356421081,2847,8.5395215,49.4843536,3,Counter({0: 3}),0.003964439250156071
2846,1356421085,2848,8.5397403,49.484383,4,Counter({0: 4}),0.0034257817615034078
2847,1356425185,2849,8.5394347,49.484646,3,Counter({0: 3}),0.028110268159212602
2848,1356427778,2850,8.5396849,49.4845211,3,Counter({0: 3}),0.0018080922184177473
2849,1357394133,2851,8.5301304,49.511857,2,Counter({0: 2}),0.000616795490453172
2850,1358296178,2852,8.5515632,49.5093874,1,Counter({0: 1}),1.1614640626177797e-07
2851,1358296180,2853,8.5514083,49.5098301,2,Counter({0: 2}),1.7421960939266694e-07
2852,1358922354,2854,8.517162,49.50846,2,Counter({0: 2}),0.13471986682007092
2853,1359818291,2855,8.5313737,49.5078939,1,Counter({0: 1}),0.0003084267818281514
2854,1359858748,2856,8.5372068,49.4986593,2,Counter({0: 2}),0.000616795490453172
2855,1359858758,2857,8.5374112,49.4986918,1,Counter({0: 1}),0.0003084267818281514
2856,1360804977,2858,8.5306418,49.5123965,1,Counter({0: 1}),0.0003084267818281514
2857,1360957710,2859,8.5281796,49.5075964,2,Counter({0: 2}),0.008837833579500872
2858,1362190536,2860,8.527333,49.5071511,2,Counter({0: 2}),0.001443608566625206
2859,1362193053,2861,8.5272965,49.5071056,3,Counter({0: 3}),0.0011456059247590496
2860,1362193055,2862,8.5275335,49.5069287,3,Counter({0: 3}),0.002158236957271581
2861,1362193056,2863,8.5277079,49.5066364,3,Counter({0: 3}),0.004107804637155844
2862,1362210172,2864,8.527194,49.5057459,1,Counter({0: 1}),0.0003084267818281514
2863,1362210173,2865,8.5265645,49.5062526,3,Counter({0: 3}),0.0049232719418273755
2864,1362647375,2866,8.4592092,49.490455,2,Counter({0: 2}),0.0011643452109687338
2865,1362784571,2867,8.5204453,49.4950173,2,Counter({0: 2}),0.0007564979850467189
2866,1362784574,2868,8.5205404,49.4951537,4,"Counter({0: 2, 1: 2})",0.007888310672113142
2867,1363047255,2869,8.5125495,49.488844,3,Counter({0: 3}),0.0694882885712695
2868,1363047257,2870,8.5125386,49.4887455,4,Counter({0: 4}),0.15374537774597505
2869,1363047715,2871,8.5125075,49.4881089,2,Counter({0: 2}),0.021493868642926288
2870,1363372256,2872,8.5381003,49.5110995,2,Counter({0: 2}),0.0018491088608906363
2871,1363376309,2873,8.5378916,49.5110251,2,Counter({0: 2}),0.0021568968374843477
2872,1363816435,2874,8.5312661,49.5063409,2,Counter({0: 2}),0.004429830291234894
2873,1363858694,2875,8.5516067,49.4987688,1,Counter({0: 1}),5.8073203130888986e-08
2874,1363859207,2876,8.5520879,49.4993677,1,Counter({0: 1}),3.484392187853339e-07
2875,1363859642,2877,8.5523402,49.4996831,2,Counter({0: 2}),6.388052344397788e-07
2876,1364262241,2878,8.4628827,49.484456,1,Counter({0: 1}),5.8073203130888986e-08
2877,1364262247,2879,8.4629136,49.4844901,1,Counter({0: 1}),5.8073203130888986e-08
2878,1364262270,2880,8.4613148,49.4846912,3,Counter({0: 3}),0.01645354075380633
2879,1364262316,2881,8.4603421,49.4850745,3,Counter({0: 3}),0.006289273655204905
2880,1364686022,2882,8.5137616,49.5178971,3,Counter({0: 3}),0.0012401892154393105
2881,1364761204,2883,8.5132256,49.5180125,2,Counter({0: 2}),0.000616795490453172
2882,1364794339,2884,8.5211072,49.5156399,2,Counter({0: 2}),0.0005662625147975256
2883,1364828922,2885,8.5096851,49.519254,3,Counter({0: 3}),0.05846411025846523
2884,1364828925,2886,8.5097092,49.5191476,3,Counter({0: 3}),0.0768607795569387
2885,1364836180,2887,8.508692,49.5188261,4,Counter({0: 4}),0.005539252572437467
2886,1364836181,2888,8.5091796,49.51912,2,Counter({0: 2}),0.000616795490453172
2887,1364950706,2889,8.5086356,49.5188759,2,Counter({0: 2}),0.004418464145037511
2888,1365044736,2890,8.504695,49.5221821,3,"Counter({1: 2, 0: 1})",0.0010574718312736464
2889,1365044737,2891,8.5050094,49.5223227,3,Counter({0: 3}),0.005919899239697775
2890,1366340097,2892,8.5224357,49.5164023,2,Counter({0: 2}),0.0049217620385459725
2891,1367351405,2893,8.508996,49.5172566,2,Counter({0: 2}),0.003214911919095825
2892,1367376731,2894,8.509885,49.5170108,2,Counter({0: 2}),0.002606014384268475
2893,1367376741,2895,8.5101893,49.5170471,3,Counter({0: 3}),0.009037024038240181
2894,1367383355,2896,8.5111598,49.5183074,3,Counter({0: 3}),0.00474838552438939
2895,1367384293,2897,8.5105831,49.5176083,3,Counter({0: 3}),0.0042027540029187455
2896,1367388509,2898,8.5098171,49.5168753,2,Counter({0: 2}),0.001997314298331813
2897,1367388515,2899,8.5098171,49.5168984,2,Counter({0: 2}),0.00230165272665951
2898,1367511440,2900,8.5092314,49.5152127,2,Counter({0: 2}),0.0010849958917861482
2899,1367517138,2901,8.5088804,49.5139109,3,Counter({0: 3}),0.0013423067350143226
2900,1367517225,2902,8.5089801,49.5141847,2,Counter({0: 2}),0.0011384516748261363
2901,1367517588,2903,8.510133,49.5169524,2,Counter({0: 2}),0.008732604307428051
2902,1367518108,2904,8.5099276,49.5168482,2,Counter({0: 2}),0.0016930571724884716
2903,1368101029,2905,8.5252635,49.5171553,1,Counter({0: 1}),0.0003084267818281514
2904,1368668975,2906,8.5174219,49.4784447,3,Counter({0: 3}),0.001494945395921689
2905,1368741084,2907,8.4817119,49.487162,3,Counter({0: 3}),0.05741948662943193
2906,1369408209,2908,8.5085352,49.5174842,2,Counter({0: 2}),0.004367778332175017
2907,1369416956,2909,8.5110333,49.5183475,4,"Counter({0: 2, 1: 2})",0.007325249633190788
2908,1369442224,2910,8.5087989,49.5137195,2,Counter({0: 2}),0.0015412047378906626
2909,1369445945,2911,8.5084635,49.5137963,2,Counter({0: 2}),0.000616795490453172
2910,1369445946,2912,8.5086208,49.5137515,2,Counter({0: 2}),0.0012331844684844275
2911,1369460393,2913,8.5055844,49.506637,2,Counter({0: 2}),0.0003487316118844943
2912,1369463005,2914,8.5055372,49.5065859,2,Counter({0: 2}),0.0003107964450549541
2913,1369477423,2915,8.5121244,49.507713,1,Counter({0: 1}),1.1614640626177797e-07
2914,1369478814,2916,8.5123171,49.5080657,2,Counter({0: 2}),0.016462276082507894
2915,1369481736,2917,8.5062213,49.5068696,2,Counter({0: 2}),0.0188539670347112
2916,1369481737,2918,8.5060499,49.5067891,2,Counter({0: 2}),0.01890928495041992
2917,1369481738,2919,8.5057917,49.5067068,2,Counter({0: 2}),0.009346102869807945
2918,1369504504,2920,8.5057522,49.5067722,3,Counter({0: 3}),0.018814768469753204
2919,1369512705,2921,8.5074278,49.5052484,2,Counter({0: 2}),0.0012331844684844277
2920,1369513118,2922,8.5074242,49.5055099,2,Counter({0: 2}),0.000616795490453172
2921,1369513668,2923,8.5072185,49.5051473,2,Counter({0: 2}),0.0015412047378906629
2922,1369521501,2924,8.5103204,49.5074669,3,Counter({0: 3}),0.021743311909208748
2923,1369521502,2925,8.5089277,49.5073056,3,Counter({0: 3}),0.03203952060914734
2924,1369521503,2926,8.508029,49.5071903,2,Counter({0: 2}),0.018874875479255874
2925,1370161661,2927,8.5326136,49.4809411,1,Counter({0: 1}),0.0003084267818281514
2926,1371376573,2928,8.5461825,49.4930381,2,Counter({0: 2}),0.0006158663192030777
2927,1371911423,2929,8.4856278,49.5302786,2,Counter({0: 2}),0.0012331844684844277
2928,1374968399,2930,8.5306901,49.5025012,2,Counter({0: 2}),0.000616795490453172
2929,1375009303,2931,8.5290947,49.5085389,2,Counter({0: 2}),0.0023429768065090246
2930,1375009305,2932,8.5293303,49.5083005,2,Counter({0: 2}),0.0009089037022015435
2931,1375039776,2933,8.5085556,49.4980033,2,Counter({0: 2}),0.000616795490453172
2932,1375039791,2934,8.5086582,49.4978004,3,Counter({0: 3}),0.0030864778042213915
2933,1375043296,2935,8.5085342,49.4979229,3,Counter({0: 3}),0.0009255223171641664
2934,1375306577,2936,8.5406117,49.4990282,2,Counter({0: 2}),0.0015412047378906629
2935,1375306584,2937,8.5411675,49.4987613,2,Counter({0: 2}),0.0012331844684844277
2936,1376258079,2938,8.5091886,49.5148811,2,Counter({0: 2}),0.0009710536429954021
2937,1376258081,2939,8.5090856,49.5149734,2,Counter({0: 2}),0.000825928235753466
2938,1376273754,2940,8.5091076,49.5150311,2,Counter({0: 2}),0.0006928254679084221
2939,1376287718,2941,8.5092315,49.5138088,2,Counter({0: 2}),0.0009093252431713773
2940,1376291074,2942,8.508814,49.5137549,3,Counter({0: 3}),0.0024500073222338396
2941,1376295891,2943,8.5067526,49.5095083,2,Counter({0: 2}),1.2195372657486686e-06
2942,1376295894,2944,8.5084928,49.5137749,2,Counter({0: 2}),0.0009250480526719305
2943,1376343799,2945,8.5062853,49.5096684,2,Counter({0: 2}),1.6841228907957806e-06
2944,1376358172,2946,8.4938903,49.5117908,2,Counter({0: 2}),0.01045882519615059
2945,1376358173,2947,8.4939298,49.5117057,2,Counter({0: 2}),0.0103079938866548
2946,1376359083,2948,8.4941501,49.5115723,2,Counter({0: 2}),0.010462027002980703
2947,1376369666,2949,8.5268899,49.5140489,2,Counter({0: 2}),0.0007702829663281115
2948,1376487781,2950,8.4860124,49.5069213,2,Counter({0: 2}),0.003694094524358979
2949,1376490074,2951,8.4865765,49.5061567,1,Counter({0: 1}),5.8073203130888986e-08
2950,1376490076,2952,8.4870666,49.505963,1,Counter({0: 1}),5.8073203130888986e-08
2951,1376499901,2953,8.4871724,49.5039478,3,"Counter({1: 2, 0: 1})",0.04860299980326953
2952,1376501428,2954,8.4870594,49.5041778,5,"Counter({2: 3, 1: 2})",0.00746663961243525
2953,1376501432,2955,8.4869739,49.5041297,2,Counter({1: 2}),0.0003084267818281514
2954,1376501434,2956,8.4871666,49.5042414,4,"Counter({1: 2, 2: 2})",0.0016608521533588972
2955,1376519354,2957,8.4906439,49.4995097,3,Counter({0: 3}),0.010238665974032926
2956,1376519356,2958,8.4906959,49.4994677,3,Counter({0: 3}),0.036306974660740274
2957,1376523257,2959,8.4910369,49.5004843,3,Counter({0: 3}),0.0018134292734948603
2958,1376523259,2960,8.4923544,49.5011871,3,Counter({0: 3}),0.004351716154237082
2959,1376523787,2961,8.4904146,49.5002408,2,Counter({0: 2}),0.0004607353716795339
2960,1376583854,2962,8.4882672,49.4981561,4,"Counter({1: 2, 0: 2})",0.000811339496521014
2961,1376583856,2963,8.488107,49.4982813,2,Counter({1: 2}),0.0003084267818281514
2962,1376583858,2964,8.4883112,49.4980537,3,Counter({0: 3}),0.07057917366340177
2963,1376589067,2965,8.4884998,49.4983562,5,"Counter({0: 3, 1: 2})",0.022817199754418507
2964,1377397654,2966,8.4759854,49.4908226,3,"Counter({1: 2, 0: 1})",0.000389227009908175
2965,1377397655,2967,8.4759349,49.4908362,3,"Counter({1: 2, 0: 1})",0.00043876787092628395
2966,1377397659,2968,8.4755007,49.4908688,3,Counter({0: 3}),0.0008080989916246056
2967,1377397662,2969,8.4757335,49.4908811,4,Counter({0: 4}),0.0009455733559723997
2968,1377397668,2970,8.4757639,49.4912121,2,Counter({0: 2}),0.0008349432238752589
2969,1377397680,2971,8.4764587,49.4913581,2,Counter({0: 2}),0.0010285413403499988
2970,1377397686,2972,8.4770195,49.4915697,4,"Counter({0: 2, 1: 2})",0.0036181220206589577
2971,1377397695,2973,8.4767079,49.4914853,2,Counter({0: 2}),0.0015351065020311693
2972,1377397707,2974,8.4766231,49.491669,3,"Counter({1: 2, 0: 1})",0.003247031516107785
2973,1377405564,2975,8.4749668,49.4911351,3,Counter({0: 3}),0.002917415150516416
2974,1377405565,2976,8.4749983,49.491203,4,Counter({0: 4}),0.00302328394548558
2975,1377405571,2977,8.4756513,49.4918782,3,Counter({0: 3}),0.002898373462576291
2976,1378555184,2978,8.4716925,49.492619,4,"Counter({0: 2, 1: 2})",0.00692092837373508
2977,1381917319,2979,8.4716551,49.4924053,4,"Counter({1: 2, 0: 1, 2: 1})",0.02226295892659028
2978,1381917333,2980,8.471992,49.4926357,3,"Counter({1: 2, 0: 1})",0.00058653258839406
2979,1381917335,2981,8.471793,49.4926082,4,"Counter({1: 2, 2: 1, 0: 1})",0.01587635669722236
2980,1381917336,2982,8.4717066,49.4926758,4,"Counter({0: 2, 1: 2})",0.006884362995937336
2981,1381917348,2983,8.4717767,49.4930563,3,Counter({0: 3}),0.018138354283936044
2982,1381920623,2984,8.4719242,49.4925987,4,Counter({1: 4}),0.0003845527923045381
2983,1384898563,2985,8.4831441,49.5136958,2,Counter({0: 2}),0.03998900174275197
2984,1384962728,2986,8.5227113,49.4700468,3,Counter({0: 3}),0.014162254234789144
2985,1384962752,2987,8.5226817,49.4697215,3,Counter({0: 3}),0.007374458029335788
2986,1384962766,2988,8.5227871,49.4700332,3,Counter({0: 3}),0.011100677011139183
2987,1384962776,2989,8.5225967,49.4697327,3,Counter({0: 3}),0.0173810458500932
2988,1397341690,2990,8.4905805,49.493228,2,Counter({0: 2}),0.0012779564578151007
2989,1397341920,2991,8.4904353,49.4934002,2,Counter({0: 2}),0.0010716379131863287
2990,1400031353,2992,8.5020296,49.5046597,2,Counter({0: 2}),0.013463401047849648
2991,1400934942,2993,8.4909781,49.491365,2,Counter({0: 2}),0.0019642356035218197
2992,1400934990,2994,8.4905556,49.4917255,3,Counter({0: 3}),0.005308584626545135
2993,1406499348,2995,8.5378954,49.5181587,3,Counter({0: 3}),0.0018361759585533842
2994,1406977609,2996,8.5246051,49.5146964,2,Counter({0: 2}),0.0055348989172018985
2995,1410606693,2997,8.4713115,49.4795014,3,Counter({0: 3}),0.0011511718609402376
2996,1410606894,2998,8.4691317,49.4802703,1,Counter({0: 1}),0.0003084267818281514
2997,1413913977,2999,8.549475,49.5155771,2,Counter({0: 2}),1.6841228907957806e-06
2998,1417743405,3000,8.5321624,49.5063322,2,Counter({0: 2}),0.010118616840322966
2999,1417764884,3001,8.5356539,49.5047783,3,Counter({0: 3}),0.002618056143546737
3000,1422422607,3002,8.5046765,49.4648005,2,Counter({0: 2}),0.000616795490453172
3001,1422722337,3003,8.5455837,49.4826957,2,Counter({0: 2}),4.065124219162229e-07
3002,1422789411,3004,8.5371283,49.483822,3,Counter({0: 3}),0.03926583817886464
3003,1422789414,3005,8.5370476,49.4839206,2,Counter({0: 2}),0.000616795490453172
3004,1422791207,3006,8.5370729,49.4838902,4,Counter({0: 4}),0.0011556180268359351
3005,1422799779,3007,8.5368966,49.4837768,5,"Counter({0: 2, 1: 2, 2: 1})",0.04247329861872105
3006,1423123857,3008,8.543058,49.5121226,1,Counter({0: 1}),5.8073203130888986e-08
3007,1426235439,3009,8.4885605,49.5227799,3,"Counter({1: 2, 0: 1})",0.00031451308396548733
3008,1426235441,3010,8.4858216,49.5221257,2,Counter({0: 2}),0.016596634874020803
3009,1426235527,3011,8.4866,49.5266677,3,Counter({0: 3}),0.0032753283137611946
3010,1426235539,3012,8.4849507,49.5238824,3,"Counter({1: 2, 0: 1})",0.002593519425449232
3011,1426235564,3013,8.4882589,49.5227598,3,"Counter({1: 2, 0: 1})",0.0025144761338886826
3012,1426562013,3014,8.54999,49.4965814,1,Counter({0: 1}),0.0003084267818281514
3013,1429166042,3015,8.4986893,49.4665743,2,Counter({0: 2}),0.022528243708771427
3014,1429172039,3016,8.4994932,49.4731703,1,Counter({0: 1}),0.0003084267818281514
3015,1429172042,3017,8.5004822,49.474205,2,Counter({1: 2}),0.0003084267818281514
3016,1429428679,3018,8.5145288,49.4605769,1,Counter({0: 1}),2.3229281252355594e-07
3017,1429428835,3019,8.5138672,49.4608108,1,Counter({0: 1}),2.3229281252355594e-07
3018,1430403010,3020,8.5322901,49.4809563,1,Counter({0: 1}),8.710980469633348e-07
3019,1430420160,3021,8.5317944,49.4841623,2,Counter({0: 2}),0.046138288789444336
3020,1431243495,3022,8.536338,49.5120626,1,Counter({0: 1}),1.1614640626177797e-07
3021,1431304488,3023,8.5196093,49.4649823,2,Counter({0: 2}),2.9036601565444494e-07
3022,1431304496,3024,8.5200319,49.464824,1,Counter({0: 1}),1.7421960939266694e-07
3023,1431304512,3025,8.5197246,49.4651131,2,Counter({0: 2}),2.9036601565444494e-07
3024,1431304527,3026,8.5201363,49.4649553,1,Counter({0: 1}),1.7421960939266694e-07
3025,1431304562,3027,8.5178487,49.4627565,1,Counter({0: 1}),1.1614640626177797e-07
3026,1431304625,3028,8.5181995,49.4633543,2,Counter({0: 2}),1.7421960939266694e-07
3027,1433867717,3029,8.473863,49.4815488,4,Counter({0: 4}),0.0008138435092343103
3028,1434503694,3030,8.5112809,49.49242,2,Counter({0: 2}),0.0003093946685469995
3029,1434504014,3031,8.5110856,49.4928025,2,Counter({0: 2}),0.0009250480526719307
3030,1434504103,3032,8.5121091,49.4907204,2,Counter({0: 2}),0.00031619348195891054
3031,1434504429,3033,8.5093562,49.4963729,1,Counter({0: 1}),0.0003084267818281514
3032,1434837522,3034,8.5385048,49.5023304,2,Counter({0: 2}),0.003694094524358979
3033,1435313996,3035,8.5222699,49.4677749,3,Counter({0: 3}),0.01935768921846479
3034,1435313999,3036,8.5229537,49.4703792,3,Counter({0: 3}),0.014911819221442956
3035,1435317907,3037,8.5239383,49.4766285,3,"Counter({1: 2, 0: 1})",0.06656148073558182
3036,1435446284,3038,8.5462738,49.4928855,2,Counter({0: 2}),0.0061475712102327775
3037,1435446290,3039,8.546167,49.4926222,2,Counter({0: 2}),0.006453733137138823
3038,1435446291,3040,8.546313,49.4930204,3,Counter({0: 3}),0.005841641576139254
3039,1435451023,3041,8.5464611,49.4938813,3,Counter({0: 3}),0.004309380111530748
3040,1435451024,3042,8.546283,49.4938726,3,Counter({0: 3}),0.0009256868579063703
3041,1435457617,3043,8.4651852,49.4927627,2,Counter({0: 2}),0.0032729760653335597
3042,1436203575,3044,8.4840319,49.4684049,3,Counter({0: 3}),0.015433405560340067
3043,1436203576,3045,8.4839186,49.4684272,3,Counter({0: 3}),0.031142018969127154
3044,1436203577,3046,8.4836627,49.4684371,3,Counter({0: 3}),0.02055162020022621
3045,1436220841,3047,8.5362476,49.5052424,2,Counter({0: 2}),0.0015412047378906629
3046,1436519940,3048,8.4617062,49.4884675,2,Counter({0: 2}),0.004737049532499354
3047,1437437137,3049,8.4883465,49.4760376,3,Counter({0: 3}),0.0007098317628655312
3048,1437437204,3050,8.4885177,49.4759785,2,Counter({0: 2}),0.0006387350290823964
3049,1437437411,3051,8.4851383,49.4718568,3,Counter({0: 3}),0.012922886006432136
3050,1437437421,3052,8.490291,49.4700127,2,Counter({0: 2}),0.0005789564234934666
3051,1437437434,3053,8.4919228,49.4698139,2,Counter({0: 2}),0.02304710454946465
3052,1437437466,3054,8.4918454,49.4705067,4,Counter({1: 4}),0.0019595640813360516
3053,1437437671,3055,8.4911956,49.4707168,3,"Counter({1: 2, 0: 1})",0.0013363518062953085
3054,1437441031,3056,8.483693,49.473173,3,Counter({0: 3}),0.023318262468363358
3055,1437441235,3057,8.4870934,49.4751138,3,Counter({0: 3}),0.004317051275681358
3056,1437480490,3058,8.5100652,49.5170824,2,Counter({0: 2}),0.0057493759556173875
3057,1439562571,3059,8.5007245,49.5303464,2,Counter({0: 2}),1.3356836720104467e-06
3058,1440811624,3060,8.4921159,49.4587221,2,Counter({0: 2}),0.0009250480526719307
3059,1444755434,3061,8.4656187,49.4919395,1,Counter({0: 1}),0.0003084267818281514
3060,1448719443,3062,8.5147037,49.5083561,2,Counter({0: 2}),0.016090170453738627
3061,1449134944,3063,8.5296063,49.5309645,1,Counter({0: 1}),3.484392187853339e-07
3062,1450516842,3064,8.4721439,49.4817229,3,Counter({0: 3}),0.010380244701619084
3063,1450516869,3065,8.4719353,49.4819419,3,Counter({0: 3}),0.01265988025668513
3064,1450517128,3066,8.4751479,49.4848778,3,"Counter({1: 2, 0: 1})",0.00048147688415796537
3065,1453540821,3067,8.4827807,49.5131854,3,"Counter({1: 2, 0: 1})",0.0037859600294689127
3066,1453540848,3068,8.4826814,49.5130433,3,Counter({0: 3}),0.004182388226227699
3067,1453882689,3069,8.5279741,49.4763229,2,Counter({0: 2}),0.0009370959154139377
3068,1453949050,3070,8.5466352,49.5133493,2,Counter({0: 2}),3.716685000376895e-06
3069,1454024467,3071,8.5239078,49.4745551,4,"Counter({0: 2, 1: 2})",0.0007205252006276628
3070,1454046280,3072,8.5255103,49.4743508,4,"Counter({1: 2, 0: 2})",0.0007141133209629931
3071,1454046283,3073,8.5254312,49.4743766,4,"Counter({0: 2, 1: 2})",0.0017726192082518368
3072,1454046284,3074,8.5253214,49.4737029,3,Counter({0: 3}),0.0007922142934975633
3073,1455495124,3075,8.5033745,49.503499,2,Counter({0: 2}),0.0015412047378906629
3074,1455504684,3076,8.5033067,49.5032443,3,"Counter({1: 2, 0: 1})",0.003608684743549537
3075,1455504687,3077,8.5032143,49.5033659,4,Counter({1: 4}),0.004220988548279597
3076,1455504702,3078,8.5033499,49.5034856,3,"Counter({1: 2, 0: 1})",0.0018491088608906363
3077,1455504703,3079,8.5029365,49.5034741,3,Counter({0: 3}),0.013163795862116141
3078,1455519111,3080,8.5049542,49.5039976,2,Counter({0: 2}),0.0021568968374843477
3079,1455520359,3081,8.5043408,49.5017043,4,Counter({0: 4}),0.0013887368615392646
3080,1455520360,3082,8.503915,49.5024159,2,Counter({0: 2}),0.00031540372410620264
3081,1455526827,3083,8.5035844,49.5031677,3,Counter({0: 3}),0.0026999688113714497
3082,1455526843,3084,8.5031555,49.5034627,3,"Counter({1: 2, 0: 1})",0.006355719397207011
3083,1455526846,3085,8.5033655,49.5031832,2,Counter({0: 2}),0.003302783178170861
3084,1455526853,3086,8.5034877,49.5031747,2,Counter({0: 2}),0.002997264895932848
3085,1455531420,3087,8.5031498,49.5030704,3,Counter({0: 3}),0.006209902700118003
3086,1455531423,3088,8.5032347,49.5031078,2,Counter({0: 2}),0.00031389561832870596
3087,1455539139,3089,8.5034697,49.5026774,3,Counter({0: 3}),0.005599427509938912
3088,1455541488,3090,8.5038965,49.5021369,4,Counter({0: 4}),0.004989176869478591
3089,1455541490,3091,8.5041269,49.5016509,2,Counter({0: 2}),0.00030867165716802003
3090,1455541494,3092,8.5041654,49.501658,4,Counter({0: 4}),0.0023308316116425853
3091,1455541496,3093,8.5038616,49.5021297,2,Counter({0: 2}),0.0004621175139140492
3092,1455541502,3094,8.5039834,49.5021562,3,Counter({0: 3}),0.0018980508824462687
3093,1455541503,3095,8.5043175,49.5014405,3,Counter({0: 3}),0.0008215595306497719
3094,1455549922,3096,8.5048252,49.5011234,3,Counter({0: 3}),0.0004636336393243591
3095,1455549924,3097,8.5066114,49.4996252,2,Counter({0: 2}),0.000616795490453172
3096,1455552277,3098,8.5084683,49.4978957,3,Counter({0: 3}),0.002409838566846083
3097,1455555433,3099,8.5064705,49.4995602,2,Counter({0: 2}),0.0015412047378906629
3098,1455557220,3100,8.5057336,49.5001613,1,Counter({0: 1}),0.0003084267818281514
3099,1467450242,3101,8.48236,49.4901782,3,Counter({0: 3}),0.17974317496590053
3100,1467450251,3102,8.4815128,49.4905275,3,Counter({0: 3}),0.08645956304846839
3101,1468298706,3103,8.5329492,49.4870911,2,Counter({0: 2}),0.0009250480526719307
3102,1468329111,3104,8.5179861,49.4887539,3,Counter({0: 3}),0.0009905104164329266
3103,1468329112,3105,8.5179676,49.4889362,3,Counter({0: 3}),0.0011428725226685812
3104,1468332673,3106,8.5204759,49.4912035,2,Counter({0: 2}),0.0020084042859513885
3105,1468810881,3107,8.4940207,49.4536471,3,Counter({0: 3}),0.0005450557268521472
3106,1468810882,3108,8.4947579,49.45366,4,Counter({1: 4}),0.00225634719784589
3107,1468810890,3109,8.494603,49.4536887,3,"Counter({1: 2, 0: 1})",0.00031521650716087113
3108,1468810893,3110,8.4947514,49.453738,4,"Counter({1: 2, 0: 2})",0.005913981429505965
3109,1468810895,3111,8.4948458,49.4537732,3,Counter({0: 3}),0.0032828007420519253
3110,1468810897,3112,8.4949084,49.4538075,3,Counter({0: 3}),0.002566956564224941
3111,1468810901,3113,8.4950275,49.4539743,2,Counter({0: 2}),0.0018491088608906363
3112,1472399057,3114,8.5260457,49.5095409,2,Counter({0: 2}),0.009424576187333724
3113,1472434100,3115,8.5301966,49.503824,2,Counter({0: 2}),0.0008558196724655347
3114,1472434103,3116,8.5305592,49.5035208,3,Counter({0: 3}),0.002048780225381909
3115,1473384808,3117,8.4968803,49.5258754,3,Counter({0: 3}),0.0014774489244985636
3116,1476376494,3118,8.5118708,49.5232893,1,Counter({0: 1}),0.0003084267818281514
3117,1476376500,3119,8.5124397,49.5216208,2,Counter({0: 2}),0.07294685384356914
3118,1477546452,3120,8.5105981,49.5311692,2,Counter({0: 2}),0.000616795490453172
3119,1477603140,3121,8.4966555,49.5095296,2,Counter({0: 2}),0.0161895894956261
3120,1477728665,3122,8.481006,49.4892776,4,"Counter({0: 2, 1: 2})",0.0019947702074445844
3121,1477728666,3123,8.4808006,49.4894633,4,"Counter({1: 2, 0: 2})",0.03652673191622905
3122,1477728667,3124,8.480967,49.4893153,3,Counter({0: 3}),0.0012326742991903782
3123,1477734951,3125,8.4807087,49.4892392,3,"Counter({1: 2, 0: 1})",0.05379049004299873
3124,1477736031,3126,8.4809448,49.4895165,1,Counter({0: 1}),0.0003084267818281514
3125,1477754752,3127,8.4920443,49.4871861,2,Counter({0: 2}),0.0011358110211201482
3126,1477754753,3128,8.4910526,49.4874846,2,Counter({0: 2}),0.0009720068266375048
3127,1477759218,3129,8.4900429,49.4877833,3,Counter({0: 3}),0.0008374932688766077
3128,1477759220,3130,8.4896798,49.4878712,4,"Counter({1: 2, 2: 1, 0: 1})",0.0011387963546242669
3129,1477760442,3131,8.4897358,49.487814,4,Counter({1: 4}),0.0007417648856738642
3130,1477766338,3132,8.4895723,49.4878575,4,"Counter({2: 2, 1: 2})",0.0010537709998778486
3131,1477770833,3133,8.4906504,49.487603,2,Counter({0: 2}),0.0008234617973143373
3132,1486099006,3134,8.5186194,49.4961145,3,Counter({0: 3}),0.01040432142302042
3133,1497651343,3135,8.4702606,49.4847287,3,"Counter({1: 2, 0: 1})",0.000616795490453172
3134,1497651346,3136,8.4702671,49.4847938,3,"Counter({1: 2, 0: 1})",0.0005398497204112679
3135,1497651352,3137,8.4702905,49.4848241,2,Counter({0: 2}),0.0007891387150758258
3136,1497651366,3138,8.4704499,49.4850748,3,Counter({0: 3}),0.0018569461609479108
3137,1499674608,3139,8.5025593,49.4746146,3,Counter({0: 3}),7.956028828931792e-06
3138,1499678461,3140,8.5026689,49.47458,2,Counter({0: 2}),2.2648549221046703e-06
3139,1499678462,3141,8.5024446,49.4742428,1,Counter({0: 1}),1.1614640626177798e-06
3140,1499971927,3142,8.5224064,49.5085758,2,Counter({0: 2}),0.01684092828230623
3141,1499978324,3143,8.5233513,49.5090618,2,Counter({0: 2}),0.016684838615752776
3142,1500591155,3144,8.5111969,49.5069058,1,Counter({0: 1}),0.0003084267818281514
3143,1500613384,3145,8.5202689,49.507589,2,Counter({0: 2}),0.016998955733490594
3144,1501003598,3146,8.4827402,49.5134509,2,Counter({0: 2}),0.00677525605286944
3145,1501003599,3147,8.4828206,49.5133128,3,"Counter({1: 2, 0: 1})",0.0070228746349141336
3146,1501005551,3148,8.4831265,49.5134726,3,Counter({0: 3}),0.030351652351748713
3147,1501006202,3149,8.4830213,49.5132572,3,"Counter({1: 2, 0: 1})",0.035201976045913096
3148,1501006203,3150,8.483174,49.5134358,3,"Counter({1: 2, 0: 1})",0.030379448451968605
3149,1501018056,3151,8.4827726,49.5130169,4,Counter({0: 4}),0.0402026178482339
3150,1501030420,3152,8.4821086,49.5118993,3,Counter({0: 3}),0.0015522430608830705
3151,1501030423,3153,8.4833723,49.5106938,3,Counter({0: 3}),0.0025719169830826336
3152,1501036711,3154,8.4836649,49.5102574,3,Counter({0: 3}),0.0005130178230341229
3153,1501036714,3155,8.4835992,49.5101193,3,"Counter({1: 2, 0: 1})",0.0006570291667090451
3154,1501036715,3156,8.4839381,49.5102491,3,Counter({0: 3}),0.0036848342813030712
3155,1501036716,3157,8.4838486,49.5103329,3,Counter({0: 3}),0.0031026832295153036
3156,1501036717,3158,8.4837478,49.5099626,3,Counter({0: 3}),0.013169189441950524
3157,1501036721,3159,8.4835589,49.5102165,2,Counter({0: 2}),0.00041689601075635304
3158,1501036722,3160,8.4840656,49.5100997,4,Counter({0: 4}),0.0663891820636313
3159,1501036724,3161,8.4843585,49.5102297,3,Counter({0: 3}),0.051707539615283245
3160,1501041788,3162,8.4841892,49.5096653,2,Counter({0: 2}),0.06348372972035797
3161,1501041789,3163,8.48411,49.5097823,2,Counter({0: 2}),0.06332399185360742
3162,1501041790,3164,8.4845504,49.5090484,2,Counter({0: 2}),0.06364652717186715
3163,1501062610,3165,8.4991249,49.507259,2,Counter({0: 2}),0.015281905330690305
3164,1501304299,3166,8.4932941,49.521839,4,Counter({0: 4}),0.013545648776575773
3165,1505737413,3167,8.5403468,49.4991952,2,Counter({0: 2}),0.0021568968374843477
3166,1505749746,3168,8.5395583,49.4845633,4,Counter({0: 4}),0.0032451995874502185
3167,1505749748,3169,8.5395741,49.4844534,4,Counter({0: 4}),0.00048270953430679217
3168,1517555358,3170,8.5311064,49.5046651,2,Counter({0: 2}),0.00033077433796772573
3169,1517570875,3171,8.5311952,49.504513,2,Counter({0: 2}),0.00031081746202370696
3170,1518146616,3172,8.5461351,49.494654,1,Counter({0: 1}),6.968784375706678e-07
3171,1519901667,3173,8.5563677,49.475611,2,Counter({0: 2}),0.0018491088608906363
3172,1519901674,3174,8.5584875,49.4744094,2,Counter({0: 2}),0.0012331844684844277
3173,1519901860,3175,8.5524166,49.4729197,3,Counter({0: 3}),0.0007198463894089215
3174,1520092698,3176,8.4831629,49.5107762,3,Counter({0: 3}),0.0008726747867942593
3175,1528307360,3177,8.4878775,49.5269456,2,Counter({1: 2}),0.0003084267818281514
3176,1528376981,3178,8.4886659,49.5287668,4,Counter({0: 4}),0.006859683856043663
3177,1528376985,3179,8.4887927,49.5289006,3,Counter({0: 3}),0.012306406168278222
3178,1528376989,3180,8.4887034,49.5288064,3,Counter({0: 3}),0.004145704108500702
3179,1528379699,3181,8.4892629,49.528718,1,Counter({0: 1}),0.0003084267818281514
3180,1528385864,3182,8.4887098,49.5283142,3,Counter({0: 3}),0.011014949258761635
3181,1528385866,3183,8.48915,49.5285434,1,Counter({0: 1}),0.0003084267818281514
3182,1528406442,3184,8.4890848,49.5287873,3,Counter({0: 3}),0.006378322417855148
3183,1528418317,3185,8.4901044,49.5281737,2,Counter({0: 2}),0.000616795490453172
3184,1528450462,3186,8.5354323,49.5099186,3,Counter({0: 3}),0.001385742773109273
3185,1528488186,3187,8.529045,49.506767,1,Counter({0: 1}),0.0003084267818281514
3186,1529460401,3188,8.5370787,49.5067175,1,Counter({0: 1}),1.1614640626177797e-07
3187,1530773077,3189,8.5357997,49.5190602,4,"Counter({1: 2, 0: 2})",0.003694675256390288
3188,1530773084,3190,8.536303,49.5186174,2,Counter({0: 2}),0.007701666263444646
3189,1530773086,3191,8.5355433,49.5182738,2,Counter({0: 2}),0.007998265469568486
3190,1530789736,3192,8.5343634,49.5177524,2,Counter({0: 2}),0.008591802642167745
3191,1530795092,3193,8.5353692,49.5181945,2,Counter({0: 2}),0.00829498082209861
3192,1531035107,3194,8.4711368,49.4791242,2,Counter({0: 2}),0.0007280303809536143
3193,1531035113,3195,8.4710915,49.4791548,3,Counter({0: 3}),0.0010585774788307693
3194,1531035137,3196,8.4712249,49.4792964,2,Counter({0: 2}),0.0007552677064755278
3195,1531035151,3197,8.4711649,49.4793246,3,Counter({0: 3}),0.001173356334273266
3196,1531035191,3198,8.4713205,49.4795792,3,Counter({0: 3}),0.0009256171700626132
3197,1531035214,3199,8.4716562,49.479979,2,Counter({0: 2}),0.000616795490453172
3198,1531035330,3200,8.4722571,49.4805934,2,Counter({0: 2}),0.001113777610530893
3199,1531035343,3201,8.4724348,49.4806176,4,Counter({0: 4}),0.0014638179931763034
3200,1531035358,3202,8.4725403,49.4807124,4,Counter({0: 4}),0.0019058793434521396
3201,1531035448,3203,8.4711176,49.4813352,3,"Counter({1: 2, 0: 1})",0.001005818928320041
3202,1531035450,3204,8.4714386,49.4814359,3,"Counter({1: 2, 0: 1})",0.003654142020817733
3203,1531188713,3205,8.5092685,49.4777028,3,"Counter({1: 2, 0: 1})",0.001602082561839876
3204,1531533781,3206,8.5057774,49.5268533,2,Counter({0: 2}),0.00034971392559405505
3205,1539224202,3207,8.533539,49.5134468,1,Counter({0: 1}),5.8073203130888986e-08
3206,1540145384,3208,8.5463524,49.5133154,2,Counter({0: 2}),3.1940261721988942e-06
3207,1553027402,3209,8.4714942,49.4794667,3,Counter({0: 3}),0.0037501592650317174
3208,1553027558,3210,8.4725901,49.4807582,2,Counter({0: 2}),0.00039521544645711393
3209,1553027572,3211,8.472474,49.4808007,4,"Counter({0: 2, 1: 2})",0.0008027839727784491
3210,1553027581,3212,8.4722936,49.4808156,3,"Counter({1: 2, 0: 1})",0.0022926249290059018
3211,1554903409,3213,8.4925236,49.5321157,2,Counter({0: 2}),0.0018491088608906363
3212,1557049456,3214,8.4582357,49.4909756,4,Counter({0: 4}),0.002526176021726743
3213,1558184261,3215,8.4629696,49.4915472,3,Counter({0: 3}),0.0027539028959344338
3214,1563747094,3216,8.5334937,49.5285697,2,Counter({0: 2}),0.0012331844684844277
3215,1569110270,3217,8.4604279,49.4929617,3,"Counter({1: 2, 0: 1})",0.0010881406240100414
3216,1569913042,3218,8.4816176,49.5238752,4,Counter({0: 4}),0.0009452602548810783
3217,1569951341,3219,8.544448,49.4792214,1,Counter({0: 1}),0.0003084267818281514
3218,1578800876,3220,8.5273412,49.5069842,3,Counter({0: 3}),0.004434467855301245
3219,1579326299,3221,8.5088246,49.5061534,2,Counter({0: 2}),0.0015412047378906629
3220,1579379074,3222,8.5056967,49.5068296,2,Counter({0: 2}),0.01891946851409762
3221,1580948930,3223,8.5268067,49.5136851,1,Counter({0: 1}),0.0003084267818281514
3222,1580958603,3224,8.5219472,49.5114891,2,Counter({0: 2}),0.0011289732871412883
3223,1580969286,3225,8.5110961,49.5184247,3,Counter({0: 3}),0.11036340866870417
3224,1580969291,3226,8.5111232,49.5185722,2,Counter({0: 2}),0.10543255111822616
3225,1581058939,3227,8.5090412,49.5192994,2,Counter({0: 2}),0.010774051300497276
3226,1581067323,3228,8.5092427,49.5193808,3,Counter({0: 3}),0.04844770891795607
3227,1581100027,3229,8.5047572,49.5220096,5,"Counter({1: 4, 0: 1})",0.0010029406972965553
3228,1581100029,3230,8.5046196,49.5218257,3,"Counter({1: 2, 0: 1})",0.002922529429722418
3229,1581123649,3231,8.507229,49.5180419,3,Counter({0: 3}),0.0007427795086758962
3230,1581123654,3232,8.5078046,49.5182972,3,"Counter({1: 2, 0: 1})",0.004819060995911171
3231,1581123657,3233,8.5075553,49.5178956,3,Counter({0: 3}),0.0014944783957939447
3232,1581123696,3234,8.5075661,49.5181397,4,"Counter({1: 2, 0: 2})",0.005333954305378125
3233,1581165136,3235,8.5070687,49.5180685,4,"Counter({0: 2, 1: 2})",0.0010846480914176036
3234,1581165141,3236,8.5067235,49.5181325,3,"Counter({1: 2, 0: 1})",0.0007426078056123401
3235,1581169762,3237,8.507665,49.5178183,3,"Counter({1: 2, 0: 1})",0.0005511915372791381
3236,1581169766,3238,8.5079149,49.5176725,3,"Counter({1: 2, 0: 1})",0.0004484036349680285
3237,1581177048,3239,8.508411,49.5174805,2,Counter({0: 2}),0.0006310751241779044
3238,1583982303,3240,8.4854619,49.49452,1,Counter({0: 1}),0.0003084267818281514
3239,1584173023,3241,8.5104967,49.5177237,4,"Counter({0: 2, 1: 2})",0.006490692934928235
3240,1587318370,3242,8.5135566,49.5177204,3,Counter({0: 3}),0.108191954645449
3241,1587318373,3243,8.5137026,49.5178087,3,Counter({0: 3}),0.0017589396723188624
3242,1587505517,3244,8.5079661,49.5056945,2,Counter({0: 2}),0.0009250480526719307
3243,1587508822,3245,8.5099413,49.5067963,1,Counter({0: 1}),0.0003084267818281514
3244,1587510972,3246,8.5083702,49.5059092,2,Counter({0: 2}),0.0012331844684844277
3245,1588827827,3247,8.5435451,49.4832017,3,Counter({0: 3}),9.872444532251128e-07
3246,1589643339,3248,8.5274077,49.5070657,3,Counter({0: 3}),0.004683072914030176
3247,1589650566,3249,8.5285119,49.5076021,1,Counter({0: 1}),0.0003084267818281514
3248,1593624924,3250,8.4964267,49.525963,2,Counter({0: 2}),0.000616795490453172
3249,1593636963,3251,8.4958937,49.5259706,2,Counter({0: 2}),0.0015412047378906629
3250,1593749984,3252,8.4888113,49.5284744,3,"Counter({1: 2, 0: 1})",0.004840129670734453
3251,1593749987,3253,8.488871,49.5286735,4,"Counter({1: 2, 0: 2})",0.0010536139315703223
3252,1593811375,3254,8.489524,49.5293848,3,Counter({0: 3}),0.0101187058859011
3253,1593858937,3255,8.4892482,49.5291443,2,Counter({0: 2}),0.0025116632614707955
3254,1593909182,3256,8.4889934,49.528652,4,Counter({0: 4}),0.004411566756989286
3255,1593921004,3257,8.5049398,49.5220114,3,Counter({0: 3}),0.004148774349477445
3256,1593921005,3258,8.5050471,49.5220986,4,Counter({0: 4}),0.04366955850749116
3257,1593927108,3259,8.5051369,49.5222793,3,Counter({0: 3}),0.011303500297587716
3258,1596026560,3260,8.4883711,49.528897,2,Counter({0: 2}),0.003528170336635195
3259,1598671052,3261,8.4912144,49.4597942,1,Counter({0: 1}),0.0003084267818281514
3260,1600064797,3262,8.5003324,49.5048668,2,Counter({0: 2}),0.0006167954904531721
3261,1600064801,3263,8.5007501,49.5049913,3,Counter({0: 3}),0.0009256287847032397
3262,1600107461,3264,8.5001709,49.5055847,2,Counter({0: 2}),0.00030845581842971686
3263,1600119920,3265,8.5002807,49.505554,2,Counter({0: 2}),0.0004625820995390962
3264,1600130236,3266,8.4967404,49.5083394,1,Counter({0: 1}),0.0003084267818281514
3265,1600134704,3267,8.4984393,49.5069789,1,Counter({0: 1}),5.8073203130888986e-08
3266,1600180246,3268,8.5014176,49.5046149,3,"Counter({1: 2, 0: 1})",0.0018478806126444177
3267,1600180251,3269,8.5013488,49.5044161,4,"Counter({0: 2, 1: 2})",0.00376950161073772
3268,1602527600,3270,8.4920513,49.498118,2,Counter({0: 2}),0.0024542645438985398
3269,1602527704,3271,8.4913993,49.4986361,2,Counter({0: 2}),0.0023224786488078
3270,1603312000,3272,8.4957646,49.4991481,2,Counter({0: 2}),0.0024645686676717975
3271,1609090445,3273,8.5172193,49.5094919,2,Counter({0: 2}),0.008960884318660644
3272,1612220590,3274,8.4682475,49.4986429,2,Counter({0: 2}),0.0007010303208374049
3273,1612226100,3275,8.4965081,49.5023075,3,Counter({0: 3}),0.0008277597994148269
3274,1612226102,3276,8.4956828,49.5018646,2,Counter({0: 2}),0.0005960548167585174
3275,1612259391,3277,8.502332,49.502819,3,Counter({0: 3}),0.003841252021092652
3276,1614660742,3278,8.4679921,49.4758402,3,Counter({0: 3}),0.0006742193114136482
3277,1614660749,3279,8.4679686,49.4759372,3,Counter({0: 3}),0.0019808210323965436
3278,1614660750,3280,8.4683531,49.4759377,3,Counter({0: 3}),0.00449008436278151
3279,1614660756,3281,8.4682986,49.4759971,3,Counter({0: 3}),0.0033580225449025827
3280,1614660762,3282,8.4678913,49.476739,3,Counter({0: 3}),0.0006931782851863196
3281,1616719859,3283,8.4823796,49.474168,3,Counter({0: 3}),0.001628029956599741
3282,1628359358,3284,8.4736023,49.483642,3,"Counter({1: 2, 0: 1})",0.01547923740613209
3283,1628359361,3285,8.4733006,49.4839397,3,"Counter({1: 2, 0: 1})",0.0016425438676519134
3284,1628400908,3286,8.4749412,49.4845817,3,Counter({0: 3}),0.0008231638134707133
3285,1628406125,3287,8.4747957,49.4852728,3,"Counter({1: 2, 0: 1})",0.0008149014810313308
3286,1628406128,3288,8.4751456,49.4853169,3,"Counter({1: 2, 0: 1})",0.01701349379187011
3287,1628411128,3289,8.4751371,49.4850631,4,"Counter({1: 2, 2: 2})",0.0017983262713412817
3288,1628551113,3290,8.4755722,49.484996,3,"Counter({1: 2, 0: 1})",0.001299950516234263
3289,1628551114,3291,8.4754275,49.4851927,3,"Counter({1: 2, 0: 1})",0.0024725867202639892
3290,1628788389,3292,8.4764488,49.4868938,3,"Counter({1: 2, 0: 1})",0.0016121430729953783
3291,1628788402,3293,8.4761467,49.4870347,3,"Counter({1: 2, 0: 1})",0.0012425117321243444
3292,1629418474,3294,8.4788934,49.4998446,2,Counter({0: 2}),0.0009250480526719307
3293,1629418477,3295,8.4779348,49.5001701,2,Counter({0: 2}),0.000616795490453172
3294,1629424775,3296,8.4788659,49.4997481,3,Counter({0: 3}),0.0018494573001094216
3295,1629450651,3297,8.4890206,49.4981959,3,"Counter({1: 2, 0: 1})",0.0024118572891697362
3296,1629666781,3298,8.5388632,49.5006493,2,Counter({0: 2}),0.0027721243514529856
3297,1629666792,3299,8.5399143,49.4997029,2,Counter({0: 2}),0.0024645686676717975
3298,1633129371,3300,8.4570445,49.4827687,2,Counter({0: 2}),0.000616795490453172
3299,1633129384,3301,8.4569547,49.4829317,3,Counter({0: 3}),0.0012333006148906895
3300,1634480194,3302,8.4687864,49.4938739,4,Counter({0: 4}),0.04183813827238965
3301,1634480223,3303,8.4683587,49.493934,4,Counter({0: 4}),0.008676377289307976
3302,1634480227,3304,8.4684066,49.4939947,3,Counter({0: 3}),0.009362222723977924
3303,1634539412,3305,8.4713072,49.4883698,2,Counter({0: 2}),0.0006922035156927608
3304,1635553407,3306,8.4761996,49.487385,2,Counter({0: 2}),0.0013838191639478556
3305,1635553419,3307,8.4788755,49.4879103,3,Counter({0: 3}),0.0018077931209601946
3306,1635576390,3308,8.4706246,49.5020625,2,Counter({0: 2}),0.0074380920209631204
3307,1635591946,3309,8.469232,49.4967372,2,Counter({0: 2}),0.0009473255596467151
3308,1635803731,3310,8.480061,49.4866041,2,Counter({0: 2}),0.0033445971229847556
3309,1635803751,3311,8.4795743,49.4880557,3,Counter({0: 3}),0.007631004296288176
3310,1635820987,3312,8.482197,49.488924,2,Counter({0: 2}),0.0012331844684844277
3311,1636519479,3313,8.4726885,49.4804408,2,Counter({0: 2}),0.0013303191379697647
3312,1637163929,3314,8.4864501,49.4711559,2,Counter({0: 2}),0.0010353258818669698
3313,1637195261,3315,8.4825213,49.4736308,4,Counter({0: 4}),0.014532270283823409
3314,1637195277,3316,8.4816568,49.4739266,3,Counter({0: 3}),0.002334151525257491
3315,1637195285,3317,8.4813927,49.4741482,3,Counter({0: 3}),0.0029463466623133976
3316,1637257683,3318,8.483488,49.473392,2,Counter({0: 2}),0.000796663377442757
3317,1637257696,3319,8.4829292,49.4739064,3,Counter({0: 3}),0.0006672941818061832
3318,1637257703,3320,8.478606,49.4878442,4,"Counter({0: 2, 1: 2})",0.0007538292738779363
3319,1637262225,3321,8.4910447,49.470206,3,"Counter({1: 2, 0: 1})",0.02340880125836545
3320,1637262226,3322,8.4911138,49.470207,2,Counter({0: 2}),0.023146429693511945
3321,1637262237,3323,8.4825654,49.4735625,3,Counter({0: 3}),0.037286122928754134
3322,1637307915,3324,8.4763089,49.4828312,3,Counter({0: 3}),0.03746097518905956
3323,1637578850,3325,8.4845407,49.4722559,3,Counter({0: 3}),0.01053094797455642
3324,1637578858,3326,8.4824352,49.4738178,2,Counter({0: 2}),0.013734779295350386
3325,1637578861,3327,8.4824867,49.4736841,3,Counter({0: 3}),0.013998308554497529
3326,1637578899,3328,8.4868171,49.4743465,4,Counter({0: 4}),0.01045428866638008
3327,1637578901,3329,8.4872567,49.4749449,3,Counter({0: 3}),0.0028361747435039024
3328,1637578902,3330,8.4882321,49.4760327,3,Counter({0: 3}),0.0009787652463393954
3329,1637578905,3331,8.4882598,49.4760566,3,Counter({0: 3}),0.0012854534871056362
3330,1637578908,3332,8.4887231,49.4763302,3,Counter({0: 3}),0.0017564095071569306
3331,1637578912,3333,8.4890796,49.4763919,3,Counter({0: 3}),0.0021035356628644414
3332,1637618698,3334,8.490129,49.469993,2,Counter({0: 2}),0.0007911431446079958
3333,1637618723,3335,8.4906564,49.470103,3,Counter({0: 3}),0.0006307308400721116
3334,1637618731,3336,8.4907955,49.4701834,2,Counter({0: 2}),0.0003558779178241423
3335,1637618746,3337,8.4910226,49.4703317,3,"Counter({1: 2, 0: 1})",0.0016428114822643204
3336,1637618748,3338,8.4906,49.4703507,4,Counter({0: 4}),0.029039892953499343
3337,1637618758,3339,8.4911587,49.4704504,2,Counter({0: 2}),0.0013383946174024884
3338,1637618764,3340,8.4911859,49.4706265,3,"Counter({1: 2, 0: 1})",0.0005178303796907363
3339,1637618808,3341,8.4923126,49.4759368,2,Counter({0: 2}),0.0009250480526719307
3340,1637618809,3342,8.4923429,49.4760725,2,Counter({0: 2}),0.0012331844684844277
3341,1637618816,3343,8.4923752,49.4761687,2,Counter({0: 2}),0.0015412047378906629
3342,1637620595,3344,8.4927353,49.4704258,2,Counter({0: 2}),0.0009250480526719307
3343,1637620596,3345,8.4854257,49.4716699,2,Counter({0: 2}),0.0013060518229933494
3344,1642148716,3346,8.4948391,49.4680537,2,Counter({0: 2}),0.022787441836305513
3345,1642199555,3347,8.4923582,49.4611253,2,Counter({0: 2}),0.004615019379608617
3346,1643932782,3348,8.4637791,49.4863919,3,Counter({0: 3}),0.0015413789575000555
3347,1646249689,3349,8.4906485,49.4766931,3,Counter({0: 3}),0.007275316459426679
3348,1646249692,3350,8.4910636,49.4768999,3,"Counter({1: 2, 0: 1})",0.006923058493191824
3349,1646249762,3351,8.4915102,49.4774097,3,Counter({0: 3}),0.008067816372605736
3350,1646249834,3352,8.4919252,49.4778796,5,"Counter({0: 3, 1: 2})",0.005312701146421476
3351,1646249872,3353,8.4875379,49.4780256,2,Counter({0: 2}),0.0005141144476446586
3352,1646249991,3354,8.4877111,49.478655,2,Counter({0: 2}),0.0003145550823734287
3353,1646249995,3355,8.4879505,49.4786957,3,Counter({0: 3}),0.0006257006791565159
3354,1646250042,3356,8.4870296,49.4791074,3,Counter({0: 3}),0.01047880142120015
3355,1646264290,3357,8.491692,49.4776138,3,Counter({0: 3}),0.010765475026973347
3356,1646264292,3358,8.4918181,49.4777576,3,Counter({0: 3}),0.007933107072342176
3357,1646264326,3359,8.4936855,49.4794483,4,Counter({0: 4}),0.004135603018826624
3358,1646288513,3360,8.4951116,49.4762302,3,"Counter({1: 2, 0: 1})",0.0009250480526719307
3359,1646288535,3361,8.5026961,49.4777669,2,Counter({0: 2}),0.0044279934608963765
3360,1646300181,3362,8.5057264,49.4771486,4,Counter({0: 4}),0.003079650998632608
3361,1646670581,3363,8.4788204,49.4898829,3,Counter({0: 3}),0.002810055890595197
3362,1646670585,3364,8.4787208,49.4900661,4,"Counter({1: 2, 0: 2})",0.0012982290586764343
3363,1647322593,3365,8.5148205,49.5030606,2,Counter({0: 2}),0.002441511323418096
3364,1648659390,3366,8.5103228,49.4636185,2,Counter({0: 2}),0.0009250480526719307
3365,1648659451,3367,8.5107306,49.4642325,1,Counter({0: 1}),0.0003084267818281514
3366,1649201721,3368,8.5034989,49.4680148,3,Counter({0: 3}),0.0011754804450020138
3367,1649201730,3369,8.503032,49.4688909,2,Counter({0: 2}),0.000616795490453172
3368,1649201731,3370,8.5012282,49.4690453,1,Counter({0: 1}),5.8073203130888986e-08
3369,1649201738,3371,8.5016329,49.4697015,1,Counter({0: 1}),1.1614640626177798e-06
3370,1649300397,3372,8.5076595,49.4660085,3,"Counter({1: 2, 0: 1})",0.0006155178799842924
3371,1649302997,3373,8.5106256,49.4635185,3,Counter({0: 3}),0.00207366191447092
3372,1650137943,3374,8.5021216,49.4691307,1,Counter({0: 1}),0.0003084267818281514
3373,1650809989,3375,8.5325143,49.5130752,1,Counter({0: 1}),5.8073203130888986e-08
3374,1652003997,3376,8.4723313,49.4970713,3,Counter({0: 3}),0.0007736280275280112
3375,1652004001,3377,8.472728,49.4971016,3,Counter({0: 3}),0.0026930477891725373
3376,1652004019,3378,8.4725408,49.4971982,3,Counter({0: 3}),0.003637174247791741
3377,1652004041,3379,8.4723108,49.4972987,4,Counter({0: 4}),0.0017459937426829142
3378,1652004063,3380,8.4723843,49.4974769,3,Counter({0: 3}),0.0038664516785648414
3379,1652054927,3381,8.4717327,49.4987225,3,Counter({0: 3}),0.002588518240257711
3380,1652054933,3382,8.4716538,49.4989412,3,Counter({0: 3}),0.002496042310487459
3381,1652054940,3383,8.4727975,49.4990599,3,Counter({0: 3}),0.0493505218323928
3382,1652054980,3384,8.4701017,49.5036937,2,Counter({0: 2}),0.004557836269217347
3383,1652132301,3385,8.4710086,49.5006383,3,Counter({0: 3}),0.0005006630532851256
3384,1652132304,3386,8.4709533,49.501122,4,Counter({0: 4}),0.013245151032366792
3385,1652132307,3387,8.4708422,49.5018772,3,Counter({0: 3}),0.00744633884513939
3386,1652132319,3388,8.4705155,49.502763,3,Counter({0: 3}),0.004545146680435721
3387,1652132337,3389,8.4702938,49.5028592,3,Counter({0: 3}),0.006949150591551978
3388,1652132345,3390,8.4678287,49.5035066,2,Counter({0: 2}),0.0004528364124605199
3389,1652132346,3391,8.4702181,49.5038345,3,Counter({0: 3}),0.004363673537137632
3390,1652132359,3392,8.4702361,49.5046437,3,Counter({0: 3}),0.001978249891883805
3391,1652142139,3393,8.4721975,49.4974376,3,Counter({0: 3}),0.0017506385690496213
3392,1652195846,3394,8.4832132,49.4921578,1,Counter({0: 1}),0.0003084267818281514
3393,1652195862,3395,8.4827327,49.4922414,3,Counter({0: 3}),0.10524747796997637
3394,1652229700,3396,8.4882344,49.4950566,3,Counter({0: 3}),0.00302293767986974
3395,1652229711,3397,8.4962119,49.5026213,3,Counter({0: 3}),0.04766991669888839
3396,1652259400,3398,8.4880517,49.4946993,4,Counter({1: 4}),0.022683512489857824
3397,1652276553,3399,8.4936607,49.5008406,2,Counter({0: 2}),0.0009016692451217671
3398,1652533633,3400,8.4757017,49.4640874,2,Counter({0: 2}),0.0006293833989239318
3399,1653382532,3401,8.4958987,49.4529865,2,Counter({0: 2}),0.00030888168858601
3400,1653473611,3402,8.495538,49.4530254,2,Counter({0: 2}),0.0005141753010872783
3401,1656844646,3403,8.5019527,49.4896878,3,Counter({0: 3}),0.001092067396444004
3402,1656865388,3404,8.5194774,49.4956626,3,Counter({0: 3}),0.0035025081418171714
3403,1656889210,3405,8.4912394,49.5062725,4,Counter({0: 4}),0.010301663790438101
3404,1656889220,3406,8.4912047,49.507428,2,Counter({0: 2}),0.0020427852583472955
3405,1656927222,3407,8.5093365,49.4843209,2,Counter({0: 2}),0.14025360638040343
3406,1671577984,3408,8.4729739,49.4804234,2,Counter({0: 2}),0.0006477401943553353
3407,1673650767,3409,8.50126,49.4549143,2,Counter({0: 2}),1.0743542579214465e-06
3408,1674070632,3410,8.5037741,49.4927044,2,Counter({0: 2}),0.0027721243514529856
3409,1674070724,3411,8.5043085,49.4978991,2,Counter({0: 2}),0.0009250480526719307
3410,1676564737,3412,8.4666298,49.4820654,1,Counter({0: 1}),0.0003084267818281514
3411,1676564738,3413,8.4658421,49.4823688,1,Counter({0: 1}),0.0003084267818281514
3412,1677760879,3414,8.4918681,49.4970268,3,Counter({0: 3}),0.0011178831655976782
3413,1677760912,3415,8.4998102,49.5012985,4,"Counter({2: 2, 1: 2})",0.0010727282082337814
3414,1679657159,3416,8.5046276,49.4969264,2,Counter({0: 2}),0.0012331844684844277
3415,1682154398,3417,8.4804898,49.4714351,2,Counter({0: 2}),0.0010765839080036281
3416,1682197735,3418,8.4815409,49.5238459,2,Counter({0: 2}),0.000616795490453172
3417,1682197741,3419,8.4811158,49.5239902,1,Counter({0: 1}),0.0003084267818281514
3418,1682197745,3420,8.481754,49.5239287,3,Counter({0: 3}),0.0012109406944527245
3419,1682197750,3421,8.4811486,49.5242896,3,Counter({0: 3}),0.0012803752848542344
3420,1682197804,3422,8.4820583,49.5271844,2,Counter({0: 2}),0.016802838480042822
3421,1682197819,3423,8.4815246,49.5274277,2,Counter({0: 2}),0.0017673714056873461
3422,1682197832,3424,8.4820552,49.5274505,2,Counter({0: 2}),0.016516035456949647
3423,1685172341,3425,8.5133532,49.4568523,1,Counter({0: 1}),0.0003084267818281514
3424,1685427769,3426,8.468289,49.5292002,2,Counter({0: 2}),2.8455869534135604e-06
3425,1687149405,3427,8.5128741,49.484266,2,Counter({0: 2}),0.03859436725850801
3426,1687149418,3428,8.5098482,49.4851533,3,Counter({0: 3}),0.1404332126643591
3427,1687152097,3429,8.5072887,49.4806426,2,Counter({0: 2}),0.016814224550818033
3428,1687158275,3430,8.5161633,49.4784573,3,Counter({0: 3}),0.0010728405524726165
3429,1687158276,3431,8.5132119,49.4784622,3,Counter({0: 3}),0.000797323280233874
3430,1687158278,3432,8.5117699,49.4784768,3,Counter({0: 3}),0.001478937639002839
3431,1687158325,3433,8.5132035,49.4792694,1,Counter({0: 1}),0.0003084267818281514
3432,1687158333,3434,8.5178994,49.479491,3,Counter({0: 3}),0.0019266628518679048
3433,1687658038,3435,8.5195691,49.4636785,3,Counter({0: 3}),0.01860981781372808
3434,1688137795,3436,8.5208661,49.494439,3,"Counter({1: 2, 0: 1})",0.0004902703164304103
3435,1688137801,3437,8.5210667,49.4943916,4,"Counter({1: 2, 0: 2})",0.0008740525361889081
3436,1696522771,3438,8.5366512,49.4526823,1,Counter({0: 1}),0.0003084267818281514
3437,1696522796,3439,8.5368711,49.45307,1,Counter({0: 1}),0.0003084267818281514
3438,1696522802,3440,8.5364431,49.45316,3,Counter({0: 3}),0.0009251061258750615
3439,1696558652,3441,8.5367994,49.4522003,3,Counter({0: 3}),0.0009251061258750615
3440,1696622614,3442,8.5376991,49.4538943,2,Counter({0: 2}),0.003885801710562523
3441,1696714262,3443,8.50167,49.4698566,1,Counter({0: 1}),1.1614640626177798e-06
3442,1696714296,3444,8.4997863,49.4703654,3,Counter({0: 3}),4.123197422293118e-06
3443,1696739019,3445,8.5045755,49.4696479,2,Counter({0: 2}),2.9036601565444494e-07
3444,1696739136,3446,8.504038,49.4701288,2,Counter({0: 2}),2.9036601565444494e-07
3445,1696774543,3447,8.5046499,49.4725072,2,Counter({0: 2}),2.9036601565444494e-07
3446,1696774564,3448,8.5038049,49.4727835,2,Counter({0: 2}),2.9036601565444494e-07
3447,1696805897,3449,8.5047043,49.4715598,1,Counter({0: 1}),5.8073203130888986e-08
3448,1703206050,3450,8.5002068,49.5245477,3,Counter({0: 3}),0.000529059782418252
3449,1703206068,3451,8.5001545,49.5244934,3,Counter({0: 3}),0.001841042876953373
3450,1712143356,3452,8.4687777,49.4803896,2,Counter({0: 2}),0.000616795490453172
3451,1721530612,3453,8.4779386,49.5083072,1,Counter({0: 1}),0.0003084267818281514
3452,1721667715,3454,8.4785459,49.5083656,3,Counter({0: 3}),0.002464917106890583
3453,1721667730,3455,8.4752544,49.5082813,3,Counter({0: 3}),0.0014381248023333489
3454,1722349828,3456,8.5353471,49.5098839,1,Counter({0: 1}),0.0003084267818281514
3455,1722387860,3457,8.4614146,49.4861706,2,Counter({0: 2}),0.0004784392065580963
3456,1723142478,3458,8.5185371,49.5074133,2,Counter({0: 2}),0.01715875383077247
3457,1726229543,3459,8.4911068,49.5021624,3,Counter({0: 3}),0.00411371060673879
3458,1732865140,3460,8.5333814,49.4845645,1,Counter({0: 1}),0.0003084267818281514
3459,1732872574,3461,8.5354861,49.481707,2,Counter({0: 2}),0.0012331844684844277
3460,1732901409,3462,8.5442666,49.4804719,1,Counter({0: 1}),2.3229281252355594e-07
3461,1733135935,3463,8.5247242,49.4756886,1,Counter({0: 1}),0.0003084267818281514
3462,1733136029,3464,8.5242098,49.4759601,2,Counter({0: 2}),0.007196160755035895
3463,1733136056,3465,8.5264178,49.4765517,2,Counter({0: 2}),0.000616795490453172
3464,1734163483,3466,8.5027609,49.4993203,1,Counter({0: 1}),5.8073203130888986e-08
3465,1737617623,3467,8.4599507,49.5034445,2,Counter({0: 2}),0.005228388551077066
3466,1737617630,3468,8.4601208,49.5035892,3,Counter({0: 3}),0.004615135526014879
3467,1737617636,3469,8.460126,49.5036402,2,Counter({0: 2}),0.0016929500176716757
3468,1737617650,3470,8.4615953,49.5044882,2,Counter({0: 2}),0.0009250480526719307
3469,1737617847,3471,8.4630993,49.5057632,3,Counter({0: 3}),0.002464636419742117
3470,1737617919,3472,8.4642448,49.5064687,3,Counter({0: 3}),0.0007194785924557602
3471,1737617926,3473,8.4641578,49.5065187,3,Counter({0: 3}),0.0014895292659713268
3472,1737617933,3474,8.4643285,49.5065293,3,Counter({0: 3}),0.0006168922791250568
3473,1737617937,3475,8.4642427,49.5065817,3,Counter({0: 3}),0.0008222391253958712
3474,1737617972,3476,8.4649137,49.5068876,1,Counter({0: 1}),0.0003084267818281514
3475,1737622860,3477,8.4600116,49.5034807,2,Counter({0: 2}),0.0049217620385459725
3476,1737622877,3478,8.4614628,49.5043942,3,Counter({0: 3}),0.002617707704327952
3477,1737622880,3479,8.461363,49.504457,3,Counter({0: 3}),0.0027722404978592474
3478,1737683202,3480,8.4710322,49.5070204,1,Counter({0: 1}),0.0003084267818281514
3479,1737683229,3481,8.4704015,49.5071068,3,Counter({0: 3}),0.0007369804883353646
3480,1737683233,3482,8.4703146,49.5071192,3,Counter({0: 3}),0.07320467938870621
3481,1737683330,3483,8.4705606,49.5085999,2,Counter({0: 2}),0.0005376165373260516
3482,1737696704,3484,8.4753281,49.5087387,1,Counter({0: 1}),0.0003084267818281514
3483,1738585981,3485,8.4754342,49.5095371,2,Counter({0: 2}),0.0007194689135885975
3484,1738586159,3486,8.4714581,49.5109438,2,Counter({0: 2}),0.07172934915736194
3485,1738586169,3487,8.4711701,49.5106997,2,Counter({0: 2}),0.0003876468748307098
3486,1738586198,3488,8.4722036,49.5109127,1,Counter({0: 1}),5.8073203130888986e-08
3487,1738586221,3489,8.471644,49.5111141,3,Counter({0: 3}),0.001330062081241739
3488,1738586227,3490,8.4724864,49.5111925,1,Counter({0: 1}),5.8073203130888986e-08
3489,1738586235,3491,8.4715695,49.511238,3,Counter({0: 3}),0.07163509382177616
3490,1738604204,3492,8.4688461,49.5095275,2,Counter({0: 2}),0.0009250480526719308
3491,1738604205,3493,8.468452,49.509566,1,Counter({0: 1}),0.0003084267818281514
3492,1738604207,3494,8.4689556,49.5096441,2,Counter({0: 2}),0.0012331844684844277
3493,1738604208,3495,8.4688608,49.5097006,3,Counter({0: 3}),0.0015413789575000555
3494,1738604211,3496,8.4687275,49.5097809,3,Counter({0: 3}),0.0011563852460254687
3495,1738604229,3497,8.471274,49.5110563,1,Counter({0: 1}),0.0003084267818281514
3496,1738604232,3498,8.4709,49.5111872,2,Counter({0: 2}),0.0016169005694901476
3497,1738604246,3499,8.4709832,49.5112791,3,Counter({0: 3}),0.0023329479339382116
3498,1738604247,3500,8.471353,49.5113206,3,Counter({0: 3}),0.004062673916848224
3499,1738604252,3501,8.4717264,49.5114228,3,Counter({0: 3}),0.0011983484994609493
3500,1738604254,3502,8.4716272,49.5114232,4,Counter({0: 4}),0.0710572447534821
3501,1738636573,3503,8.479245,49.5088143,2,Counter({0: 2}),0.0003095688881563922
3502,1738677008,3504,8.4820366,49.5118921,3,Counter({0: 3}),0.00045912905700701647
3503,1738677375,3505,8.4796364,49.5141795,2,Counter({0: 2}),0.006348933492141759
3504,1738677383,3506,8.4788076,49.5143944,2,Counter({0: 2}),0.006348031205489387
3505,1740838357,3507,8.5027771,49.4746948,2,Counter({0: 2}),6.446125547528678e-06
3506,1740850037,3508,8.5048893,49.4777866,3,"Counter({1: 2, 0: 1})",0.0036145123717073835
3507,1741710298,3509,8.5461657,49.4702706,4,"Counter({1: 2, 0: 2})",0.0007455698709048216
3508,1742645058,3510,8.4796005,49.508091,3,"Counter({1: 2, 0: 1})",0.000616795490453172
3509,1742645060,3511,8.479354,49.5081307,3,"Counter({1: 2, 0: 1})",0.0015412047378906629
3510,1742645264,3512,8.4716673,49.5132097,3,Counter({0: 3}),0.0044702110484795025
3511,1742657760,3513,8.4685985,49.5096822,2,Counter({0: 2}),0.000616795490453172
3512,1742657789,3514,8.4715468,49.5121866,3,Counter({0: 3}),0.001713833066132824
3513,1742755630,3515,8.4735039,49.5136906,2,Counter({0: 2}),0.0004942316941935813
3514,1742755635,3516,8.4734976,49.5138093,3,Counter({0: 3}),0.017863665805953673
3515,1742755648,3517,8.4753555,49.5151305,2,Counter({0: 2}),0.01760145530187762
3516,1742776115,3518,8.4748007,49.5164738,2,Counter({0: 2}),0.0007523862125577707
3517,1742805956,3519,8.4750828,49.5157161,2,Counter({0: 2}),0.05559480383912824
3518,1742805961,3520,8.4749949,49.5161414,3,Counter({0: 3}),0.0010040094998643662
3519,1742822184,3521,8.4752807,49.515558,1,Counter({0: 1}),0.0003084267818281514
3520,1742822216,3522,8.474969,49.5157385,3,Counter({0: 3}),0.004493774225419502
3521,1742822231,3523,8.4754825,49.51617,3,Counter({0: 3}),0.0027892626344518225
3522,1742822247,3524,8.4747848,49.5162913,3,Counter({0: 3}),0.003967781873290802
3523,1742822249,3525,8.4748767,49.5163209,2,Counter({0: 2}),0.00048749220241896046
3524,1742822252,3526,8.4747432,49.5163621,2,Counter({0: 2}),0.0036608027734549727
3525,1742822263,3527,8.4761625,49.5165023,3,Counter({0: 3}),0.05412500827819003
3526,1742822266,3528,8.4746925,49.5164473,3,Counter({0: 3}),0.003354316604498105
3527,1742822268,3529,8.4751328,49.5164705,2,Counter({0: 2}),0.0012619029546419227
3528,1742822273,3530,8.4746461,49.516525,3,Counter({0: 3}),0.0022965568087667614
3529,1742822274,3531,8.4750759,49.5165427,2,Counter({0: 2}),0.0009553445398549746
3530,1742822280,3532,8.4747605,49.5165718,4,"Counter({0: 2, 1: 2})",0.0009149237877600833
3531,1742822283,3533,8.47487,49.516597,3,"Counter({1: 2, 2: 1})",0.000419848040122521
3532,1742822286,3534,8.4749551,49.5166157,3,"Counter({1: 2, 0: 1})",0.0005879456384862976
3533,1742822288,3535,8.4750141,49.5166303,2,Counter({0: 2}),0.000649717435628179
3534,1742822296,3536,8.4765428,49.5167768,4,Counter({0: 4}),0.006585256601838964
3535,1742822300,3537,8.4770237,49.5168172,3,Counter({0: 3}),0.0054268190800996225
3536,1742822307,3538,8.4746444,49.5169916,3,Counter({0: 3}),0.001672299034841305
3537,1742822318,3539,8.4769872,49.5171005,2,Counter({0: 2}),0.0027149453380838962
3538,1742822320,3540,8.4772749,49.5174606,3,Counter({0: 3}),0.001341300333604251
3539,1742822329,3541,8.4776548,49.5175852,3,Counter({0: 3}),0.002923139819732156
3540,1742822334,3542,8.4784485,49.5182395,3,Counter({0: 3}),0.0050624142023003174
3541,1742872590,3543,8.4831313,49.5135498,3,Counter({0: 3}),0.030373637763577654
3542,1742872591,3544,8.4829576,49.5135555,2,Counter({1: 2}),0.0003084267818281514
3543,1742872592,3545,8.483024,49.5135531,4,"Counter({1: 2, 0: 2})",0.0014539230188906538
3544,1742872599,3546,8.4831387,49.5136403,3,Counter({0: 3}),0.040173998816065176
3545,1742872600,3547,8.4830073,49.5136434,4,"Counter({1: 2, 0: 2})",0.010765206729993985
3546,1742872601,3548,8.4828074,49.5136502,2,Counter({0: 2}),0.010311028624325164
3547,1742872602,3549,8.4825148,49.5135752,2,Counter({0: 2}),0.006543671063978372
3548,1743358500,3550,8.4813702,49.5221737,3,"Counter({1: 2, 0: 1})",0.016774225183072096
3549,1743822191,3551,8.466005,49.4833115,3,"Counter({1: 2, 0: 1})",0.0008084689412758986
3550,1743822687,3552,8.463367,49.4845772,3,"Counter({1: 2, 0: 1})",0.003543687651631512
3551,1743822811,3553,8.4602766,49.485085,1,Counter({0: 1}),0.0003084267818281514
3552,1744697403,3554,8.5041634,49.4982126,1,Counter({0: 1}),0.0003084267818281514
3553,1744716500,3555,8.5021377,49.4895918,2,Counter({0: 2}),0.002492282420146337
3554,1744730981,3556,8.4887306,49.4947278,2,Counter({0: 2}),0.0012468605645245554
3555,1744731202,3557,8.4880469,49.4952238,2,Counter({0: 2}),0.02235924403498924
3556,1744731203,3558,8.4885004,49.4952127,1,Counter({0: 1}),0.0003084267818281514
3557,1745827421,3559,8.4713489,49.4731294,2,Counter({1: 2}),0.0003084267818281514
3558,1745947449,3560,8.4898974,49.5073652,2,Counter({0: 2}),0.0009250480526719307
3559,1745947503,3561,8.4891452,49.5075797,1,Counter({0: 1}),0.0003084267818281514
3560,1745947547,3562,8.4895432,49.5077537,2,Counter({0: 2}),0.000616795490453172
3561,1745947647,3563,8.4922949,49.5079951,3,Counter({0: 3}),0.0010377658749338985
3562,1745947716,3564,8.4894832,49.5081035,2,Counter({0: 2}),0.000616795490453172
3563,1745947736,3565,8.4883135,49.5082174,3,Counter({0: 3}),0.0027722404978592474
3564,1745947792,3566,8.4933029,49.5085384,1,Counter({0: 1}),0.0003084267818281514
3565,1745947794,3567,8.4889329,49.5085585,2,Counter({0: 2}),0.00030865907464067496
3566,1745972636,3568,8.4767603,49.487754,3,"Counter({1: 2, 0: 1})",0.0005777530808778337
3567,1745972640,3569,8.4772397,49.4877711,3,"Counter({1: 2, 0: 1})",0.0006595725431369386
3568,1746022787,3570,8.4724337,49.4807607,3,"Counter({1: 2, 0: 1})",0.0019635355120540773
3569,1746022788,3571,8.4726313,49.4806636,3,Counter({0: 3}),0.0009723352964538418
3570,1746023857,3572,8.4743115,49.4791016,3,Counter({0: 3}),0.023801615851908754
3571,1746029869,3573,8.4777628,49.4766573,1,Counter({0: 1}),0.0003084267818281514
3572,1746046366,3574,8.4825563,49.4737182,4,Counter({0: 4}),0.013893604979288082
3573,1746046997,3575,8.4835701,49.4738821,4,Counter({0: 4}),0.016254787404282073
3574,1746046999,3576,8.4835802,49.474079,3,Counter({0: 3}),0.01782508944411065
3575,1746047000,3577,8.4835669,49.4738171,3,Counter({0: 3}),0.006726113604533951
3576,1746052991,3578,8.4835775,49.4740249,4,"Counter({1: 2, 0: 2})",0.017590791463565632
3577,1746054799,3579,8.4833458,49.4738154,4,"Counter({0: 2, 1: 2})",0.0004074205845836195
3578,1746077807,3580,8.4962121,49.5149117,2,Counter({0: 2}),0.00038287280549908034
3579,1746077810,3581,8.4960085,49.5149174,3,Counter({0: 3}),0.046546090688074415
3580,1746080702,3582,8.4958406,49.5161981,3,Counter({0: 3}),0.0013225529167080648
3581,1746080703,3583,8.4953946,49.5150007,2,Counter({0: 2}),0.0007650919052313837
3582,1746091011,3584,8.495402,49.5150606,3,Counter({0: 3}),0.0010422478187626595
3583,1748964762,3585,8.475252,49.5342645,2,Counter({0: 2}),0.0009250480526719307
3584,1749030947,3586,8.5314627,49.5064622,3,Counter({0: 3}),0.03327523708441993
3585,1749428390,3587,8.5462099,49.4942846,1,Counter({0: 1}),0.0003084267818281514
3586,1749443758,3588,8.5457108,49.492896,2,Counter({0: 2}),0.006453733137138823
3587,1749443760,3589,8.5462576,49.4934771,2,Counter({0: 2}),0.00030877522104693673
3588,1749447845,3590,8.5391285,49.4962008,2,Counter({0: 2}),0.001849108860890636
3589,1749455116,3591,8.538145,49.4968546,2,Counter({0: 2}),0.0015412047378906626
3590,1749457500,3592,8.5048661,49.4816206,2,Counter({0: 2}),0.027220179780904394
3591,1749577345,3593,8.5245039,49.5218079,2,Counter({0: 2}),0.006157395260428675
3592,1749756584,3594,8.5255924,49.4986549,2,Counter({0: 2}),1.7421960939266694e-07
3593,1749780751,3595,8.5040593,49.4806024,2,Counter({0: 2}),0.026996021442926756
3594,1749780851,3596,8.4989894,49.4781337,2,Counter({0: 2}),0.0006300689480781293
3595,1750750849,3597,8.4784591,49.4806024,3,Counter({0: 3}),0.003921305372225461
3596,1750780542,3598,8.4914384,49.4776488,2,Counter({0: 2}),0.009753466363926063
3597,1750780561,3599,8.4917182,49.4775381,3,Counter({0: 3}),0.006497792484384944
3598,1750790415,3600,8.4923363,49.4777526,2,Counter({0: 2}),0.01960802373815414
3599,1750793420,3601,8.4922006,49.4780017,2,Counter({0: 2}),0.000616795490453172
3600,1750842421,3602,8.4918886,49.4781287,2,Counter({0: 2}),0.001020678953446462
3601,1750842424,3603,8.4916773,49.4780621,2,Counter({0: 2}),0.0009679260508556469
3602,1750846413,3604,8.4920678,49.47789,3,Counter({0: 3}),0.0011142181236520087
3603,1751118395,3605,8.4878028,49.4846395,3,Counter({0: 3}),0.01369761403272378
3604,1751118421,3606,8.4878086,49.48477,2,Counter({0: 2}),0.012834178591418674
3605,1751118424,3607,8.4876851,49.4845742,3,Counter({0: 3}),0.0038500255408059434
3606,1751118425,3608,8.48751,49.484894,3,Counter({0: 3}),0.044973551004610354
3607,1751118426,3609,8.4877014,49.4848141,4,Counter({0: 4}),0.014706919631855471
3608,1751119417,3610,8.4874989,49.4845846,3,Counter({0: 3}),0.0017553381047684827
3609,1751119418,3611,8.4873295,49.4846713,4,Counter({0: 4}),0.08807205059376716
3610,1751121213,3612,8.4894852,49.4878858,3,"Counter({1: 2, 0: 1})",0.09572664632164318
3611,1751126315,3613,8.4888727,49.4837189,3,Counter({0: 3}),0.0024140533813661316
3612,1751126317,3614,8.4905748,49.4830294,4,Counter({0: 4}),0.002701897224220012
3613,1751126318,3615,8.4924208,49.4817636,3,Counter({0: 3}),0.0009982099632802543
3614,1751172576,3616,8.4939096,49.4799506,2,Counter({0: 2}),0.0015201546713912652
3615,1751172590,3617,8.4938615,49.480003,4,"Counter({0: 2, 1: 2})",0.0036102109105373786
3616,1751172603,3618,8.4939694,49.4799921,3,Counter({0: 3}),0.01162428740930016
3617,1751181427,3619,8.4942839,49.4797643,3,Counter({0: 3}),0.008020557844856642
3618,1751181433,3620,8.4942152,49.4797053,4,"Counter({1: 2, 0: 2})",0.00395741692049902
3619,1751187804,3621,8.4942004,49.4796252,4,"Counter({1: 2, 0: 2})",0.00464219709623039
3620,1751189221,3622,8.493426,49.479594,3,Counter({0: 3}),0.0018433463345742982
3621,1751558496,3623,8.5059446,49.4778958,3,Counter({0: 3}),0.004053473957789067
3622,1751558500,3624,8.5057982,49.4776337,3,Counter({0: 3}),0.00601088309467734
3623,1751558516,3625,8.5059137,49.4779396,4,"Counter({0: 2, 1: 2})",0.010602558057705476
3624,1751558518,3626,8.5058787,49.4779891,3,"Counter({1: 2, 0: 1})",0.005134872667909339
3625,1751600341,3627,8.5058429,49.4780394,3,Counter({0: 3}),0.008497119912631558
3626,1751600346,3628,8.506238,49.4781711,4,Counter({0: 4}),0.01671473465522096
3627,1751600347,3629,8.5008861,49.4780514,2,Counter({0: 2}),0.0011719844344096906
3628,1751600349,3630,8.503417,49.4779364,3,Counter({0: 3}),0.0030617984895613174
3629,1751600352,3631,8.5042665,49.4779137,2,Counter({0: 2}),0.0032400747374955914
3630,1751600355,3632,8.4990249,49.4781752,3,Counter({0: 3}),0.001048875317099178
3631,1751600357,3633,8.4999715,49.4781079,2,Counter({0: 2}),0.0009972299610832727
3632,1751648203,3634,8.510847,49.4848805,2,Counter({0: 2}),0.04217085477821684
3633,1751648207,3635,8.511753,49.484666,3,Counter({0: 3}),0.042458018206020534
3634,1753024334,3636,8.4809629,49.5220289,2,Counter({0: 2}),0.04359169731754249
3635,1753024382,3637,8.481639,49.5251295,4,"Counter({0: 2, 1: 2})",0.005407628762849579
3636,1753024389,3638,8.4818227,49.5252411,3,Counter({0: 3}),0.0014584458440169694
3637,1754245066,3639,8.4634762,49.4843059,3,"Counter({1: 2, 0: 1})",0.0036936003747224076
3638,1754530859,3640,8.487844,49.4844577,2,Counter({0: 2}),0.002424936130334882
3639,1754530874,3641,8.4873797,49.4844496,2,Counter({0: 2}),0.001382876881894576
3640,1755034751,3642,8.5213312,49.5164736,2,Counter({0: 2}),0.000616795490453172
3641,1755121481,3643,8.5324271,49.5015851,1,Counter({0: 1}),0.0003084267818281514
3642,1755123438,3644,8.4960028,49.5301697,1,Counter({0: 1}),0.0003084267818281514
3643,1755206383,3645,8.4962006,49.5294409,2,Counter({0: 2}),2.9036601565444494e-07
3644,1755206399,3646,8.4930323,49.5329968,3,Counter({0: 3}),0.0012324101591093491
3645,1755206402,3647,8.4929008,49.5330324,3,"Counter({1: 2, 0: 1})",0.0003092785221407377
3646,1755206405,3648,8.4930093,49.5330491,3,Counter({0: 3}),0.00046314347383602815
3647,1755206410,3649,8.4937495,49.5331888,2,Counter({0: 2}),0.00030856228596879017
3648,1755239357,3650,8.5033883,49.5027004,1,Counter({0: 1}),0.0003084267818281514
3649,1755395775,3651,8.5108073,49.5150634,2,Counter({0: 2}),0.005079664326354596
3650,1756265374,3652,8.4703137,49.4932983,4,Counter({0: 4}),0.0024281233428932025
3651,1756280900,3653,8.46621,49.487763,3,Counter({0: 3}),0.02154293553581456
3652,1756280946,3654,8.4667744,49.4883742,3,Counter({0: 3}),0.004608707208038141
3653,1756290981,3655,8.4653434,49.4881001,3,Counter({0: 3}),0.018344522269684627
3654,1756299808,3656,8.524717,49.4744873,3,Counter({0: 3}),0.015406770078600121
3655,1756301709,3657,8.4646368,49.4860591,3,Counter({0: 3}),0.0018652458078927726
3656,1756301712,3658,8.4655163,49.487009,3,Counter({0: 3}),0.003017486855213652
3657,1756306988,3659,8.5221247,49.4774011,2,Counter({0: 2}),0.00032074650488408783
3658,1756306997,3660,8.51907,49.4783759,3,Counter({0: 3}),0.0011515405247306506
3659,1756359820,3661,8.5225869,49.4771927,3,"Counter({1: 2, 0: 1})",0.0005547389134273604
3660,1756359874,3662,8.5201046,49.4775348,3,"Counter({1: 2, 0: 1})",0.00046009150744491013
3661,1756359875,3663,8.5189732,49.4776005,3,Counter({0: 3}),0.0008590585065978517
3662,1756359876,3664,8.5161349,49.4776444,2,Counter({0: 2}),0.000324827484009502
3663,1756459433,3665,8.5267035,49.5061407,2,Counter({0: 2}),0.000616795490453172
3664,1756534059,3666,8.524471,49.4760321,4,"Counter({1: 2, 0: 2})",0.05698889098808978
3665,1756534090,3667,8.5241894,49.47602,2,Counter({0: 2}),0.004042899654551875
3666,1756534101,3668,8.5247648,49.4760325,4,Counter({0: 4}),0.052024499023130846
3667,1756574730,3669,8.5241415,49.4745403,2,Counter({0: 2}),0.0004290125387955058
3668,1756574739,3670,8.5238002,49.4745364,3,"Counter({1: 2, 0: 1})",0.006124399926854674
3669,1756574744,3671,8.5240739,49.4745451,3,Counter({0: 3}),0.0003462078711796424
3670,1756574754,3672,8.5241757,49.4754355,2,Counter({0: 2}),0.006909756727100248
3671,1756574770,3673,8.5231748,49.4762168,1,Counter({0: 1}),0.0003084267818281514
3672,1756574814,3674,8.5206684,49.4783977,3,"Counter({1: 2, 0: 1})",0.0014100402176324184
3673,1756725641,3675,8.5285594,49.4742604,2,Counter({0: 2}),0.0003084848550312823
3674,1756725647,3676,8.5295058,49.4746768,3,Counter({0: 3}),0.0029276536360887274
3675,1756725648,3677,8.5285122,49.4740772,2,Counter({0: 2}),0.0003302573923189469
3676,1756725650,3678,8.529265,49.4747007,2,Counter({0: 2}),0.0005949068067592456
3677,1756943264,3679,8.5234003,49.476314,2,Counter({0: 2}),0.00038020130345634614
3678,1756947753,3680,8.5223683,49.4776085,3,Counter({0: 3}),0.003349672243203124
3679,1756960874,3681,8.4702665,49.4933315,4,"Counter({1: 2, 0: 2})",0.018572281777510993
3680,1756960878,3682,8.4700612,49.4932167,3,"Counter({1: 2, 0: 1})",0.00049592686388311
3681,1756960879,3683,8.4704439,49.4935277,4,Counter({0: 4}),0.03969623038671339
3682,1757008569,3684,8.5178046,49.4619456,4,Counter({0: 4}),0.022330345499011164
3683,1757008675,3685,8.5219678,49.4678986,4,"Counter({0: 2, 1: 2})",0.003080609206484268
3684,1757008700,3686,8.5222515,49.469415,2,Counter({0: 2}),0.0018491088608906363
3685,1757008813,3687,8.5244757,49.4759245,3,Counter({0: 3}),0.03016145754476117
3686,1757008943,3688,8.5207276,49.4782498,4,"Counter({0: 2, 1: 2})",0.0009628769885367777
3687,1757008944,3689,8.5204785,49.4782665,3,Counter({0: 3}),0.001331834993667394
3688,1757059696,3690,8.526769,49.5107587,2,Counter({0: 2}),0.0021568968374843477
3689,1757085027,3691,8.4883978,49.4763003,4,"Counter({1: 2, 0: 2})",0.00408540230849613
3690,1757085039,3692,8.4909901,49.4769722,4,Counter({1: 4}),0.0010077064200975008
3691,1757085042,3693,8.4790532,49.4771674,2,Counter({0: 2}),0.0005244910424361272
3692,1757085056,3694,8.4775805,49.4783707,3,Counter({0: 3}),0.0014334232672122795
3693,1757085063,3695,8.4769736,49.4788667,2,Counter({0: 2}),0.0006019864982758858
3694,1757085064,3696,8.4767602,49.4790401,2,Counter({0: 2}),0.00046433824862792403
3695,1757085071,3697,8.4756526,49.4799358,4,"Counter({1: 2, 0: 2})",0.0054492176894311625
3696,1757085075,3698,8.4749562,49.4805427,4,Counter({0: 4}),0.04353786931932621
3697,1757085077,3699,8.4741667,49.4811696,3,Counter({0: 3}),0.006453094178365363
3698,1757085079,3700,8.4740791,49.481242,3,Counter({0: 3}),0.006293614710217117
3699,1757102489,3701,8.5128272,49.5176413,2,Counter({0: 2}),0.00482510385078941
3700,1757437969,3702,8.4700064,49.4934575,4,"Counter({1: 2, 2: 1, 0: 1})",0.017508756182186745
3701,1757437979,3703,8.469964,49.4930805,3,Counter({0: 3}),0.0008212360560128035
3702,1757441657,3704,8.4701894,49.4932729,4,"Counter({1: 2, 2: 1, 0: 1})",0.0007885088539383938
3703,1757441662,3705,8.4702207,49.4932404,4,Counter({0: 4}),0.001050605192241077
3704,1757455628,3706,8.4695005,49.4721827,3,Counter({0: 3}),0.0008343351642719586
3705,1757455645,3707,8.4685961,49.474897,3,Counter({0: 3}),0.0014612930940472544
3706,1757468379,3708,8.4729909,49.4924585,4,Counter({0: 4}),0.013073289724189474
3707,1757468380,3709,8.4730967,49.4924898,3,Counter({0: 3}),0.002468740655611159
3708,1757469961,3710,8.4726701,49.4926064,3,Counter({0: 3}),0.011458471659273384
3709,1757469962,3711,8.4731514,49.4924556,4,Counter({0: 4}),0.0008262600652106371
3710,1757469965,3712,8.4730313,49.4924393,3,Counter({0: 3}),0.0020668984302105882
3711,1757469968,3713,8.4730116,49.4925446,4,Counter({0: 4}),0.005316024809387328
3712,1757529945,3714,8.4803253,49.48971,3,"Counter({1: 2, 0: 1})",0.00070106835368391
3713,1758134162,3715,8.4876473,49.4762708,3,"Counter({1: 2, 0: 1})",0.00045243285803972386
3714,1758976308,3716,8.5018424,49.4896713,3,Counter({0: 3}),0.001510485340179291
3715,1759448313,3717,8.5308265,49.4839229,2,Counter({0: 2}),0.0012331844684844277
3716,1759448571,3718,8.5295033,49.4851006,1,Counter({0: 1}),0.0003084267818281514
3717,1759448640,3719,8.5286125,49.4856442,1,Counter({0: 1}),0.0003084267818281514
3718,1759487248,3720,8.5300204,49.4812642,1,Counter({0: 1}),0.0003084267818281514
3719,1761373196,3721,8.4602587,49.4972631,3,"Counter({1: 2, 0: 1})",0.003870417326776578
3720,1761534932,3722,8.4684505,49.4941172,1,Counter({0: 1}),0.0003084267818281514
3721,1761544137,3723,8.4603354,49.4930251,4,"Counter({0: 2, 1: 2})",0.0070336699785445815
3722,1762553062,3724,8.527737,49.5029144,2,Counter({0: 2}),2.9036601565444494e-07
3723,1762586726,3725,8.5094632,49.500988,1,Counter({0: 1}),0.0003084267818281514
3724,1763597034,3726,8.4660148,49.4924565,1,Counter({0: 1}),0.0003084267818281514
3725,1763671908,3727,8.4819717,49.5252602,4,Counter({0: 4}),0.010170842573096075
3726,1763674454,3728,8.4859805,49.5221097,2,Counter({0: 2}),0.016426980769312698
3727,1763674854,3729,8.487444,49.5224652,3,"Counter({1: 2, 0: 1})",0.016164854550713367
3728,1763674856,3730,8.4882568,49.5227059,3,Counter({0: 3}),0.01573915725631809
3729,1763718515,3731,8.4845691,49.4942606,5,"Counter({0: 3, 1: 2})",0.004013474626551213
3730,1763718516,3732,8.4828982,49.493256,3,"Counter({1: 2, 0: 1})",0.0005053857930587735
3731,1763718522,3733,8.4830158,49.493288,4,"Counter({0: 2, 1: 2})",0.010568527364188876
3732,1763718526,3734,8.4830587,49.4933151,3,Counter({0: 3}),0.010945427673119458
3733,1764671364,3735,8.4720916,49.5220779,2,Counter({0: 2}),2.4971477346282265e-06
3734,1765409110,3736,8.4909691,49.5278702,2,Counter({0: 2}),0.0012331844684844277
3735,1765421576,3737,8.500071,49.5221809,2,Counter({0: 2}),0.029712858866907353
3736,1766510802,3738,8.4626668,49.4914174,3,Counter({0: 3}),0.00201195297440889
3737,1766510806,3739,8.4624967,49.4915757,2,Counter({0: 2}),0.0011518809818512942
3738,1767527741,3740,8.5480439,49.513761,2,Counter({0: 2}),4.123197422293118e-06
3739,1769789387,3741,8.4763359,49.4892607,3,"Counter({1: 2, 0: 1})",0.0010175606653687005
3740,1769873514,3742,8.4680211,49.4937813,4,"Counter({1: 2, 0: 2})",0.003420852618355906
3741,1770826534,3743,8.4946917,49.453874,3,"Counter({1: 2, 0: 1})",0.007007586954265861
3742,1771675113,3744,8.4698682,49.4981084,3,Counter({0: 3}),0.0010216817153963016
3743,1772602781,3745,8.5164185,49.488715,2,Counter({0: 2}),0.012449244245137724
3744,1772602795,3746,8.5176736,49.4888121,3,Counter({0: 3}),0.005795047319139992
3745,1772602931,3747,8.5203082,49.4913318,4,"Counter({0: 2, 1: 2})",0.007413899935933034
3746,1772893927,3748,8.4652867,49.4918364,3,Counter({0: 3}),0.0013076441264282777
3747,1772909314,3749,8.4660437,49.4936888,3,"Counter({1: 2, 0: 1})",0.0005233864589071015
3748,1772909343,3750,8.4658374,49.4938721,3,"Counter({1: 2, 0: 1})",0.00046173205647234223
3749,1773396237,3751,8.4562576,49.4880162,3,"Counter({1: 2, 0: 1})",0.0038289386296197795
3750,1776093899,3752,8.4844973,49.505548,2,Counter({0: 2}),0.0009250480526719307
3751,1776093905,3753,8.483714,49.5058448,2,Counter({0: 2}),0.000616795490453172
3752,1780109105,3754,8.4744129,49.5338904,2,Counter({0: 2}),0.000616795490453172
3753,1780440520,3755,8.4741379,49.5341523,1,Counter({0: 1}),0.0003084267818281514
3754,1781809492,3756,8.5492369,49.515115,1,Counter({0: 1}),6.388052344397788e-07
3755,1787850902,3757,8.4815284,49.5287598,3,"Counter({1: 2, 0: 1})",0.0009250480526719305
3756,1787850914,3758,8.4816587,49.5288881,3,"Counter({1: 2, 0: 1})",0.0007967830735622002
3757,1787857309,3759,8.4817281,49.5287835,3,"Counter({1: 2, 0: 1})",0.001413672998595419
3758,1787903742,3760,8.4703278,49.5027718,2,Counter({0: 2}),0.0070720315280676516
3759,1787907433,3761,8.4707863,49.5020279,2,Counter({0: 2}),0.0028546754415141986
3760,1787907434,3762,8.4710602,49.5020115,2,Counter({0: 2}),0.004207088986096972
3761,1787908234,3763,8.4711944,49.5001735,3,Counter({0: 3}),0.0009595987041546985
3762,1787908235,3764,8.4711776,49.5001052,4,"Counter({0: 2, 1: 2})",0.0011984741633073945
3763,1787908660,3765,8.4712612,49.5000193,3,Counter({0: 3}),0.0017652365500957729
3764,1787986138,3766,8.4576543,49.4881137,2,Counter({0: 2}),0.0006559784344406698
3765,1791363231,3767,8.5014326,49.5052818,2,Counter({0: 2}),0.014070033727754915
3766,1791370585,3768,8.5551808,49.4719338,1,Counter({0: 1}),0.0003084267818281514
3767,1791452281,3769,8.4796725,49.48804,3,Counter({0: 3}),0.054162546348900546
3768,1791483179,3770,8.5063349,49.4641907,1,Counter({0: 1}),3.484392187853339e-07
3769,1791483217,3771,8.5100992,49.4627778,1,Counter({0: 1}),0.0003084267818281514
3770,1791483226,3772,8.508743,49.4632556,2,Counter({0: 2}),6.388052344397788e-07
3771,1791483277,3773,8.5073382,49.4638024,2,Counter({0: 2}),8.130248438324458e-07
3772,1796921797,3774,8.4733471,49.5037242,1,Counter({0: 1}),0.0003084267818281514
3773,1796921799,3775,8.4733845,49.5043064,1,Counter({0: 1}),1.7421960939266694e-07
3774,1803270471,3776,8.5179118,49.5124189,2,Counter({0: 2}),0.0003088429731172562
3775,1803270491,3777,8.5179011,49.5123042,2,Counter({0: 2}),0.00041081951781515066
3776,1806886360,3778,8.4735471,49.4799608,3,Counter({0: 3}),0.0028119755763395837
3777,1806886368,3779,8.4823718,49.4741119,4,"Counter({0: 2, 1: 2})",0.0022517313976246605
3778,1806886370,3780,8.4816842,49.4741987,3,Counter({0: 3}),0.0031735178805363307
3779,1806886375,3781,8.4875886,49.4753106,4,Counter({0: 4}),0.0013233888792779772
3780,1806886384,3782,8.4827087,49.4737929,3,Counter({0: 3}),0.0010741119424748698
3781,1806886393,3783,8.4736501,49.4800125,2,Counter({0: 2}),0.0028277904556856938
3782,1806886406,3784,8.4817754,49.4742521,3,Counter({0: 3}),0.003135847018737547
3783,1806886452,3785,8.4818552,49.4743921,3,Counter({0: 3}),0.011392889635178621
3784,1806886460,3786,8.4817739,49.4746192,4,Counter({0: 4}),0.03154608924536251
3785,1806966155,3787,8.4822003,49.4560847,2,Counter({0: 2}),0.00030877522104693673
3786,1807018176,3788,8.4972539,49.4534253,2,Counter({0: 2}),3.774758203507784e-06
3787,1807024604,3789,8.5037024,49.4556826,1,Counter({0: 1}),6.968784375706678e-07
3788,1807025187,3790,8.5042876,49.4557952,2,Counter({0: 2}),0.000616795490453172
3789,1808547543,3791,8.4811183,49.4892394,2,Counter({0: 2}),0.0015412047378906629
3790,1808551008,3792,8.4808389,49.4895237,3,"Counter({1: 2, 0: 1})",0.019990569561617096
3791,1809855004,3793,8.5144809,49.4608316,3,Counter({0: 3}),5.226588281780008e-07
3792,1809855059,3794,8.5181927,49.4623794,3,"Counter({1: 2, 0: 1})",0.003694094524358979
3793,1809855366,3795,8.5221161,49.4649898,1,Counter({0: 1}),5.8073203130888986e-08
3794,1809883225,3796,8.5164698,49.4633376,1,Counter({0: 1}),1.1614640626177797e-07
3795,1810054503,3797,8.5117652,49.4717638,1,Counter({0: 1}),5.8073203130888986e-08
3796,1810054505,3798,8.5115551,49.4717708,1,Counter({0: 1}),5.8073203130888986e-08
3797,1812126907,3799,8.5094314,49.5136449,3,"Counter({1: 2, 0: 1})",0.0026709569743813832
3798,1815572416,3800,8.5502112,49.4652231,2,Counter({0: 2}),0.0033382718590594667
3799,1815572918,3801,8.5501297,49.4652392,2,Counter({0: 2}),0.0036435046147154163
3800,1818832802,3802,8.525341,49.4734651,3,Counter({0: 3}),0.03558844649035111
3801,1822522189,3803,8.4943928,49.4756692,1,Counter({0: 1}),0.0003084267818281514
3802,1822522190,3804,8.4925583,49.4763702,3,Counter({0: 3}),0.002157187203500002
3803,1822522191,3805,8.4924185,49.4764248,2,Counter({0: 2}),0.0024645686676717975
3804,1824766761,3806,8.4760686,49.4893084,3,"Counter({1: 2, 0: 1})",0.001032105463087532
3805,1824776079,3807,8.4786433,49.4875426,3,"Counter({1: 2, 0: 1})",0.0005005158934585174
3806,1825167406,3808,8.4878733,49.4976594,3,Counter({0: 3}),0.0007475875138804844
3807,1825168113,3809,8.4867896,49.496482,2,Counter({0: 2}),0.0008989796714081596
3808,1825169023,3810,8.4870254,49.4965865,3,Counter({0: 3}),0.0713688862648932
3809,1825169026,3811,8.4872425,49.4964543,4,Counter({0: 4}),0.07330896805488903
3810,1825169029,3812,8.4872809,49.4963841,3,Counter({0: 3}),0.021844564811310307
3811,1825169032,3813,8.486924,49.496631,2,Counter({0: 2}),0.0005741140379703814
3812,1825219711,3814,8.4873962,49.4959936,2,Counter({0: 2}),0.0005558422954277332
3813,1825219712,3815,8.4870479,49.4963843,3,"Counter({1: 2, 0: 1})",0.05923908384336511
3814,1825219715,3816,8.4864023,49.4966179,2,Counter({0: 2}),0.0006837178525865381
3815,1825219719,3817,8.4871748,49.4963802,3,"Counter({1: 2, 0: 1})",0.059022463782259796
3816,1825221206,3818,8.4862687,49.4959146,2,Counter({0: 2}),0.008760982808128738
3817,1825221207,3819,8.4867927,49.4963328,2,Counter({0: 2}),0.05928074464306759
3818,1825247885,3820,8.4879285,49.4955436,3,Counter({0: 3}),0.021885021248101915
3819,1825252104,3821,8.4878021,49.49483,2,Counter({0: 2}),0.0007990164582822598
3820,1825252106,3822,8.4880542,49.4949648,4,Counter({0: 4}),0.022619983984690603
3821,1825255387,3823,8.4880707,49.4951008,2,Counter({0: 2}),0.022467594256897896
3822,1825258848,3824,8.4883005,49.4950948,4,Counter({0: 4}),0.0026720398819932226
3823,1825259754,3825,8.4883612,49.495036,2,Counter({0: 2}),0.0017602325196351698
3824,1825259756,3826,8.4883897,49.4949818,2,Counter({0: 2}),0.0014933329174792198
3825,1825260207,3827,8.4881866,49.4952281,1,Counter({0: 1}),0.0003084267818281514
3826,1825260208,3828,8.4882358,49.495163,1,Counter({0: 1}),0.0003084267818281514
3827,1825262403,3829,8.486226,49.4952406,2,Counter({0: 2}),0.0009250480526719307
3828,1825262405,3830,8.4861457,49.4952722,2,Counter({0: 2}),0.000616795490453172
3829,1825262506,3831,8.4871644,49.4945727,3,Counter({0: 3}),0.0026927703235145716
3830,1825262507,3832,8.4871289,49.4946195,3,Counter({0: 3}),0.0019542400659577847
3831,1825713718,3833,8.4903113,49.4934864,2,Counter({0: 2}),0.0009169963741065875
3832,1825724913,3834,8.4900372,49.4934258,3,Counter({0: 3}),0.0006145432905446845
3833,1825724919,3835,8.4881996,49.4945455,2,Counter({0: 2}),0.0005283310395826045
3834,1825727266,3836,8.4901216,49.4933387,3,Counter({0: 3}),0.0006263879789629652
3835,1825739823,3837,8.4906988,49.4913692,3,Counter({0: 3}),0.005663893908908578
3836,1825739824,3838,8.4904901,49.4916879,3,Counter({0: 3}),0.0007381517712051339
3837,1825739825,3839,8.4906124,49.4913797,3,Counter({0: 3}),0.0008545362369757468
3838,1825783179,3840,8.4847506,49.4943552,3,Counter({0: 3}),0.0018658686696687492
3839,1825783184,3841,8.4852331,49.4947845,3,Counter({0: 3}),0.0012878785994064723
3840,1825783186,3842,8.4852364,49.4939983,4,Counter({0: 4}),0.021577528414213922
3841,1831969008,3843,8.547894,49.4653691,2,Counter({0: 2}),0.004864667930151778
3842,1831969010,3844,8.5477878,49.4653207,2,Counter({0: 2}),0.0051700168322140055
3843,1831969015,3845,8.5476908,49.4652781,3,Counter({0: 3}),0.0054968678811512265
3844,1833150615,3846,8.4908118,49.500501,2,Counter({0: 2}),0.00031011643550019784
3845,1833443879,3847,8.4883487,49.5031756,1,Counter({0: 1}),0.0003084267818281514
3846,1833443908,3848,8.4895745,49.5039059,2,Counter({0: 2}),0.0007100790379489227
3847,1833443920,3849,8.489242,49.5041681,3,Counter({0: 3}),0.0022624264810774623
3848,1833443980,3850,8.4918825,49.5059012,2,Counter({0: 2}),0.0042539595293703105
3849,1834049574,3851,8.5020401,49.5033674,3,Counter({0: 3}),0.006453791210341954
3850,1834049575,3852,8.5021491,49.5033946,2,Counter({0: 2}),0.0035328833124676313
3851,1834583316,3853,8.5018099,49.502429,2,Counter({0: 2}),0.0030132442908522503
3852,1834586200,3854,8.5066197,49.4894249,2,Counter({0: 2}),5.226588281780008e-07
3853,1835782111,3855,8.5520822,49.5083861,1,Counter({0: 1}),5.8073203130888986e-08
3854,1836601518,3856,8.4952663,49.4792317,3,Counter({0: 3}),0.006887262675749106
3855,1836601520,3857,8.4954614,49.4792751,3,Counter({0: 3}),0.004397024187846737
3856,1838798045,3858,8.4762846,49.4863498,2,Counter({1: 2}),0.0003084267818281514
3857,1838798047,3859,8.4759528,49.4861895,3,"Counter({1: 2, 0: 1})",0.0020526515724634997
3858,1838820539,3860,8.471765,49.5002419,3,"Counter({1: 2, 0: 1})",0.0015678852698053948
3859,1838987648,3861,8.4722484,49.4843354,2,Counter({0: 2}),0.0008109267169388236
3860,1839176470,3862,8.4786885,49.5145895,2,Counter({0: 2}),0.016798240619814758
3861,1839176477,3863,8.4788147,49.514468,2,Counter({0: 2}),0.0065274698017853666
3862,1839178937,3864,8.4787338,49.5145587,2,Counter({0: 2}),0.016696784782808494
3863,1839178939,3865,8.4788388,49.5145266,3,Counter({0: 3}),0.016722987171422055
3864,1839182475,3866,8.4791192,49.5144662,2,Counter({0: 2}),0.010207041181955088
3865,1839182477,3867,8.4792286,49.5143605,2,Counter({0: 2}),0.010185936958718677
3866,1840650122,3868,8.4876213,49.5306343,1,Counter({0: 1}),0.0003084267818281514
3867,1840654135,3869,8.4904702,49.5306899,2,Counter({0: 2}),0.0012331844684844277
3868,1840658760,3870,8.4817977,49.5318544,3,Counter({0: 3}),0.00046895079414911684
3869,1840663356,3871,8.4792921,49.5319648,2,Counter({0: 2}),0.0015412047378906629
3870,1840696551,3872,8.488589,49.5283466,2,Counter({0: 2}),0.006438052047055605
3871,1840908315,3873,8.488427,49.527815,2,Counter({0: 2}),0.000616795490453172
3872,1840968102,3874,8.4939447,49.5236072,3,Counter({0: 3}),0.014269040015944536
3873,1841099720,3875,8.5503437,49.5185239,2,Counter({0: 2}),1.7421960939266694e-07
3874,1842035786,3876,8.5197962,49.5165208,1,Counter({0: 1}),0.0003084267818281514
3875,1843181599,3877,8.4840295,49.4806156,4,Counter({0: 4}),0.01406272991743484
3876,1843181600,3878,8.4842377,49.480839,3,Counter({0: 3}),0.01327128624459571
3877,1843191476,3879,8.4852517,49.4766667,2,Counter({0: 2}),0.0015502045891878941
3878,1843217237,3880,8.52121,49.4825569,1,Counter({0: 1}),5.8073203130888986e-08
3879,1843992838,3881,8.5103845,49.4652263,3,Counter({0: 3}),0.0016350925329008143
3880,1843992895,3882,8.5089901,49.4661613,3,Counter({0: 3}),0.0008091202612584428
3881,1850257590,3883,8.4816629,49.5261706,2,Counter({0: 2}),0.0025445237076008233
3882,1850360251,3884,8.4820624,49.5270093,2,Counter({0: 2}),0.017097701020854002
3883,1850370408,3885,8.4817117,49.5258092,2,Counter({0: 2}),0.003136922871016365
3884,1850464566,3886,8.4784671,49.5085066,4,Counter({0: 4}),0.00890664844871569
3885,1850464576,3887,8.4797662,49.5087846,4,Counter({0: 4}),0.01042735334590115
3886,1850464596,3888,8.4810711,49.5091168,2,Counter({0: 2}),0.010727804741165992
3887,1850464597,3889,8.4822841,49.5094666,3,Counter({0: 3}),0.011641846953957898
3888,1850471865,3890,8.4761776,49.50826,4,Counter({0: 4}),0.0038971958734422716
3889,1850471870,3891,8.4751653,49.507774,1,Counter({0: 1}),0.0003084267818281514
3890,1850514635,3892,8.4704559,49.5081728,1,Counter({0: 1}),0.0003084267818281514
3891,1850553767,3893,8.4749591,49.4966202,3,"Counter({1: 2, 0: 1})",0.003488168396645332
3892,1850553769,3894,8.472135,49.4974266,4,"Counter({1: 2, 0: 2})",0.0037415910862798477
3893,1850734613,3895,8.493783,49.4866764,3,"Counter({1: 2, 0: 1})",0.004252552683534927
3894,1850734615,3896,8.4940918,49.4865362,3,"Counter({1: 2, 0: 1})",0.0037385343348036353
3895,1850734616,3897,8.4933393,49.4868064,3,Counter({0: 3}),0.005963712460908821
3896,1851307764,3898,8.4938936,49.4864707,2,Counter({1: 2}),0.0003084267818281514
3897,1851307842,3899,8.4934276,49.4869371,3,Counter({0: 3}),0.17366435601134791
3898,1854703985,3900,8.5119547,49.5073729,1,Counter({0: 1}),0.0003084267818281514
3899,1854703988,3901,8.5119173,49.507458,3,Counter({0: 3}),0.01861965578755707
3900,1858228452,3902,8.5060517,49.4776874,2,Counter({0: 2}),0.000616795490453172
3901,1858228453,3903,8.5057839,49.4775226,3,Counter({0: 3}),0.0042948588537314635
3902,1858228454,3904,8.505921,49.477624,3,Counter({0: 3}),0.001232168187429637
3903,1859278460,3905,8.5444575,49.4787493,2,Counter({0: 2}),0.000616795490453172
3904,1859282595,3906,8.5431637,49.4749184,3,Counter({0: 3}),0.04069661109674641
3905,1859500177,3907,8.5058907,49.4777317,2,Counter({0: 2}),0.00040391481745491567
3906,1859531686,3908,8.5048471,49.4777444,3,Counter({0: 3}),0.0026631572987263464
3907,1859532578,3909,8.5043031,49.4777734,2,Counter({0: 2}),0.002280373299326986
3908,1859536672,3910,8.5073694,49.4776597,3,Counter({0: 3}),0.0007442604419095705
3909,1861214976,3911,8.5038899,49.4767315,2,Counter({0: 2}),0.0015412047378906626
3910,1861259065,3912,8.4912781,49.4705828,3,Counter({0: 3}),0.00042408159498027716
3911,1861259072,3913,8.4913788,49.4706965,3,"Counter({1: 2, 0: 1})",0.002079789908518898
3912,1861259074,3914,8.4913439,49.4706571,4,"Counter({1: 2, 0: 2})",0.0014326087086428995
3913,1861260520,3915,8.4909676,49.4706636,2,Counter({0: 2}),0.0029597675515142803
3914,1861263122,3916,8.4917847,49.4704079,2,Counter({0: 2}),0.0011598842417781083
3915,1861263542,3917,8.4912783,49.4705098,2,Counter({0: 2}),0.0010563556778009897
3916,1861293899,3918,8.4905084,49.4703866,2,Counter({0: 2}),0.02918852515643767
3917,1861295901,3919,8.4905743,49.4712884,2,Counter({0: 2}),0.0020877921351111018
3918,1861315727,3920,8.4897701,49.4728915,2,Counter({0: 2}),0.00323194199280337
3919,1861365302,3921,8.489206,49.4745616,4,Counter({0: 4}),0.005481623253003164
3920,1861367018,3922,8.4896564,49.4731741,2,Counter({0: 2}),0.003560591019071946
3921,1861367276,3923,8.488835,49.4754396,2,Counter({0: 2}),0.005597456475180227
3922,1861373002,3924,8.4891143,49.4765832,3,Counter({0: 3}),0.0118517584195212
3923,1861381323,3925,8.4883724,49.476261,4,Counter({0: 4}),0.0037028947142846284
3924,1861381326,3926,8.4881912,49.4762517,4,"Counter({1: 2, 0: 2})",0.010726378242838857
3925,1861381330,3927,8.4885146,49.4762411,4,Counter({0: 4}),0.003830093697918649
3926,1861385068,3928,8.4881292,49.4762482,3,"Counter({1: 2, 2: 1})",0.0003608146281519016
3927,1861410101,3929,8.4861745,49.4737878,3,Counter({0: 3}),0.008653013246257921
3928,1861410104,3930,8.4861024,49.4738158,3,Counter({0: 3}),0.01339916673863307
3929,1861417521,3931,8.4832793,49.4740444,3,"Counter({1: 2, 0: 1})",0.00035812473625304364
3930,1861494292,3932,8.4834794,49.4736357,3,Counter({0: 3}),0.0005849314514283735
3931,1861494294,3933,8.4836254,49.4738178,4,Counter({0: 4}),0.012851424461773864
3932,1861494295,3934,8.4837141,49.4738789,3,Counter({0: 3}),0.009344601996155744
3933,1861497874,3935,8.4821636,49.4741925,4,Counter({0: 4}),0.020046278036084043
3934,1862656696,3936,8.5302084,49.5184905,2,Counter({0: 2}),0.01570021435593516
3935,1863431636,3937,8.5245263,49.484493,2,Counter({0: 2}),0.03493161197616674
3936,1863465123,3938,8.5308377,49.4840461,2,Counter({0: 2}),0.0015412047378906629
3937,1864283607,3939,8.5332953,49.5252076,1,Counter({0: 1}),0.0003084267818281514
3938,1867737001,3940,8.5276624,49.5215279,2,Counter({0: 2}),0.0008777764653233871
3939,1872390516,3941,8.5222496,49.5153991,2,Counter({0: 2}),0.007065708551732132
3940,1874844376,3942,8.505343,49.4560587,2,Counter({0: 2}),0.0003086010014375441
3941,1874844379,3943,8.5054869,49.4561386,2,Counter({0: 2}),0.000462436916531269
3942,1875058071,3944,8.5266862,49.5054807,2,Counter({0: 2}),2.9036601565444494e-07
3943,1875069250,3945,8.5268387,49.5055599,2,Counter({0: 2}),2.9036601565444494e-07
3944,1881210067,3946,8.5220427,49.5154566,2,Counter({0: 2}),0.007371522039419393
3945,1882043023,3947,8.5311927,49.5200599,1,Counter({0: 1}),5.8073203130888986e-08
3946,1882657370,3948,8.5309474,49.4544213,2,Counter({0: 2}),0.0031108576923910324
3947,1882744111,3949,8.5324518,49.5085846,2,Counter({0: 2}),0.0012331844684844277
3948,1884561254,3950,8.4952074,49.4760529,2,Counter({0: 2}),0.0004565832312522809
3949,1885382051,3951,8.4728111,49.497157,2,Counter({0: 2}),0.001980265416659592
3950,1885391810,3952,8.4751141,49.495982,4,Counter({0: 4}),0.002780325062738763
3951,1885648040,3953,8.4720307,49.5001221,3,Counter({0: 3}),0.007368272306160772
3952,1885648043,3954,8.4715649,49.5000521,3,Counter({0: 3}),0.00822848966989478
3953,1885648056,3955,8.4724987,49.500066,4,Counter({0: 4}),0.0555119207234465
3954,1885649792,3956,8.4714256,49.5002847,3,Counter({0: 3}),0.00455242392453368
3955,1885649793,3957,8.4715284,49.5002741,4,"Counter({0: 2, 1: 2})",0.002514435948081624
3956,1885649794,3958,8.4715023,49.5003259,1,Counter({0: 1}),0.0003084267818281514
3957,1885652238,3959,8.4720553,49.5002175,3,Counter({0: 3}),0.0016010679322289306
3958,1885653017,3960,8.4816114,49.4989833,2,Counter({0: 2}),0.000616795490453172
3959,1885653018,3961,8.4756764,49.4996951,4,Counter({0: 4}),0.05635610479551948
3960,1885653019,3962,8.4841329,49.4986875,3,Counter({0: 3}),0.005568248959932669
3961,1885653021,3963,8.4803932,49.4991286,2,Counter({0: 2}),0.004390366947467421
3962,1885653026,3964,8.4739543,49.4999183,3,Counter({0: 3}),0.05510908738989738
3963,1885663868,3965,8.4873931,49.4983652,2,Counter({0: 2}),0.00036914298956490147
3964,1885689205,3966,8.4714003,49.5000992,4,"Counter({1: 2, 2: 1, 0: 1})",0.0005751976083078113
3965,1885689211,3967,8.4711636,49.5000479,4,"Counter({1: 2, 0: 2})",0.001297295563753426
3966,1885689213,3968,8.4710699,49.500056,3,"Counter({1: 2, 0: 1})",0.000501104330746448
3967,1885691184,3969,8.4709996,49.5000204,4,Counter({0: 4}),0.0013876509784717546
3968,1885932249,3970,8.4735266,49.495198,3,Counter({0: 3}),0.00843915776285815
3969,1885932251,3971,8.4732684,49.4952018,3,Counter({0: 3}),0.002452461409867876
3970,1885970525,3972,8.4730395,49.4950384,3,Counter({0: 3}),0.01777959279342293
3971,1885973741,3973,8.4740831,49.4959343,4,"Counter({1: 2, 0: 2})",0.000991935311898323
3972,1886077730,3974,8.4663699,49.5079325,1,Counter({0: 1}),5.8073203130888986e-08
3973,1886543069,3975,8.5110437,49.4573755,1,Counter({0: 1}),5.8073203130888986e-08
3974,1887319782,3976,8.4937755,49.5331171,2,Counter({0: 2}),0.00046240787992970356
3975,1887370162,3977,8.4925862,49.5330085,3,"Counter({1: 2, 0: 1})",0.0018481409741717882
3976,1887384880,3978,8.4925125,49.5329239,3,Counter({0: 3}),0.003387197003546608
3977,1887394944,3979,8.4712919,49.4920016,2,Counter({0: 2}),0.02211066934664035
3978,1888654929,3980,8.4726698,49.4923141,3,"Counter({1: 2, 0: 1})",0.000616795490453172
3979,1890744357,3981,8.5218796,49.5153558,2,Counter({0: 2}),0.007982800575575131
3980,1892895449,3982,8.4837682,49.4692074,3,"Counter({1: 2, 0: 1})",0.0006390834153355377
3981,1893097510,3983,8.4897249,49.4939582,2,Counter({0: 2}),0.0009254225540096981
3982,1893106403,3984,8.4904937,49.4963011,1,Counter({0: 1}),0.0003084267818281514
3983,1893115150,3985,8.4925018,49.4968186,2,Counter({0: 2}),0.0009250480526719307
3984,1893124876,3986,8.4934651,49.4960299,2,Counter({0: 2}),0.000616795490453172
3985,1893265239,3987,8.49001,49.4960392,1,Counter({0: 1}),5.8073203130888986e-08
3986,1893785669,3988,8.5029575,49.5034456,2,Counter({0: 2}),0.006509032653472557
3987,1893823600,3989,8.5057898,49.5044414,2,Counter({0: 2}),0.0018491088608906363
3988,1893861625,3990,8.50526,49.5100082,2,Counter({0: 2}),2.2648549221046703e-06
3989,1893862357,3991,8.5036401,49.5096572,2,Counter({0: 2}),2.0325621095811145e-06
3990,1899013264,3992,8.4780099,49.4829451,3,Counter({0: 3}),0.00242195504185205
3991,1899750336,3993,8.5077453,49.4660482,4,"Counter({0: 2, 1: 2})",0.0017542188570845165
3992,1899750338,3994,8.5070767,49.4663184,3,Counter({0: 3}),0.0007122790354544406
3993,1899750339,3995,8.5062158,49.4666427,3,Counter({0: 3}),0.000724816197876662
3994,1899750340,3996,8.5053107,49.4669827,2,Counter({0: 2}),0.0006259612102811503
3995,1899750342,3997,8.5042337,49.4673873,4,Counter({0: 4}),0.001719000936118639
3996,1899750344,3998,8.503258,49.4677545,3,Counter({0: 3}),0.0014838878690957879
3997,1899750351,3999,8.5036456,49.4674768,3,Counter({0: 3}),0.007945878388758395
3998,1899750352,4000,8.5046351,49.4671026,4,Counter({0: 4}),0.007963754107207366
3999,1899750353,4001,8.5055823,49.466749,4,Counter({0: 4}),0.014909039914459911
4000,1899750354,4002,8.5064753,49.4664125,2,Counter({0: 2}),0.013915880497432422
4001,1904318268,4003,8.4839529,49.4758885,2,Counter({0: 2}),0.014758901922341562
4002,1904793498,4004,8.5267296,49.5151554,3,"Counter({1: 2, 0: 1})",0.0035386325595775894
4003,1907387811,4005,8.4840547,49.4686232,4,Counter({1: 4}),0.017891753339792437
4004,1907387819,4006,8.4838761,49.4686591,4,Counter({1: 4}),0.022525956789874294
4005,1907437645,4007,8.491135,49.509756,2,Counter({0: 2}),0.0015412047378906629
4006,1907439003,4008,8.4904415,49.5076688,3,Counter({0: 3}),0.00155652173618871
4007,1907439004,4009,8.4911143,49.5080353,2,Counter({0: 2}),0.0005169371967197755
4008,1907439005,4010,8.4917748,49.5083948,2,Counter({0: 2}),0.0005017073082265436
4009,1908040380,4011,8.4752239,49.5163998,2,Counter({0: 2}),0.0018751269431025546
4010,1908048390,4012,8.492948,49.5048145,2,Counter({0: 2}),0.002167405629633268
4011,1908048535,4013,8.4924847,49.5051642,2,Counter({0: 2}),0.002626453209241907
4012,1908099989,4014,8.4739914,49.5179834,1,Counter({0: 1}),0.0003084267818281514
4013,1908105779,4015,8.4766893,49.5155338,2,Counter({0: 2}),0.017239990898896686
4014,1909864228,4016,8.4670315,49.5311658,1,Counter({0: 1}),7.549516407015568e-07
4015,1911101134,4017,8.5218114,49.4886721,2,Counter({0: 2}),0.005521743447132463
4016,1911126638,4018,8.4681664,49.5295146,1,Counter({0: 1}),7.549516407015568e-07
4017,1911126641,4019,8.468016,49.5294546,3,Counter({0: 3}),2.613294140890004e-06
4018,1912025948,4020,8.4658258,49.4855979,2,Counter({0: 2}),0.00037133784163484923
4019,1912025981,4021,8.4667857,49.4858549,3,Counter({0: 3}),0.0007032273803176695
4020,1912026008,4022,8.4659022,49.4861626,3,Counter({0: 3}),0.011274388459920038
4021,1917549516,4023,8.4642888,49.4856845,2,Counter({0: 2}),0.0015568407796165116
4022,1917605910,4024,8.4848104,49.4938043,4,"Counter({1: 2, 0: 2})",0.07148080204357067
4023,1918397909,4025,8.5161379,49.46309,2,Counter({0: 2}),0.018887179241323167
4024,1920711832,4026,8.460764,49.4897187,3,Counter({0: 3}),0.002339827112812878
4025,1920711836,4027,8.4607378,49.4898704,2,Counter({0: 2}),0.000616795490453172
4026,1920843207,4028,8.4642472,49.4869051,1,Counter({0: 1}),0.0003084267818281514
4027,1922324024,4029,8.4782416,49.4831829,3,Counter({0: 3}),0.0008419789879133359
4028,1927740980,4030,8.4725336,49.4805596,3,Counter({0: 3}),0.001364374811712373
4029,1928067799,4031,8.4571254,49.4942565,2,Counter({0: 2}),0.000616795490453172
4030,1928081320,4032,8.4604213,49.4966018,2,Counter({0: 2}),0.0006276725889161176
4031,1928517485,4033,8.4579692,49.4981482,3,Counter({0: 3}),0.0027896505911565875
4032,1928727700,4034,8.4687833,49.4944645,2,Counter({0: 2}),0.01564434612863
4033,1932530345,4035,8.5271552,49.5138522,2,Counter({0: 2}),0.00046330801457823234
4034,1934002118,4036,8.5277203,49.5103339,4,Counter({0: 4}),0.03346606675520543
4035,1934160330,4037,8.4837958,49.4700092,3,Counter({0: 3}),0.03686319080275592
4036,1934160331,4038,8.4837237,49.4700941,2,Counter({0: 2}),0.0007205651929455488
4037,1937831627,4039,8.4788939,49.4908473,3,"Counter({1: 2, 0: 1})",0.0012140177257161384
4038,1937831629,4040,8.5128024,49.481268,2,Counter({0: 2}),0.11937187093800607
4039,1937831630,4041,8.4787555,49.4910938,3,"Counter({1: 2, 0: 1})",0.0008888029556688279
4040,1937837946,4042,8.4598897,49.4931296,3,"Counter({1: 2, 0: 1})",0.009421229524985334
4041,1940677190,4043,8.4898583,49.4877605,3,"Counter({1: 2, 0: 1})",0.0003453734869238863
4042,1942637893,4044,8.4989545,49.5203042,2,Counter({0: 2}),0.028909134275345055
4043,1942637914,4045,8.4987809,49.5203599,3,Counter({0: 3}),0.043734664838589954
4044,1942637915,4046,8.4943512,49.5215718,3,Counter({0: 3}),0.0028735226473389007
4045,1942638738,4047,8.5022747,49.5194838,4,Counter({0: 4}),0.006840420585674145
4046,1942638743,4048,8.5033872,49.5191702,3,Counter({0: 3}),0.0043415004866121775
4047,1942641335,4049,8.5011857,49.5198218,3,Counter({0: 3}),0.006453270992537755
4048,1942641336,4050,8.5000958,49.5201282,3,Counter({0: 3}),0.0069239732676772405
4049,1942641337,4051,8.4990434,49.5204056,3,Counter({0: 3}),0.019624282802863845
4050,1942643979,4052,8.5046455,49.5188309,3,Counter({0: 3}),0.0038417944258331365
4051,1942651066,4053,8.4906836,49.5222796,3,Counter({0: 3}),0.003286766076057731
4052,1942651070,4054,8.4893578,49.5226219,3,Counter({0: 3}),0.0028486177035754604
4053,1942651071,4055,8.4942712,49.521702,3,Counter({0: 3}),0.0020683439491187123
4054,1942651072,4056,8.494614,49.5216372,3,Counter({0: 3}),0.003514207051942755
4055,1942653489,4057,8.4972359,49.5179668,4,Counter({0: 4}),0.015756367212433474
4056,1942653873,4058,8.4973795,49.517927,3,Counter({0: 3}),0.02902904504769339
4057,1942654873,4059,8.4964411,49.5161618,4,Counter({0: 4}),0.03052212040997025
4058,1942654874,4060,8.4965926,49.5161516,3,Counter({0: 3}),0.02915114188690926
4059,1942654877,4061,8.4969145,49.5173467,2,Counter({0: 2}),0.015474289998971033
4060,1942689028,4062,8.4914823,49.5219766,3,Counter({0: 3}),0.012275707890446685
4061,1942689031,4063,8.4923519,49.5218553,4,Counter({0: 4}),0.006724023802838535
4062,1942697573,4064,8.4943358,49.5163487,2,Counter({0: 2}),0.000685767863919911
4063,1946017834,4065,8.454929,49.4918763,1,Counter({0: 1}),5.8073203130888986e-08
4064,1949766677,4066,8.5102997,49.5070068,1,Counter({0: 1}),0.0003084267818281514
4065,1956172696,4067,8.5420896,49.4983345,1,Counter({0: 1}),1.7421960939266694e-07
4066,1959017790,4068,8.4807805,49.4895076,4,Counter({1: 4}),0.021721311424234092
4067,1962329914,4069,8.4880392,49.4790594,3,"Counter({1: 2, 0: 1})",0.005343544659276457
4068,1962329916,4070,8.4880785,49.4788396,3,"Counter({1: 2, 0: 1})",0.0008167269455894188
4069,1962346750,4071,8.4879414,49.4780121,2,Counter({0: 2}),0.0009349975738940523
4070,1962435942,4072,8.5370444,49.4838825,3,"Counter({1: 2, 0: 1})",0.0010599230669434201
4071,1982590583,4073,8.4600014,49.4930083,4,"Counter({0: 2, 1: 2})",0.011811525117272424
4072,1982590585,4074,8.460187,49.4929454,4,"Counter({1: 2, 0: 2})",0.013669916637216561
4073,1985793259,4075,8.5050586,49.4559684,1,Counter({0: 1}),0.0003084267818281514
4074,1985793261,4076,8.5049279,49.4561091,2,Counter({0: 2}),0.0012331844684844277
4075,1985796938,4077,8.5013874,49.4549698,3,Counter({0: 3}),2.792353183876912e-06
4076,1985803461,4078,8.4976713,49.4535268,1,Counter({0: 1}),8.710980469633348e-07
4077,1986159986,4079,8.5417861,49.4852796,2,Counter({0: 2}),0.0033064036275777045
4078,1986173807,4080,8.5404595,49.4848569,2,Counter({0: 2}),0.005106614851431851
4079,1986480613,4081,8.5357248,49.5045285,3,Counter({0: 3}),0.005381876026952006
4080,1986762297,4082,8.538358,49.5012522,2,Counter({0: 2}),0.003079563888827912
4081,1990932253,4083,8.4860446,49.4846085,1,Counter({0: 1}),0.0003084267818281514
4082,1995749872,4084,8.4816348,49.4738386,4,Counter({0: 4}),0.03613523596050825
4083,1995778980,4085,8.4865397,49.4741451,3,Counter({0: 3}),0.014011610404390213
4084,1997249754,4086,8.5213497,49.5165004,1,Counter({0: 1}),0.0003084267818281514
4085,1997679808,4087,8.5105621,49.5071494,3,"Counter({1: 2, 0: 1})",0.0011067196168984168
4086,2001600368,4088,8.4870045,49.4984654,4,Counter({0: 4}),0.004631102231808924
4087,2001600370,4089,8.4877913,49.4983738,2,Counter({0: 2}),0.0007807275844430238
4088,2001600372,4090,8.4874092,49.49842,3,Counter({0: 3}),0.0006243830863265099
4089,2001603738,4091,8.486073,49.498577,3,Counter({0: 3}),0.004893835190186939
4090,2001607601,4092,8.4841657,49.4988037,3,"Counter({1: 2, 0: 1})",0.0015065079757936137
4091,2001617203,4093,8.4840907,49.4981176,2,Counter({0: 2}),0.008677203063613314
4092,2001617212,4094,8.4842381,49.4986735,3,Counter({0: 3}),0.01094415662425953
4093,2001617220,4095,8.4839576,49.4976474,3,"Counter({1: 2, 0: 1})",0.008774172562696185
4094,2001629643,4096,8.4840413,49.4987587,4,"Counter({1: 2, 0: 2})",0.0033783898670339107
4095,2001629646,4097,8.4840244,49.4987002,2,Counter({0: 2}),0.001952006811301942
4096,2001633293,4098,8.4866421,49.5005789,2,Counter({0: 2}),0.000616795490453172
4097,2001634949,4099,8.4837286,49.5009254,3,Counter({0: 3}),0.0024478224261063283
4098,2001650024,4100,8.4838737,49.4972983,2,Counter({1: 2}),0.0003084267818281514
4099,2001656452,4101,8.4795175,49.4979493,3,"Counter({1: 2, 0: 1})",0.004934833336273328
4100,2001675370,4102,8.4795302,49.4980315,2,Counter({0: 2}),0.004723463842886335
4101,2001678897,4103,8.478395,49.5015644,2,Counter({0: 2}),0.0033897705815634574
4102,2001697872,4104,8.4764652,49.501708,4,Counter({0: 4}),0.0023924796624196784
4103,2001708884,4105,8.4913886,49.4996231,3,Counter({0: 3}),0.004656715878151741
4104,2003713057,4106,8.4737413,49.4797984,2,Counter({0: 2}),0.0018583823405583697
4105,2003751502,4107,8.46996,49.4814915,1,Counter({0: 1}),0.0003084267818281514
4106,2004844603,4108,8.4631968,49.4844152,4,Counter({1: 4}),0.006689708660933173
4107,2005190169,4109,8.4601548,49.4931038,4,"Counter({0: 2, 1: 2})",0.003521627995704552
4108,2005355985,4110,8.4659399,49.4941072,3,Counter({0: 3}),0.005866149453721176
4109,2006280943,4111,8.4604694,49.4953129,3,Counter({0: 3}),0.0015439719844384569
4110,2006360799,4112,8.4648452,49.5069971,1,Counter({0: 1}),0.0003084267818281514
4111,2006649634,4113,8.4880778,49.5004346,1,Counter({0: 1}),0.0003084267818281514
4112,2006684161,4114,8.4880583,49.5021317,5,Counter({0: 5}),0.05903619088720549
4113,2007959387,4115,8.4863605,49.5263644,2,Counter({0: 2}),0.004326522377979876
4114,2007999666,4116,8.4811326,49.5228037,3,Counter({0: 3}),0.0017989951433269604
4115,2007999668,4117,8.4814524,49.5236924,3,Counter({0: 3}),0.0006131445413341801
4116,2010625379,4118,8.4723489,49.4842952,2,Counter({0: 2}),0.001037944021461922
4117,2010655360,4119,8.4730069,49.4826376,3,"Counter({1: 2, 0: 1})",0.0006615562169103445
4118,2010655361,4120,8.4733157,49.4826785,3,"Counter({1: 2, 0: 1})",0.0011799544990578152
4119,2010689776,4121,8.4777473,49.4765395,3,"Counter({1: 2, 0: 1})",0.0021821863635617792
4120,2010694872,4122,8.4779648,49.4769351,1,Counter({0: 1}),0.0003084267818281514
4121,2010766289,4123,8.4718126,49.4810039,3,"Counter({1: 2, 0: 1})",0.0024806712539634287
4122,2010766291,4124,8.4716851,49.481243,3,"Counter({1: 2, 0: 1})",0.0037852796206445227
4123,2010934955,4125,8.4938862,49.4794601,3,Counter({0: 3}),0.002492266302704135
4124,2011004223,4126,8.4915731,49.4767578,2,Counter({0: 2}),0.0027721243514529856
4125,2014268282,4127,8.4779657,49.4764876,2,Counter({0: 2}),0.0005372178617493205
4126,2014268297,4128,8.4791198,49.4771131,3,Counter({0: 3}),0.0006893038865110344
4127,2014268322,4129,8.4801538,49.4776538,4,Counter({0: 4}),0.0015063735677982274
4128,2014268327,4130,8.4800432,49.4777429,3,Counter({0: 3}),0.0036478966583336167
4129,2014274642,4131,8.4735603,49.4816621,1,Counter({0: 1}),0.0003084267818281514
4130,2014274654,4132,8.475108,49.4833783,1,Counter({0: 1}),0.0003084267818281514
4131,2014274655,4133,8.4749584,49.4834375,1,Counter({0: 1}),0.0003084267818281514
4132,2015823787,4134,8.4663126,49.4816674,2,Counter({0: 2}),0.0004271842015784337
4133,2026240546,4135,8.4679996,49.4807797,1,Counter({0: 1}),0.0003084267818281514
4134,2026240587,4136,8.4668998,49.4814258,2,Counter({0: 2}),0.0009483646406707357
4135,2029618105,4137,8.4786422,49.4761766,1,Counter({0: 1}),0.0003084267818281514
4136,2029643046,4138,8.4795386,49.4755686,3,Counter({0: 3}),0.03016671082395279
4137,2037273659,4139,8.49336,49.4577063,2,Counter({0: 2}),0.0012331844684844277
4138,2037344353,4140,8.4857391,49.466396,3,Counter({0: 3}),0.0007138636485738017
4139,2037411947,4141,8.4908805,49.4602628,2,Counter({0: 2}),0.0015356297103900974
4140,2039130597,4142,8.4979479,49.4609483,2,Counter({0: 2}),0.0027721243514529856
4141,2039130600,4143,8.4978096,49.4609964,2,Counter({0: 2}),0.003079563888827912
4142,2039159921,4144,8.4908075,49.4606227,2,Counter({0: 2}),0.0006222834081490409
4143,2054671648,4145,8.5487616,49.5150901,1,Counter({0: 1}),0.0003084267818281514
4144,2054845334,4146,8.548823,49.4960163,2,Counter({0: 2}),0.001849108860890636
4145,2058270722,4147,8.5366665,49.4520626,1,Counter({0: 1}),0.0003084267818281514
4146,2058510830,4148,8.4951955,49.4527488,2,Counter({0: 2}),0.000616795490453172
4147,2058510850,4149,8.4954619,49.4529166,1,Counter({0: 1}),0.0003084267818281514
4148,2060025645,4150,8.5498235,49.4963832,2,Counter({0: 2}),0.000616795490453172
4149,2065498998,4151,8.5106408,49.5176759,3,Counter({0: 3}),0.00445861953288481
4150,2068656771,4152,8.4592282,49.4852127,3,Counter({0: 3}),3.484392187853339e-07
4151,2069717330,4153,8.498161,49.502608,2,Counter({0: 2}),0.01709622834290554
4152,2072549509,4154,8.4766348,49.5027527,2,Counter({0: 2}),0.0007111179546403206
4153,2072565702,4155,8.4602932,49.4856271,2,Counter({0: 2}),0.014233663356650696
4154,2088934692,4156,8.4832382,49.5244275,1,Counter({0: 1}),0.0003084267818281514
4155,2096186959,4157,8.4894046,49.5246809,2,Counter({0: 2}),9.872444532251128e-07
4156,2096188199,4158,8.4900819,49.524424,2,Counter({0: 2}),7.549516407015568e-07
4157,2096188204,4159,8.4900203,49.5247156,1,Counter({0: 1}),4.065124219162229e-07
4158,2096189246,4160,8.4906587,49.524471,1,Counter({0: 1}),5.8073203130888986e-08
4159,2096189248,4161,8.4907103,49.5241838,1,Counter({0: 1}),5.8073203130888986e-08
4160,2105919998,4162,8.4852485,49.5075879,3,"Counter({1: 2, 0: 1})",0.06399294019299862
4161,2119671142,4163,8.4877854,49.5285363,2,Counter({0: 2}),0.003173074638831456
4162,2119707660,4164,8.4875896,49.5267233,4,"Counter({1: 2, 2: 2})",0.000770834661757855
4163,2120039582,4165,8.5122685,49.4893613,2,Counter({0: 2}),0.007568367093923599
4164,2120554689,4166,8.5091858,49.4855667,2,Counter({0: 2}),0.0009250480526719307
4165,2121049837,4167,8.503533,49.4928165,3,Counter({0: 3}),0.0021574194963125256
4166,2121049838,4168,8.5039291,49.4927903,2,Counter({0: 2}),0.0024645686676717975
4167,2121064158,4169,8.5027073,49.4935398,2,Counter({0: 2}),0.000616795490453172
4168,2121064944,4170,8.5027472,49.4922539,4,Counter({0: 4}),0.006070490672036821
4169,2121064945,4171,8.5028975,49.4921751,2,Counter({0: 2}),0.0004993721828400328
4170,2121115441,4172,8.5027054,49.4922755,1,Counter({0: 1}),0.0003084267818281514
4171,2121135484,4173,8.5002266,49.501462,2,Counter({0: 2}),0.0006291263672512971
4172,2121135527,4174,8.505607,49.4943236,2,Counter({0: 2}),0.0021568968374843477
4173,2121136249,4175,8.5050586,49.4959795,2,Counter({0: 2}),0.0018491088608906363
4174,2121165237,4176,8.5016923,49.4942177,2,Counter({0: 2}),0.0009250480526719307
4175,2121174189,4177,8.5008759,49.494856,2,Counter({0: 2}),0.000616795490453172
4176,2121174191,4178,8.5007511,49.494787,1,Counter({0: 1}),0.0003084267818281514
4177,2121186183,4179,8.4994048,49.4957616,1,Counter({0: 1}),0.0003084267818281514
4178,2121186187,4180,8.4996387,49.4958217,3,Counter({0: 3}),0.0006168535636563028
4179,2121196076,4181,8.4977699,49.4973003,3,Counter({0: 3}),0.0009249899794687998
4180,2121196102,4182,8.4974952,49.4971518,1,Counter({0: 1}),0.0003084267818281514
4181,2121196107,4183,8.497852,49.4973458,3,Counter({0: 3}),0.0018491669340937671
4182,2128228041,4184,8.4895111,49.5053508,2,Counter({0: 2}),0.0004109219576397581
4183,2128228055,4185,8.4933129,49.5068251,1,Counter({0: 1}),0.0003084267818281514
4184,2128228062,4186,8.493169,49.5070948,2,Counter({0: 2}),0.000616795490453172
4185,2128228064,4187,8.493002,49.5072199,3,Counter({0: 3}),0.01722548548029495
4186,2135163355,4188,8.4687191,49.4689932,3,Counter({0: 3}),0.003847109500956995
4187,2135163368,4189,8.4688113,49.4690408,2,Counter({0: 2}),0.0039462108019014674
4188,2140753940,4190,8.5118431,49.464119,3,Counter({0: 3}),0.0020261388454290595
4189,2140753941,4191,8.5117781,49.4641413,1,Counter({0: 1}),0.0003084267818281514
4190,2140753942,4192,8.5118129,49.4641835,1,Counter({0: 1}),0.0003084267818281514
4191,2141200784,4193,8.4945815,49.5215837,2,Counter({0: 2}),0.0022573803225279933
4192,2142260004,4194,8.4732209,49.4953475,4,"Counter({1: 2, 0: 2})",0.020729835186266934
4193,2142578382,4195,8.4753287,49.4784999,2,Counter({0: 2}),0.012934156082849733
4194,2145258641,4196,8.5019768,49.4898502,2,Counter({0: 2}),0.0005773238190831002
4195,2145258647,4197,8.473998,49.4965575,3,Counter({0: 3}),0.04842364827022218
4196,2145258648,4198,8.4733877,49.4967593,3,Counter({0: 3}),0.014311310619333535
4197,2145258652,4199,8.4725298,49.4971093,4,Counter({0: 4}),0.003258485143722429
4198,2146689223,4200,8.4918111,49.497072,3,Counter({0: 3}),0.0034008588516054594
4199,2146722421,4201,8.4924113,49.497327,3,Counter({0: 3}),0.0025645928353406956
4200,2150730957,4202,8.4720159,49.4705677,3,Counter({0: 3}),0.004616011033687069
4201,2150768396,4203,8.5088584,49.5196912,2,Counter({0: 2}),0.05781439386675402
4202,2150791738,4204,8.5046002,49.5218107,2,Counter({0: 2}),0.002809651149094884
4203,2158649266,4205,8.4715986,49.4723883,3,"Counter({1: 2, 0: 1})",0.0008820922230551432
4204,2158649328,4206,8.4714696,49.4726079,3,"Counter({1: 2, 0: 1})",0.000616795490453172
4205,2163793874,4207,8.4797011,49.5084473,1,Counter({0: 1}),0.0003084267818281514
4206,2168173206,4208,8.4693623,49.4806852,3,"Counter({1: 2, 0: 1})",0.0005189455265840236
4207,2168794277,4209,8.4690646,49.4736967,4,"Counter({0: 2, 1: 2})",0.004506979732519281
4208,2173844455,4210,8.4670986,49.4679922,3,Counter({0: 3}),0.002323916891996899
4209,2180121340,4211,8.5040256,49.5250226,2,Counter({0: 2}),0.0006069049316840392
4210,2185592670,4212,8.4756644,49.4649723,3,Counter({0: 3}),0.00042334195731957706
4211,2185592672,4213,8.4756326,49.4650088,3,Counter({0: 3}),0.0037563947250212073
4212,2185592691,4214,8.4726377,49.4673086,1,Counter({0: 1}),0.0003084267818281514
4213,2185624257,4215,8.4966119,49.4522635,1,Counter({0: 1}),5.8073203130888986e-08
4214,2187067964,4216,8.4848696,49.5073432,2,Counter({0: 2}),0.04571642024330765
4215,2189935161,4217,8.4797173,49.4865569,3,Counter({0: 3}),0.015485259282605445
4216,2191188941,4218,8.4856886,49.5054084,3,Counter({0: 3}),0.0015413789575000555
4217,2193788907,4219,8.4985335,49.531071,2,Counter({0: 2}),9.872444532251128e-07
4218,2195437256,4220,8.4720058,49.4974129,3,"Counter({1: 2, 0: 1})",0.0003479275105108087
4219,2198628025,4221,8.4870111,49.5245771,1,Counter({0: 1}),4.065124219162229e-07
4220,2198628027,4222,8.4854368,49.5248787,2,Counter({0: 2}),0.005258632354807734
4221,2201489404,4223,8.4850586,49.5050398,2,Counter({0: 2}),0.0009250480526719307
4222,2201489415,4224,8.4857245,49.505236,1,Counter({0: 1}),0.0003084267818281514
4223,2203112364,4225,8.4848399,49.5042515,3,Counter({0: 3}),0.009062128048271386
4224,2206975596,4226,8.471407,49.4728949,1,Counter({0: 1}),0.0003084267818281514
4225,2208160647,4227,8.4891253,49.5051441,2,Counter({0: 2}),0.0006955052258735831
4226,2208160649,4228,8.4893079,49.5052412,2,Counter({0: 2}),0.00048341823661214204
4227,2209745449,4229,8.4877274,49.5052552,3,Counter({0: 3}),0.001042247134800463
4228,2209745459,4230,8.4869613,49.5057944,1,Counter({0: 1}),0.0003084267818281514
4229,2211202725,4231,8.486046,49.5057722,3,Counter({0: 3}),0.001089781753490353
4230,2211202727,4232,8.4858253,49.5058014,1,Counter({0: 1}),0.0003084267818281514
4231,2216804211,4233,8.4695836,49.4673284,2,Counter({0: 2}),2.9036601565444494e-07
4232,2216959377,4234,8.4733291,49.4829606,2,Counter({0: 2}),0.0019964012774857944
4233,2216965403,4235,8.4729044,49.4825322,2,Counter({0: 2}),0.00044528169553564016
4234,2235009408,4236,8.4990901,49.5012512,1,Counter({0: 1}),0.0003084267818281514
4235,2235009413,4237,8.4993164,49.5010724,2,Counter({0: 2}),0.0006167954904531721
4236,2235509440,4238,8.5254399,49.4744228,3,Counter({0: 3}),0.03897291484330054
4237,2253354358,4239,8.4725776,49.4651281,1,Counter({0: 1}),5.8073203130888986e-08
4238,2253354468,4240,8.4726023,49.466023,1,Counter({0: 1}),5.8073203130888986e-08
4239,2254935536,4241,8.4702525,49.4682943,3,Counter({0: 3}),0.004183909132434798
4240,2254935562,4242,8.4667153,49.4696163,2,Counter({0: 2}),0.004653701104403586
4241,2255097723,4243,8.4641303,49.475013,3,Counter({0: 3}),0.008344440008802738
4242,2262023602,4244,8.4562513,49.4885836,3,Counter({0: 3}),0.0006148438112088393
4243,2263190503,4245,8.5109001,49.5231482,2,Counter({0: 2}),0.000616795490453172
4244,2266244946,4246,8.5062348,49.4642293,1,Counter({0: 1}),0.0003084267818281514
4245,2266604976,4247,8.4659761,49.471098,2,Counter({0: 2}),0.004834777525120624
4246,2266605004,4248,8.4670284,49.4712206,1,Counter({0: 1}),5.8073203130888986e-08
4247,2268522495,4249,8.4709027,49.5113267,3,Counter({0: 3}),0.0014752640557164352
4248,2268560143,4250,8.4700546,49.5055367,4,Counter({0: 4}),0.04692610166535206
4249,2269187418,4251,8.4927072,49.4583697,2,Counter({0: 2}),0.000616795490453172
4250,2273342874,4252,8.4681329,49.4758083,3,Counter({0: 3}),0.0008418632985190709
4251,2273342876,4253,8.4683552,49.4758952,3,Counter({0: 3}),0.0016450163979488139
4252,2273342946,4254,8.4701847,49.4762016,3,"Counter({1: 2, 0: 1})",0.004320747942799004
4253,2273623665,4255,8.4685205,49.474886,3,Counter({0: 3}),0.0008125771992605732
4254,2273623666,4256,8.4686704,49.4749085,2,Counter({0: 2}),0.00091515020362693
4255,2282822082,4257,8.4731065,49.4954571,4,Counter({0: 4}),0.0199874799156326
4256,2282822086,4258,8.4731469,49.4955152,4,Counter({0: 4}),0.025854857387192426
4257,2282830601,4259,8.4702907,49.5038444,2,Counter({0: 2}),0.0004983365554636081
4258,2284234340,4260,8.4939069,49.4558301,3,Counter({0: 3}),0.00854031300449856
4259,2288285318,4261,8.5264146,49.4770047,2,Counter({0: 2}),0.04609699545735685
4260,2289090237,4262,8.5024368,49.4723133,1,Counter({0: 1}),5.8073203130888986e-08
4261,2302420490,4263,8.4877112,49.475264,3,Counter({0: 3}),0.0008949532273229298
4262,2302420493,4264,8.4872775,49.4748663,4,Counter({0: 4}),0.001702521419404723
4263,2302420498,4265,8.4874793,49.4749151,3,Counter({0: 3}),0.0011345800309517423
4264,2305559320,4266,8.5396106,49.4534668,2,Counter({0: 2}),0.0015218574121100977
4265,2305559332,4267,8.5376349,49.4519517,2,Counter({0: 2}),0.000616795490453172
4266,2309886964,4268,8.525271,49.4734735,3,Counter({0: 3}),0.0007621067713338125
4267,2309886986,4269,8.5259451,49.4743237,3,"Counter({1: 2, 0: 1})",0.0009250480526719307
4268,2310042389,4270,8.4972578,49.4533803,2,Counter({0: 2}),3.42631898472245e-06
4269,2310705087,4271,8.5021536,49.4892636,3,Counter({0: 3}),0.03600283279487135
4270,2320654621,4272,8.5431999,49.4882509,2,Counter({0: 2}),0.01801157236333395
4271,2322555736,4273,8.5437628,49.4934441,2,Counter({0: 2}),0.0049217620385459725
4272,2322561119,4274,8.5436252,49.4977745,1,Counter({0: 1}),6.968784375706678e-07
4273,2323707016,4275,8.5287275,49.5115379,2,Counter({0: 2}),0.0015412047378906629
4274,2327048220,4276,8.4686625,49.4784392,2,Counter({0: 2}),2.9036601565444494e-07
4275,2327048227,4277,8.468588,49.4786101,2,Counter({0: 2}),2.9036601565444494e-07
4276,2328262161,4278,8.4823938,49.4560499,3,Counter({0: 3}),0.0018491669340937667
4277,2328262807,4279,8.4811514,49.4574919,2,Counter({0: 2}),0.0009250480526719304
4278,2330909606,4280,8.4997498,49.5233583,1,Counter({0: 1}),0.0003084267818281514
4279,2343195995,4281,8.5015145,49.469901,3,Counter({0: 3}),2.3519647268010037e-06
4280,2343196003,4282,8.5015478,49.4699532,2,Counter({0: 2}),2.0325621095811145e-06
4281,2345889595,4283,8.4907813,49.4708844,2,Counter({0: 2}),0.0009109251934600141
4282,2352723811,4284,8.4993252,49.5237465,3,Counter({0: 3}),0.002059447618226631
4283,2352723812,4285,8.5000493,49.5236487,1,Counter({0: 1}),0.0003084267818281514
4284,2352723813,4286,8.4999031,49.5235051,1,Counter({0: 1}),0.0003084267818281514
4285,2352723816,4287,8.499473,49.5238927,3,Counter({0: 3}),0.0025458657249373237
4286,2352724725,4288,8.4992933,49.5230626,1,Counter({0: 1}),0.0003084267818281514
4287,2352765541,4289,8.546092,49.4948781,2,Counter({0: 2}),1.3356836720104467e-06
4288,2352768006,4290,8.5459609,49.4955848,2,Counter({0: 2}),1.3937568751413355e-06
4289,2352768008,4291,8.5460524,49.4955753,3,Counter({0: 3}),1.887379101753892e-06
4290,2352800589,4292,8.541581,49.4985532,2,Counter({0: 2}),0.000616795490453172
4291,2352800964,4293,8.541987,49.498377,1,Counter({0: 1}),0.0003084267818281514
4292,2352800983,4294,8.5422936,49.49826,2,Counter({0: 2}),2.9036601565444494e-07
4293,2353386592,4295,8.4942008,49.5028013,1,Counter({0: 1}),5.8073203130888986e-08
4294,2353386598,4296,8.4943913,49.5029028,1,Counter({0: 1}),5.8073203130888986e-08
4295,2358571368,4297,8.4751834,49.4645855,3,Counter({0: 3}),0.0009871320454701543
4296,2358571386,4298,8.4757608,49.4648263,3,Counter({0: 3}),0.00332210854157306
4297,2359193906,4299,8.4758355,49.4734316,3,Counter({0: 3}),0.0005895001979228475
4298,2359193907,4300,8.4757319,49.473519,3,Counter({0: 3}),0.0004731480310370053
4299,2359193909,4301,8.4760796,49.4738186,2,Counter({0: 2}),0.0017569790980332973
4300,2362725433,4302,8.5337955,49.4866291,2,Counter({0: 2}),0.0018491088608906363
4301,2366151182,4303,8.4747958,49.4834188,2,Counter({0: 2}),0.03313382201476363
4302,2366164558,4304,8.4761199,49.4847928,2,Counter({0: 2}),0.0013115917454364337
4303,2372966024,4305,8.4800733,49.4996067,2,Counter({0: 2}),0.000616795490453172
4304,2372966027,4306,8.4797328,49.500121,1,Counter({0: 1}),0.0003084267818281514
4305,2374821362,4307,8.4779415,49.5001939,1,Counter({0: 1}),0.0003084267818281514
4306,2378606509,4308,8.4769747,49.4917538,4,Counter({0: 4}),0.15303658609295273
4307,2379981927,4309,8.4953589,49.5034719,2,Counter({0: 2}),1.7421960939266694e-07
4308,2381892411,4310,8.4718107,49.4722266,3,Counter({0: 3}),0.004505880921596652
4309,2381892412,4311,8.4716639,49.4722006,3,Counter({0: 3}),0.00169029647278555
4310,2381892416,4312,8.4717944,49.4722915,3,Counter({0: 3}),0.0040068221297941175
4311,2381892430,4313,8.4749201,49.4726563,3,Counter({0: 3}),0.0024985828727974355
4312,2381892434,4314,8.4749046,49.4727104,3,Counter({0: 3}),0.00650557524817918
4313,2381892443,4315,8.4757811,49.4732467,2,Counter({0: 2}),0.0003790508075736601
4314,2381892453,4316,8.4756297,49.4736006,3,Counter({0: 3}),0.013148492207870333
4315,2381892455,4317,8.4759834,49.4735575,4,Counter({0: 4}),0.000987045168671814
4316,2381892456,4318,8.476083,49.4736402,3,Counter({0: 3}),0.01814188429307523
4317,2381892457,4319,8.4758738,49.4736452,4,"Counter({0: 2, 1: 2})",0.0005423324646033425
4318,2381892460,4320,8.4759484,49.4737042,4,"Counter({0: 2, 1: 2})",0.01696562033953395
4319,2381892461,4321,8.4758221,49.473697,4,"Counter({1: 2, 0: 2})",0.014733691839531014
4320,2382441190,4322,8.4769992,49.4727951,2,Counter({0: 2}),0.0008230185277449114
4321,2384526985,4323,8.4598322,49.4972418,2,Counter({1: 2}),0.0003084267818281514
4322,2385055117,4324,8.4785407,49.5040663,1,Counter({0: 1}),0.0003084267818281514
4323,2392102995,4325,8.5236697,49.4764358,3,"Counter({1: 2, 0: 1})",0.0006942179292826089
4324,2392103179,4326,8.522406,49.4776513,3,Counter({0: 3}),0.006802102785080108
4325,2392683739,4327,8.4962294,49.4786366,2,Counter({0: 2}),0.0005379913515698516
4326,2392707842,4328,8.4947418,49.4792386,2,Counter({0: 2}),0.0006414990128864317
4327,2395503275,4329,8.5387273,49.4530658,3,"Counter({1: 2, 2: 1})",0.0003630915131215055
4328,2395503276,4330,8.5390903,49.4531047,3,"Counter({1: 2, 0: 1})",0.0013233988981030916
4329,2395512298,4331,8.536573,49.4523905,2,Counter({0: 2}),0.000616795490453172
4330,2395512305,4332,8.536462,49.4525184,1,Counter({0: 1}),0.0003084267818281514
4331,2397577645,4333,8.5237357,49.4763846,4,"Counter({0: 2, 1: 2})",0.009158955501294938
4332,2397649896,4334,8.5222671,49.4776998,3,Counter({0: 3}),0.0031529124659483675
4333,2401271478,4335,8.4884158,49.4627406,2,Counter({0: 2}),0.01659922525990669
4334,2402196563,4336,8.4867742,49.4655193,2,Counter({0: 2}),0.001849108860890636
4335,2412695106,4337,8.4571815,49.4828424,2,Counter({0: 2}),0.0015412047378906629
4336,2413772307,4338,8.5116177,49.4646273,3,Counter({0: 3}),0.014095346651927125
4337,2413775004,4339,8.5109108,49.4648893,1,Counter({0: 1}),0.0003084267818281514
4338,2413776519,4340,8.5103077,49.46514,3,Counter({0: 3}),0.001999699724853144
4339,2413782484,4341,8.5095531,49.4650697,2,Counter({0: 2}),0.012365709264905182
4340,2429428882,4342,8.4932176,49.4868421,2,Counter({0: 2}),0.0015061618891744376
4341,2429448575,4343,8.516781,49.4837062,2,Counter({0: 2}),0.000616795490453172
4342,2429448581,4344,8.5164528,49.4833597,1,Counter({0: 1}),0.0003084267818281514
4343,2429448582,4345,8.5166926,49.4835455,1,Counter({0: 1}),0.0003084267818281514
4344,2432163889,4346,8.4909424,49.507281,2,Counter({0: 2}),0.0017353166843709035
4345,2432163894,4347,8.491039,49.5089628,2,Counter({0: 2}),0.000616795490453172
4346,2432163896,4348,8.4916957,49.5093202,1,Counter({0: 1}),0.0003084267818281514
4347,2432163910,4349,8.4913937,49.5101616,2,Counter({0: 2}),0.0018491088608906363
4348,2433704809,4350,8.4916706,49.507663,2,Counter({0: 2}),0.0013447698632852647
4349,2433704821,4351,8.4898306,49.5081196,1,Counter({0: 1}),0.0003084267818281514
4350,2433704833,4352,8.4904796,49.5093927,2,Counter({0: 2}),0.0012331844684844277
4351,2433718377,4353,8.4907939,49.5091527,2,Counter({0: 2}),0.0009250480526719307
4352,2434547060,4354,8.4751319,49.491051,3,Counter({0: 3}),0.0018794013908122937
4353,2434547072,4355,8.4756468,49.4909599,3,Counter({0: 3}),0.0008575523190039049
4354,2434557113,4356,8.4760561,49.4917802,2,Counter({0: 2}),0.0030141338866706137
4355,2434560257,4357,8.4727378,49.4923757,4,"Counter({1: 2, 0: 2})",0.011155824426428054
4356,2434566736,4358,8.4783162,49.4912288,3,Counter({0: 3}),0.0016131396957370205
4357,2434566738,4359,8.4781248,49.4911812,2,Counter({0: 2}),0.0010125787727672541
4358,2434573228,4360,8.4777362,49.4902814,4,Counter({0: 4}),0.001387180372775748
4359,2434573235,4361,8.477736,49.4902099,3,Counter({0: 3}),0.001476525923932956
4360,2434573421,4362,8.4778026,49.4903509,2,Counter({0: 2}),0.0008914240738940607
4361,2434574995,4363,8.4783399,49.4905326,1,Counter({0: 1}),5.8073203130888986e-08
4362,2434574996,4364,8.4784295,49.4906681,1,Counter({0: 1}),5.8073203130888986e-08
4363,2434583846,4365,8.4763491,49.4908574,1,Counter({0: 1}),0.0003084267818281514
4364,2436881172,4366,8.4888402,49.5078136,2,Counter({0: 2}),0.0007705442957422005
4365,2436881174,4367,8.4886883,49.50793,3,Counter({0: 3}),0.0018486442752655892
4366,2436881177,4368,8.4894555,49.5081495,3,Counter({0: 3}),0.0009251061258750615
4367,2436881182,4369,8.4893074,49.5082703,3,Counter({0: 3}),0.0007710088813672476
4368,2438950568,4370,8.4934938,49.5074921,2,Counter({0: 2}),0.01633082410894532
4369,2444300427,4371,8.4765237,49.5019183,2,Counter({0: 2}),0.002777718356395434
4370,2447736340,4372,8.5282621,49.5074908,2,Counter({0: 2}),0.000616795490453172
4371,2449535663,4373,8.4811003,49.4905696,3,Counter({0: 3}),0.0008738125821997312
4372,2449668099,4374,8.4788365,49.4907625,2,Counter({0: 2}),0.001043891607959068
4373,2449704670,4375,8.4809314,49.4903784,2,Counter({0: 2}),0.0005667302606980654
4374,2449795601,4376,8.4839058,49.4895739,3,Counter({0: 3}),0.0025516827655741405
4375,2449795603,4377,8.4838709,49.4895199,1,Counter({0: 1}),0.0003084267818281514
4376,2449800962,4378,8.4832315,49.4895304,2,Counter({0: 2}),0.000616795490453172
4377,2449800964,4379,8.4833838,49.4894831,1,Counter({0: 1}),0.0003084267818281514
4378,2452176722,4380,8.4745751,49.4999027,2,Counter({0: 2}),0.00040158832881526606
4379,2452200513,4381,8.4758247,49.4996772,2,Counter({0: 2}),0.0015375083225408158
4380,2461454844,4382,8.4751215,49.5041097,1,Counter({0: 1}),0.0003084267818281514
4381,2466692569,4383,8.4724512,49.4784518,2,Counter({0: 2}),0.0011748945101552086
4382,2477945495,4384,8.4870143,49.5220249,2,Counter({0: 2}),0.01628208344413538
4383,2480948205,4385,8.4900974,49.4610042,2,Counter({0: 2}),0.011032224471978111
4384,2480948208,4386,8.4895097,49.4617807,2,Counter({0: 2}),0.011336528056383969
4385,2480948217,4387,8.4888215,49.4626596,2,Counter({0: 2}),0.0119447867859769
4386,2480948232,4388,8.4800856,49.4763171,2,Counter({0: 2}),0.0005632412229208505
4387,2480948236,4389,8.4796095,49.4767022,3,Counter({0: 3}),0.0007235144466186106
4388,2483910450,4390,8.4899413,49.4764834,3,Counter({0: 3}),0.0054440772911932295
4389,2483910452,4391,8.489912,49.4765583,3,Counter({0: 3}),0.00392981086059737
4390,2486718143,4392,8.5079644,49.4983098,2,Counter({0: 2}),0.0018491088608906363
4391,2488516411,4393,8.4714851,49.4771093,1,Counter({0: 1}),1.7421960939266694e-07
4392,2494047329,4394,8.4729941,49.5036904,2,Counter({0: 2}),0.000616795490453172
4393,2494727938,4395,8.4732336,49.4954015,4,"Counter({0: 2, 1: 2})",0.025229122607867503
4394,2494727939,4396,8.4732774,49.4954599,4,Counter({0: 4}),0.03725125547399947
4395,2513316130,4397,8.4965621,49.5255066,1,Counter({0: 1}),5.8073203130888986e-08
4396,2516451994,4398,8.471773,49.4988932,3,Counter({0: 3}),0.0012797456527106925
4397,2518375002,4399,8.491517,49.496922,3,Counter({0: 3}),0.004875635173399393
4398,2518375006,4400,8.4832307,49.5108077,3,Counter({0: 3}),0.0019510429171078307
4399,2518375010,4401,8.4819248,49.5252534,3,Counter({0: 3}),0.0013309183781511364
4400,2524038967,4402,8.52792,49.5113169,2,Counter({0: 2}),0.0018491088608906363
4401,2524491542,4403,8.467556,49.4774924,2,Counter({0: 2}),0.00030918173346885293
4402,2524491546,4404,8.4680147,49.4778233,3,Counter({0: 3}),0.0012992087520328972
4403,2528384950,4405,8.4724285,49.4972495,3,Counter({0: 3}),0.001963456587255592
4404,2528390291,4406,8.4709047,49.5011037,3,Counter({0: 3}),0.008208691410260083
4405,2530389426,4407,8.4806627,49.4772344,2,Counter({0: 2}),0.0005212397873071899
4406,2531077568,4408,8.4711716,49.4771355,1,Counter({0: 1}),1.7421960939266694e-07
4407,2531751675,4409,8.4839343,49.4809607,3,Counter({0: 3}),0.0015373815803639123
4408,2536038213,4410,8.4673219,49.4876879,1,Counter({0: 1}),0.0003084267818281514
4409,2545163260,4411,8.4851175,49.507879,2,Counter({0: 2}),0.06381673706109012
4410,2547691572,4412,8.4826009,49.5127604,3,Counter({0: 3}),0.0022842386738861587
4411,2547691577,4413,8.4843156,49.5126676,2,Counter({0: 2}),0.038938977181005474
4412,2547691578,4414,8.4824305,49.5115417,3,Counter({0: 3}),0.0014196791402027716
4413,2560582838,4415,8.4884904,49.4762248,3,Counter({0: 3}),0.0008741242731939131
4414,2571349749,4416,8.4982026,49.5080034,2,Counter({0: 2}),0.0155845828654085
4415,2571387785,4417,8.5356932,49.45353,2,Counter({0: 2}),0.0012331844684844277
4416,2571396072,4418,8.5355467,49.4569067,2,Counter({0: 2}),0.006157645446544261
4417,2572331233,4419,8.5291056,49.4648251,3,"Counter({1: 2, 0: 1})",0.00810696019220294
4418,2573566877,4420,8.4813003,49.4939372,3,Counter({0: 3}),0.0009297307446201095
4419,2573607016,4421,8.4787846,49.494877,4,"Counter({0: 2, 1: 2})",0.003906641784340435
4420,2573890637,4422,8.4805377,49.4892207,3,Counter({0: 3}),0.02615344011752438
4421,2573890641,4423,8.4803693,49.489422,4,"Counter({0: 2, 1: 2})",0.011244077398801195
4422,2573900712,4424,8.4722793,49.4805171,3,Counter({0: 3}),0.0009712423494068713
4423,2573900714,4425,8.4722334,49.4804259,2,Counter({0: 2}),0.0003104186257505642
4424,2573914988,4426,8.4722044,49.4807128,2,Counter({0: 2}),0.0013219797131091438
4425,2574328740,4427,8.4619151,49.4827552,1,Counter({0: 1}),0.0003084267818281514
4426,2574373755,4428,8.4656404,49.4833131,4,Counter({1: 4}),0.0011412848459995664
4427,2574373756,4429,8.4656859,49.4833174,4,"Counter({0: 2, 1: 2})",0.0019175623612991497
4428,2575043203,4430,8.5459957,49.4957326,3,Counter({0: 3}),2.758477148717227e-06
4429,2575043207,4431,8.5465141,49.4965587,2,Counter({0: 2}),2.787513750282671e-06
4430,2578143035,4432,8.4837596,49.510294,4,Counter({0: 4}),0.0008641717955129699
4431,2578143036,4433,8.4836313,49.5104254,3,Counter({0: 3}),0.0004692847909979593
4432,2578143037,4434,8.483447,49.510531,3,Counter({0: 3}),0.0004599317103609085
4433,2578143039,4435,8.483857,49.5103728,3,Counter({0: 3}),0.002779393582682899
4434,2578155652,4436,8.4854561,49.5108344,2,Counter({0: 2}),0.0005113535228081853
4435,2578163257,4437,8.4832958,49.5106581,3,Counter({0: 3}),0.0008101476088533309
4436,2579578511,4438,8.5255282,49.4983804,1,Counter({0: 1}),1.1614640626177797e-07
4437,2579849246,4439,8.4847037,49.4678952,3,Counter({0: 3}),0.0020725151888499
4438,2579849256,4440,8.482885,49.4682202,3,"Counter({1: 2, 0: 1})",0.01616198385051044
4439,2579849662,4441,8.4763066,49.4732771,2,Counter({0: 2}),0.0031891286130402343
4440,2579849694,4442,8.4757286,49.4737746,3,Counter({0: 3}),0.0029356687690105148
4441,2579849703,4443,8.4834457,49.4738844,4,"Counter({1: 2, 0: 2})",0.0006694396112200267
4442,2579849706,4444,8.4834143,49.4739294,4,Counter({1: 4}),0.0010545041846700923
4443,2579887449,4445,8.4756476,49.4732713,2,Counter({0: 2}),0.006727755934536053
4444,2579887454,4446,8.4758113,49.4733083,3,Counter({0: 3}),0.006972747375897511
4445,2579887455,4447,8.4759748,49.4733117,3,Counter({0: 3}),0.0038486054050303107
4446,2579887459,4448,8.4758028,49.4733386,2,Counter({0: 2}),0.003753891772763011
4447,2579887463,4449,8.4758943,49.4733804,4,Counter({0: 4}),0.007824155460248377
4448,2579887471,4450,8.4760863,49.4734719,3,Counter({0: 3}),0.00793654389795707
4449,2580119526,4451,8.4905178,49.4608111,2,Counter({0: 2}),0.007670744218551299
4450,2580202483,4452,8.5319737,49.5062438,4,Counter({0: 4}),0.023622443193962575
4451,2580665373,4453,8.5113413,49.4979522,3,Counter({0: 3}),0.003965515703702062
4452,2582185254,4454,8.4820981,49.4705113,2,Counter({0: 2}),0.0010212353096476763
4453,2584159466,4455,8.4706655,49.4764674,3,Counter({0: 3}),0.0031555176944292646
4454,2587860279,4456,8.4855597,49.4945101,2,Counter({0: 2}),0.0012331844684844277
4455,2588331305,4457,8.4889199,49.5226908,3,Counter({0: 3}),0.0010476278559299198
4456,2588337087,4458,8.4880693,49.5228883,3,Counter({0: 3}),0.0025708275728142343
4457,2588337088,4459,8.4878053,49.5229471,2,Counter({0: 2}),0.002273923482373977
4458,2594093270,4460,8.4876083,49.4762733,3,Counter({0: 3}),0.00044070936236292164
4459,2594093285,4461,8.4882399,49.4763898,4,"Counter({1: 2, 2: 1, 0: 1})",0.002079177806640839
4460,2594093310,4462,8.4882511,49.4766572,3,"Counter({1: 2, 0: 1})",0.008194970157676932
4461,2594574405,4463,8.4889467,49.4838717,3,Counter({0: 3}),0.013444992000020972
4462,2599436452,4464,8.5049507,49.5138081,1,Counter({0: 1}),3.484392187853339e-07
4463,2599436554,4465,8.5048228,49.5142379,2,Counter({0: 2}),6.388052344397788e-07
4464,2599436555,4466,8.5050177,49.5141373,1,Counter({0: 1}),3.484392187853339e-07
4465,2600133998,4467,8.4860087,49.494399,2,Counter({0: 2}),0.0015412047378906629
4466,2609292635,4468,8.5008125,49.4617275,2,Counter({0: 2}),0.0012331844684844277
4467,2611131911,4469,8.5211396,49.5136772,2,Counter({0: 2}),0.13802143456129676
4468,2611253101,4470,8.5269177,49.4793645,3,Counter({0: 3}),4.5297098442093405e-06
4469,2611253110,4471,8.5269018,49.4793667,1,Counter({0: 1}),8.710980469633348e-07
4470,2611254925,4472,8.5261424,49.4791908,2,Counter({0: 2}),1.771232695492114e-06
4471,2611459344,4473,8.5276872,49.4843791,2,Counter({0: 2}),0.05019609578501207
4472,2611459345,4474,8.528396,49.4843424,3,Counter({0: 3}),0.04962732683354815
4473,2611459349,4475,8.5298956,49.4842323,2,Counter({0: 2}),0.048459823157804754
4474,2611470212,4476,8.5334679,49.4870087,2,Counter({0: 2}),0.0012331844684844277
4475,2612637894,4477,8.5307504,49.4860197,3,"Counter({1: 2, 0: 1})",2.8165503518481157e-06
4476,2612637906,4478,8.53051,49.4860016,3,"Counter({1: 2, 0: 1})",1.8002692970575585e-06
4477,2612640092,4479,8.5304283,49.4859099,1,Counter({0: 1}),9.291712500942238e-07
4478,2614758173,4480,8.4971646,49.5100881,2,Counter({0: 2}),0.0021568968374843477
4479,2621941784,4481,8.4931109,49.5251677,2,Counter({0: 2}),0.011910624467884158
4480,2623802314,4482,8.4917115,49.5265343,2,Counter({0: 2}),0.010839034669574777
4481,2623803223,4483,8.4907001,49.5271183,2,Counter({0: 2}),0.01068710315703504
4482,2626768458,4484,8.4763655,49.4729867,2,Counter({0: 2}),0.0008978601584782859
4483,2626768489,4485,8.476361,49.4734843,3,Counter({0: 3}),0.029632999934296033
4484,2631571620,4486,8.4707585,49.4761876,4,"Counter({1: 2, 0: 2})",0.007844653231207314
4485,2637039620,4487,8.5016451,49.5096669,2,Counter({0: 2}),1.7421960939266694e-07
4486,2637044015,4488,8.4998131,49.5095149,1,Counter({0: 1}),0.0003084267818281514
4487,2637055830,4489,8.4872221,49.5112907,3,Counter({0: 3}),0.05290030706688488
4488,2688911387,4490,8.4947419,49.4776758,2,Counter({0: 2}),0.0009250480526719307
4489,2696071013,4491,8.4599042,49.4848675,1,Counter({0: 1}),1.7421960939266694e-07
4490,2696163693,4492,8.4632468,49.4945067,2,Counter({0: 2}),0.0006285424357579909
4491,2696697653,4493,8.4782645,49.479608,2,Counter({0: 2}),4.065124219162229e-07
4492,2696697657,4494,8.4777858,49.4800034,1,Counter({0: 1}),2.3229281252355594e-07
4493,2698212128,4495,8.4579968,49.491057,1,Counter({0: 1}),0.0003084267818281514
4494,2706750765,4496,8.5054174,49.5013831,1,Counter({0: 1}),2.3229281252355594e-07
4495,2709822439,4497,8.5432692,49.4740934,2,Counter({0: 2}),0.01904723805252175
4496,2709822443,4498,8.5431586,49.4740438,3,Counter({0: 3}),0.03959625940155665
4497,2709822512,4499,8.542908,49.4741449,2,Counter({0: 2}),0.03985861477556766
4498,2709822516,4500,8.5432216,49.4741652,3,Counter({0: 3}),0.020349253401811426
4499,2717410755,4501,8.5288422,49.5310331,2,Counter({0: 2}),8.710980469633348e-07
4500,2717457085,4502,8.4708244,49.4927406,3,Counter({0: 3}),0.00048419665589919026
4501,2717457087,4503,8.4620649,49.4959725,2,Counter({0: 2}),0.0014110223811211
4502,2717457089,4504,8.4603127,49.4966699,2,Counter({0: 2}),0.0008021330674358146
4503,2728669478,4505,8.5375999,49.485667,3,Counter({0: 3}),0.02406297434918044
4504,2728669833,4506,8.4901629,49.4935905,2,Counter({0: 2}),0.0008665796243716655
4505,2728670099,4507,8.4736157,49.4968102,4,Counter({0: 4}),0.05032117230469743
4506,2741858221,4508,8.4716128,49.4911563,3,Counter({0: 3}),0.004822928169199151
4507,2741858267,4509,8.470799,49.4914651,3,Counter({0: 3}),0.021999340180738007
4508,2741960145,4510,8.4884318,49.5002873,4,Counter({0: 4}),0.0627559776613388
4509,2742016786,4511,8.4960759,49.508751,3,"Counter({1: 2, 0: 1})",0.00038319513504367315
4510,2742971683,4512,8.4934242,49.4797469,3,Counter({0: 3}),0.0007052798959688397
4511,2743096447,4513,8.4700884,49.4798666,3,"Counter({1: 2, 2: 1})",0.0003334368130233914
4512,2743096455,4514,8.4705545,49.4801342,3,"Counter({1: 2, 0: 1})",0.000487849664957043
4513,2743096457,4515,8.4704179,49.480168,3,"Counter({1: 2, 2: 1})",0.0003334368130233914
4514,2743096459,4516,8.4702313,49.4802142,3,"Counter({1: 2, 0: 1})",0.0007954710123241261
4515,2744200321,4517,8.485765,49.4799428,2,Counter({0: 2}),0.007699434934167957
4516,2756692709,4518,8.4685767,49.4939883,3,Counter({0: 3}),0.02977647352627278
4517,2756965885,4519,8.4989391,49.4729304,1,Counter({0: 1}),5.8073203130888986e-08
4518,2756965888,4520,8.4990502,49.473053,1,Counter({0: 1}),0.0003084267818281514
4519,2758707174,4521,8.4683169,49.4940049,3,Counter({0: 3}),0.006414891501973044
4520,2758707189,4522,8.4646355,49.4953984,3,Counter({0: 3}),0.009392471861093847
4521,2758707216,4523,8.4610663,49.495852,3,Counter({0: 3}),0.0006907277683795026
4522,2758707217,4524,8.462265,49.4959219,3,Counter({0: 3}),0.009198566117634296
4523,2758707219,4525,8.4612266,49.4961971,3,Counter({0: 3}),0.0007737058238626996
4524,2760514521,4526,8.4811636,49.4781787,3,Counter({0: 3}),0.09803227140992062
4525,2760514529,4527,8.4810921,49.4782371,4,Counter({0: 4}),0.0068781270431969126
4526,2760514538,4528,8.4822058,49.4787006,3,Counter({0: 3}),0.000863694490160548
4527,2760514540,4529,8.4821541,49.4787441,3,Counter({0: 3}),0.0014101473005519915
4528,2760514545,4530,8.4826397,49.4791118,4,Counter({0: 4}),0.003864359778361399
4529,2760514547,4531,8.4833385,49.4798679,4,Counter({0: 4}),0.008901345362095456
4530,2772434776,4532,8.5282178,49.4843538,2,Counter({0: 2}),0.04990700737982651
4531,2772443358,4533,8.52532,49.4844759,2,Counter({0: 2}),0.051062664122131195
4532,2782328049,4534,8.5159458,49.508486,2,Counter({0: 2}),0.016561365829198593
4533,2783094625,4535,8.4880231,49.5244215,2,Counter({0: 2}),9.872444532251128e-07
4534,2785609830,4536,8.5163849,49.508566,2,Counter({0: 2}),0.0167712169149818
4535,2840528063,4537,8.5451733,49.4929845,2,Counter({0: 2}),0.005841293136920469
4536,2849080804,4538,8.4690226,49.480289,3,Counter({0: 3}),0.0012333006148906895
4537,2856298995,4539,8.4838872,49.4693016,2,Counter({0: 2}),0.00046158973155914
4538,2856300406,4540,8.4843496,49.4720767,2,Counter({0: 2}),0.000513825943445065
4539,2856300417,4541,8.4822304,49.4741199,3,Counter({0: 3}),0.009909696374864265
4540,2859529314,4542,8.4697284,49.4761408,3,Counter({0: 3}),0.004166831489304143
4541,2872183072,4543,8.4676008,49.4774336,2,Counter({0: 2}),0.00033870316022444606
4542,2881485576,4544,8.5098223,49.4889162,2,Counter({0: 2}),0.014855184769212146
4543,2888057034,4545,8.5111008,49.5069938,2,Counter({0: 2}),0.000616795490453172
4544,2890714515,4546,8.4623074,49.4896838,2,Counter({0: 2}),0.0005999585152171329
4545,2893407057,4547,8.5101782,49.5135578,1,Counter({0: 1}),0.0003084267818281514
4546,2908224600,4548,8.4770212,49.4919899,1,Counter({0: 1}),5.8073203130888986e-08
4547,2916142873,4549,8.4599629,49.4952299,5,"Counter({0: 2, 1: 2, 2: 1})",0.01145956240437193
4548,2921169134,4550,8.537381,49.4839065,2,Counter({0: 2}),0.0003220546268295341
4549,2921169144,4551,8.5389829,49.4839958,2,Counter({0: 2}),0.038248231119269234
4550,2921813302,4552,8.4789611,49.4876125,2,Counter({0: 2}),0.0003516437445746985
4551,2921955093,4553,8.4720885,49.4645172,1,Counter({0: 1}),0.0003084267818281514
4552,2921960507,4554,8.4720869,49.4646798,3,Counter({0: 3}),0.0012333006148906895
4553,2924123463,4555,8.474974,49.4649266,1,Counter({0: 1}),0.0003084267818281514
4554,2924783955,4556,8.5102295,49.5171141,2,Counter({0: 2}),0.003898322657466001
4555,2932940828,4557,8.4700388,49.464697,2,Counter({0: 2}),0.000616795490453172
4556,2938603533,4558,8.5157384,49.5099318,1,Counter({0: 1}),5.8073203130888986e-08
4557,2943331706,4559,8.4876031,49.5034434,3,Counter({0: 3}),0.0027785703730976758
4558,2947592067,4560,8.4869816,49.5115607,2,Counter({0: 2}),0.0392671658689871
4559,2949993277,4561,8.5355416,49.4817925,2,Counter({0: 2}),0.0015412047378906629
4560,2956062660,4562,8.5130519,49.5163685,2,Counter({0: 2}),0.000616795490453172
4561,2956062662,4563,8.5131903,49.5165238,1,Counter({0: 1}),0.0003084267818281514
4562,2956066797,4564,8.5126921,49.5164616,2,Counter({0: 2}),0.0009250480526719307
4563,2958414909,4565,8.5037474,49.4709991,1,Counter({0: 1}),5.8073203130888986e-08
4564,2964203637,4566,8.4928122,49.505335,3,Counter({0: 3}),0.0012333006148906895
4565,2964203641,4567,8.4928719,49.5058105,1,Counter({0: 1}),0.0003084267818281514
4566,2968541444,4568,8.4851209,49.4985709,2,Counter({0: 2}),0.007656633091874881
4567,2968630732,4569,8.4882136,49.5081628,2,Counter({0: 2}),0.003079563888827912
4568,2968630834,4570,8.4885179,49.5083293,2,Counter({0: 2}),0.0006164470512343866
4569,2972054269,4571,8.4907614,49.4999386,2,Counter({0: 2}),0.005542855094533956
4570,2972106492,4572,8.4920892,49.5031109,3,Counter({0: 3}),0.010272581166095631
4571,2972106494,4573,8.4910422,49.5038547,2,Counter({0: 2}),0.0009250480526719305
4572,2972108593,4574,8.492707,49.5015349,2,Counter({0: 2}),0.000616795490453172
4573,2972108594,4575,8.4934888,49.5009233,3,Counter({0: 3}),0.05032311698660317
4574,2972108596,4576,8.4912454,49.5026697,4,Counter({0: 4}),0.012005441125276297
4575,2972113897,4577,8.4928992,49.501388,3,Counter({0: 3}),0.005259790148418462
4576,2972130245,4578,8.4906926,49.5031279,3,Counter({0: 3}),0.011571154783510557
4577,2980634256,4579,8.5316567,49.4871959,1,Counter({0: 1}),0.0003084267818281514
4578,2980636553,4580,8.5315526,49.4867579,1,Counter({0: 1}),9.291712500942238e-07
4579,2980729995,4581,8.532595,49.4873767,1,Counter({0: 1}),0.0003084267818281514
4580,2985350822,4582,8.4946029,49.4537723,3,"Counter({1: 2, 0: 1})",0.0004880617174127952
4581,2987496902,4583,8.5016103,49.5086047,1,Counter({0: 1}),1.1614640626177797e-07
4582,2992150153,4584,8.4955008,49.5035479,1,Counter({0: 1}),1.1614640626177797e-07
4583,2992150156,4585,8.4950849,49.5036957,1,Counter({0: 1}),1.1614640626177797e-07
4584,2998333696,4586,8.487663,49.523011,3,"Counter({1: 2, 0: 1})",0.0019796744541091794
4585,2998335357,4587,8.487575,49.5226384,2,Counter({1: 2}),0.0003084267818281514
4586,3036603432,4588,8.4711003,49.4835515,1,Counter({0: 1}),5.8073203130888986e-08
4587,3036606451,4589,8.4702345,49.4838875,1,Counter({0: 1}),0.0003084267818281514
4588,3036614093,4590,8.4697137,49.4842291,2,Counter({0: 2}),0.000616795490453172
4589,3036640215,4591,8.4698682,49.4843768,1,Counter({0: 1}),0.0003084267818281514
4590,3036656602,4592,8.4703627,49.4848111,3,"Counter({1: 2, 0: 1})",0.0007522983156273633
4591,3036767818,4593,8.4961746,49.513646,2,Counter({0: 2}),0.0005422913935791121
4592,3036767819,4594,8.4962977,49.5138671,2,Counter({0: 2}),0.0003084848550312823
4593,3036953803,4595,8.471875,49.4832274,1,Counter({0: 1}),0.0003084267818281514
4594,3037180305,4596,8.4757472,49.5267961,1,Counter({0: 1}),7.549516407015568e-07
4595,3037240467,4597,8.4717619,49.483272,1,Counter({0: 1}),5.8073203130888986e-08
4596,3041447931,4598,8.4862005,49.4778002,1,Counter({0: 1}),0.0003084267818281514
4597,3041488804,4599,8.4879079,49.4771346,3,Counter({0: 3}),0.0036230835240889034
4598,3041488805,4600,8.4876548,49.4777357,3,Counter({0: 3}),0.005640317200706148
4599,3041536277,4601,8.4881326,49.4769177,3,Counter({0: 3}),0.00859692222423933
4600,3041536278,4602,8.488266,49.4769414,1,Counter({0: 1}),0.0003084267818281514
4601,3041536279,4603,8.4877977,49.4777594,4,Counter({0: 4}),0.006230245818508409
4602,3041536280,4604,8.4879221,49.4777801,1,Counter({0: 1}),0.0003084267818281514
4603,3041536281,4605,8.4875722,49.4779405,4,Counter({0: 4}),0.009414810512167896
4604,3051464867,4606,8.4936524,49.5285162,2,Counter({0: 2}),4.645856250471119e-07
4605,3089467564,4607,8.5203104,49.4775391,3,"Counter({1: 2, 0: 1})",0.00041635515316229375
4606,3089564071,4608,8.5222976,49.4775247,3,Counter({0: 3}),0.001899196438459172
4607,3089577317,4609,8.5203032,49.4774911,3,"Counter({1: 2, 0: 1})",0.0004983938304221016
4608,3089591309,4610,8.5207486,49.4775547,2,Counter({0: 2}),0.0009275148415080802
4609,3100152002,4611,8.4717604,49.4928726,3,"Counter({1: 2, 0: 1})",0.006786734544144064
4610,3105099753,4612,8.468538,49.494235,2,Counter({0: 2}),0.000616795490453172
4611,3105099775,4613,8.466323,49.495035,1,Counter({0: 1}),0.0003084267818281514
4612,3105126088,4614,8.4661407,49.4950731,1,Counter({0: 1}),0.0003084267818281514
4613,3105483113,4615,8.4763573,49.497139,2,Counter({0: 2}),0.0021864388923454356
4614,3109336087,4616,8.5166658,49.4888089,3,Counter({0: 3}),0.012302644642170528
4615,3136420190,4617,8.4753048,49.4966991,3,"Counter({1: 2, 0: 1})",0.0013398486720613838
4616,3136457283,4618,8.4751468,49.4977634,2,Counter({0: 2}),0.0020232342808030584
4617,3136457285,4619,8.4749428,49.4979338,2,Counter({0: 2}),0.0010345377411005972
4618,3136659159,4620,8.476573,49.4914084,2,Counter({0: 2}),0.0012574571268230926
4619,3137212822,4621,8.5324542,49.4862145,1,Counter({0: 1}),9.291712500942238e-07
4620,3137213832,4622,8.5327754,49.4864222,1,Counter({0: 1}),0.0003084267818281514
4621,3148116248,4623,8.4861519,49.5070106,2,Counter({0: 2}),0.0033868872797965764
4622,3150261775,4624,8.4771895,49.4818334,2,Counter({0: 2}),0.000323063309707678
4623,3150484081,4625,8.4706053,49.4762878,5,"Counter({1: 4, 0: 1})",0.00651048051717811
4624,3150484089,4626,8.4704954,49.4763498,4,"Counter({1: 2, 0: 2})",0.001245725708643567
4625,3150484092,4627,8.4708009,49.4763791,3,Counter({0: 3}),0.0027927405083189214
4626,3157674069,4628,8.4573046,49.4920066,2,Counter({0: 2}),7.549516407015568e-07
4627,3168118261,4629,8.5251856,49.4930767,2,Counter({0: 2}),0.0012400959776157651
4628,3168118267,4630,8.5258401,49.4935532,2,Counter({0: 2}),0.0012331844684844277
4629,3168118270,4631,8.5250394,49.4937515,2,Counter({0: 2}),0.0003164408838602141
4630,3170812418,4632,8.4923002,49.5044693,2,Counter({0: 2}),0.00039198273692151847
4631,3170812421,4633,8.4927649,49.5047954,1,Counter({0: 1}),0.0003084267818281514
4632,3170812427,4634,8.4927246,49.5049734,3,Counter({0: 3}),0.002462251729526019
4633,3170823999,4635,8.491047,49.5056723,2,Counter({0: 2}),0.001169782351084317
4634,3170842948,4636,8.4915842,49.5046935,3,Counter({0: 3}),0.0017414138910369222
4635,3170877311,4637,8.4925055,49.5069524,3,Counter({0: 3}),0.017806893916581207
4636,3208215164,4638,8.5179183,49.5177028,2,Counter({0: 2}),0.0030795638888279123
4637,3208887896,4639,8.511937,49.5061734,1,Counter({0: 1}),1.1614640626177797e-07
4638,3215616565,4640,8.4771745,49.4953831,3,Counter({0: 3}),0.0006187003255286059
4639,3215616567,4641,8.4772811,49.4954289,3,Counter({0: 3}),0.0004908124438314516
4640,3215616568,4642,8.4768138,49.4955167,3,Counter({0: 3}),0.0004221698786879924
4641,3215616569,4643,8.4768013,49.4955922,3,Counter({0: 3}),0.0004437847028565871
4642,3225548149,4644,8.4741404,49.4741578,2,Counter({0: 2}),0.004133736086644838
4643,3228005867,4645,8.5203068,49.5040496,3,Counter({0: 3}),0.0012333006148906895
4644,3231513971,4646,8.4760757,49.4796001,2,Counter({0: 2}),0.0005220695738521987
4645,3236586470,4647,8.4796266,49.4879202,4,"Counter({1: 2, 2: 1, 0: 1})",0.0016112970339739936
4646,3236586471,4648,8.4797218,49.4879472,3,Counter({0: 3}),0.052954547561246186
4647,3237737247,4649,8.5012184,49.5054897,2,Counter({0: 2}),0.014373175848098154
4648,3237788509,4650,8.4998696,49.495752,1,Counter({0: 1}),5.8073203130888986e-08
4649,3243778765,4651,8.5471744,49.5133835,2,Counter({0: 2}),4.645856250471119e-06
4650,3244176822,4652,8.5462509,49.5147306,2,Counter({0: 2}),0.0004633370511797978
4651,3245425186,4653,8.5215941,49.5151397,3,Counter({0: 3}),0.05695573901896885
4652,3245429409,4654,8.5217101,49.5152224,3,Counter({0: 3}),0.023129493759198955
4653,3245792212,4655,8.5463405,49.514928,2,Counter({0: 2}),0.0004630466851641433
4654,3245806418,4656,8.5507541,49.5106611,1,Counter({0: 1}),5.8073203130888986e-08
4655,3267034654,4657,8.4585451,49.4917641,3,Counter({0: 3}),0.003637704002941122
4656,3267205395,4658,8.4566974,49.4920847,3,"Counter({1: 2, 0: 1})",0.0006169019579922452
4657,3267205396,4659,8.4565908,49.4915236,3,"Counter({1: 2, 0: 1})",0.0003088139365156907
4658,3267205398,4660,8.4566097,49.491619,3,"Counter({1: 2, 0: 1})",0.0009248641541953495
4659,3267309672,4661,8.4565683,49.4913059,3,Counter({0: 3}),0.003694230028499618
4660,3267315167,4662,8.4565624,49.4913545,2,Counter({0: 2}),0.00046234980672657267
4661,3274448097,4663,8.5177041,49.5107405,2,Counter({0: 2}),0.0012768494042701053
4662,3274808132,4664,8.4688446,49.4857098,3,Counter({0: 3}),0.004643577382118005
4663,3276697073,4665,8.4964323,49.4995335,1,Counter({0: 1}),5.8073203130888986e-08
4664,3296965864,4666,8.5367789,49.4839795,1,Counter({0: 1}),0.0003084267818281514
4665,3299174949,4667,8.4736197,49.4778726,2,Counter({0: 2}),0.001479822427584568
4666,3304897166,4668,8.4798447,49.4883015,3,Counter({0: 3}),0.007887103557301657
4667,3304897708,4669,8.4807257,49.4894928,4,"Counter({1: 2, 0: 2})",0.03133873665474517
4668,3307348022,4670,8.5011885,49.5005515,2,Counter({0: 2}),0.000616795490453172
4669,3307348383,4671,8.5011908,49.5019921,2,Counter({0: 2}),0.0003249970024548315
4670,3307348386,4672,8.5012763,49.5020407,3,Counter({0: 3}),0.006498217210736706
4671,3307348387,4673,8.5012144,49.5020867,3,Counter({0: 3}),0.010100981944305552
4672,3318943786,4674,8.5076375,49.5139449,1,Counter({0: 1}),0.0003084267818281514
4673,3320763442,4675,8.5004111,49.5239063,1,Counter({0: 1}),0.0003084267818281514
4674,3320779433,4676,8.5018121,49.5235697,4,Counter({0: 4}),0.045144166438942986
4675,3320779434,4677,8.5019263,49.5236583,4,Counter({0: 4}),0.04908882410964232
4676,3320779435,4678,8.501744,49.5235148,2,Counter({0: 2}),0.03917790241808512
4677,3334923998,4679,8.487686,49.5266872,3,"Counter({1: 2, 2: 1})",0.00030845581842971686
4678,3356899182,4680,8.4807834,49.5222169,3,Counter({0: 3}),0.001130611324834977
4679,3356899183,4681,8.4807398,49.5222185,2,Counter({0: 2}),0.0007732127516994463
4680,3356899184,4682,8.4805903,49.5222167,3,Counter({0: 3}),0.001838013151737253
4681,3356899185,4683,8.4810151,49.5221862,4,"Counter({1: 2, 0: 2})",0.032712469722622255
4682,3356899186,4684,8.4808886,49.5222073,3,Counter({0: 3}),0.0032144517383876398
4683,3357675436,4685,8.5010428,49.5021615,2,Counter({0: 2}),0.0018491088608906363
4684,3357703727,4686,8.4554845,49.4843979,1,Counter({0: 1}),0.0003084267818281514
4685,3362417188,4687,8.5463248,49.5182313,2,Counter({0: 2}),1.6841228907957806e-06
4686,3393667590,4688,8.5083713,49.4669205,2,Counter({0: 2}),2.9036601565444494e-07
4687,3394907067,4689,8.4892318,49.4604492,1,Counter({0: 1}),0.0003084267818281514
4688,3399657534,4690,8.4845825,49.468072,3,Counter({0: 3}),0.0020450854971672022
4689,3399657535,4691,8.484745,49.4679539,2,Counter({0: 2}),0.0006416237594476143
4690,3415520781,4692,8.4803682,49.5013335,2,Counter({0: 2}),0.0033602735699666897
4691,3417789781,4693,8.5291689,49.4869473,1,Counter({0: 1}),9.291712500942238e-07
4692,3422148814,4694,8.4588246,49.4906205,2,Counter({0: 2}),0.0011326741407873874
4693,3428245514,4695,8.4925125,49.5007345,1,Counter({0: 1}),0.0003084267818281514
4694,3431817180,4696,8.4542705,49.4916605,1,Counter({0: 1}),0.0003084267818281514
4695,3432089762,4697,8.5460345,49.5176114,2,Counter({0: 2}),1.2195372657486686e-06
4696,3435410441,4698,8.487896,49.4747734,2,Counter({0: 2}),0.00082430360178066
4697,3435410443,4699,8.4880847,49.4748176,2,Counter({0: 2}),0.0006903744249612274
4698,3435410448,4700,8.4886845,49.4750325,3,Counter({0: 3}),0.0008370031978222882
4699,3435410450,4701,8.4888886,49.4750485,2,Counter({0: 2}),0.00088838585115256
4700,3455397057,4702,8.4988121,49.5204105,2,Counter({0: 2}),0.043619906828599946
4701,3465537447,4703,8.4690836,49.4773189,3,Counter({0: 3}),0.001680793490735309
4702,3465670888,4704,8.4708366,49.4791886,1,Counter({0: 1}),0.0003084267818281514
4703,3494551686,4705,8.4924516,49.5011449,3,Counter({0: 3}),0.00465268260611407
4704,3504831463,4706,8.498386,49.5205339,2,Counter({0: 2}),0.000616795490453172
4705,3504831464,4707,8.4986327,49.5205186,1,Counter({0: 1}),0.0003084267818281514
4706,3504831470,4708,8.498416,49.520578,3,Counter({0: 3}),0.0012333006148906895
4707,3507542017,4709,8.5541762,49.4620882,2,Counter({0: 2}),0.00495173596107802
4708,3530258694,4710,8.4926891,49.5237523,2,Counter({0: 2}),0.000616795490453172
4709,3531323207,4711,8.5331598,49.4864198,2,Counter({0: 2}),0.000616795490453172
4710,3533105763,4712,8.4713547,49.52521,2,Counter({0: 2}),2.8455869534135604e-06
4711,3542320641,4713,8.5103176,49.4891994,2,Counter({0: 2}),0.0021000794791927084
4712,3542320649,4714,8.5098909,49.489285,1,Counter({0: 1}),0.0003084267818281514
4713,3542320652,4715,8.5098902,49.4892976,1,Counter({0: 1}),2.9036601565444494e-07
4714,3551914002,4716,8.4882144,49.4945966,3,Counter({0: 3}),0.006072934251396201
4715,3551971605,4717,8.4847875,49.4942506,4,"Counter({0: 2, 1: 2})",0.06362495968459543
4716,3563324415,4718,8.4987529,49.472722,1,Counter({0: 1}),5.8073203130888986e-08
4717,3577034837,4719,8.5373052,49.5081846,1,Counter({0: 1}),0.0003084267818281514
4718,3599907324,4720,8.4927497,49.5331834,2,Counter({0: 2}),0.0009250480526719307
4719,3604378830,4721,8.5002337,49.4743001,3,"Counter({1: 2, 0: 1})",0.0021568968374843477
4720,3637811034,4722,8.4951546,49.4761757,4,"Counter({0: 2, 1: 2})",0.002463645387520943
4721,3637811035,4723,8.4951931,49.4762134,4,"Counter({0: 2, 1: 2})",0.005488643637301257
4722,3637811172,4724,8.4693068,49.4923602,2,Counter({0: 2}),0.0005915349932038714
4723,3645231381,4725,8.4589327,49.4918228,2,Counter({0: 2}),0.0006050564891333944
4724,3645268395,4726,8.4645196,49.4884191,4,Counter({0: 4}),0.014472535673868041
4725,3646253028,4727,8.4581885,49.4892465,2,Counter({0: 2}),0.0009250480526719307
4726,3646660591,4728,8.4682076,49.4936247,3,"Counter({1: 2, 0: 1})",0.004043949608795361
4727,3649619194,4729,8.5145011,49.5147123,1,Counter({0: 1}),0.0003084267818281514
4728,3651465845,4730,8.5377087,49.5026963,2,Counter({0: 2}),0.004615019379608617
4729,3657805079,4731,8.5360804,49.5190189,2,Counter({0: 2}),0.0006907062239645728
4730,3658002764,4732,8.5489582,49.516193,2,Counter({0: 2}),2.0325621095811145e-06
4731,3659780495,4733,8.5359583,49.5055703,3,"Counter({1: 2, 0: 1})",0.0012331844684844277
4732,3659781131,4734,8.5359474,49.5058768,3,"Counter({1: 2, 0: 1})",0.000616795490453172
4733,3666792518,4735,8.5205237,49.4947798,3,"Counter({1: 2, 0: 1})",0.005736911553285875
4734,3666792519,4736,8.5204567,49.4947915,4,Counter({1: 4}),0.009492713711816045
4735,3678726544,4737,8.506385,49.4681898,1,Counter({0: 1}),5.8073203130888986e-08
4736,3679559144,4738,8.4638264,49.4905544,1,Counter({0: 1}),0.0003084267818281514
4737,3682702873,4739,8.5024965,49.5026491,1,Counter({0: 1}),0.0003084267818281514
4738,3694047846,4740,8.5260227,49.479224,2,Counter({0: 2}),1.2776104688795577e-06
4739,3700623430,4741,8.4869301,49.4749422,2,Counter({0: 2}),0.00036575875405456097
4740,3700989776,4742,8.5310178,49.5061713,3,Counter({0: 3}),0.0008756242284112667
4741,3704616934,4743,8.4708834,49.475239,2,Counter({0: 2}),0.0006422941171767758
4742,3714869005,4744,8.5193768,49.5222151,2,Counter({0: 2}),0.0715467089160834
4743,3727766329,4745,8.4727285,49.474031,2,Counter({0: 2}),0.003891611879234692
4744,3740445396,4746,8.4712852,49.4738994,3,"Counter({1: 2, 0: 1})",0.0036742765723781893
4745,3741594716,4747,8.4807073,49.4573132,2,Counter({0: 2}),6.388052344397788e-07
4746,3746354129,4748,8.5525054,49.5079542,2,Counter({0: 2}),8.130248438324458e-07
4747,3748761844,4749,8.4635612,49.4940759,3,Counter({0: 3}),0.0024718198941255675
4748,3748761866,4750,8.4636627,49.4943948,2,Counter({0: 2}),0.000867761128670335
4749,3748836335,4751,8.4572337,49.4948438,1,Counter({0: 1}),0.0003084267818281514
4750,3760530568,4752,8.499658,49.453989,1,Counter({0: 1}),8.710980469633348e-07
4751,3760688279,4753,8.5201276,49.4639977,2,Counter({0: 2}),0.0009250480526719307
4752,3760688281,4754,8.5200406,49.4640275,2,Counter({0: 2}),0.0012331844684844277
4753,3760688283,4755,8.520272,49.4641569,2,Counter({0: 2}),0.000616795490453172
4754,3760688286,4756,8.5205505,49.4644639,1,Counter({0: 1}),0.0003084267818281514
4755,3760688290,4757,8.5207613,49.4646267,1,Counter({0: 1}),0.0003084267818281514
4756,3802218850,4758,8.4573319,49.4953762,1,Counter({0: 1}),0.0003084267818281514
4757,3802288793,4759,8.4582696,49.4967066,2,Counter({1: 2}),0.0003084267818281514
4758,3802288794,4760,8.4575823,49.4967145,3,"Counter({1: 2, 0: 1})",0.0011659853311761898
4759,3802428246,4761,8.470045,49.4845364,1,Counter({0: 1}),0.0003084267818281514
4760,3812570099,4762,8.4835994,49.4731446,3,Counter({0: 3}),0.011722725808545872
4761,3834013506,4763,8.5008535,49.454693,3,Counter({0: 3}),1.2582527345025948e-06
4762,3834013507,4764,8.5007999,49.4547328,3,Counter({0: 3}),1.5728159181282435e-06
4763,3839668158,4765,8.4725651,49.4646767,3,Counter({0: 3}),0.001553670224618088
4764,3839783119,4766,8.4825476,49.4679383,2,Counter({0: 2}),0.0032211535280259026
4765,3842351073,4767,8.5023882,49.5026554,3,Counter({0: 3}),0.003175984763759356
4766,3842501024,4768,8.5013503,49.502182,2,Counter({0: 2}),0.003318225395961281
4767,3842506690,4769,8.5021144,49.5025927,3,Counter({0: 3}),0.005421075439065179
4768,3842506693,4770,8.5021825,49.5025383,3,Counter({0: 3}),0.006192674731330756
4769,3852620195,4771,8.5378928,49.4966872,1,Counter({0: 1}),5.8073203130888986e-08
4770,3854034151,4772,8.4777863,49.4864321,2,Counter({0: 2}),0.0015850200184375704
4771,3860877548,4773,8.477949,49.4866095,2,Counter({0: 2}),0.0017302136758623175
4772,3862353129,4774,8.5497854,49.4729979,2,Counter({0: 2}),0.001032696387918847
4773,3862511699,4775,8.5452082,49.4737635,2,Counter({0: 2}),0.00035557430627573193
4774,3862580883,4776,8.55512,49.4715007,3,Counter({0: 3}),0.00307976714503887
4775,3864598522,4777,8.4810775,49.4924707,2,Counter({0: 2}),0.02651430141556345
4776,3869214912,4778,8.4924891,49.4973695,3,Counter({0: 3}),0.0019830888709894226
4777,3869214916,4779,8.4924892,49.4976832,1,Counter({0: 1}),0.0003084267818281514
4778,3875307492,4780,8.4859495,49.4664755,3,Counter({0: 3}),0.0021754367075838862
4779,3884838205,4781,8.4813227,49.4939865,3,Counter({0: 3}),0.0005895196749438699
4780,3884838439,4782,8.4801601,49.4941544,3,Counter({0: 3}),0.0005284544122234059
4781,3891403031,4783,8.5442498,49.4889992,2,Counter({0: 2}),0.000616795490453172
4782,3891403034,4784,8.5443804,49.4892435,1,Counter({0: 1}),0.0003084267818281514
4783,3891437204,4785,8.5439692,49.4886251,2,Counter({0: 2}),0.000373462962014434
4784,3891658477,4786,8.5425843,49.4876174,2,Counter({0: 2}),0.0009096644611624783
4785,3893087759,4787,8.4733285,49.4796883,3,"Counter({1: 2, 0: 1})",0.0043625450635938175
4786,3897879697,4788,8.4877676,49.5029907,3,Counter({0: 3}),0.002452462981699371
4787,3904068073,4789,8.5202121,49.4885551,3,Counter({0: 3}),0.00651106857486428
4788,3904068077,4790,8.5179457,49.4886309,3,Counter({0: 3}),0.001142569251893097
4789,3907122314,4791,8.5272173,49.4874064,2,Counter({0: 2}),0.0015412047378906629
4790,3913711604,4792,8.4558135,49.4856194,2,Counter({0: 2}),0.0004574945265660374
4791,3913711609,4793,8.4556934,49.4863788,2,Counter({0: 2}),0.0007651663567534872
4792,3920172003,4794,8.5256016,49.4937394,2,Counter({0: 2}),0.0015412047378906629
4793,3920643930,4795,8.4762,49.4731426,2,Counter({0: 2}),0.0004022031796756731
4794,3922812625,4796,8.5152207,49.4845918,2,Counter({0: 2}),0.02080282747282813
4795,3961389927,4797,8.5307889,49.5059286,2,Counter({0: 2}),0.000348890773982794
4796,3961436534,4798,8.5305945,49.5054132,2,Counter({0: 2}),0.0006368394762018886
4797,3991708295,4799,8.4760477,49.4907162,3,Counter({0: 3}),0.0011148445646630134
4798,3991708297,4800,8.4761568,49.490762,4,Counter({0: 4}),0.000880453066562439
4799,3991872376,4801,8.4773267,49.4913727,1,Counter({0: 1}),0.0003084267818281514
4800,3991872377,4802,8.4773169,49.4914848,3,Counter({0: 3}),0.0018494232790538438
4801,3991879059,4803,8.4758159,49.4910744,1,Counter({0: 1}),0.0003084267818281514
4802,3994186300,4804,8.533672,49.5090487,2,Counter({0: 2}),0.0009250480526719307
4803,3994211046,4805,8.5346138,49.509183,1,Counter({0: 1}),0.0003084267818281514
4804,4034405133,4806,8.5182611,49.5104413,2,Counter({1: 2}),0.0003084267818281514
4805,4034869549,4807,8.4880121,49.5271657,1,Counter({0: 1}),0.0003084267818281514
4806,4036602946,4808,8.4632911,49.4956874,2,Counter({0: 2}),0.008951718614775332
4807,4036641199,4809,8.4913514,49.5315407,2,Counter({0: 2}),0.0067597789176386085
4808,4037868908,4810,8.4930678,49.5297046,1,Counter({0: 1}),1.1614640626177797e-07
4809,4044436090,4811,8.4638865,49.49229,1,Counter({0: 1}),0.0003084267818281514
4810,4045819972,4812,8.5047792,49.5042452,2,Counter({0: 2}),0.0012331844684844277
4811,4056509060,4813,8.4668774,49.4781537,3,"Counter({1: 2, 0: 1})",0.0005985086363215577
4812,4058157212,4814,8.4836768,49.5100376,4,"Counter({1: 2, 0: 2})",0.0012646302403214408
4813,4058157213,4815,8.4838583,49.5101047,3,Counter({0: 3}),0.0007170057357677596
4814,4058157214,4816,8.4840208,49.5101647,4,Counter({0: 4}),0.004980064321525932
4815,4058157215,4817,8.4843079,49.5102826,3,Counter({0: 3}),0.0009093034417065989
4816,4058157216,4818,8.484614,49.5104644,2,Counter({0: 2}),0.0005909769162271389
4817,4079299036,4819,8.4891119,49.5288324,3,Counter({0: 3}),0.008218318256925896
4818,4079299037,4820,8.4890144,49.5288778,3,Counter({0: 3}),0.005119351846984877
4819,4079299043,4821,8.4898872,49.5298233,2,Counter({0: 2}),0.009508964353854893
4820,4098871779,4822,8.4931622,49.5336621,2,Counter({0: 2}),0.000616795490453172
4821,4109405275,4823,8.5081347,49.5010591,1,Counter({0: 1}),2.3229281252355594e-07
4822,4109461621,4824,8.5089356,49.5017075,1,Counter({0: 1}),1.1614640626177797e-07
4823,4109461627,4825,8.5088025,49.5018344,2,Counter({0: 2}),1.7421960939266694e-07
4824,4115798509,4826,8.4705847,49.5025348,2,Counter({0: 2}),0.0024963242336276414
4825,4136856309,4827,8.5015909,49.5043751,3,Counter({0: 3}),0.0005403740587930786
4826,4136856310,4828,8.5009239,49.5050727,3,Counter({0: 3}),0.0015416025393321096
4827,4150217422,4829,8.4929257,49.5180878,2,Counter({0: 2}),0.000616795490453172
4828,4213508931,4830,8.4962615,49.5150437,2,Counter({0: 2}),0.014696251654202186
4829,4213508934,4831,8.4960416,49.5150483,4,Counter({0: 4}),0.045427255935782535
4830,4213693383,4832,8.5241179,49.4753268,3,Counter({0: 3}),0.006669291793676349
4831,4217642232,4833,8.5094495,49.5137005,3,"Counter({1: 2, 0: 1})",0.0012003898290694137
4832,4222618237,4834,8.4772563,49.5172966,3,Counter({0: 3}),0.0024765579195070784
4833,4222705082,4835,8.4914928,49.4996348,3,Counter({0: 3}),0.002045141660480823
4834,4244013710,4836,8.4931183,49.5036776,3,Counter({0: 3}),0.008913168312307365
4835,4281976489,4837,8.4888735,49.4985154,4,Counter({0: 4}),0.029530068752877208
4836,4281976491,4838,8.4888623,49.4985577,4,"Counter({1: 2, 0: 1, 2: 1})",0.0022831970371873945
4837,4305741919,4839,8.5095034,49.5101955,2,Counter({0: 2}),0.0009250480526719307
4838,4305827262,4840,8.5087929,49.5115717,1,Counter({0: 1}),5.8073203130888986e-08
4839,4311213719,4841,8.4668124,49.4814608,2,Counter({0: 2}),0.0006637224631389712
4840,4311216182,4842,8.4919528,49.5068221,3,Counter({0: 3}),0.010126451162720628
4841,4324026086,4843,8.4562833,49.4881703,4,"Counter({0: 2, 1: 2})",0.004581715452728381
4842,4324026087,4844,8.4576435,49.4918754,2,Counter({0: 2}),9.872444532251128e-07
4843,4331368043,4845,8.5347872,49.517278,1,Counter({0: 1}),0.0003084267818281514
4844,4339744869,4846,8.4601346,49.4884978,2,Counter({0: 2}),0.00031680868081337634
4845,4375277041,4847,8.487136,49.5232099,2,Counter({0: 2}),0.0008027377201642984
4846,4375277042,4848,8.4867732,49.5233218,3,Counter({0: 3}),0.0016054301085198063
4847,4375277044,4849,8.4860415,49.523569,2,Counter({0: 2}),0.001711451846345588
4848,4392519569,4850,8.5055927,49.476278,2,Counter({0: 2}),0.0006166793440469102
4849,4392519575,4851,8.505685,49.4768796,3,Counter({0: 3}),0.001539985200624914
4850,4398059323,4852,8.5123228,49.505793,1,Counter({0: 1}),0.0003084267818281514
4851,4398059333,4853,8.5118226,49.5062855,2,Counter({0: 2}),1.7421960939266694e-07
4852,4398218667,4854,8.508467,49.4823052,3,Counter({0: 3}),0.02667408833998332
4853,4409330026,4855,8.5124556,49.4812226,2,Counter({0: 2}),0.0020088903397326766
4854,4409330027,4856,8.5093781,49.48207,2,Counter({0: 2}),0.0023122683478962874
4855,4438763530,4857,8.4941553,49.4893122,1,Counter({0: 1}),0.0003084267818281514
4856,4447131092,4858,8.4883796,49.498254,4,Counter({1: 4}),0.0006687483910827809
4857,4447131093,4859,8.4887986,49.4985254,4,"Counter({0: 2, 1: 2})",0.04230110263552468
4858,4471090975,4860,8.5261254,49.5031662,3,Counter({0: 3}),5.807320313088899e-07
4859,4471125662,4861,8.5167432,49.5062223,1,Counter({0: 1}),0.0003084267818281514
4860,4477452190,4862,8.5113557,49.5292668,2,Counter({0: 2}),0.0033868872797965764
4861,4482316113,4863,8.5108392,49.5311773,2,Counter({0: 2}),0.0009250480526719307
4862,4508616979,4864,8.4691825,49.480413,3,"Counter({1: 2, 0: 1})",0.0015412047378906629
4863,4510880397,4865,8.4696105,49.4808118,1,Counter({0: 1}),0.0003084267818281514
4864,4510880399,4866,8.4695454,49.480902,3,"Counter({1: 2, 0: 1})",0.001435983167956752
4865,4510880400,4867,8.4695413,49.4808367,3,"Counter({1: 2, 0: 1})",0.000616795490453172
4866,4512908712,4868,8.5059427,49.5267537,2,Counter({0: 2}),0.0005102892359111205
4867,4527155697,4869,8.493809,49.4980909,2,Counter({0: 2}),0.001434355734602412
4868,4527155698,4870,8.4929365,49.4976141,2,Counter({0: 2}),0.001559477072300481
4869,4527155725,4871,8.4946148,49.4985297,2,Counter({0: 2}),0.0027721243514529856
4870,4538619417,4872,8.4772985,49.500289,1,Counter({0: 1}),0.0003084267818281514
4871,4538619420,4873,8.4770298,49.4995929,2,Counter({0: 2}),0.000616795490453172
4872,4547007771,4874,8.525061,49.4744557,3,Counter({0: 3}),0.013952017224121434
4873,4547007773,4875,8.5251542,49.4744471,3,Counter({0: 3}),0.03930599118264322
4874,4547007774,4876,8.5254393,49.4757078,3,Counter({0: 3}),0.03496654633083551
4875,4547915241,4877,8.5135934,49.4808858,2,Counter({0: 2}),0.001722353283938004
4876,4547939779,4878,8.4903183,49.5021759,3,Counter({0: 3}),0.0007072086981872182
4877,4547939780,4879,8.4898605,49.5019321,1,Counter({0: 1}),0.0003084267818281514
4878,4547939781,4880,8.4906514,49.5019167,2,Counter({0: 2}),0.00037336479064723654
4879,4549288863,4881,8.5312695,49.5211106,4,Counter({0: 4}),0.024959190992274106
4880,4549288870,4882,8.531291,49.5225144,2,Counter({0: 2}),0.011885291757256479
4881,4550884964,4883,8.461927,49.4907921,2,Counter({0: 2}),0.005013776129636246
4882,4556221803,4884,8.4857147,49.4663333,3,Counter({0: 3}),0.030932146422828505
4883,4561606194,4885,8.4896563,49.5065759,1,Counter({0: 1}),1.1614640626177797e-07
4884,4561664468,4886,8.4904233,49.5066889,1,Counter({0: 1}),1.1614640626177797e-07
4885,4561664469,4887,8.4902001,49.5068638,2,Counter({0: 2}),1.7421960939266694e-07
4886,4561680542,4888,8.4907133,49.5066926,1,Counter({0: 1}),0.0003084267818281514
4887,4561680554,4889,8.4906825,49.5059742,2,Counter({0: 2}),0.000595624029082706
4888,4567186939,4890,8.4617601,49.4903373,2,Counter({0: 2}),0.006243325633044193
4889,4586935111,4891,8.4614507,49.4848357,3,"Counter({1: 2, 0: 1})",0.010981815217352956
4890,4586935121,4892,8.4590035,49.4862614,3,"Counter({1: 2, 0: 1})",0.00432772315563403
4891,4586935124,4893,8.4589952,49.4864295,3,"Counter({1: 2, 0: 1})",0.0018930267548697174
4892,4607694940,4894,8.4825234,49.4570531,2,Counter({0: 2}),0.003386887279796576
4893,4616997830,4895,8.4694578,49.5084754,1,Counter({0: 1}),0.0003084267818281514
4894,4619030206,4896,8.4631993,49.5057107,2,Counter({0: 2}),0.0006678515148724133
4895,4619207331,4897,8.4703666,49.5060782,1,Counter({0: 1}),0.0003084267818281514
4896,4619207332,4898,8.4700404,49.5061164,3,Counter({0: 3}),0.0733860644877601
4897,4621496655,4899,8.4769107,49.5004704,2,Counter({0: 2}),0.0008017972321061282
4898,4622593924,4900,8.4914661,49.4780305,3,Counter({0: 3}),0.0015102145476664519
4899,4623486200,4901,8.5365169,49.5187292,3,Counter({0: 3}),0.007475067528488096
4900,4633259409,4902,8.4663684,49.4892021,2,Counter({0: 2}),0.005110456668478357
4901,4662932231,4903,8.52505,49.47441,2,Counter({0: 2}),0.0006192740565224475
4902,4663223763,4904,8.5260566,49.4756761,2,Counter({0: 2}),0.008971833037207583
4903,4673406524,4905,8.5070316,49.5052979,1,Counter({0: 1}),0.0003084267818281514
4904,4686110494,4906,8.5241757,49.4799752,2,Counter({0: 2}),2.3810013283664484e-06
4905,4689424441,4907,8.5250142,49.4795871,2,Counter({0: 2}),1.0743542579214463e-06
4906,4694107975,4908,8.4590368,49.4919395,2,Counter({0: 2}),0.0008584534119252135
4907,4705492624,4909,8.4597721,49.4973622,3,"Counter({1: 2, 0: 1})",0.003272765878733055
4908,4706581589,4910,8.5013802,49.5004018,1,Counter({0: 1}),0.0003084267818281514
4909,4707268166,4911,8.5007237,49.5009227,2,Counter({0: 2}),0.0009250480526719307
4910,4709020768,4912,8.472843,49.4840976,2,Counter({0: 2}),0.0013364874403982221
4911,4755898666,4913,8.4917379,49.5320063,2,Counter({0: 2}),0.0061475712102327775
4912,4763933860,4914,8.4788891,49.5054679,3,Counter({0: 3}),0.053548507068502775
4913,4763933861,4915,8.4795614,49.505154,1,Counter({0: 1}),0.0003084267818281514
4914,4769316352,4916,8.4854632,49.4670042,3,Counter({0: 3}),0.0021386143817388906
4915,4778878132,4917,8.4733941,49.4796989,3,"Counter({1: 2, 0: 1})",0.002045082548026634
4916,4778878162,4918,8.4761314,49.4776153,4,"Counter({0: 2, 1: 2})",0.03639489351476908
4917,4778878213,4919,8.4726338,49.479391,2,Counter({0: 2}),0.00405620891707838
4918,4778878246,4920,8.4742073,49.4791876,3,Counter({0: 3}),0.014786023411440289
4919,4780722306,4921,8.4911862,49.5005568,3,Counter({0: 3}),0.0013661165548322432
4920,4780722308,4922,8.4926772,49.5009692,2,Counter({0: 2}),0.000616795490453172
4921,4813527557,4923,8.4678842,49.4776884,4,Counter({0: 4}),0.001014472817169784
4922,4861989040,4924,8.4771805,49.4922381,1,Counter({0: 1}),5.8073203130888986e-08
4923,4881553353,4925,8.4963748,49.478578,3,"Counter({1: 2, 0: 1})",0.0007149463461359094
4924,4882322483,4926,8.4891009,49.4837997,3,Counter({0: 3}),0.01289488252565795
4925,4882322484,4927,8.4890405,49.4837408,3,Counter({0: 3}),0.001533505367821473
4926,4882322487,4928,8.4888789,49.4838171,3,Counter({0: 3}),0.002838178321564471
4927,4885853864,4929,8.4985147,49.5023439,2,Counter({0: 2}),0.016794131540218655
4928,4890135930,4930,8.46564,49.4834525,3,Counter({0: 3}),0.0021044415563425773
4929,4890563109,4931,8.4910156,49.4601108,3,Counter({0: 3}),0.0012327489194609458
4930,4890563110,4932,8.4909516,49.4600861,2,Counter({0: 2}),0.000616795490453172
4931,4890563114,4933,8.4906927,49.4603627,2,Counter({0: 2}),0.0021474889785771437
4932,4890563115,4934,8.4907525,49.4603872,3,Counter({0: 3}),0.0018427498451478038
4933,4890563119,4935,8.4904455,49.4601039,1,Counter({0: 1}),0.0003084267818281514
4934,4895476633,4936,8.4704296,49.4910631,3,Counter({0: 3}),0.017649683522682615
4935,4895483490,4937,8.4697338,49.4903059,4,Counter({0: 4}),0.02655676287406419
4936,4909196414,4938,8.4575535,49.496556,2,Counter({0: 2}),0.0010568697259622946
4937,4909196948,4939,8.4574869,49.4962167,2,Counter({0: 2}),0.0009726775951968437
4938,4916007203,4940,8.4712313,49.4907448,4,Counter({0: 4}),0.014363504530221732
4939,4916007208,4941,8.4734484,49.4858052,2,Counter({0: 2}),0.00041771041421389946
4940,4917540830,4942,8.4591554,49.4934298,3,Counter({0: 3}),0.00979198866129635
4941,4932215408,4943,8.4842112,49.4687193,3,Counter({0: 3}),0.012061338107897033
4942,4941502830,4944,8.5120225,49.4851806,2,Counter({0: 2}),0.0029448054822550527
4943,4941502831,4945,8.5121068,49.4854785,3,Counter({0: 3}),0.022579070035848168
4944,4953736045,4946,8.5422495,49.4982763,2,Counter({0: 2}),2.9036601565444494e-07
4945,5040465952,4947,8.5245374,49.52351,2,Counter({0: 2}),0.055804999320733246
4946,5064237408,4948,8.4706898,49.4761354,3,"Counter({1: 2, 0: 1})",0.0008664334506335265
4947,5080799826,4949,8.4813475,49.4981052,2,Counter({0: 2}),0.000616795490453172
4948,5080799831,4950,8.4813319,49.4980493,1,Counter({0: 1}),0.0003084267818281514
4949,5086837420,4951,8.4669862,49.4860786,2,Counter({0: 2}),0.0009801559138914125
4950,5100161215,4952,8.4793616,49.4935367,2,Counter({0: 2}),0.002561701183199507
4951,5100161216,4953,8.4797886,49.4942035,4,Counter({0: 4}),0.0028881726635103504
4952,5100186133,4954,8.4797326,49.4941278,2,Counter({0: 2}),0.0024210908845711267
4953,5100468657,4955,8.4661194,49.4974019,2,Counter({0: 2}),0.0771735710491641
4954,5109331997,4956,8.5090083,49.507119,2,Counter({0: 2}),0.023536770721132673
4955,5155899263,4957,8.4732392,49.4749746,2,Counter({0: 2}),0.008009064938452054
4956,5180904547,4958,8.4849409,49.4739928,2,Counter({0: 2}),0.0017519415543975534
4957,5180904551,4959,8.485126,49.474526,2,Counter({0: 2}),0.002187043739213222
4958,5188059314,4960,8.4872844,49.4946741,2,Counter({0: 2}),0.0005892934336200785
4959,5189354539,4961,8.4750162,49.4834146,4,Counter({0: 4}),0.002419779511751611
4960,5218685539,4962,8.5176676,49.4886559,2,Counter({0: 2}),0.006258108947343013
4961,5240215891,4963,8.4889398,49.5277826,2,Counter({0: 2}),0.010781129685871709
4962,5248391353,4964,8.4825157,49.5127842,3,Counter({0: 3}),0.0006332509533738687
4963,5248391354,4965,8.4823783,49.5115175,3,Counter({0: 3}),0.0006587701750134935
4964,5248429537,4966,8.4848516,49.5125497,2,Counter({0: 2}),0.0390996857886441
4965,5249379162,4967,8.4705025,49.5023152,2,Counter({0: 2}),0.007252327074853022
4966,5256250269,4968,8.528673,49.4870552,1,Counter({0: 1}),5.8073203130888986e-08
4967,5256382599,4969,8.5289375,49.486997,1,Counter({0: 1}),5.8073203130888986e-08
4968,5256445151,4970,8.5281774,49.4871692,2,Counter({0: 2}),0.0009250480526719307
4969,5256445163,4971,8.5285542,49.487082,1,Counter({0: 1}),0.0003084267818281514
4970,5256482921,4972,8.5283773,49.4871219,2,Counter({0: 2}),0.000616795490453172
4971,5264397907,4973,8.5391585,49.4841573,2,Counter({0: 2}),0.037954380711426934
4972,5275741002,4974,8.5363793,49.5143276,1,Counter({0: 1}),0.0003084267818281514
4973,5293332632,4975,8.4908539,49.5046396,1,Counter({0: 1}),5.8073203130888986e-08
4974,5293332633,4976,8.490919,49.5046771,1,Counter({0: 1}),5.8073203130888986e-08
4975,5293332637,4977,8.4906245,49.5048976,2,Counter({0: 2}),0.00048122753054195686
4976,5293332641,4978,8.4901914,49.504669,2,Counter({0: 2}),0.0007005662672646325
4977,5293332642,4979,8.4897215,49.5044211,2,Counter({0: 2}),0.0009632561953225197
4978,5294183138,4980,8.5114347,49.5133269,2,Counter({0: 2}),0.000616795490453172
4979,5294453944,4981,8.4761259,49.4730777,2,Counter({0: 2}),0.0006280114125960964
4980,5296661597,4982,8.4732253,49.4858923,2,Counter({0: 2}),0.0005158500224817791
4981,5296661605,4983,8.4735506,49.4857653,2,Counter({0: 2}),0.0005357865110857757
4982,5298386605,4984,8.4849415,49.4740563,3,Counter({0: 3}),0.0019702573312635175
4983,5298386606,4985,8.476914,49.4727385,3,Counter({0: 3}),0.0016955922535342263
4984,5325997157,4986,8.5400895,49.4847964,2,Counter({0: 2}),0.005408043812282731
4985,5326010448,4987,8.5422643,49.4862261,2,Counter({0: 2}),0.0021052755672214688
4986,5344728905,4988,8.4932175,49.5244179,1,Counter({0: 1}),0.0003084267818281514
4987,5364409575,4989,8.5077205,49.5198806,2,Counter({0: 2}),0.0005533710588381142
4988,5453689981,4990,8.4648933,49.4990797,2,Counter({0: 2}),0.0006175274333858619
4989,5453762371,4991,8.4738423,49.5075654,1,Counter({0: 1}),1.7421960939266694e-07
4990,5453762373,4992,8.4736278,49.5078405,2,Counter({0: 2}),2.9036601565444494e-07
4991,5464075684,4993,8.468991,49.4737628,3,"Counter({1: 2, 0: 1})",0.0016369619152795704
4992,5499308508,4994,8.4810059,49.4905979,1,Counter({0: 1}),0.0003084267818281514
4993,5568292195,4995,8.4768056,49.5281575,2,Counter({0: 2}),0.000616795490453172
4994,5583991521,4996,8.4709099,49.4763161,3,Counter({0: 3}),0.002372355262559139
4995,5627534171,4997,8.4885181,49.5052444,2,Counter({0: 2}),0.000362068159735644
4996,5627534172,4998,8.4888454,49.5049952,3,Counter({0: 3}),0.0011901792887360628
4997,5627534173,4999,8.4881798,49.505504,2,Counter({0: 2}),0.0004318775252711903
4998,5629380843,5000,8.5123588,49.490103,3,Counter({0: 3}),0.0005620057567674514
4999,5643137301,5001,8.4863461,49.4640642,1,Counter({0: 1}),0.0003084267818281514
5000,5654692927,5002,8.5304148,49.5078697,2,Counter({0: 2}),0.030310019332555806
5001,5682827633,5003,8.4718049,49.5048473,2,Counter({0: 2}),0.0021568968374843477
5002,5682827634,5004,8.4719183,49.5053204,3,"Counter({1: 2, 0: 1})",0.0007707765885547241
5003,5682827644,5005,8.4730797,49.5054285,2,Counter({0: 2}),0.0004625820995390962
5004,5682827647,5006,8.4764461,49.5039612,2,Counter({0: 2}),0.000616795490453172
5005,5682827651,5007,8.470096,49.5050337,2,Counter({0: 2}),0.004757826603972655
5006,5693655245,5008,8.4716172,49.496104,3,"Counter({1: 2, 0: 1})",0.0006889829737705519
5007,5709549878,5009,8.4848949,49.4835567,2,Counter({0: 2}),0.0009492556893985529
5008,5715728828,5010,8.4758339,49.4961986,3,Counter({0: 3}),0.0007442774711546229
5009,5745545956,5011,8.4714407,49.4800632,1,Counter({0: 1}),0.0003084267818281514
5010,5745546554,5012,8.4717823,49.4787792,2,Counter({0: 2}),0.0008748887261952338
5011,5759262561,5013,8.5256459,49.5145422,2,Counter({0: 2}),0.0038456075113274687
5012,5759262563,5014,8.5255583,49.5144226,3,Counter({0: 3}),0.005228824100100548
5013,5792990726,5015,8.4879096,49.4971821,2,Counter({0: 2}),0.0015447310228128676
5014,5796986862,5016,8.4951886,49.524417,1,Counter({0: 1}),5.8073203130888986e-08
5015,5796994785,5017,8.4955987,49.5089023,3,Counter({0: 3}),0.0037378562016695195
5016,5796994787,5018,8.495942,49.5090123,3,Counter({0: 3}),0.02059576092874178
5017,5796995317,5019,8.4957826,49.5089105,3,Counter({0: 3}),0.0006591242018667088
5018,5797090610,5020,8.4939364,49.5231756,2,Counter({0: 2}),0.013898486087634753
5019,5809152701,5021,8.5155104,49.5141676,1,Counter({0: 1}),1.1614640626177797e-07
5020,5809180840,5022,8.5166913,49.5134494,1,Counter({0: 1}),0.0003084267818281514
5021,5810627934,5023,8.4894195,49.5036493,1,Counter({0: 1}),0.0003084267818281514
5022,5810627935,5024,8.4897061,49.5038021,3,Counter({0: 3}),0.0007473563909343139
5023,5810627936,5025,8.4895697,49.5035252,1,Counter({0: 1}),0.0003084267818281514
5024,5810627937,5026,8.4898615,49.5036796,3,Counter({0: 3}),0.0021615725008483832
5025,5811610658,5027,8.4745653,49.4742949,4,Counter({0: 4}),0.012906274743422071
5026,5844621684,5028,8.5085423,49.5051169,1,Counter({0: 1}),0.0003084267818281514
5027,5860226465,5029,8.5101779,49.5059293,2,Counter({0: 2}),0.025771974244174465
5028,5881559809,5030,8.4735018,49.479774,4,Counter({0: 4}),0.00442969324910937
5029,5888807466,5031,8.5484504,49.4956753,2,Counter({0: 2}),0.0021568968374843477
5030,5894926015,5032,8.4737333,49.4951992,1,Counter({0: 1}),0.0003084267818281514
5031,5905892223,5033,8.5173779,49.5107056,3,"Counter({1: 2, 0: 1})",0.008656232295035999
5032,5905976515,5034,8.5053724,49.5186699,3,Counter({0: 3}),0.003714185859167059
5033,5906075961,5035,8.4886228,49.522699,3,Counter({0: 3}),0.013238089194744954
5034,5906085899,5036,8.4882622,49.5228958,3,Counter({0: 3}),0.002765312918170725
5035,5906085900,5037,8.4881007,49.5229375,2,Counter({0: 2}),0.0018844911117630414
5036,5911240547,5038,8.483319,49.5244021,2,Counter({0: 2}),0.000616795490453172
5037,5911240550,5039,8.4833995,49.5243685,3,Counter({0: 3}),0.008931592212297421
5038,5911300266,5040,8.4855294,49.5236876,2,Counter({0: 2}),0.002073418295359657
5039,5911300273,5041,8.48547,49.5237076,3,"Counter({1: 2, 0: 1})",0.002241694398194074
5040,5911300278,5042,8.4854428,49.5236733,2,Counter({1: 2}),0.0003084267818281514
5041,5911482231,5043,8.486491,49.52649,2,Counter({0: 2}),0.0015454074854896265
5042,5919924351,5044,8.5086837,49.4978433,3,Counter({0: 3}),0.0009796232916226295
5043,5922328901,5045,8.495052,49.5041723,1,Counter({0: 1}),0.0003084267818281514
5044,5922368297,5046,8.49756,49.505531,1,Counter({0: 1}),0.0003084267818281514
5045,5922373786,5047,8.496349,49.5061275,2,Counter({0: 2}),0.0003102115649377074
5046,5926564115,5048,8.4923873,49.5219697,2,Counter({0: 2}),0.003173199511529744
5047,5926564120,5049,8.4921029,49.5220084,2,Counter({0: 2}),0.0032247793387114388
5048,5926572904,5050,8.4933431,49.5219375,2,Counter({0: 2}),0.013398326799480489
5049,5927453350,5051,8.4879309,49.4967551,2,Counter({0: 2}),0.007037048608388243
5050,5927453351,5052,8.4876209,49.4964976,2,Counter({0: 2}),0.007182443578391842
5051,5927453357,5053,8.4874439,49.4965733,3,Counter({0: 3}),0.007645821330704896
5052,5927453358,5054,8.4873755,49.4965996,3,Counter({0: 3}),0.002027232727252265
5053,5928694703,5055,8.5070399,49.4991689,1,Counter({0: 1}),0.0003084267818281514
5054,5928723435,5056,8.5117468,49.4980028,3,Counter({0: 3}),0.0009760658894553449
5055,5968670531,5057,8.5104946,49.4638768,2,Counter({0: 2}),0.000616795490453172
5056,5968670533,5058,8.5105798,49.464005,1,Counter({0: 1}),0.0003084267818281514
5057,5968670556,5059,8.5113123,49.4643925,3,Counter({0: 3}),0.014904382991532275
5058,5968670557,5060,8.5113136,49.4643539,3,Counter({0: 3}),0.0018017177448749725
5059,5971628483,5061,8.4922747,49.5011441,2,Counter({0: 2}),0.0008266690692774919
5060,5995424518,5062,8.4987521,49.5251532,1,Counter({0: 1}),0.0003084267818281514
5061,6012918407,5063,8.4921814,49.5325286,2,Counter({0: 2}),0.003694094524358979
5062,6027045508,5064,8.4788893,49.4597387,1,Counter({0: 1}),2.9036601565444494e-07
5063,6033910207,5065,8.4726567,49.4878249,2,Counter({0: 2}),0.001089847071158684
5064,6033924910,5066,8.4719873,49.4879089,2,Counter({0: 2}),0.0014484866251693158
5065,6044505192,5067,8.4939297,49.5231089,2,Counter({0: 2}),0.01364333057914536
5066,6080593774,5068,8.5022186,49.523385,3,"Counter({1: 2, 0: 1})",0.000760898694315013
5067,6081728654,5069,8.5010104,49.4547839,3,Counter({0: 3}),1.3792385743586132e-06
5068,6081728655,5070,8.5009513,49.4548281,3,Counter({0: 3}),2.1777451174083372e-06
5069,6096388460,5071,8.488616,49.5287881,2,Counter({0: 2}),0.0034322382371369405
5070,6096462502,5072,8.4915976,49.5219538,3,Counter({0: 3}),0.00907183409596276
5071,6096462503,5073,8.491623,49.5220078,3,Counter({0: 3}),0.00564857929067079
5072,6116116843,5074,8.495817,49.5089332,4,Counter({0: 4}),0.0007138962751903167
5073,6116132371,5075,8.4701215,49.5061119,4,Counter({0: 4}),0.0010386964875893094
5074,6172746472,5076,8.4717463,49.4913043,1,Counter({0: 1}),0.0003084267818281514
5075,6172747190,5077,8.4722414,49.4918484,1,Counter({0: 1}),0.0003084267818281514
5076,6173466578,5078,8.5490698,49.513776,2,Counter({0: 2}),3.716685000376895e-06
5077,6191728046,5079,8.493923,49.5230299,2,Counter({0: 2}),0.013428586717909691
5078,6203170560,5080,8.4887474,49.4756647,2,Counter({0: 2}),0.005875720648329356
5079,6266920255,5081,8.5055025,49.5186357,3,Counter({0: 3}),0.0039512561982286525
5080,6266920256,5082,8.5054718,49.5185985,3,Counter({0: 3}),0.0009700563611775514
5081,6266955162,5083,8.4969089,49.5210469,1,Counter({0: 1}),0.0003084267818281514
5082,6266955163,5084,8.4969021,49.5209985,3,Counter({0: 3}),0.0018493411537031598
5083,6266964051,5085,8.4953098,49.5214429,2,Counter({0: 2}),0.003079563888827912
5084,6266964053,5086,8.495777,49.5213123,3,Counter({0: 3}),0.002772821229890556
5085,6266964054,5087,8.4957426,49.5212668,2,Counter({0: 2}),0.000616795490453172
5086,6266967301,5088,8.4942492,49.5216492,3,Counter({0: 3}),0.0006752034122273956
5087,6270908845,5089,8.4847238,49.5008099,2,Counter({0: 2}),0.0007051411997757228
5088,6270908847,5090,8.4763347,49.5017228,3,Counter({0: 3}),0.05318723775807292
5089,6282888040,5091,8.5289546,49.5235845,2,Counter({0: 2}),0.0012331844684844277
5090,6297374246,5092,8.4890312,49.5286271,1,Counter({0: 1}),0.0003084267818281514
5091,6297389259,5093,8.4905331,49.5280316,2,Counter({0: 2}),0.0009250480526719307
5092,6297653010,5094,8.5290137,49.5221379,3,Counter({0: 3}),0.047054335495630976
5093,6297922216,5095,8.5185918,49.5123591,1,Counter({0: 1}),0.0003084267818281514
5094,6312513504,5096,8.4894083,49.5040369,2,Counter({0: 2}),0.001006156339442014
5095,6312513508,5097,8.4897486,49.5037686,3,Counter({0: 3}),0.0018880072383877379
5096,6312649539,5098,8.4911891,49.5030501,1,Counter({0: 1}),0.0003084267818281514
5097,6312649540,5099,8.4909519,49.502924,3,Counter({0: 3}),0.009659453447578821
5098,6312649543,5100,8.4902875,49.5034464,2,Counter({0: 2}),0.0022898705599468357
5099,6312774603,5101,8.4742019,49.4815658,2,Counter({0: 2}),0.0003111189994900988
5100,6314665898,5102,8.4594727,49.4882509,2,Counter({0: 2}),0.002860984410684646
5101,6314719454,5103,8.4564061,49.4881241,3,"Counter({1: 2, 0: 1})",0.0012598703464006128
5102,6327873081,5104,8.4758829,49.4997377,4,Counter({0: 4}),0.0027907429134210004
5103,6346148206,5105,8.4985983,49.5230592,2,Counter({0: 2}),0.0022064721883553163
5104,6371184267,5106,8.5497268,49.5147649,1,Counter({0: 1}),9.291712500942238e-07
5105,6384347199,5107,8.5360143,49.524488,2,Counter({0: 2}),0.0018491088608906363
5106,6384347201,5108,8.5356792,49.5248499,2,Counter({0: 2}),0.0021568968374843477
5107,6386638923,5109,8.5364799,49.5240047,2,Counter({0: 2}),0.0009250480526719307
5108,6416664445,5110,8.4890386,49.498659,4,"Counter({0: 2, 1: 2})",0.014946841630363406
5109,6511444191,5111,8.4678957,49.4778718,4,Counter({0: 4}),0.0011336668872259268
5110,6511444192,5112,8.4677576,49.4777407,4,Counter({0: 4}),0.0014796139695832393
5111,6516449137,5113,8.4821024,49.4557572,1,Counter({0: 1}),5.8073203130888986e-08
5112,6518963928,5114,8.4668627,49.4780718,3,"Counter({1: 2, 0: 1})",0.0013819179134933724
5113,6518963931,5115,8.4665271,49.4782021,3,Counter({0: 3}),0.002251668678623917
5114,6547600150,5116,8.4908033,49.4908403,2,Counter({0: 2}),0.0008896435690085014
5115,6556166866,5117,8.5253418,49.4979238,1,Counter({0: 1}),5.8073203130888986e-08
5116,6556166870,5118,8.5253105,49.497846,1,Counter({0: 1}),5.8073203130888986e-08
5117,6556380866,5119,8.5205185,49.5123788,2,Counter({0: 2}),0.1383270524487129
5118,6569794549,5120,8.4934136,49.4705182,1,Counter({0: 1}),0.0003084267818281514
5119,6595668390,5121,8.5355918,49.4535725,2,Counter({0: 2}),0.0015412047378906629
5120,6624930306,5122,8.4744129,49.5174454,2,Counter({0: 2}),0.0009250480526719307
5121,6731299216,5123,8.5148979,49.5125762,2,Counter({0: 2}),0.0027721243514529856
5122,6731373426,5124,8.5142558,49.5127343,2,Counter({0: 2}),0.0021568968374843477
5123,6731373436,5125,8.5137354,49.5128672,2,Counter({0: 2}),0.0018491088608906363
5124,6731373439,5126,8.5136871,49.5128782,2,Counter({0: 2}),0.0015412047378906629
5125,6788887029,5127,8.4913165,49.5105545,3,"Counter({1: 2, 0: 1})",0.0003756746466589054
5126,6788887030,5128,8.4915587,49.5104094,3,Counter({0: 3}),0.0008103137701399187
5127,6788887031,5129,8.4916891,49.510681,2,Counter({0: 2}),0.008440277375936743
5128,6788887034,5130,8.4914194,49.5104348,3,Counter({0: 3}),0.0008260981935895514
5129,6788887052,5131,8.4917436,49.5104775,2,Counter({0: 2}),0.0005704593128025212
5130,6788887060,5132,8.4913654,49.5106531,3,"Counter({1: 2, 0: 1})",0.00867676359102844
5131,6788887061,5133,8.4923973,49.5104252,3,Counter({0: 3}),0.008416655408190105
5132,6788887080,5134,8.4915017,49.5103253,4,"Counter({0: 2, 1: 2})",0.0037949998394901634
5133,6837583242,5135,8.4679088,49.4819832,2,Counter({0: 2}),0.0011572222700959246
5134,6838389013,5136,8.4657511,49.4833185,4,"Counter({0: 2, 1: 2})",0.0021373439129151713
5135,6838389025,5137,8.4657832,49.4832344,4,Counter({0: 4}),0.0026527876012863673
5136,6871504572,5138,8.4923104,49.5000644,3,Counter({0: 3}),0.0016336938316701723
5137,7001789045,5139,8.4737685,49.4746894,2,Counter({0: 2}),0.008261598877140154
5138,7001856049,5140,8.4747279,49.4744067,3,Counter({0: 3}),0.0026778562494560953
5139,7008462627,5141,8.501933,49.5035441,2,Counter({0: 2}),0.0061475712102327775
5140,7008800137,5142,8.4695854,49.4768575,2,Counter({0: 2}),0.00032664309539320825
5141,7008821291,5143,8.4679023,49.4778935,1,Counter({0: 1}),0.0003084267818281514
5142,7008822278,5144,8.5016368,49.5040544,3,Counter({0: 3}),0.004894726058828398
5143,7008822284,5145,8.5017666,49.5040851,3,Counter({0: 3}),0.0006679570145247732
5144,7022223568,5146,8.4760593,49.4775452,3,Counter({0: 3}),0.03606545858528541
5145,7036597583,5147,8.4589242,49.4913875,2,Counter({0: 2}),0.00036277006840845815
5146,7055630477,5148,8.5056304,49.4760984,2,Counter({0: 2}),0.0003084848550312823
5147,7058365163,5149,8.4844658,49.4949858,2,Counter({0: 2}),0.00039377296806048325
5148,7059274546,5150,8.5030063,49.5132068,1,Counter({0: 1}),3.484392187853339e-07
5149,7059274552,5151,8.5064299,49.5141216,1,Counter({0: 1}),5.8073203130888986e-08
5150,7059274557,5152,8.5061666,49.5133282,1,Counter({0: 1}),5.8073203130888986e-08
5151,7066764080,5153,8.5418346,49.4743831,2,Counter({0: 2}),0.0005444529635794368
5152,7130369387,5154,8.4727,49.4993403,2,Counter({0: 2}),0.04786037787012498
5153,7156283688,5155,8.4772425,49.5049298,2,Counter({0: 2}),0.05410175491644754
5154,7165026052,5156,8.4719126,49.5052332,3,"Counter({1: 2, 0: 1})",0.0018491088608906363
5155,7172927061,5157,8.4716594,49.5048648,2,Counter({0: 2}),0.0024645686676717975
5156,7172927062,5158,8.4715848,49.5045074,3,"Counter({1: 2, 0: 1})",0.002881299690884589
5157,7172927063,5159,8.4715467,49.5045116,3,"Counter({1: 2, 0: 1})",0.0014328632415493018
5158,7172927068,5160,8.4715932,49.5046134,3,"Counter({1: 2, 0: 1})",0.0027721243514529856
5159,7172927070,5161,8.4719564,49.5053159,3,"Counter({1: 2, 0: 1})",0.0007707765885547241
5160,7182507743,5162,8.4832236,49.4973697,2,Counter({0: 2}),0.0005621671506006308
5161,7184207695,5163,8.509555,49.4629693,1,Counter({0: 1}),3.484392187853339e-07
5162,7188925341,5164,8.482978,49.4974218,2,Counter({0: 2}),0.00041277121225239853
5163,7190855326,5165,8.5188749,49.5123397,2,Counter({0: 2}),0.000616795490453172
5164,7202850020,5166,8.5036741,49.4704396,1,Counter({0: 1}),1.7421960939266694e-07
5165,7212692628,5167,8.4887241,49.4631512,1,Counter({0: 1}),0.0003084267818281514
5166,7217816933,5168,8.5006684,49.4951325,1,Counter({0: 1}),5.8073203130888986e-08
5167,7222209981,5169,8.4657913,49.4847732,2,Counter({0: 2}),0.0003294049450506162
5168,7222905500,5170,8.4739152,49.4980774,2,Counter({0: 2}),0.001357273863516298
5169,7242283758,5171,8.4718712,49.470225,2,Counter({0: 2}),0.0003539411834603016
5170,7260077753,5172,8.5287371,49.4910198,1,Counter({0: 1}),0.0003084267818281514
5171,7261546080,5173,8.4852796,49.4668964,3,Counter({0: 3}),0.001273246023544128
5172,7261906124,5174,8.5369628,49.523385,1,Counter({0: 1}),0.0003084267818281514
5173,7261906125,5175,8.5371682,49.5230605,2,Counter({0: 2}),0.000616795490453172
5174,7266491496,5176,8.5039616,49.4877188,1,Counter({0: 1}),0.0003084267818281514
5175,7273964039,5177,8.4819779,49.5243136,4,Counter({0: 4}),0.0004849814696298098
5176,7358738255,5178,8.4827412,49.4828578,2,Counter({0: 2}),0.0003568167381644989
5177,7358738258,5179,8.4839758,49.4825455,2,Counter({0: 2}),0.009856974985284714
5178,7360168500,5180,8.5234796,49.5235702,2,Counter({0: 2}),0.05608886113763695
5179,7360304927,5181,8.5234585,49.5235923,2,Counter({0: 2}),0.0563727229545407
5180,7364705851,5182,8.5233216,49.5221348,2,Counter({0: 2}),0.0070083128693038425
5181,7364705853,5183,8.5217252,49.5222713,2,Counter({0: 2}),0.0075792305292834905
5182,7369008280,5184,8.5363583,49.5241345,2,Counter({0: 2}),0.0012331844684844277
5183,7369019362,5185,8.5347948,49.5248205,2,Counter({0: 2}),0.021094202517288423
5184,7387180853,5186,8.4670201,49.4782452,2,Counter({0: 2}),0.0005690999576299083
5185,7409941399,5187,8.4650638,49.474358,2,Counter({0: 2}),0.0015088304277958917
5186,7413593242,5188,8.5316932,49.484166,2,Counter({0: 2}),0.046428887097911306
5187,7413814305,5189,8.532505,49.4842836,1,Counter({0: 1}),0.0003084267818281514
5188,7444124121,5190,8.4559387,49.4877766,2,Counter({0: 2}),0.0012163846589718752
5189,7444124124,5191,8.4561332,49.4888358,2,Counter({0: 2}),0.006354690034388423
5190,7511477422,5192,8.4992934,49.4890958,2,Counter({0: 2}),0.000616795490453172
5191,7597463852,5193,8.4703005,49.5270094,2,Counter({0: 2}),3.077879765937116e-06
5192,7601672741,5194,8.4935021,49.4568022,2,Counter({0: 2}),0.0012331844684844277
5193,7635645190,5195,8.4558501,49.4873397,2,Counter({0: 2}),0.0010810562390268033
5194,7645651597,5196,8.5147362,49.4776422,1,Counter({0: 1}),0.0003084267818281514
5195,7669403437,5197,8.4791036,49.4719676,2,Counter({0: 2}),0.0011980179891903397
5196,7687693233,5198,8.5135259,49.4776384,2,Counter({0: 2}),0.0005551160072300594
5197,7687700722,5199,8.5138223,49.4776387,2,Counter({0: 2}),0.0008066481138682206
5198,7687895849,5200,8.5138997,49.4784579,1,Counter({0: 1}),0.0003084267818281514
5199,7699493267,5201,8.5135691,49.485087,2,Counter({0: 2}),0.021088334697153963
5200,7699583624,5202,8.4846705,49.4680621,3,Counter({0: 3}),0.001320602796432376
5201,7814983889,5203,8.4990253,49.4799148,2,Counter({0: 2}),0.026788752637204694
5202,7848714259,5204,8.4657021,49.5076116,1,Counter({0: 1}),1.7421960939266694e-07
5203,7848714264,5205,8.4655637,49.5075149,2,Counter({0: 2}),2.9036601565444494e-07
5204,7848714265,5206,8.4656829,49.5074431,2,Counter({0: 2}),2.9036601565444494e-07
5205,7854955721,5207,8.489003,49.4982692,4,"Counter({1: 2, 0: 2})",0.003963899961441988
5206,7855076450,5208,8.5408788,49.4839176,2,Counter({0: 2}),0.0012331844684844277
5207,7869889907,5209,8.486482,49.4799592,2,Counter({0: 2}),0.0010658467779450028
5208,7879983981,5210,8.5042124,49.5138417,2,Counter({0: 2}),8.130248438324458e-07
5209,7944837239,5211,8.4670645,49.470103,4,Counter({0: 4}),0.00456739320771553
5210,7945536926,5212,8.4924796,49.4552995,2,Counter({0: 2}),0.0007939042417015157
5211,7945648144,5213,8.4911508,49.4545275,2,Counter({0: 2}),0.000616795490453172
5212,7952070090,5214,8.5328069,49.4871204,2,Counter({0: 2}),0.000616795490453172
5213,7975563963,5215,8.5421307,49.4835905,1,Counter({0: 1}),3.484392187853339e-07
5214,7975563964,5216,8.5418572,49.4836601,1,Counter({0: 1}),0.0003084267818281514
5215,7978798959,5217,8.542658,49.4857069,1,Counter({0: 1}),0.0003084267818281514
5216,7978905412,5218,8.5317685,49.4857922,1,Counter({0: 1}),9.291712500942238e-07
5217,8017402117,5219,8.4719442,49.4704276,3,Counter({0: 3}),0.0010557726996447878
5218,8017405974,5220,8.4720509,49.4704384,3,Counter({0: 3}),0.004547104201977106
5219,8017405975,5221,8.4718302,49.4704142,2,Counter({0: 2}),0.0005234291577290349
5220,8065690373,5222,8.4714484,49.5035725,2,Counter({0: 2}),0.003762833650437039
5221,8103939308,5223,8.497097,49.4782982,3,Counter({0: 3}),0.031701536267121945
5222,8104484578,5224,8.4714309,49.4795375,4,Counter({0: 4}),0.0011462026538479177
5223,8119691474,5225,8.4951566,49.50838,3,Counter({0: 3}),0.007477574069949314
5224,8119691479,5226,8.4964424,49.5085505,3,Counter({0: 3}),0.012773055406165487
5225,8119691483,5227,8.4960276,49.5089062,4,"Counter({1: 2, 0: 2})",0.0006290729749602522
5226,8119691484,5228,8.4956834,49.508905,4,Counter({0: 4}),0.0017072765986595215
5227,8119691485,5229,8.4956758,49.5090265,3,Counter({0: 3}),0.0007463303999840523
5228,8119691486,5230,8.4955538,49.5086149,3,Counter({0: 3}),0.0012640475246346228
5229,8119691487,5231,8.4956831,49.5087543,3,Counter({0: 3}),0.0004985983006439396
5230,8119691488,5232,8.4958239,49.5088431,4,Counter({0: 4}),0.00048022025121590236
5231,8119691489,5233,8.4959099,49.5088697,4,"Counter({0: 2, 1: 2})",0.0003848980673749073
5232,8119691490,5234,8.4953737,49.5092507,3,Counter({0: 3}),0.008435665968947488
5233,8119691491,5235,8.4959002,49.5089859,4,Counter({0: 4}),0.008869199033770609
5234,8119691492,5236,8.4961775,49.5088066,4,"Counter({1: 2, 0: 2})",0.012403151479500161
5235,8119691493,5237,8.4964145,49.5085704,3,"Counter({1: 2, 0: 1})",0.012374189708326771
5236,8119723601,5238,8.4910416,49.5106559,3,"Counter({1: 2, 0: 1})",0.009199834620710503
5237,8119723602,5239,8.4914147,49.5102255,3,"Counter({1: 2, 0: 1})",0.0021568968374843477
5238,8119723603,5240,8.4914208,49.5103396,4,"Counter({1: 2, 0: 2})",0.006806077049067521
5239,8119723604,5241,8.4920982,49.510477,2,Counter({0: 2}),0.00039836010598371443
5240,8119752385,5242,8.495491,49.5085714,3,Counter({0: 3}),0.0035857187100871374
5241,8151982553,5243,8.4802074,49.4800301,2,Counter({0: 2}),0.00035667280384389015
5242,8173504886,5244,8.5281806,49.5146168,4,"Counter({1: 2, 2: 1, 0: 1})",0.0018493701903047252
5243,8173543632,5245,8.5295154,49.5148964,2,Counter({0: 2}),0.0015412047378906629
5244,8173543635,5246,8.5291558,49.5150565,1,Counter({0: 1}),5.8073203130888986e-08
5245,8173613974,5247,8.5287536,49.5151744,1,Counter({0: 1}),5.8073203130888986e-08
5246,8194104340,5249,8.4958798,49.4769639,2,Counter({0: 2}),0.01481922445748147
5247,8235027001,5250,8.5439353,49.4830735,1,Counter({0: 1}),3.484392187853339e-07
5248,8261607896,5251,8.5221093,49.469322,1,Counter({0: 1}),0.0003084267818281514
5249,8261707558,5252,8.522478,49.4687774,2,Counter({0: 2}),0.010008381848751538
5250,8261707559,5253,8.5223918,49.4687858,3,Counter({0: 3}),0.020172697082843152
5251,8261707562,5254,8.5224268,49.4689573,2,Counter({0: 2}),0.020382987210616765
5252,8266615310,5255,8.50341,49.5207815,2,Counter({0: 2}),0.0026734567773542676
5253,8270652921,5256,8.5055805,49.5307645,1,Counter({0: 1}),5.8073203130888986e-08
5254,8277786333,5257,8.4807345,49.4835866,2,Counter({0: 2}),0.0004049442033022556
5255,8310313280,5258,8.4693338,49.4886621,2,Counter({0: 2}),0.025522838179065834
5256,8310313284,5259,8.4692601,49.4894622,2,Counter({0: 2}),0.00031213963092729393
5257,8310347804,5260,8.4685104,49.4889786,3,Counter({0: 3}),0.01659955185074002
5258,8310935776,5261,8.4630684,49.4908515,2,Counter({0: 2}),0.0006655934671586474
5259,8310935781,5262,8.462763,49.4909707,2,Counter({0: 2}),0.00042173079247549814
5260,8320625378,5263,8.4750058,49.5290823,1,Counter({0: 1}),0.0003084267818281514
5261,8321395527,5264,8.4645196,49.4892547,2,Counter({0: 2}),0.0003257018267170042
5262,8333202711,5265,8.4802493,49.5283258,2,Counter({0: 2}),0.000616795490453172
5263,8341714810,5266,8.4772206,49.5278962,2,Counter({0: 2}),0.0009250480526719307
5264,8347748430,5267,8.5019433,49.4941341,1,Counter({0: 1}),0.0003084267818281514
5265,8374443689,5268,8.4660088,49.4837933,2,Counter({0: 2}),0.0035019261139836496
5266,8380890948,5269,8.493122,49.4798713,1,Counter({0: 1}),0.0003084267818281514
5267,8381082749,5270,8.464462,49.4919947,3,Counter({0: 3}),0.0038465988550141265
5268,8382160941,5271,8.4676689,49.4906162,2,Counter({0: 2}),0.0005050710212477479
5269,8391907502,5272,8.4710237,49.4892896,1,Counter({0: 1}),0.0003084267818281514
5270,8391907511,5273,8.4722091,49.4890024,1,Counter({0: 1}),0.0003084267818281514
5271,8392164153,5274,8.4712154,49.4887029,2,Counter({0: 2}),0.0007621055641225131
5272,8417425559,5275,8.5497359,49.5143307,2,Counter({0: 2}),2.5552209377591153e-06
5273,8439282307,5276,8.4821741,49.4947823,2,Counter({0: 2}),0.0003154697055832628
5274,8439319925,5277,8.4817059,49.4948611,2,Counter({0: 2}),0.0005625706240454436
5275,8464063295,5278,8.5233737,49.5160056,3,Counter({0: 3}),0.0018494573001094216
5276,8464063302,5279,8.523061,49.5159944,1,Counter({0: 1}),0.0003084267818281514
5277,8464063303,5280,8.5233162,49.5159206,2,Counter({0: 2}),0.000616795490453172
5278,8464063306,5281,8.5229022,49.515765,1,Counter({0: 1}),5.8073203130888986e-08
5279,8464063307,5282,8.5231629,49.5156911,1,Counter({0: 1}),5.8073203130888986e-08
5280,8464063309,5283,8.5230093,49.515461,1,Counter({0: 1}),0.0003084267818281514
5281,8464063310,5284,8.5234274,49.5160856,3,Counter({0: 3}),0.004310599648796497
5282,8464119361,5285,8.5377008,49.5201987,2,Counter({0: 2}),0.0018491088608906363
5283,8464119362,5286,8.5364909,49.5188371,2,Counter({0: 2}),0.0003190803109425135
5284,8464657005,5287,8.5359015,49.5191409,2,Counter({0: 2}),0.0027721243514529856
5285,8464657006,5288,8.5358726,49.519118,2,Counter({0: 2}),0.003079563888827912
5286,8483112476,5289,8.5203927,49.4775368,2,Counter({0: 2}),0.0006614056265906432
5287,8483112482,5290,8.5221438,49.4774374,4,Counter({0: 4}),0.0014069325824313153
5288,8483112484,5291,8.5223277,49.4773938,3,Counter({0: 3}),0.0008892271573066031
5289,8483112485,5292,8.5224362,49.4773529,3,Counter({0: 3}),0.0009563556803898823
5290,8483113518,5293,8.5092723,49.4777501,3,"Counter({1: 2, 0: 1})",0.003601203400535001
5291,8483113519,5294,8.5094221,49.4776973,3,"Counter({1: 2, 0: 1})",0.0017898186700908796
5292,8483113521,5295,8.5235758,49.4763857,4,"Counter({0: 2, 1: 2})",0.004213206646715158
5293,8483113522,5296,8.5234976,49.4764619,3,Counter({0: 3}),0.003870249431684071
5294,8483113534,5297,8.5206887,49.477359,3,Counter({0: 3}),0.003474818811362929
5295,8483113547,5298,8.5114863,49.477581,2,Counter({0: 2}),0.0018225037636219953
5296,8483113548,5299,8.5113032,49.477582,3,Counter({0: 3}),0.0016925356133891743
5297,8491779871,5300,8.5326034,49.4874586,2,Counter({0: 2}),0.000616795490453172
5298,8494138799,5301,8.5378189,49.514955,2,Counter({0: 2}),0.001078622638351566
5299,8494138805,5302,8.537579,49.5149981,3,Counter({0: 3}),0.002464597704273362
5300,8494218959,5303,8.5362714,49.5162426,2,Counter({0: 2}),0.00307956388882791
5301,8532624418,5304,8.5105304,49.4659764,1,Counter({0: 1}),5.8073203130888986e-08
5302,8537882489,5305,8.5100177,49.4658559,1,Counter({0: 1}),5.8073203130888986e-08
5303,8560206955,5306,8.4726678,49.4808361,2,Counter({0: 2}),0.0008502565643776119
5304,8560206959,5307,8.4715249,49.4795056,2,Counter({0: 2}),0.000880146934404314
5305,8564157119,5308,8.4756179,49.4773083,2,Counter({0: 2}),0.0020924656840138824
5306,8565628334,5309,8.4895058,49.4737928,2,Counter({0: 2}),0.004036807075509971
5307,8565628337,5310,8.4895942,49.4735535,2,Counter({0: 2}),0.003777295592427979
5308,8617460395,5311,8.4754411,49.4772161,2,Counter({0: 2}),0.0017861295374984427
5309,8665202546,5312,8.5296167,49.5212259,2,Counter({0: 2}),0.04468355505101557
5310,8665202556,5313,8.5294437,49.5202403,2,Counter({0: 2}),0.018671189098001917
5311,8666766275,5314,8.5363092,49.5189168,2,Counter({0: 2}),0.000391152059688103
5312,8666766303,5315,8.5272711,49.5213512,2,Counter({0: 2}),0.0005741116861519686
5313,8666766307,5316,8.5264837,49.5209957,2,Counter({0: 2}),0.00056702675537
5314,8666907655,5317,8.5256898,49.5213022,2,Counter({0: 2}),0.003045339414449607
5315,8666907656,5318,8.5252225,49.5211117,3,Counter({0: 3}),0.008939372698679946
5316,8666907658,5319,8.5250973,49.5206908,2,Counter({0: 2}),0.005016789156602756
5317,8667048958,5320,8.5270628,49.5165364,3,Counter({0: 3}),0.003695139842015335
5318,8667048959,5321,8.5287812,49.5159442,2,Counter({0: 2}),0.004615019379608617
5319,8670664408,5322,8.531665,49.5225877,3,Counter({0: 3}),0.021984435684683383
5320,8670664409,5323,8.5316704,49.522462,2,Counter({0: 2}),0.011291938483133805
5321,8684521806,5324,8.5171611,49.5031772,2,Counter({0: 2}),0.000616795490453172
5322,8684521809,5325,8.5160255,49.5038401,2,Counter({0: 2}),0.001371580696100488
5323,8684521810,5326,8.5143101,49.505051,2,Counter({0: 2}),0.0007835585527041427
5324,8684521815,5327,8.5160503,49.5047662,4,Counter({0: 4}),0.00166360151090496
5325,8684521816,5328,8.5226281,49.5036831,3,Counter({0: 3}),0.002157187203500002
5326,8684692032,5329,8.5212467,49.5039013,2,Counter({0: 2}),0.0015412047378906629
5327,8684692034,5330,8.5193565,49.5030418,2,Counter({0: 2}),0.000616795490453172
5328,8684699672,5331,8.5143077,49.5056154,2,Counter({0: 2}),0.0009597619795042159
5329,8691789709,5332,8.5421534,49.4742917,2,Counter({0: 2}),0.0013118810186168374
5330,8707654900,5333,8.5159961,49.5034939,3,Counter({0: 3}),0.0020307493949431694
5331,8743440098,5334,8.4796755,49.4586926,2,Counter({0: 2}),6.388052344397788e-07
5332,8821187420,5335,8.4844197,49.494297,2,Counter({0: 2}),0.0012243399279912891
5333,8829438580,5336,8.4875337,49.4753304,3,Counter({0: 3}),0.0014129406897761588
5334,8829438581,5337,8.4871996,49.4748659,3,Counter({0: 3}),0.0018155188298032902
5335,8837945615,5338,8.5008358,49.512065,1,Counter({0: 1}),0.0003084267818281514
5336,8843940949,5339,8.4954222,49.4895769,3,Counter({0: 3}),0.08075427442469316
5337,8864793041,5340,8.5002025,49.4543107,2,Counter({0: 2}),7.597910742957976e-07
5338,8864793042,5341,8.5001489,49.4543517,2,Counter({0: 2}),8.323825782094088e-07
5339,8868397183,5342,8.5172083,49.5045787,2,Counter({0: 2}),0.0014683369894126978
5340,8870766200,5343,8.4867426,49.4813042,2,Counter({0: 2}),0.000616795490453172
5341,8872779616,5344,8.5326576,49.5163159,2,Counter({0: 2}),0.000616795490453172
5342,8872811526,5345,8.5343155,49.5197279,1,Counter({0: 1}),0.0003084267818281514
5343,8872908915,5346,8.525427,49.51303,2,Counter({0: 2}),0.000616795490453172
5344,8873504654,5347,8.5273667,49.5172695,3,Counter({0: 3}),0.0027725308638749018
5345,8880219538,5348,8.5048472,49.510137,2,Counter({0: 2}),2.3810013283664484e-06
5346,8887084481,5349,8.5180713,49.4891299,2,Counter({0: 2}),0.0005937669103022557
5347,8888992608,5350,8.5260324,49.5182747,4,Counter({0: 4}),0.0018495153733125525
5348,8938497807,5351,8.4991207,49.5100713,2,Counter({0: 2}),0.000616795490453172
5349,8938497811,5352,8.4984083,49.5105767,2,Counter({0: 2}),0.0009250480526719307
5350,8938497813,5353,8.4969586,49.5090222,2,Counter({0: 2}),0.01588714425372043
5351,8951904052,5354,8.4658756,49.4771523,2,Counter({0: 2}),0.0005292022251061259
5352,8954204720,5355,8.4975322,49.5001187,1,Counter({0: 1}),5.8073203130888986e-08
5353,8954746141,5356,8.4757442,49.4773727,2,Counter({0: 2}),0.0023988599037324558
5354,8956642940,5357,8.4979881,49.4892002,2,Counter({0: 2}),0.0009250480526719307
5355,8979441796,5358,8.5259937,49.5007623,1,Counter({0: 1}),1.1614640626177797e-07
5356,8984345009,5359,8.4871507,49.5024545,1,Counter({0: 1}),0.0003084267818281514
5357,9003382524,5360,8.4786583,49.4791943,1,Counter({0: 1}),2.3229281252355594e-07
5358,9003382526,5361,8.4784036,49.4794105,2,Counter({0: 2}),4.065124219162229e-07
5359,9142633964,5362,8.5463854,49.4934096,3,Counter({0: 3}),0.0049212974529209245
5360,9142633965,5363,8.5462522,49.4934222,3,Counter({0: 3}),0.0006165051244375175
5361,9188038386,5364,8.5081437,49.4983443,1,Counter({0: 1}),0.0003084267818281514
5362,9214627806,5365,8.4827277,49.4782882,2,Counter({0: 2}),0.0004308379737390846
5363,9214627807,5366,8.4827582,49.4782638,2,Counter({0: 2}),0.000356596521974542
5364,9224947987,5367,8.4719379,49.4800981,1,Counter({0: 1}),0.0003084267818281514
5365,9229593022,5368,8.4677694,49.4775794,3,Counter({0: 3}),0.0006323613849354703
5366,9229593024,5369,8.4678148,49.477584,3,Counter({0: 3}),0.000682058444038557
5367,9271425447,5370,8.5249925,49.4885691,2,Counter({0: 2}),0.0016026855937428218
5368,9288976708,5371,8.5124183,49.4897362,3,Counter({0: 3}),0.15808027077649908
5369,9288976709,5372,8.5124515,49.4901,3,Counter({0: 3}),0.15016631522130078
5370,9289091920,5373,8.5114406,49.4925023,4,Counter({0: 4}),0.150109582331397
5371,9289091941,5374,8.5132252,49.4941559,2,Counter({0: 2}),0.14881551876018773
5372,9353415077,5375,8.5523474,49.5165022,1,Counter({0: 1}),1.1614640626177797e-07
5373,9353778557,5376,8.5497867,49.5126955,1,Counter({0: 1}),2.9036601565444494e-07
5374,9354108700,5377,8.5507886,49.5186864,1,Counter({0: 1}),1.1614640626177797e-07
5375,9357789287,5378,8.5265739,49.5141406,2,Counter({0: 2}),0.0010774321376873833
5376,9358055278,5379,8.5234373,49.5219737,2,Counter({0: 2}),0.0067244510524001
5377,9364441254,5380,8.5337618,49.523919,2,Counter({0: 2}),0.021390637182670046
5378,9364482707,5381,8.5246887,49.5200404,2,Counter({0: 2}),0.005841293136920469
5379,9365780234,5382,8.5278122,49.5173986,2,Counter({0: 2}),0.000616795490453172
5380,9365800804,5383,8.528531,49.5231889,2,Counter({0: 2}),0.0015412047378906629
5381,9365800807,5384,8.5309351,49.5212658,1,Counter({0: 1}),0.0003084267818281514
5382,9365822124,5385,8.5285237,49.516724,1,Counter({0: 1}),0.0003084267818281514
5383,9366077445,5386,8.5229322,49.5161737,1,Counter({0: 1}),0.0003084267818281514
5384,9366077452,5387,8.528148,49.5147707,1,Counter({0: 1}),0.0003084267818281514
5385,9366077456,5388,8.5240951,49.5158363,1,Counter({0: 1}),0.0003084267818281514
5386,9366077457,5389,8.5241273,49.5158818,3,Counter({0: 3}),0.002157187203500002
5387,9366179387,5390,8.5291685,49.5180166,2,Counter({0: 2}),0.000616795490453172
5388,9398079411,5391,8.5237527,49.5185337,2,Counter({0: 2}),0.005228388551077066
5389,9399182105,5392,8.4943829,49.5032151,1,Counter({0: 1}),5.8073203130888986e-08
5390,9399182107,5393,8.4946944,49.5030489,1,Counter({0: 1}),5.8073203130888986e-08
5391,9411367089,5394,8.4923498,49.5103171,2,Counter({0: 2}),0.003207989045668318
5392,9416668991,5395,8.4760007,49.4811992,3,Counter({0: 3}),0.03232078586244162
5393,9420270111,5396,8.547677,49.5136205,2,Counter({0: 2}),4.58778304734023e-06
5394,9421494435,5397,8.5104383,49.5098943,2,Counter({0: 2}),0.0015412047378906629
5395,9433429769,5398,8.4961644,49.4993597,1,Counter({0: 1}),5.8073203130888986e-08
5396,9445315646,5399,8.5361338,49.5243637,2,Counter({0: 2}),0.0015412047378906629
5397,9448629822,5400,8.5138688,49.4775842,3,Counter({0: 3}),0.0033097034490937056
5398,9460234057,5401,8.5188625,49.502364,3,"Counter({1: 2, 0: 1})",0.0012331844684844277
5399,9460234072,5402,8.5202974,49.5037515,1,Counter({0: 1}),0.0003084267818281514
5400,9460264405,5403,8.512462,49.4990212,2,Counter({0: 2}),0.14732114141647898
5401,9460603313,5404,8.5314612,49.5220986,2,Counter({0: 2}),0.01188529175725648
5402,9460692270,5405,8.5282472,49.5220726,1,Counter({0: 1}),0.0003084267818281514
5403,9460692271,5406,8.5284489,49.5218829,3,Counter({0: 3}),0.001792777853853674
5404,9460788416,5407,8.5283539,49.5218401,2,Counter({0: 2}),0.0011819058301198527
5405,9461284310,5408,8.5324391,49.5162172,2,Counter({0: 2}),0.0009250480526719307
5406,9477070556,5409,8.5076065,49.4784644,2,Counter({0: 2}),0.00258445290475364
5407,9477070564,5410,8.5081263,49.4785385,2,Counter({0: 2}),0.002283949259133548
5408,9486094530,5411,8.5062336,49.4783702,1,Counter({0: 1}),0.0003084267818281514
5409,9492841319,5412,8.5320122,49.5227695,2,Counter({0: 2}),0.021687507397075152
5410,9492841322,5413,8.5314461,49.5223981,3,Counter({0: 3}),0.01158902163261706
5411,9501704179,5414,8.5325218,49.517867,3,Counter({0: 3}),0.014009074286427758
5412,9501704180,5415,8.5315795,49.5183158,2,Counter({0: 2}),0.014217760341878603
5413,9501704182,5416,8.5307299,49.5187302,3,Counter({0: 3}),0.015406470415631935
5414,9511325192,5417,8.5286482,49.5223065,2,Counter({0: 2}),0.047052070640708876
5415,9521713161,5418,8.5328975,49.529168,2,Counter({0: 2}),0.0009250480526719307
5416,9527306409,5419,8.4697283,49.476976,3,Counter({0: 3}),0.0029304484245018724
5417,9545572512,5420,8.5314605,49.5225805,2,Counter({0: 2}),0.011291938483133807
5418,9545821898,5421,8.5297485,49.5218047,2,Counter({0: 2}),0.04526579698560586
5419,9545821903,5422,8.5281767,49.522658,1,Counter({0: 1}),0.0003084267818281514
5420,9546092937,5423,8.4697584,49.477723,1,Counter({0: 1}),0.0003084267818281514
5421,9546093098,5424,8.4718942,49.4757684,2,Counter({0: 2}),0.002366353442782609
5422,9548203296,5425,8.5342377,49.5278075,2,Counter({0: 2}),0.0015412047378906629
5423,9556423321,5426,8.5356241,49.526393,2,Counter({0: 2}),0.0021568968374843477
5424,9567101346,5427,8.4602843,49.487507,2,Counter({0: 2}),0.000616795490453172
5425,9567101347,5428,8.4595507,49.4877877,1,Counter({0: 1}),0.0003084267818281514
5426,9567647920,5429,8.5370867,49.520193,2,Counter({0: 2}),0.0021568968374843477
5427,9598490093,5430,8.5270261,49.5222868,1,Counter({0: 1}),0.0003084267818281514
5428,9598490094,5431,8.5264255,49.5225606,3,Counter({0: 3}),0.0006931617525702882
5429,9627156766,5432,8.5314719,49.5190693,1,Counter({0: 1}),5.8073203130888986e-08
5430,9693617107,5433,8.5329636,49.5250474,2,Counter({0: 2}),0.000616795490453172
5431,9769136375,5434,8.4613301,49.483675,1,Counter({0: 1}),0.0003084267818281514
5432,9796128209,5435,8.4715111,49.4809877,3,Counter({0: 3}),0.001849273611740266
5433,9811796627,5436,8.5027689,49.4880747,1,Counter({0: 1}),0.0003084267818281514
5434,9815589150,5437,8.4831367,49.498803,2,Counter({0: 2}),0.0024645686676717975
5435,9815589152,5438,8.4829299,49.4985551,2,Counter({0: 2}),0.0021568968374843477
5436,9815589156,5439,8.4820609,49.4986639,2,Counter({0: 2}),0.0018491088608906363
5437,9815589157,5440,8.4819429,49.4985847,2,Counter({0: 2}),0.0015412047378906629
5438,9815589158,5441,8.4819089,49.4983781,2,Counter({0: 2}),0.0012331844684844277
5439,9824965952,5442,8.4966126,49.5095658,3,Counter({0: 3}),0.02435749510489779
5440,9861788546,5443,8.4675634,49.4774988,3,Counter({0: 3}),0.0007599878504792707
5441,9862694879,5444,8.5013749,49.4884892,2,Counter({0: 2}),0.000616795490453172
5442,9863029422,5445,8.4810717,49.524321,3,Counter({0: 3}),0.005512671482346526
5443,9879532216,5446,8.5221823,49.5238432,2,Counter({0: 2}),0.056656584771444356
5444,9879585868,5447,8.5257484,49.5178988,3,Counter({0: 3}),0.0009251061258750615
5445,9900145576,5448,8.5377771,49.5183306,2,Counter({0: 2}),0.0006158663192030777
5446,9915204414,5449,8.4998472,49.5012694,3,"Counter({1: 2, 0: 1})",0.001538030069452842
5447,9915204415,5450,8.4999474,49.5013995,3,"Counter({1: 2, 0: 1})",0.013443869093863286
5448,9915204416,5451,8.4995489,49.5011928,4,"Counter({1: 2, 2: 1, 0: 1})",0.0016885654908352938
5449,9915209318,5452,8.499758,49.5013394,4,"Counter({1: 2, 2: 1, 0: 1})",0.016492644506164646
5450,9915240946,5453,8.5001234,49.5014086,4,Counter({0: 4}),0.0018541805872974017
5451,9921466186,5454,8.4960473,49.5100275,2,Counter({0: 2}),0.010750366004289831
5452,9933937912,5455,8.4876835,49.5043721,3,Counter({0: 3}),0.0017512228976323835
5453,9933937913,5456,8.4873569,49.5046234,1,Counter({0: 1}),0.0003084267818281514
5454,9953219754,5457,8.4954241,49.4789604,2,Counter({0: 2}),0.000554504377436742
5455,10016664704,5458,8.5276495,49.5140892,3,"Counter({1: 2, 0: 1})",0.0003100818681173817
5456,10059483880,5459,8.5173222,49.4996636,3,"Counter({1: 2, 0: 1})",0.01698732984697935
5457,10059483893,5460,8.519223,49.5012592,2,Counter({0: 2}),0.000616795490453172
5458,10062261171,5461,8.515641,49.4974133,3,Counter({0: 3}),0.010426131685637406
5459,10064326060,5462,8.4744825,49.4791939,3,Counter({0: 3}),0.024069731395367167
5460,10102036471,5463,8.4678921,49.5090122,1,Counter({0: 1}),5.8073203130888986e-08
5461,10107266782,5464,8.4904274,49.4747683,1,Counter({0: 1}),0.0003084267818281514
5462,10128639304,5465,8.5281781,49.5147403,2,Counter({0: 2}),0.000616795490453172
5463,10128639306,5466,8.5280493,49.514673,4,"Counter({1: 2, 2: 2})",0.0013857137365077075
5464,10141377562,5467,8.5479892,49.5173059,3,Counter({0: 3}),2.6713673440208934e-06
5465,10144746834,5468,8.4713876,49.4811004,2,Counter({1: 2}),0.0003084267818281514
5466,10171476549,5469,8.5209079,49.4782393,3,"Counter({1: 2, 0: 1})",0.002103366906113355
5467,10197988723,5470,8.531499,49.4904071,3,Counter({0: 3}),0.004001417915327644
5468,10223026012,5471,8.520857,49.4773263,3,Counter({0: 3}),0.0035892536212765043
5469,10223026013,5472,8.5209054,49.4773671,3,Counter({0: 3}),0.0007421053723179946
5470,10252894981,5473,8.5430251,49.4879262,2,Counter({0: 2}),0.0006114004898822437
5471,10294109705,5474,8.4750372,49.4796193,2,Counter({0: 2}),0.000616795490453172
5472,10294109706,5475,8.4760336,49.4796346,3,"Counter({1: 2, 0: 1})",0.0007671508549597607
5473,10294114224,5476,8.4754557,49.4798345,3,"Counter({1: 2, 0: 1})",0.0009250480526719307
5474,10298109172,5477,8.5449578,49.4972738,2,Counter({0: 2}),2.2648549221046703e-06
5475,10311879759,5478,8.5314132,49.5225393,3,Counter({0: 3}),0.01158902163261706
5476,10312145294,5479,8.5126834,49.4955087,2,Counter({0: 2}),0.14871878093748472
5477,10436720830,5480,8.5035654,49.4986858,1,Counter({0: 1}),5.8073203130888986e-08
5478,10540078392,5481,8.5117727,49.4846979,3,Counter({0: 3}),0.0038851397761547404
5479,10559862253,5482,8.5249347,49.5203546,3,Counter({0: 3}),0.006152294497420756
5480,10559862260,5483,8.524891,49.5204161,2,Counter({0: 2}),0.00229162666874812
5481,10559862261,5484,8.5250003,49.5204549,3,Counter({0: 3}),0.004734340454308459
5482,10566226728,5485,8.5113354,49.498,3,Counter({0: 3}),0.0009162661159110695
5483,10567038985,5486,8.4708881,49.4928233,3,Counter({0: 3}),0.0004448888731807312
5484,10585035244,5487,8.466056,49.4951594,2,Counter({1: 2}),0.0003084267818281514
5485,10585035249,5488,8.4665891,49.4953353,3,Counter({0: 3}),0.01540754284758789
5486,10635743753,5489,8.5294185,49.5075214,2,Counter({0: 2}),0.005989462553349871
5487,10700513898,5490,8.5208285,49.4951938,3,"Counter({1: 2, 0: 1})",0.0003188030931022859
5488,10700513899,5491,8.5206885,49.4958748,3,Counter({0: 3}),0.0004756083072349944
5489,10713217872,5492,8.5161007,49.5054441,2,Counter({0: 2}),0.0005441523139039085
5490,10735876305,5493,8.4711498,49.5045558,2,Counter({0: 2}),0.0016353656148862105
5491,10744394329,5494,8.5527046,49.4607099,3,Counter({0: 3}),0.007998955958078643
5492,10773760539,5495,8.5202214,49.4977502,3,Counter({0: 3}),0.0007305473004232948
5493,10773760542,5496,8.5191332,49.4974451,4,"Counter({1: 2, 0: 2})",0.010105108750852661
5494,10773760543,5497,8.5164802,49.4985643,4,"Counter({1: 2, 0: 2})",0.008800030673496599
5495,10776636380,5498,8.5123213,49.4897367,3,Counter({0: 3}),0.007976731163477845
5496,10776636381,5499,8.5122574,49.4985275,3,Counter({0: 3}),0.14864761223197956
5497,10776704707,5500,8.5197057,49.495776,4,Counter({0: 4}),0.010268660177172567
5498,10776704713,5501,8.5156992,49.5012705,3,Counter({0: 3}),0.16380123751292766
5499,10776923045,5502,8.5185599,49.502369,3,"Counter({1: 2, 0: 1})",0.1370070125943663
5500,10776923046,5503,8.5159742,49.5014593,3,Counter({0: 3}),0.16558264971898268
5501,10780591762,5504,8.5182133,49.5042027,2,Counter({0: 2}),0.13522479131467624
5502,10780591763,5505,8.518095,49.5043994,2,Counter({0: 2}),0.1350507144726063
5503,10780591765,5506,8.5174192,49.5055469,3,Counter({0: 3}),0.13567460153269317
5504,10780591768,5507,8.5187279,49.503081,2,Counter({0: 2}),0.0009250480526719307
5505,10780591769,5508,8.5186316,49.5030885,3,Counter({0: 3}),0.1361279177224945
5506,10824430045,5509,8.5187907,49.5025535,3,"Counter({1: 2, 0: 1})",0.13610802456432974
5507,10839407928,5510,8.4687748,49.4888774,1,Counter({0: 1}),0.0003084267818281514
5508,10856582160,5511,8.4724972,49.489669,1,Counter({0: 1}),0.0003084267818281514
5509,10857437453,5512,8.4933556,49.5018873,1,Counter({0: 1}),5.8073203130888986e-08
5510,10857437462,5513,8.4939979,49.5022362,1,Counter({0: 1}),5.8073203130888986e-08
5511,10857437468,5514,8.4930118,49.5013004,2,Counter({0: 2}),0.005454749109280585
5512,10858686364,5515,8.5121984,49.4886631,2,Counter({0: 2}),0.0980501075811643
5513,10858686365,5516,8.511829,49.4883668,2,Counter({0: 2}),0.09817892726001204
5514,10861709325,5517,8.49183,49.5042069,2,Counter({0: 2}),0.000616795490453172
5515,10861709326,5518,8.4920214,49.5040536,1,Counter({0: 1}),0.0003084267818281514
5516,10862012558,5519,8.4913602,49.5036202,2,Counter({0: 2}),0.0012331844684844275
5517,10870379799,5520,8.4579771,49.4975803,1,Counter({0: 1}),5.8073203130888986e-08
5518,10870394512,5521,8.4580437,49.4979242,1,Counter({0: 1}),5.8073203130888986e-08
5519,10870545826,5522,8.4704973,49.4820757,2,Counter({0: 2}),0.005723172368116621
5520,10870545827,5523,8.4707128,49.4814946,2,Counter({0: 2}),0.0008364704102821709
5521,10886589027,5524,8.5197993,49.4995029,1,Counter({0: 1}),0.0003084267818281514
5522,10889049383,5525,8.5288013,49.5178493,1,Counter({0: 1}),0.0003084267818281514
5523,10945017730,5526,8.4998779,49.4738661,2,Counter({0: 2}),0.0012331844684844277
5524,10945125553,5527,8.4953595,49.4757009,1,Counter({0: 1}),5.8073203130888986e-08
5525,10945125565,5528,8.495776,49.4758658,1,Counter({0: 1}),5.8073203130888986e-08
5526,10960481026,5529,8.4657516,49.4978849,2,Counter({0: 2}),0.010868110066304955
5527,10964360397,5530,8.525049,49.497204,1,Counter({0: 1}),0.0003084267818281514
5528,10966459053,5531,8.4653348,49.495306,2,Counter({1: 2}),0.0003084267818281514
5529,10966459054,5532,8.466413,49.4952674,4,"Counter({0: 2, 1: 2})",0.0015414370307031864
5530,10969939313,5533,8.512651,49.4887481,2,Counter({0: 2}),0.0029126337305264093
5531,10972013210,5534,8.5194047,49.503861,1,Counter({0: 1}),0.0003084267818281514
5532,10983623522,5535,8.5116729,49.4916366,3,Counter({0: 3}),0.0006073539936798198
5533,10983623523,5536,8.5117541,49.4916532,3,Counter({0: 3}),0.14958484471405734
5534,11012859630,5537,8.5377313,49.5215276,2,Counter({0: 2}),0.0012331844684844277
5535,11038698488,5538,8.5056649,49.4771534,3,Counter({0: 3}),0.0008701575057000817
5536,11038698491,5539,8.5056265,49.4776537,3,Counter({0: 3}),0.0018597193680125394
5537,11038736888,5540,8.50605,49.4776264,2,Counter({0: 2}),0.0003096463190939001
5538,11038736891,5541,8.5058294,49.477141,3,Counter({0: 3}),0.0012337361639141711
5539,11038736892,5542,8.5057894,49.4768717,3,Counter({0: 3}),0.001849225007296898
5540,11038736896,5543,8.5057119,49.4761119,2,Counter({0: 2}),0.0006166793440469102
5541,11051171390,5544,8.4880944,49.4829383,1,Counter({0: 1}),0.0003084267818281514
5542,11052600533,5545,8.4860489,49.4825406,1,Counter({0: 1}),0.0003084267818281514
5543,11052745313,5546,8.4936143,49.4800538,2,Counter({0: 2}),0.0006246407999648518
5544,11052745315,5547,8.4933818,49.4797644,3,Counter({0: 3}),0.000815288200587474
5545,11052745334,5548,8.4936778,49.4800047,3,"Counter({1: 2, 0: 1})",0.0016747407337422185
5546,11052745335,5549,8.4936296,49.4799944,3,Counter({0: 3}),0.00172714454829774
5547,11052745337,5550,8.4935446,49.4798976,3,Counter({0: 3}),0.0015096227102740366
5548,11054364442,5551,8.4900691,49.4810557,2,Counter({0: 2}),0.0009250480526719307
5549,11056872397,5552,8.4968042,49.4787297,1,Counter({0: 1}),0.0003084267818281514
5550,11056872399,5553,8.4968985,49.4786954,1,Counter({0: 1}),0.0003084267818281514
5551,11201051857,5554,8.5293729,49.5202083,2,Counter({0: 2}),0.01837227857839348
5552,11227886326,5555,8.5082431,49.4819696,2,Counter({0: 2}),0.017063988355114416
5553,11279023440,5556,8.5312306,49.4866209,2,Counter({0: 2}),2.410037929931893e-06
5554,11289369680,5557,8.5223581,49.4772184,3,Counter({0: 3}),0.0008297427930064057
5555,11289369682,5558,8.5224107,49.4773213,4,Counter({0: 4}),0.0009706708009356957
5556,11290168284,5559,8.5273083,49.5173935,2,Counter({0: 2}),0.0021568968374843477
5557,11331279840,5560,8.4572081,49.4910781,1,Counter({0: 1}),4.065124219162229e-07
5558,11331476715,5561,8.4719892,49.4958159,2,Counter({0: 2}),0.008700202906075179
5559,11342981719,5562,8.4567874,49.4920788,3,"Counter({1: 2, 0: 1})",0.0006166212708437793
5560,11350661378,5563,8.4765435,49.5075373,1,Counter({0: 1}),0.0003084267818281514
5561,11352244776,5564,8.4612972,49.4901249,2,Counter({0: 2}),0.000616795490453172
5562,11353490825,5565,8.4826603,49.5130105,2,Counter({0: 2}),0.0003665343279420742
5563,11360336114,5566,8.4831162,49.4921865,1,Counter({0: 1}),0.0003084267818281514
5564,11363107944,5567,8.5117455,49.4979416,3,Counter({0: 3}),0.00447175183103814
5565,11368373630,5568,8.4796371,49.4804666,3,"Counter({1: 2, 0: 1})",0.0010095963275589086
5566,11368373633,5569,8.4792315,49.4803634,3,"Counter({1: 2, 0: 1})",0.0005962206319855574
5567,11371809676,5570,8.5102201,49.4850656,2,Counter({0: 2}),0.04245436815590184
5568,11425555039,5571,8.5293798,49.521396,2,Counter({0: 2}),0.04497473409151385
5569,11425555053,5572,8.5267207,49.5220008,1,Counter({0: 1}),0.0003084267818281514
5570,11425573569,5573,8.5280016,49.5207429,1,Counter({0: 1}),0.0003084267818281514
5571,11459237516,5574,8.5483262,49.5169414,2,Counter({0: 2}),2.2648549221046703e-06
5572,11459237517,5575,8.5478212,49.517275,2,Counter({0: 2}),2.2648549221046703e-06
5573,11459237520,5576,8.5483034,49.5174078,1,Counter({0: 1}),6.388052344397788e-07
5574,11463289500,5577,8.4869545,49.4815355,1,Counter({0: 1}),0.0003084267818281514
5575,11463521265,5578,8.5122577,49.4887683,3,Counter({0: 3}),0.11127294035647466
5576,11510237139,5579,8.4759469,49.4962965,3,Counter({0: 3}),0.002273641085278808
5577,11556645446,5580,8.4878909,49.5026343,2,Counter({0: 2}),0.0025426609196253862
5578,11557070533,5581,8.482077,49.4989821,1,Counter({0: 1}),0.0003084267818281514
5579,11577877790,5582,8.5062705,49.4999122,1,Counter({0: 1}),0.0003084267818281514
5580,11581466333,5583,8.4824246,49.4557826,2,Counter({0: 2}),0.0012331844684844275
5581,11581466334,5584,8.4823097,49.4557464,2,Counter({0: 2}),0.0009250480526719304
5582,11581471129,5585,8.4822968,49.4559549,2,Counter({0: 2}),0.0015412047378906626
5583,11582540091,5586,8.5034293,49.4687122,2,Counter({0: 2}),0.0009250480526719307
5584,11584986894,5587,8.5039741,49.4678347,1,Counter({0: 1}),0.0003084267818281514
5585,11635026993,5588,8.4562991,49.4882692,2,Counter({0: 2}),0.00035427990015715887
5586,11711796532,5589,8.5326207,49.4987729,1,Counter({0: 1}),5.8073203130888986e-08
5587,11769720805,5590,8.5312841,49.5186075,2,Counter({0: 2}),0.00031132076311750736
5588,11801691142,5591,8.519992,49.5040993,2,Counter({0: 2}),0.000616795490453172
5589,11801691143,5592,8.5199457,49.5038495,1,Counter({0: 1}),0.0003084267818281514
5590,11835797542,5593,8.5172568,49.5031711,1,Counter({0: 1}),0.0003084267818281514
5591,11845777916,5594,8.5225668,49.5036352,1,Counter({0: 1}),0.0003084267818281514
5592,11845788319,5595,8.5130074,49.4993966,2,Counter({0: 2}),0.14722001795014333
5593,11865259010,5596,8.4825817,49.492724,2,Counter({0: 2}),0.0007646144951421026
5594,11879371944,5597,8.5226115,49.4772844,3,Counter({0: 3}),0.002919509792149961
5595,11880601752,5598,8.5177025,49.4619837,2,Counter({0: 2}),0.019039187059711495
5596,11929086967,5599,8.5123868,49.4882413,3,"Counter({1: 2, 0: 1})",0.15820774827967404
5597,11929086968,5600,8.5125132,49.4882392,3,"Counter({1: 2, 0: 1})",0.14930886607735233
5598,11929102773,5601,8.5171248,49.5065304,3,Counter({0: 3}),0.13509450576408136
5599,11947842396,5602,8.5199246,49.5167083,2,Counter({0: 2}),0.000616795490453172
5600,11947849600,5603,8.5229059,49.5161372,3,Counter({0: 3}),0.0009251061258750615
5601,11947849604,5604,8.5226749,49.5162051,1,Counter({0: 1}),0.0003084267818281514
5602,11948006095,5605,8.4969899,49.4534626,1,Counter({0: 1}),8.710980469633348e-07
5603,11948006103,5606,8.497495,49.4536022,2,Counter({0: 2}),4.123197422293118e-06
5604,11948258349,5607,8.5118077,49.4644359,2,Counter({0: 2}),0.014134708309461081
5605,11948279128,5608,8.5115507,49.4648689,1,Counter({0: 1}),0.0003084267818281514
5606,11948279133,5609,8.511678,49.4642296,2,Counter({0: 2}),0.000616795490453172
5607,11963644563,5610,8.5190737,49.5153862,2,Counter({0: 2}),0.000616795490453172
5608,11963644565,5611,8.5191511,49.5155231,1,Counter({0: 1}),0.0003084267818281514
5609,11966064227,5612,8.5259041,49.5177428,1,Counter({0: 1}),0.0003084267818281514
5610,11973720709,5613,8.4931638,49.5017831,1,Counter({0: 1}),0.0003084267818281514
5611,11990360619,5614,8.4746368,49.5039864,2,Counter({0: 2}),2.9036601565444494e-07
5612,11999742613,5615,8.4692297,49.4772451,3,Counter({0: 3}),0.002411212586863606
5613,11999742614,5616,8.46916,49.4770866,2,Counter({0: 2}),0.0005663478778135201
5614,11999742616,5617,8.4689471,49.477198,3,Counter({0: 3}),0.0006963716914997471
5615,12000826932,5618,8.5042214,49.4761324,2,Counter({0: 2}),0.000616795490453172
5616,12000830427,5619,8.5029543,49.4751764,1,Counter({0: 1}),0.0003084267818281514
5617,12001590966,5620,8.4995955,49.4540277,2,Counter({0: 2}),1.6841228907957806e-06
5618,12001607047,5621,8.4676505,49.5088411,1,Counter({0: 1}),5.8073203130888986e-08
5619,12002447504,5622,8.471813,49.4758087,2,Counter({0: 2}),0.0021006763276423643
5620,12002447507,5623,8.4712172,49.4761631,2,Counter({0: 2}),0.0018514187609172635
5621,12009942170,5624,8.4624423,49.5050758,2,Counter({0: 2}),0.000616795490453172
5622,12009942174,5625,8.462976,49.5055172,1,Counter({0: 1}),0.0003084267818281514
5623,12020331758,5626,8.4674855,49.5088814,1,Counter({0: 1}),5.8073203130888986e-08
5624,12020437888,5627,8.4666961,49.5081799,1,Counter({0: 1}),5.8073203130888986e-08
5625,12050611853,5628,8.4706939,49.5022212,2,Counter({0: 2}),0.002672710035674531
5626,12059954292,5629,8.4856339,49.505161,2,Counter({0: 2}),0.000616795490453172
5627,12060642632,5630,8.475254,49.5082249,3,Counter({0: 3}),0.0013343576672056206
5628,12075812150,5631,8.4995813,49.5068851,2,Counter({0: 2}),0.01497911164956585
5629,12075812156,5632,8.4995438,49.5068669,2,Counter({0: 2}),0.014676201822035134
5630,12094849174,5633,8.5375571,49.5184881,2,Counter({0: 2}),0.0009521750137410019
5631,12094849178,5634,8.5308418,49.515497,2,Counter({0: 2}),0.0012331844684844277
5632,12094914345,5635,8.5379108,49.5179295,2,Counter({0: 2}),0.004001185622515119
5633,12141355410,5636,8.488287,49.4998409,3,Counter({0: 3}),0.0009056052994574534
5634,12141355412,5637,8.4880389,49.4998708,1,Counter({0: 1}),0.0003084267818281514
5635,12141355414,5638,8.4883182,49.4996766,2,Counter({0: 2}),0.0005200539202082126
5636,12141355427,5639,8.4884228,49.499125,2,Counter({0: 2}),0.0010056617871110755
5637,12141355431,5640,8.4884082,49.4992022,2,Counter({0: 2}),0.0007569518660333112
5638,12141355434,5641,8.4883835,49.4993325,2,Counter({0: 2}),0.0005985747289386445
5639,12157286622,5642,8.5272743,49.5069299,2,Counter({0: 2}),0.0003139572865396497
5640,12179827405,5643,8.5095605,49.4718199,2,Counter({0: 2}),4.878149062994674e-06
5641,12179827406,5644,8.5090472,49.471698,2,Counter({0: 2}),5.516954297434454e-06
5642,12232867361,5645,8.4768501,49.4624904,2,Counter({0: 2}),0.0009250480526719307
5643,12246189001,5646,8.4873191,49.4762996,3,"Counter({1: 2, 0: 1})",0.0003919796160389678
5644,12246189002,5647,8.487329,49.476334,3,"Counter({1: 2, 0: 1})",0.000531911882697412
5645,12246189004,5648,8.4876013,49.4763442,3,Counter({0: 3}),0.0009359470499444928
5646,12258600465,5649,8.4739566,49.4959737,3,Counter({0: 3}),0.0008595194607702709
5647,12258600468,5650,8.4743052,49.4959041,2,Counter({1: 2}),0.0003084267818281514
5648,12279508576,5651,8.5172515,49.5060159,2,Counter({0: 2}),0.1350781257090353
5649,12290195604,5652,8.4788365,49.4959558,2,Counter({0: 2}),0.003285818347366904
5650,12307878375,5653,8.4841271,49.4959748,2,Counter({0: 2}),0.0006489762135658529
5651,12319427431,5654,8.4809278,49.4990648,1,Counter({0: 1}),0.0003084267818281514
5652,12323256899,5655,8.4792708,49.4996555,2,Counter({0: 2}),0.000616795490453172
5653,12323305701,5656,8.4795544,49.4996238,1,Counter({0: 1}),0.0003084267818281514
5654,12323858286,5657,8.4811843,49.5010846,2,Counter({0: 2}),0.0032823984430316124
5655,12334687105,5658,8.4642854,49.4922693,1,Counter({0: 1}),5.8073203130888986e-08
5656,12334687110,5659,8.4643174,49.4923392,1,Counter({0: 1}),5.8073203130888986e-08
5657,12335131935,5660,8.4932497,49.4704901,2,Counter({0: 2}),0.000616795490453172
5658,12335131940,5661,8.4937375,49.4705725,1,Counter({0: 1}),5.8073203130888986e-08
5659,12335131948,5662,8.4961999,49.4709932,1,Counter({0: 1}),1.1614640626177797e-07
5660,12335131954,5663,8.495273,49.4708353,1,Counter({0: 1}),5.8073203130888986e-08
5661,12338027657,5664,8.4629998,49.4919213,2,Counter({0: 2}),0.0010251853333071096
5662,12338966863,5665,8.4612514,49.4915628,3,Counter({0: 3}),0.00558661964096156
5663,12338966864,5666,8.4611142,49.4914152,1,Counter({0: 1}),0.0003084267818281514
5664,12343195265,5667,8.4661619,49.4901934,2,Counter({0: 2}),0.03112097814910475
5665,12381933881,5668,8.5053457,49.5307454,1,Counter({0: 1}),5.8073203130888986e-08
5666,12422579079,5669,8.4850105,49.4767557,2,Counter({0: 2}),0.0018028174244895492
5667,12422579096,5670,8.4864526,49.4763896,2,Counter({0: 2}),0.0010752575925047604
5668,12485148011,5671,8.5242154,49.4962565,2,Counter({0: 2}),0.00046255306293753077
5669,12566254468,5672,8.4906524,49.4748055,1,Counter({0: 1}),0.0003084267818281514
5670,12628028578,5673,8.4653243,49.5071878,1,Counter({0: 1}),1.7421960939266694e-07
5671,12628065414,5674,8.4670777,49.5085945,1,Counter({0: 1}),5.8073203130888986e-08
5672,12639186462,5675,8.4762022,49.5007548,3,Counter({0: 3}),0.0019371405515298534
5673,12645098928,5676,8.5249894,49.4728541,3,Counter({0: 3}),0.0006176040446203037
5674,12645098947,5677,8.5235405,49.4712811,3,Counter({0: 3}),0.0006403691776225785
5675,12668959931,5678,8.4930381,49.4890919,1,Counter({0: 1}),0.0003084267818281514
5676,12697473586,5679,8.5252584,49.5097123,3,"Counter({1: 2, 0: 1})",0.0012331844684844277
5677,12734392937,5680,8.4675572,49.4827084,1,Counter({0: 1}),0.0003084267818281514
5678,12749413071,5681,8.5372594,49.5183909,2,Counter({0: 2}),0.0013113151880899802
5679,12749413072,5682,8.5358979,49.5190458,3,"Counter({1: 2, 0: 1})",0.0009938483443078137
5680,12749413073,5683,8.5360781,49.5192466,2,Counter({0: 2}),0.0024645686676717975
5681,12749413075,5684,8.5358652,49.5190308,3,"Counter({1: 2, 0: 1})",0.004986400417290808
5682,12753491959,5685,8.4950777,49.5162843,2,Counter({0: 2}),0.0009634691131905848
5683,12753673124,5686,8.4975207,49.5183547,2,Counter({0: 2}),0.015154842476514888
5684,12760213154,5687,8.5119689,49.4845805,3,Counter({0: 3}),0.03917680277044208
5685,12777786857,5688,8.5281188,49.5147101,4,"Counter({1: 2, 0: 1, 2: 1})",0.00184806354323428
5686,12777796316,5689,8.5242048,49.5159215,2,Counter({0: 2}),0.0015412047378906629
5687,12777796317,5690,8.5245296,49.5158274,2,Counter({0: 2}),0.000616795490453172
5688,12777796320,5691,8.525199,49.5156312,1,Counter({0: 1}),0.0003084267818281514
5689,12777796322,5692,8.523135,49.5161983,2,Counter({0: 2}),0.004615019379608617
5690,12788636833,5693,8.4695182,49.4658316,1,Counter({0: 1}),1.7421960939266694e-07
5691,12790510383,5694,8.5120704,49.4908054,3,Counter({0: 3}),0.0006066711791783393
5692,12790510384,5695,8.5121627,49.4908199,3,Counter({0: 3}),0.1499086894297573
5693,12797231458,5696,8.5371215,49.5231344,1,Counter({0: 1}),0.0003084267818281514
5694,12800950291,5697,8.4892503,49.5019369,1,Counter({0: 1}),5.8073203130888986e-08
5695,12800950293,5698,8.4895004,49.5017403,1,Counter({0: 1}),5.8073203130888986e-08
5696,12800950295,5699,8.4891028,49.5020529,1,Counter({0: 1}),0.0003084267818281514
5697,12800950297,5700,8.4884147,49.5018421,2,Counter({0: 2}),0.000616795490453172
5698,12800973907,5701,8.4918061,49.5003518,1,Counter({0: 1}),0.0003084267818281514
5699,12839261785,5702,8.5251875,49.4930268,2,Counter({0: 2}),0.0009355555311076015
5700,12847679255,5703,8.5313888,49.5190313,1,Counter({0: 1}),5.8073203130888986e-08
5701,12847794017,5704,8.5342593,49.5178592,2,Counter({0: 2}),0.008888672856572825
5702,12847794025,5705,8.5330874,49.5176076,2,Counter({0: 2}),0.009185543070977934
5703,12847794031,5706,8.5311682,49.5185088,3,Counter({0: 3}),0.014664991758056758
5704,12898445455,5707,8.5143654,49.5050453,2,Counter({0: 2}),0.0007078528546407952
5705,12898445477,5708,8.5180384,49.5044936,3,Counter({0: 3}),0.13590399843866605
5706,12901357163,5709,8.5309762,49.4945346,2,Counter({0: 2}),0.0049217620385459725
5707,12901380580,5710,8.5312421,49.4921473,2,Counter({0: 2}),0.004308160574264999
5708,12902347398,5711,8.5190584,49.5017751,2,Counter({0: 2}),0.0009250480526719307
5709,12906121719,5712,8.5251935,49.4987949,1,Counter({0: 1}),1.1614640626177797e-07
5710,12945813755,5713,8.5264459,49.4742756,2,Counter({0: 2}),0.000616795490453172
5711,12948684375,5714,8.5562133,49.4713778,4,"Counter({0: 2, 1: 2})",0.0009251061258750615
5712,12971367092,5715,8.5319636,49.4853472,1,Counter({0: 1}),0.0003084267818281514
5713,12971367098,5716,8.5304955,49.4864741,1,Counter({0: 1}),9.291712500942238e-07
5714,12978198449,5717,8.4928464,49.5053062,2,Counter({0: 2}),0.000616795490453172
5715,12978198450,5718,8.4932031,49.5050247,1,Counter({0: 1}),0.0003084267818281514
5716,12980192315,5719,8.4874883,49.5042262,2,Counter({0: 2}),0.021259640850969017
5717,12980221034,5720,8.4913868,49.5062866,3,Counter({0: 3}),0.012424807433582718
5718,12980221036,5721,8.4910597,49.5061085,4,Counter({0: 4}),0.02176032137694082
5719,12980236949,5722,8.4951937,49.5083544,3,Counter({0: 3}),0.012909060072083221
5720,12980236956,5723,8.4950221,49.5082398,3,Counter({0: 3}),0.008638106200631063
5721,12980236957,5724,8.4946983,49.5080564,2,Counter({0: 2}),0.004517274819548384
5722,12980236964,5725,8.493049,49.5071847,2,Counter({0: 2}),0.0009250480526719307
5723,12997660668,5726,8.5444793,49.4894399,2,Counter({0: 2}),0.007945052993540053
5724,12997660669,5727,8.544362,49.4894643,3,Counter({0: 3}),0.016189618532227668
5725,13011708694,5728,8.4754358,49.4919411,2,Counter({0: 2}),0.0003635625746746507
5726,13030497482,5729,8.4743177,49.4741928,2,Counter({0: 2}),0.004388270571400264
5727,13034668710,5730,8.5179751,49.5122923,3,Counter({0: 3}),0.0009745941738098507
5728,13034668712,5731,8.5179877,49.5124041,3,Counter({0: 3}),0.000515699722669479
5729,13063397272,5732,8.5160487,49.5050955,2,Counter({0: 2}),0.00045285840007067276
5730,13063397281,5733,8.5168414,49.5046381,2,Counter({0: 2}),0.0012034233503773074
5731,13063654327,5734,8.5160572,49.5052478,2,Counter({0: 2}),0.0003794312352791415
5732,13067480047,5735,8.5156961,49.5033683,2,Counter({0: 2}),0.0022564003147864694
5733,13067480048,5736,8.5159022,49.5034436,2,Counter({0: 2}),0.0020755689004138132
5734,13067480063,5737,8.5145753,49.5030164,2,Counter({0: 2}),0.002688673549595076
5735,13068077853,5738,8.5158794,49.5084867,2,Counter({0: 2}),0.016356271354261123
5736,13068077861,5739,8.512685,49.5079987,1,Counter({0: 1}),0.0003084267818281514
5737,13069622860,5740,8.5313217,49.5212253,2,Counter({0: 2}),0.012182118416759232
5738,13069622862,5741,8.5313972,49.521191,2,Counter({0: 2}),0.012182118416759233
5739,13069648842,5742,8.5341898,49.5255841,1,Counter({0: 1}),0.0003084267818281514
5740,13069648868,5743,8.5340699,49.5254141,1,Counter({0: 1}),5.8073203130888986e-08
5741,13069648869,5744,8.5339871,49.5254985,1,Counter({0: 1}),5.8073203130888986e-08
5742,13081718575,5745,8.5204119,49.515941,2,Counter({0: 2}),0.00044751752803710187
5743,13107654236,5746,8.4880105,49.4750085,2,Counter({0: 2}),0.0006091252184997604
5744,13107654258,5747,8.4883562,49.4750705,2,Counter({0: 2}),0.0004309366869402371
5745,13108409334,5748,8.5202086,49.5311039,1,Counter({0: 1}),0.0003084267818281514
5746,13115206886,5749,8.4958864,49.5087763,3,Counter({0: 3}),0.0008643069793008426
5747,13118729827,5750,8.5136776,49.5179124,1,Counter({0: 1}),0.0003084267818281514
5748,13118729828,5751,8.5137152,49.5179055,2,Counter({0: 2}),0.000616795490453172
5749,13146841250,5752,8.4771621,49.4820419,2,Counter({0: 2}),0.00047963648538684793
5750,13148128649,5753,8.5309434,49.4656258,1,Counter({0: 1}),5.8073203130888986e-08
5751,13148368687,5754,8.4667004,49.4781404,3,"Counter({1: 2, 0: 1})",0.002005937805469597
5752,13152615299,5755,8.5165901,49.4603225,2,Counter({0: 2}),0.00031516938636008516
5753,13164974920,5756,8.4925083,49.4611489,2,Counter({0: 2}),0.004308160574264999
5754,13165964170,5757,8.4634894,49.4822452,3,Counter({0: 3}),0.0012333006148906895
5755,13172600094,5758,8.476215,49.4733598,3,Counter({0: 3}),0.011319889637541576
5756,13174146748,5759,8.4768483,49.4728577,3,Counter({0: 3}),0.003039991120689822
5757,13174146749,5760,8.4769816,49.4728029,3,Counter({0: 3}),0.0025270197527344105
5758,13174146750,5761,8.4770237,49.4727844,3,Counter({0: 3}),0.0013513535842777204
5759,13174833578,5762,8.46147,49.4850041,2,Counter({0: 2}),0.00035114680515537866
5760,13174833579,5763,8.4615051,49.4850388,2,Counter({0: 2}),0.00045928650270508697
5761,13174837778,5764,8.4685173,49.4823326,3,Counter({0: 3}),0.002521378017178449
5762,13174837783,5765,8.4689381,49.4820105,3,Counter({0: 3}),0.0023356050801786833
5763,13206775688,5766,8.5225472,49.5152901,2,Counter({0: 2}),0.005841293136920469
5764,13206790803,5767,8.522554,49.5155928,2,Counter({0: 2}),0.000616795490453172
5765,13206790804,5768,8.5223965,49.5153581,3,Counter({0: 3}),0.006761985699357583
5766,13206790817,5769,8.5242253,49.5159156,3,Counter({0: 3}),0.0012333006148906895
5767,13206790819,5770,8.5243047,49.5160313,1,Counter({0: 1}),0.0003084267818281514
5768,13264546321,5771,8.5065413,49.4776352,1,Counter({0: 1}),0.0003084267818281514
5769,13264546331,5772,8.5066796,49.4776968,2,Counter({0: 2}),0.000559493054777344
5770,13264546332,5773,8.5066713,49.4776384,3,Counter({0: 3}),0.0006309498658296072
5771,13264546398,5774,8.5056482,49.4766395,1,Counter({0: 1}),0.0003084267818281514
5772,13264547528,5775,8.5047182,49.4761396,1,Counter({0: 1}),0.0003084267818281514
5773,13264550279,5776,8.5056897,49.4762746,3,Counter({0: 3}),0.0015412628110937937
5774,13264586004,5777,8.5054096,49.4771732,2,Counter({0: 2}),0.0003133049308911461
5775,13272167134,5778,8.5369531,49.5186376,2,Counter({0: 2}),0.0006616725260593243
5776,13272167154,5779,8.5369992,49.5186787,3,Counter({0: 3}),0.0009306908322428164
5777,13272167156,5780,8.5369317,49.5185502,3,Counter({0: 3}),0.002264825885503225
5778,13272210333,5781,8.5254646,49.5216417,3,Counter({0: 3}),0.0011774148357444354
5779,13272220378,5782,8.5252633,49.521534,3,Counter({0: 3}),0.009600710335935047
5780,13272220383,5783,8.5255498,49.5216106,3,Counter({0: 3}),0.000722962984643527
5781,13272220388,5784,8.526556,49.5220361,3,Counter({0: 3}),0.0006174633322891768
5782,13272225305,5785,8.5252666,49.5215717,3,Counter({0: 3}),0.011070814115458585
5783,13272225306,5786,8.526006,49.5220662,2,Counter({0: 2}),0.0005126315217706947
5784,13277135311,5787,8.5267021,49.5030749,1,Counter({0: 1}),2.9036601565444494e-07
5785,13277527236,5788,8.4960876,49.529865,1,Counter({0: 1}),1.7421960939266694e-07
5786,13277527249,5789,8.4961887,49.5295326,2,Counter({0: 2}),2.9036601565444494e-07
5787,13277527257,5790,8.4961903,49.5292397,1,Counter({0: 1}),1.7421960939266694e-07
5788,13279339701,5791,8.5006514,49.5243421,2,Counter({0: 2}),0.0003108116547033932
5789,13279770120,5792,8.499127,49.520387,2,Counter({0: 2}),0.006954826407772407
5790,13283104304,5793,8.5171761,49.499806,2,Counter({0: 2}),0.016885361303669185
5791,13296035245,5794,8.4843878,49.4740502,1,Counter({0: 1}),0.0003084267818281514
5792,13299193729,5795,8.5120719,49.4885998,2,Counter({0: 2}),0.09808416726378404
5793,13316351661,5796,8.5256377,49.4743336,4,"Counter({0: 2, 1: 2})",0.03581784989537218
5794,13316351686,5797,8.5254897,49.4743917,3,"Counter({1: 2, 0: 1})",0.0003086445563398923
5795,13316351694,5798,8.5256464,49.4743884,4,"Counter({0: 2, 1: 2})",0.03696658810666953
5796,13338106141,5799,8.4780962,49.4608062,1,Counter({0: 1}),0.0003084267818281514
5797,13338136082,5800,8.4775098,49.4616002,2,Counter({0: 2}),0.000616795490453172
5798,13341408352,5801,8.4754944,49.4899717,2,Counter({0: 2}),0.0005407661085799883
5799,13343422637,5802,8.4798019,49.4971585,1,Counter({0: 1}),0.0003084267818281514
5800,13375907953,5803,8.4827499,49.5112308,3,Counter({0: 3}),0.0016004414247706566
5801,13375907954,5804,8.4827013,49.511209,3,Counter({0: 3}),0.0008098935234842027
5802,13411393583,5805,8.4562823,49.4887867,2,Counter({0: 2}),0.0003834591162876386
5803,13411393590,5806,8.4564443,49.4890693,2,Counter({0: 2}),0.0005114395878668116
5804,13415362926,5807,8.4868096,49.4943555,2,Counter({0: 2}),0.01944041479704119
5805,13417707069,5808,8.4633982,49.4872114,2,Counter({0: 2}),0.000616795490453172
5806,13417707077,5809,8.4631071,49.4868952,1,Counter({0: 1}),0.0003084267818281514
5807,13417707083,5810,8.4633109,49.4871167,1,Counter({0: 1}),0.0003084267818281514
5808,13418993219,5811,8.4640595,49.4875615,1,Counter({0: 1}),0.0003084267818281514
5809,13418993229,5812,8.4644709,49.4871494,1,Counter({0: 1}),0.0003084267818281514
5810,13418993247,5813,8.4625081,49.4862441,2,Counter({0: 2}),0.00045441056588149843
5811,13418993257,5814,8.4627106,49.485664,1,Counter({0: 1}),0.0003084267818281514
5812,13418993270,5815,8.4618581,49.4855344,1,Counter({0: 1}),5.8073203130888986e-08
5813,13418993274,5816,8.4618285,49.4855022,1,Counter({0: 1}),5.8073203130888986e-08
5814,13418993279,5817,8.4640628,49.4862818,1,Counter({0: 1}),0.0003084267818281514
5815,13419003844,5818,8.4639488,49.486578,2,Counter({0: 2}),0.000616795490453172
5816,13419003850,5819,8.4639247,49.4865515,2,Counter({0: 2}),0.0009250480526719307
5817,13419003868,5820,8.463289,49.4865779,2,Counter({0: 2}),0.0018491088608906363
5818,13421712018,5821,8.4607267,49.4895084,2,Counter({0: 2}),0.000616795490453172
5819,13421712024,5822,8.4605762,49.4893422,1,Counter({0: 1}),0.0003084267818281514
5820,13421712048,5823,8.4599257,49.4891722,1,Counter({0: 1}),0.0003084267818281514
5821,13421712099,5824,8.4636352,49.4874689,2,Counter({0: 2}),0.0009250480526719307
5822,13424123407,5825,8.4639663,49.4894723,1,Counter({0: 1}),0.0003084267818281514
5823,13424123414,5826,8.464727,49.4891742,2,Counter({0: 2}),0.00046713665027593693
5824,13424123423,5827,8.4647539,49.4886693,1,Counter({0: 1}),0.0003084267818281514
5825,13424123460,5828,8.4650131,49.4877403,1,Counter({0: 1}),0.0003084267818281514
5826,13424340350,5829,8.4609482,49.4906526,2,Counter({0: 2}),0.000616795490453172
5827,13424340354,5830,8.4606727,49.4907593,1,Counter({0: 1}),0.0003084267818281514
5828,13424340362,5831,8.4611371,49.4899551,1,Counter({0: 1}),0.0003084267818281514
5829,13424345130,5832,8.4636785,49.4895863,1,Counter({0: 1}),5.8073203130888986e-08
5830,13424345132,5833,8.4637511,49.4896698,1,Counter({0: 1}),5.8073203130888986e-08
5831,13424345147,5834,8.4638277,49.4895276,1,Counter({0: 1}),5.8073203130888986e-08
5832,13424345148,5835,8.4639005,49.4896112,1,Counter({0: 1}),5.8073203130888986e-08
5833,13432335221,5836,8.502172,49.5026889,1,Counter({0: 1}),0.0003084267818281514
5834,13435881081,5837,8.5020178,49.5036281,2,Counter({0: 2}),0.0006414862806509262
5835,13435881082,5838,8.5019007,49.5035998,3,Counter({0: 3}),0.005841419930080639
5836,13446917266,5839,8.4744964,49.4828554,3,Counter({0: 3}),0.0008368315928863652
5837,13446917267,5840,8.4747244,49.482772,1,Counter({0: 1}),0.0003084267818281514
5838,13446917273,5841,8.4744009,49.4827513,2,Counter({0: 2}),0.00039817482163791195
5839,13460907121,5842,8.4790318,49.5081653,2,Counter({0: 2}),0.0018491088608906363
5840,13462169385,5843,8.4864853,49.505027,2,Counter({0: 2}),0.008361154370799217
5841,13464020647,5844,8.4803256,49.5084941,1,Counter({0: 1}),0.0003084267818281514
5842,13509376870,5845,8.5104523,49.5176557,3,Counter({0: 3}),0.006102094365181803
5843,13514083533,5846,8.48593,49.5235532,2,Counter({0: 2}),0.0019333876418895187
5844,13514123382,5847,8.4859897,49.5235862,2,Counter({0: 2}),0.0018207670570518477
5845,13527282863,5848,8.5120411,49.5291105,2,Counter({0: 2}),0.003694094524358979
5846,13530100351,5849,8.5375706,49.5148369,2,Counter({0: 2}),0.001078622638351566
5847,13532959723,5850,8.5371646,49.5155455,2,Counter({0: 2}),0.0027721243514529843
5848,13533186773,5851,8.5379266,49.5182269,2,Counter({0: 2}),0.0003084848550312823
5849,13533186774,5852,8.5379608,49.5181756,2,Counter({0: 2}),0.00030929787987511476
5850,13534157613,5853,8.5383866,49.5173699,2,Counter({0: 2}),0.003694094524358978
5851,13535318369,5854,8.5297577,49.5182851,2,Counter({0: 2}),0.0012331844684844277
5852,13536996281,5855,8.5507445,49.5192359,1,Counter({0: 1}),4.065124219162229e-07
5853,13536996282,5856,8.5505149,49.5187312,3,"Counter({1: 2, 0: 1})",1.1033908594868907e-06
5854,13536996283,5857,8.5503926,49.5186947,1,Counter({0: 1}),4.065124219162229e-07
5855,13536996285,5858,8.5506725,49.5187206,2,Counter({1: 2}),4.065124219162229e-07
5856,13536996286,5859,8.5504651,49.5187164,3,"Counter({1: 2, 0: 1})",7.549516407015568e-07
5857,13536996291,5860,8.550632,49.5189887,2,Counter({0: 2}),1.1033908594868907e-06
5858,13536996293,5861,8.5506472,49.5190221,2,Counter({0: 2}),7.549516407015568e-07
5859,13536996294,5862,8.5506828,49.5189846,2,Counter({0: 2}),9.872444532251128e-07
5860,13538806719,5863,8.5286419,49.5159842,3,Counter({0: 3}),0.00430885745270257
5861,13538806724,5864,8.5281437,49.5164968,1,Counter({0: 1}),0.0003084267818281514
5862,13538806740,5865,8.5235202,49.5219396,2,Counter({0: 2}),0.006440589235496394
5863,13538806760,5866,8.525467,49.5211852,2,Counter({0: 2}),0.003332530761666322
5864,13538806778,5867,8.5298954,49.5209746,2,Counter({0: 2}),0.04439225986411103
5865,13543242256,5868,8.4742848,49.486465,1,Counter({0: 1}),0.0003084267818281514
5866,13543242271,5869,8.473613,49.4867291,1,Counter({0: 1}),0.0003084267818281514
5867,13574475329,5870,8.5285347,49.5198297,3,Counter({0: 3}),0.018085106588911236
5868,13574475330,5871,8.5300525,49.5184195,3,Counter({0: 3}),0.01720605251311899
