,osm_id,matrix_index,lon,lat,Degree,generalized Degree,betweenness
0,512034,0,8.5457964,49.517048,1,Counter({0: 1}),0.0004688133742351837
1,20978320,1,8.4918062,49.4704429,2,Counter({0: 2}),0.0034307307667056333
2,20978627,2,8.5240589,49.4803159,1,Counter({0: 1}),1.1090924396384758e-07
3,21648952,3,8.4908881,49.4702422,2,Counter({0: 2}),0.022090637436853702
4,21649767,4,8.455774,49.4870026,3,Counter({0: 3}),0.0036339014455879976
5,21672897,5,8.4884249,49.4764155,3,"Counter({1: 2, 0: 1})",0.007033244825308345
6,21672943,6,8.4954943,49.4765288,2,Counter({0: 2}),0.015951254402863872
7,21672958,7,8.4866182,49.4745208,1,Counter({0: 1}),0.0004688133742351837
8,21673584,8,8.4834378,49.4728665,1,Counter({0: 1}),0.0004688133742351837
9,21673613,9,8.4828663,49.4699536,3,Counter({0: 3}),0.01233081967335997
10,21686313,10,8.5057656,49.4778825,3,Counter({0: 3}),0.02566128097181217
11,21686358,11,8.4986725,49.4781598,3,Counter({0: 3}),0.014389041865028703
12,21686411,12,8.4831322,49.486504,2,Counter({0: 2}),0.0029257060408909084
13,21686456,13,8.4759142,49.4874955,2,Counter({0: 2}),0.008928705250202108
14,21686467,14,8.4750327,49.4851676,5,"Counter({1: 4, 2: 1})",0.010813106752191711
15,21686469,15,8.4749257,49.4850455,4,"Counter({1: 2, 2: 1, 0: 1})",0.01472757658962518
16,21686472,16,8.4744411,49.4844667,3,Counter({0: 3}),0.0674251198727085
17,21686475,17,8.4739489,49.4839904,3,"Counter({1: 2, 0: 1})",0.056483104763822456
18,21686479,18,8.4740617,49.4836982,5,"Counter({1: 4, 0: 1})",0.024549106603459995
19,21686487,19,8.4770738,49.482716,3,Counter({0: 3}),0.010093742960045107
20,21686490,20,8.4778314,49.4829349,2,Counter({0: 2}),0.0019133870274023249
21,21686503,21,8.4839247,49.4806567,4,Counter({0: 4}),0.011414701583030283
22,21686509,22,8.4872617,49.4793635,2,Counter({0: 2}),0.011746582807692856
23,21686515,23,8.4900604,49.4782611,3,Counter({0: 3}),0.012115901622129738
24,21686610,24,8.4738472,49.4834774,3,"Counter({1: 2, 0: 1})",0.012122985522216141
25,21686908,25,8.5643277,49.4663338,2,Counter({0: 2}),0.0010138103081491247
26,21686909,26,8.5643823,49.4664367,4,"Counter({1: 2, 0: 1, 2: 1})",0.0008251481387044325
27,21686911,27,8.5646281,49.4666702,2,Counter({1: 2}),0.0004688133742351837
28,21732936,28,8.4591759,49.4923968,2,Counter({0: 2}),0.012316311234011989
29,21733267,29,8.4889374,49.4982176,3,"Counter({1: 2, 0: 1})",0.012898569631421152
30,21733269,30,8.490056,49.4989253,2,Counter({0: 2}),0.00295161691873429
31,21733328,31,8.4911023,49.4996606,3,Counter({0: 3}),0.002377321807267261
32,21733332,32,8.4884918,49.4982426,3,"Counter({1: 2, 0: 1})",0.012808356002178521
33,21818096,33,8.5131982,49.4537942,2,Counter({0: 2}),0.0011441397607310517
34,24306323,34,8.4740998,49.4961478,2,Counter({0: 2}),0.0018793605317434777
35,24306344,35,8.4749261,49.4961432,2,Counter({0: 2}),0.010740843238686253
36,24311258,36,8.4888006,49.4946456,3,Counter({0: 3}),0.008486260682178655
37,24311614,37,8.5019217,49.4895056,2,Counter({0: 2}),0.09215032265737086
38,24311697,38,8.5228699,49.4885254,2,Counter({0: 2}),0.01791989164182015
39,24311744,39,8.5323773,49.4864355,2,Counter({0: 2}),0.016933727920114727
40,24311944,40,8.5376466,49.4856232,2,Counter({0: 2}),0.00599702984154823
41,24555481,41,8.4906706,49.4607889,2,Counter({0: 2}),0.016537207159159115
42,24555547,42,8.4952401,49.4537398,1,Counter({0: 1}),0.0004688133742351837
43,24555573,43,8.4840296,49.4692111,3,"Counter({1: 2, 0: 1})",0.0032507357789064843
44,24958163,44,8.4690955,49.4983559,3,Counter({0: 3}),0.001716394043728875
45,24958167,45,8.4698506,49.4993225,3,Counter({0: 3}),0.002112276437733417
46,24958183,46,8.4674255,49.4989242,4,Counter({0: 4}),0.013226709769421393
47,24958187,47,8.467046,49.4991623,3,Counter({0: 3}),0.0009234937825733865
48,24958194,48,8.4655579,49.4991522,3,Counter({0: 3}),0.0008449856859386104
49,24958197,49,8.4661888,49.4996992,4,Counter({0: 4}),0.0010063678006024773
50,24958203,50,8.4646811,49.5006247,4,Counter({0: 4}),0.0017002902158505422
51,24958205,51,8.4660683,49.5016548,3,Counter({0: 3}),0.002058366641819391
52,24958206,52,8.4675109,49.5007764,3,Counter({0: 3}),0.0007361297035537597
53,24958208,53,8.4679597,49.5004957,3,Counter({0: 3}),0.0013591989836212594
54,24958210,54,8.4666605,49.4994025,3,Counter({0: 3}),0.0006738109247654588
55,24958212,55,8.4656086,49.5019401,2,Counter({0: 2}),0.001779042752060311
56,24958221,56,8.4774537,49.4974296,2,Counter({0: 2}),0.009352581727895696
57,24958224,57,8.4765836,49.4971192,3,Counter({0: 3}),0.009613036019108054
58,25031031,58,8.5529674,49.4610233,3,"Counter({1: 2, 0: 1})",0.00592320540129711
59,25031035,59,8.5532655,49.4609298,2,Counter({0: 2}),0.005489439348154559
60,25031043,60,8.5533957,49.461179,3,Counter({0: 3}),0.004806978586066503
61,25031048,61,8.5532418,49.4612419,3,Counter({0: 3}),0.004806978586066503
62,25100837,62,8.4781402,49.4832698,3,Counter({0: 3}),0.002796487736516446
63,25100845,63,8.4780926,49.4838457,3,Counter({0: 3}),0.00628290663044769
64,25100858,64,8.4775941,49.4842275,3,Counter({0: 3}),0.006417894861486272
65,25103088,65,8.4709533,49.4867793,3,Counter({0: 3}),0.0014938478302786327
66,25103117,66,8.4720589,49.4863482,3,Counter({0: 3}),0.0013176607600985221
67,25105821,67,8.4715663,49.4811213,5,"Counter({1: 4, 0: 1})",0.00965442720292749
68,25283580,68,8.4718193,49.4926599,2,Counter({0: 2}),0.06336223035939785
69,25283582,69,8.4722036,49.4925866,2,Counter({0: 2}),0.0011281993799770887
70,25283809,70,8.4991754,49.5063863,2,Counter({0: 2}),0.004032888041965623
71,25284066,71,8.5317224,49.4808907,2,Counter({0: 2}),0.0008218453266599241
72,25422067,72,8.4659092,49.4887113,4,Counter({0: 4}),0.02070260951709788
73,25422068,73,8.4650931,49.4890322,4,Counter({0: 4}),0.01233733884256202
74,25422070,74,8.4646438,49.4873383,4,Counter({0: 4}),0.005996853582074077
75,25422071,75,8.4638066,49.4876578,4,Counter({0: 4}),0.003883486501130466
76,25422074,76,8.469323,49.4935917,3,Counter({0: 3}),0.07354912518137076
77,25422075,77,8.4622789,49.4847609,3,Counter({0: 3}),0.003743486711511554
78,25422076,78,8.461447,49.4850966,4,"Counter({1: 2, 0: 2})",0.0036359436983741528
79,25422081,79,8.4781053,49.4900889,4,Counter({0: 4}),0.002610886786187743
80,25553088,80,8.5021631,49.4893228,3,Counter({0: 3}),0.13391532625188662
81,25928712,81,8.5021741,49.4552056,2,Counter({0: 2}),0.013508635005552671
82,26421538,82,8.4949265,49.4536117,3,"Counter({1: 2, 0: 1})",0.0018742553137450601
83,26745775,83,8.4960131,49.4537035,2,Counter({0: 2}),0.0014059964857296957
84,26745785,84,8.4951223,49.4559154,1,Counter({0: 1}),0.0004688133742351837
85,26745836,85,8.4945736,49.4627107,2,Counter({0: 2}),0.013925383099825474
86,26745917,86,8.4882567,49.4789768,2,Counter({0: 2}),0.01110113958986386
87,26754383,87,8.5318887,49.4810389,2,Counter({0: 2}),0.000989982870632688
88,26754384,88,8.5317105,49.480983,2,Counter({0: 2}),0.0007248991215729079
89,26754386,89,8.5318215,49.4808475,2,Counter({0: 2}),0.0011031777148986178
90,26768322,90,8.4841342,49.480883,3,Counter({0: 3}),0.005288419885640482
91,26819800,91,8.4895161,49.4879311,3,"Counter({1: 2, 2: 1})",0.0037298104991180503
92,26819851,92,8.5058074,49.4777048,4,"Counter({0: 2, 1: 2})",0.025244734475152197
93,26819892,93,8.5221981,49.4775456,3,Counter({0: 3}),0.0015942641386824912
94,26819953,94,8.5206946,49.4774063,3,Counter({0: 3}),0.0007096781989696336
95,26915335,95,8.510482,49.5071076,2,Counter({0: 2}),0.0048692299673398845
96,26915336,96,8.5101676,49.5069333,2,Counter({0: 2}),0.004398899196205529
97,26915341,97,8.5072345,49.5054146,2,Counter({0: 2}),0.0027846824713939726
98,26915362,98,8.5110095,49.5071881,2,Counter({0: 2}),0.0017062153319972924
99,26915456,99,8.5183136,49.4895192,3,Counter({0: 3}),0.0015258904724673283
100,26936902,100,8.4762515,49.4877152,2,Counter({0: 2}),0.009023214181704766
101,26936904,101,8.4753423,49.4850699,5,"Counter({1: 4, 0: 1})",0.007875284102264114
102,26936931,102,8.464005,49.4840989,3,Counter({0: 3}),0.0065759615003445175
103,26936932,103,8.4663739,49.4866727,3,Counter({0: 3}),0.015072930971690686
104,26936933,104,8.4648628,49.4837631,3,Counter({0: 3}),0.0018761673325059076
105,26936934,105,8.4656846,49.4834361,3,Counter({0: 3}),0.043515104224869594
106,26936936,106,8.4673056,49.4828069,2,Counter({0: 2}),0.0008363846160226583
107,26936937,107,8.4672134,49.4863334,4,Counter({0: 4}),0.07093752576362639
108,26936938,108,8.4680318,49.4860174,3,Counter({0: 3}),0.05416559278795671
109,26936940,109,8.4696682,49.4853947,3,Counter({0: 3}),0.0037090650829728574
110,26936946,110,8.4613135,49.488623,3,Counter({0: 3}),0.0007468014247817467
111,26936967,111,8.4683402,49.4887943,3,Counter({0: 3}),0.03448363865067251
112,26936968,112,8.4691612,49.4884726,4,Counter({0: 4}),0.05664835675996073
113,26936969,113,8.4699706,49.4881507,4,Counter({0: 4}),0.004881157657023132
114,26936970,114,8.4707999,49.4878312,4,Counter({0: 4}),0.0036601089014779782
115,26936971,115,8.4716216,49.4875053,4,Counter({0: 4}),0.002579150657395856
116,26936973,116,8.4755388,49.4859549,3,Counter({0: 3}),0.007365312251829591
117,26938716,117,8.470115,49.4871004,3,Counter({0: 3}),0.0018850779657914576
118,26938717,118,8.4693027,49.4874153,3,Counter({0: 3}),0.0024057068188156248
119,26938718,119,8.4684871,49.4877327,4,Counter({0: 4}),0.07501025277643364
120,26938719,120,8.4676549,49.4880512,3,Counter({0: 3}),0.017461444214100195
121,26938721,121,8.4679224,49.4870979,4,Counter({0: 4}),0.12686875379255047
122,27088458,122,8.4666188,49.4894712,3,Counter({0: 3}),0.010638287775377238
123,27088461,123,8.4673095,49.4902328,3,Counter({0: 3}),0.010900929733411018
124,27088471,124,8.4690362,49.4895499,3,Counter({0: 3}),0.035228076552516356
125,27088479,125,8.4680204,49.4909908,4,Counter({0: 4}),0.02376035965557179
126,27088480,126,8.4687214,49.4917341,3,Counter({0: 3}),0.01211503159873311
127,27088481,127,8.4698516,49.4892304,4,Counter({0: 4}),0.04480883442071375
128,27088482,128,8.4705446,49.4899911,3,Counter({0: 3}),0.04505117261290354
129,27194895,129,8.4720753,49.4904267,2,Counter({0: 2}),0.004520750545552254
130,27194900,130,8.4736838,49.4897802,3,Counter({0: 3}),0.004123231930974245
131,27194902,131,8.4728849,49.4900917,2,Counter({0: 2}),0.004124331851295054
132,27194904,132,8.4723192,49.4882729,4,Counter({0: 4}),0.004039386561509608
133,27194905,133,8.4726072,49.4881565,3,Counter({0: 3}),0.004173091148817575
134,27194916,134,8.4725596,49.4871361,4,Counter({0: 4}),0.002037436093987008
135,27194921,135,8.470671,49.4889092,3,Counter({0: 3}),0.0056212810162014895
136,27194922,136,8.4715115,49.4885904,3,Counter({0: 3}),0.0013934487654128005
137,27194923,137,8.4797797,49.4868601,2,Counter({0: 2}),0.005085456187785378
138,27194925,138,8.4800931,49.4867544,2,Counter({0: 2}),0.004817605819282691
139,27194927,139,8.479918,49.4865387,2,Counter({0: 2}),0.0044165099876302015
140,27194932,140,8.4781223,49.4867985,2,Counter({0: 2}),0.003520750147792982
141,27194940,141,8.4786796,49.4854252,4,Counter({0: 4}),0.006458555006481336
142,27194941,142,8.4801657,49.4848447,2,Counter({0: 2}),0.003096593548733342
143,27194943,143,8.4798087,49.4844426,3,Counter({0: 3}),0.004451017756457135
144,27194947,144,8.4791498,49.4841405,3,Counter({0: 3}),0.005455020789819263
145,27194958,145,8.4816238,49.4848631,3,Counter({0: 3}),0.007367511204518136
146,27194959,146,8.4823864,49.4856987,3,Counter({0: 3}),0.005165035838506194
147,27194960,147,8.4826031,49.4856152,3,Counter({0: 3}),0.00879627886889563
148,27194961,148,8.4818533,49.4847761,3,Counter({0: 3}),0.006133253004820444
149,27194964,149,8.4802028,49.4833186,4,Counter({0: 4}),0.011203520083375941
150,27194965,150,8.4804116,49.4832354,4,Counter({0: 4}),0.0027609368000351513
151,27194968,151,8.4795923,49.4826531,4,Counter({0: 4}),0.008865808405962334
152,27194969,152,8.4798011,49.4825712,4,Counter({0: 4}),0.003940503108085917
153,27194987,153,8.4773379,49.4859432,4,Counter({0: 4}),0.005881465715444473
154,27194989,154,8.475185,49.4909163,3,Counter({0: 3}),0.0017993287826527362
155,27212962,155,8.4907425,49.4974328,2,Counter({0: 2}),0.0072020219272944976
156,27212980,156,8.4944126,49.4984209,2,Counter({0: 2}),0.003264281755237756
157,27213121,157,8.5024401,49.5027921,2,Counter({0: 2}),0.0022020577855077603
158,27428361,158,8.456342,49.4870015,3,"Counter({1: 2, 0: 1})",0.0016397495568728708
159,27428375,159,8.458876,49.4863363,3,"Counter({1: 2, 0: 1})",0.00785376770009961
160,27538087,160,8.4902782,49.47849,2,Counter({0: 2}),0.002282637580891428
161,27538116,161,8.4605749,49.4878171,2,Counter({0: 2}),0.0005411879076146323
162,27538138,162,8.4663592,49.4853909,4,Counter({0: 4}),0.0016352386545048195
163,27749563,163,8.4595852,49.4868949,5,Counter({0: 5}),0.0162323204631141
164,27787754,164,8.4754217,49.4967157,3,Counter({0: 3}),0.0020440909940727817
165,30222167,165,8.4836808,49.4972598,2,Counter({0: 2}),0.0005080454117549476
166,30298853,166,8.4560481,49.4883412,2,Counter({0: 2}),0.004510952684680681
167,30324356,167,8.47863,49.4978423,2,Counter({0: 2}),0.008966811474031963
168,30347275,168,8.491798,49.4610153,3,Counter({0: 3}),0.0158346516300073
169,30560619,169,8.4926808,49.5331141,2,Counter({0: 2}),0.006394342516364663
170,30560625,170,8.4935345,49.534145,2,Counter({0: 2}),0.00046892428347914756
171,30560656,171,8.4852515,49.530216,2,Counter({0: 2}),0.0008626224512842443
172,30560684,172,8.4864552,49.5264316,2,Counter({0: 2}),0.017096344771820593
173,30560694,173,8.484829,49.5239219,3,Counter({0: 3}),0.0215707600980291
174,30560713,174,8.4834715,49.5243456,2,Counter({0: 2}),0.021724816734869694
175,30560744,175,8.5046182,49.5187967,3,Counter({0: 3}),0.0007763524976832868
176,30560805,176,8.5053462,49.5186373,2,Counter({0: 2}),0.0008294342214140754
177,30561270,177,8.4940291,49.5116329,2,Counter({0: 2}),0.02514919741854658
178,30561271,178,8.4964456,49.5097035,2,Counter({0: 2}),0.06075993999082042
179,30561292,179,8.5081201,49.4825917,3,Counter({0: 3}),0.12070592091585378
180,30561536,180,8.5118214,49.4847771,2,Counter({0: 2}),0.07812064864824231
181,30561549,181,8.5123817,49.4869814,2,Counter({0: 2}),0.07791114917088515
182,30561550,182,8.5125115,49.4881997,3,"Counter({1: 2, 0: 1})",0.07818032417305378
183,30561569,183,8.5083778,49.4821708,3,Counter({0: 3}),0.06856576811519442
184,30561596,184,8.5062938,49.4780982,3,Counter({0: 3}),0.01423310719866307
185,30561892,185,8.5121,49.5132099,2,Counter({0: 2}),0.001721185913205808
186,31380987,186,8.4967896,49.5023458,2,Counter({0: 2}),0.0014891076304757002
187,31380988,187,8.4971984,49.5025365,3,Counter({0: 3}),0.002675232652404576
188,32177021,188,8.4621699,49.4858733,4,Counter({0: 4}),0.0070318016027920765
189,34822542,189,8.4712742,49.500139,3,Counter({0: 3}),0.0021736180773319967
190,35803425,190,8.496694,49.5256616,2,Counter({0: 2}),0.002331172791767422
191,36133847,191,8.4621127,49.4870243,4,Counter({0: 4}),0.016488139951224532
192,36133848,192,8.4629373,49.4867108,4,Counter({0: 4}),0.008681544170529928
193,36134740,193,8.4737612,49.4838049,4,Counter({1: 4}),0.0348824567131616
194,36301133,194,8.5092057,49.48226,3,Counter({0: 3}),0.19738658076355212
195,36301150,195,8.4924884,49.4870576,2,Counter({0: 2}),0.014658915833889953
196,36306169,196,8.5173726,49.5108409,3,"Counter({1: 2, 0: 1})",0.02496816241325555
197,40131385,197,8.4933724,49.5121921,2,Counter({0: 2}),0.02515914627513684
198,40131527,198,8.4873247,49.5041546,6,"Counter({2: 3, 1: 2, 0: 1})",0.02269202437491175
199,40131542,199,8.4945804,49.5080691,2,Counter({0: 2}),0.006347080145141829
200,40131563,200,8.4877877,49.5021558,3,Counter({0: 3}),0.02240718786056974
201,40131578,201,8.4878625,49.501929,2,Counter({0: 2}),0.002167627616598503
202,40131591,202,8.4875451,49.5003833,2,Counter({0: 2}),0.003847338338815988
203,43457501,203,8.4758262,49.4842382,2,Counter({0: 2}),0.0014175414350764684
204,43457519,204,8.4754366,49.4838242,2,Counter({0: 2}),0.0014075360111948116
205,43457527,205,8.4749613,49.4833577,4,Counter({0: 4}),0.012476843212585449
206,43457538,206,8.47345,49.4817259,4,Counter({0: 4}),0.011272786522958841
207,43457547,207,8.4733018,49.4815283,4,Counter({0: 4}),0.025759131686403956
208,43457551,208,8.4713869,49.4794865,4,Counter({0: 4}),0.0017628588660461117
209,49488930,209,8.5565448,49.5115351,2,Counter({0: 2}),0.014895444192076621
210,59667746,210,8.4899208,49.5001012,2,Counter({0: 2}),0.008008578193196697
211,59667751,211,8.4881932,49.5003098,3,Counter({0: 3}),0.004372466145743419
212,59667752,212,8.4904652,49.5001964,2,Counter({0: 2}),0.007610072037197697
213,59784000,213,8.4959911,49.4487235,2,Counter({0: 2}),0.005501301367040429
214,59784002,214,8.4943329,49.4494856,2,Counter({0: 2}),0.0065711541161644895
215,59784005,215,8.493165,49.4535311,2,Counter({0: 2}),0.004402846801000392
216,59784008,216,8.4875301,49.4599296,3,Counter({0: 3}),0.003499837710185424
217,60312494,217,8.5408793,49.4742239,2,Counter({0: 2}),0.043026075082860445
218,60312496,218,8.5397748,49.4744307,2,Counter({0: 2}),0.04427158958954923
219,60335057,219,8.5227104,49.473697,1,Counter({0: 1}),1.1090924396384758e-07
220,61131178,220,8.4573366,49.4877687,2,Counter({0: 2}),0.0034465229410273273
221,61138982,221,8.4605354,49.4865283,3,Counter({0: 3}),0.01714006632743796
222,61138985,222,8.4613608,49.4862003,3,Counter({0: 3}),0.007716966737470554
223,63800740,223,8.485957,49.4764752,2,Counter({0: 2}),0.0020008659310168007
224,63800758,224,8.4846596,49.4769043,3,Counter({0: 3}),0.003857398850536396
225,63800763,225,8.4831473,49.477952,2,Counter({0: 2}),0.0005933135307884733
226,63800771,226,8.4819707,49.4789018,2,Counter({0: 2}),0.10454598478079032
227,63800795,227,8.4781143,49.4807047,2,Counter({0: 2}),0.0009413746868244682
228,63800808,228,8.4773711,49.4809231,3,Counter({0: 3}),0.005811033811883585
229,63800856,229,8.4738358,49.4816567,3,Counter({0: 3}),0.0018092762887780523
230,63800864,230,8.4722315,49.4818107,3,Counter({0: 3}),0.01683136820328383
231,63800870,231,8.4725697,49.4821865,3,Counter({0: 3}),0.0008121479521279355
232,75958527,232,8.5436548,49.5006468,3,Counter({0: 3}),0.04807546145376343
233,75961572,233,8.5510415,49.4980445,2,Counter({0: 2}),0.011321013442243559
234,75978131,234,8.543109,49.5001693,2,Counter({0: 2}),0.040979928306694814
235,75980142,235,8.5443777,49.4975142,2,Counter({0: 2}),0.009886956434822564
236,75980143,236,8.5431283,49.4979403,2,Counter({0: 2}),0.011179548218599207
237,75980145,237,8.5412552,49.4987119,3,Counter({0: 3}),0.014551444614438016
238,76463495,238,8.5435436,49.5005005,2,Counter({0: 2}),0.040817937961936016
239,76863293,239,8.4820073,49.4742123,3,Counter({0: 3}),0.0020722204400967586
240,76916619,240,8.5422047,49.4994818,2,Counter({0: 2}),0.04133782717588663
241,76925728,241,8.5455545,49.4969694,2,Counter({0: 2}),0.008185701056787146
242,76986155,242,8.5447454,49.4899784,2,Counter({0: 2}),0.011833954656780674
243,76986157,243,8.5444331,49.4893463,2,Counter({0: 2}),0.012382507072185214
244,77862756,244,8.546063,49.4926359,3,Counter({0: 3}),0.011847439619483263
245,77862757,245,8.547084,49.4924056,2,Counter({0: 2}),0.008559663245615627
246,77862759,246,8.5486972,49.4921175,2,Counter({0: 2}),0.008322632234530152
247,79875692,247,8.5446743,49.4974023,2,Counter({0: 2}),0.009460177664049683
248,79877106,248,8.5451122,49.4971985,2,Counter({0: 2}),0.008609707096460912
249,79880808,249,8.535518,49.5048807,3,Counter({0: 3}),0.0006903869735919532
250,79885702,250,8.5380487,49.5041614,3,"Counter({1: 2, 0: 1})",0.034097563426613194
251,79885703,251,8.538303,49.5038635,3,"Counter({1: 2, 0: 1})",0.039907177869036775
252,82020818,252,8.5068762,49.4649155,2,Counter({0: 2}),0.004557610609422573
253,82020842,253,8.5100696,49.4648724,2,Counter({0: 2}),0.020344882995143435
254,82653670,254,8.4829498,49.4681554,3,Counter({0: 3}),0.041976457806173526
255,82653671,255,8.4841329,49.4686935,5,"Counter({1: 4, 0: 1})",0.021903984749098777
256,86675601,256,8.539879,49.5030113,2,Counter({0: 2}),0.040060833384111684
257,88225816,257,8.5140406,49.4508995,2,Counter({0: 2}),0.03250093138983248
258,89131370,258,8.5084013,49.4654928,3,"Counter({1: 2, 0: 1})",0.026692279895243812
259,89131371,259,8.507649,49.4657778,4,Counter({0: 4}),0.031945735101295496
260,90467965,260,8.4702037,49.4738009,4,Counter({0: 4}),0.007792183513216336
261,92898374,261,8.4672008,49.4913189,4,Counter({0: 4}),0.06312834264416917
262,92898381,262,8.4664952,49.4905549,4,Counter({0: 4}),0.05226856034098999
263,92898387,263,8.4657935,49.4897939,4,Counter({0: 4}),0.023034496921288398
264,92898394,264,8.4649681,49.490117,4,Counter({0: 4}),0.029780909188984198
265,92898401,265,8.4641411,49.4904407,4,Counter({0: 4}),0.009549549171236201
266,92898411,266,8.4634416,49.4896794,4,Counter({0: 4}),0.0383039680550208
267,92898422,267,8.4642598,49.4893564,4,Counter({0: 4}),0.024363629865063744
268,92898430,268,8.4628444,49.4890328,4,Counter({0: 4}),0.044770828155990726
269,92898466,269,8.4636876,49.488741,4,Counter({0: 4}),0.05340494234489913
270,92898502,270,8.4656804,49.4908771,4,Counter({0: 4}),0.03271569854200781
271,92898511,271,8.4648449,49.4911997,3,Counter({0: 3}),0.014697015669083952
272,92898526,272,8.4678946,49.4920617,4,Counter({0: 4}),0.07371709858869567
273,92898530,273,8.4670808,49.4923834,3,Counter({0: 3}),0.014018176049490403
274,92898533,274,8.4654385,49.4930314,2,Counter({0: 2}),0.0013215230986837689
275,95103434,275,8.4712805,49.5115154,2,Counter({0: 2}),0.020210909444857605
276,95882451,276,8.4909414,49.4533823,2,Counter({0: 2}),0.001266776419284526
277,95897305,277,8.4927763,49.4533016,2,Counter({0: 2}),0.0035034061052267103
278,95897308,278,8.4947466,49.4537894,3,"Counter({1: 2, 0: 1})",0.004827639086384362
279,95897320,279,8.4972488,49.4534857,2,Counter({0: 2}),0.007941434595543377
280,95897334,280,8.4964247,49.4531021,3,Counter({0: 3}),0.006549301765309164
281,95897413,281,8.482845,49.4682601,4,Counter({0: 4}),0.09654580373384365
282,95897442,282,8.4818542,49.4742331,3,Counter({0: 3}),0.0024674753565587645
283,96656889,283,8.5207428,49.4775234,2,Counter({0: 2}),0.0007392681210711854
284,110412460,284,8.533935,49.4840396,2,Counter({0: 2}),0.03634894739294933
285,110412464,285,8.5322173,49.4841555,4,Counter({0: 4}),0.03852836570858265
286,110412468,286,8.5308445,49.4842022,2,Counter({0: 2}),0.037598563060777336
287,110664285,287,8.5395961,49.5189088,2,Counter({0: 2}),0.004812982857510489
288,110842568,288,8.5501761,49.4886613,2,Counter({0: 2}),0.0014059964857296957
289,110843846,289,8.5499807,49.4884225,2,Counter({0: 2}),0.0009375158392264035
290,110909094,290,8.551582,49.4905959,2,Counter({0: 2}),0.0042122221765029675
291,110909126,291,8.5503507,49.4889342,2,Counter({0: 2}),0.0018742553137450601
292,113991681,292,8.5562789,49.4630079,4,"Counter({1: 2, 0: 2})",0.026843979862874026
293,113991691,293,8.5557506,49.4630009,3,"Counter({1: 2, 0: 1})",0.02303837270880144
294,113991694,294,8.5556351,49.4630557,3,Counter({0: 3}),0.031641796538534196
295,113991701,295,8.5554808,49.4630136,3,Counter({0: 3}),0.009391468246408994
296,113991712,296,8.5551835,49.462739,3,"Counter({1: 2, 0: 1})",0.011384238093117564
297,113991732,297,8.5542697,49.462183,3,"Counter({1: 2, 2: 1})",0.005472047134281847
298,113991755,298,8.5537957,49.4616874,2,Counter({0: 2}),0.010084006548276488
299,113991840,299,8.5535545,49.4614108,3,"Counter({1: 2, 0: 1})",0.009852478606681281
300,113991861,300,8.5336621,49.4750233,2,Counter({0: 2}),0.048901502220465444
301,113991878,301,8.5295892,49.4750531,3,"Counter({1: 2, 0: 1})",0.0025635168945994085
302,113991882,302,8.5293543,49.4739938,3,Counter({0: 3}),0.002001509063341859
303,121996660,303,8.4811068,49.4820589,4,Counter({0: 4}),0.004876345452048591
304,121996670,304,8.4823807,49.4834448,4,"Counter({1: 2, 0: 2})",0.0028002934635927685
305,121996676,305,8.4828985,49.4813634,4,Counter({0: 4}),0.005820380842735156
306,124604027,306,8.5004616,49.5303246,2,Counter({0: 2}),0.004034770502802501
307,124604028,307,8.4997729,49.5306534,2,Counter({0: 2}),0.004020139988834406
308,124604030,308,8.4965057,49.5317557,2,Counter({0: 2}),0.00480158569865669
309,133215073,309,8.4933506,49.4500974,2,Counter({0: 2}),0.006933423977568758
310,135633975,310,8.4802497,49.4669203,2,Counter({0: 2}),0.03208121340783651
311,135634011,311,8.4754559,49.4650698,2,Counter({0: 2}),0.015261555252817027
312,135634183,312,8.475606,49.4650396,2,Counter({0: 2}),0.015794111966225325
313,135634474,313,8.472566,49.464708,2,Counter({0: 2}),0.000601892055719262
314,135634630,314,8.4750207,49.4647,4,Counter({0: 4}),0.012534561976867102
315,135634714,315,8.4757069,49.4649179,4,Counter({0: 4}),0.03755580760791373
316,135634728,316,8.4764871,49.4651709,2,Counter({0: 2}),0.02329462259470451
317,135635081,317,8.4804204,49.4667903,2,Counter({0: 2}),0.023680035684498356
318,135635101,318,8.4864828,49.4595966,2,Counter({0: 2}),0.002254954829249083
319,135635113,319,8.4746277,49.4648841,2,Counter({0: 2}),0.0022087700048125636
320,135635591,320,8.4576626,49.4831493,2,Counter({0: 2}),0.003347970047671962
321,135635604,321,8.4594141,49.4829714,3,Counter({0: 3}),0.007607481213326666
322,135635657,322,8.4605851,49.4809641,3,Counter({0: 3}),0.0066603956312797806
323,135635676,323,8.4616883,49.4798192,2,Counter({0: 2}),0.0056613998011436385
324,135635697,324,8.4635057,49.4770888,3,Counter({0: 3}),0.022384856610765502
325,142350519,325,8.5230814,49.473989,1,Counter({0: 1}),1.1090924396384758e-07
326,142350530,326,8.5305421,49.4867473,2,Counter({0: 2}),0.00990871765137442
327,144122387,327,8.5543787,49.4973075,2,Counter({0: 2}),0.00918798837745679
328,144213130,328,8.5485975,49.4988847,2,Counter({0: 2}),0.013060715509699098
329,146013842,329,8.4837298,49.4774666,3,Counter({0: 3}),0.002227108965936768
330,147133853,330,8.4872795,49.5266145,3,"Counter({1: 2, 0: 1})",0.016509486992259872
331,147134197,331,8.4854962,49.5249724,2,Counter({0: 2}),0.018053070092101553
332,148494422,332,8.4719673,49.4966066,2,Counter({0: 2}),0.0032547267269330054
333,148503857,333,8.5516718,49.5092735,2,Counter({0: 2}),0.023174375617001988
334,148503863,334,8.5495014,49.5084174,3,Counter({0: 3}),0.02888922043823403
335,148503869,335,8.5482806,49.5079526,2,Counter({0: 2}),0.028170121870120426
336,148947703,336,8.5196395,49.4885264,2,Counter({0: 2}),0.006883442542400435
337,148992531,337,8.4968433,49.5258337,2,Counter({0: 2}),0.0018726018862122663
338,149432656,338,8.5437905,49.5005854,2,Counter({0: 2}),0.015280606542845701
339,149432662,339,8.545289,49.5000497,2,Counter({0: 2}),0.013944296183585897
340,150477801,340,8.5445108,49.5003123,2,Counter({0: 2}),0.01483201377227253
341,151031048,341,8.5395721,49.5054187,2,Counter({0: 2}),0.03365967260587363
342,151031065,342,8.5376097,49.5040688,3,"Counter({1: 2, 0: 1})",0.023875328162430463
343,154745458,343,8.5369002,49.5042449,2,Counter({0: 2}),0.02371449866775848
344,154772221,344,8.5356384,49.5046123,4,Counter({0: 4}),0.025015738194495592
345,155029984,345,8.4855736,49.5302364,2,Counter({0: 2}),0.000562502474984917
346,155044453,346,8.4875888,49.5266563,3,"Counter({1: 2, 2: 1})",0.0006565318908624952
347,155049576,347,8.5176119,49.5128513,2,Counter({0: 2}),0.019436058775006492
348,155051703,348,8.5250512,49.5203837,2,Counter({0: 2}),0.0018292289641015868
349,155308613,349,8.4993156,49.5249379,2,Counter({0: 2}),0.0010076673722440614
350,155309559,350,8.4976708,49.5255663,2,Counter({0: 2}),0.0010725947605574211
351,155615883,351,8.4980927,49.5311897,2,Counter({0: 2}),0.004547891894013782
352,155617286,352,8.4989348,49.5309325,2,Counter({0: 2}),0.004206795443502687
353,156455782,353,8.5326229,49.5061362,3,Counter({0: 3}),0.0010532550101935872
354,156455789,354,8.5325577,49.5060612,3,Counter({0: 3}),0.026139105662098042
355,156466806,355,8.54981,49.5070615,2,Counter({0: 2}),0.0009375158392264035
356,157013650,356,8.514265,49.450328,2,Counter({0: 2}),0.031681127228199754
357,162629306,357,8.4633696,49.4938455,2,Counter({0: 2}),0.0015792343365007805
358,162629315,358,8.463051,49.4939322,2,Counter({0: 2}),0.0017801826889802773
359,162779543,359,8.5356391,49.5048852,2,Counter({0: 2}),0.0005020881639560452
360,169652096,360,8.4715052,49.4723765,4,"Counter({1: 2, 0: 2})",0.0027693473016234763
361,180558950,361,8.4853514,49.4592414,2,Counter({0: 2}),0.0020422538029672027
362,180937439,362,8.4936553,49.524477,2,Counter({0: 2}),0.005079818917827455
363,180937440,363,8.4933154,49.5249221,2,Counter({0: 2}),0.0043011565402430755
364,180937441,364,8.4924474,49.5258705,2,Counter({0: 2}),0.003457997268458183
365,180939920,365,8.5005171,49.52406,2,Counter({0: 2}),0.015105124869657637
366,180960126,366,8.5081382,49.5284448,2,Counter({0: 2}),0.007433314526583448
367,180960135,367,8.5098731,49.5293092,2,Counter({0: 2}),0.01276482540668124
368,188476591,368,8.4688078,49.484441,4,Counter({0: 4}),0.006544750693951759
369,188476598,369,8.4679752,49.484764,4,Counter({0: 4}),0.007085669541306915
370,188476603,370,8.4671793,49.4850728,4,Counter({0: 4}),0.047160293009347695
371,188679667,371,8.4988449,49.5204608,2,Counter({0: 2}),0.007580646762909287
372,188680237,372,8.5017817,49.5234973,2,Counter({0: 2}),0.02161843110170994
373,188690952,373,8.4920963,49.4971513,4,"Counter({1: 2, 0: 2})",0.0016134723198621686
374,192294937,374,8.4784806,49.4602847,2,Counter({0: 2}),0.01719907373943386
375,192294951,375,8.4882361,49.4539459,2,Counter({0: 2}),0.003218589178997756
376,192294956,376,8.4917784,49.4512066,2,Counter({0: 2}),0.008396005963464391
377,192294965,377,8.4912372,49.4601204,2,Counter({0: 2}),0.0025476238941708053
378,192294968,378,8.4910866,49.4599295,3,Counter({0: 3}),0.014060978371611743
379,192744790,379,8.541278,49.5162006,2,Counter({0: 2}),0.006520781637473923
380,192964386,380,8.4618292,49.4992619,3,Counter({0: 3}),0.029112931732649252
381,192984037,381,8.4734466,49.4953866,3,Counter({0: 3}),0.0019152147909108671
382,194725795,382,8.4938306,49.524393,2,Counter({0: 2}),0.005489360543600956
383,194731834,383,8.5026927,49.5230767,2,Counter({0: 2}),0.022768781780103015
384,194733760,384,8.5040789,49.5224569,2,Counter({0: 2}),0.023158285802467093
385,194734258,385,8.5033542,49.5191138,2,Counter({0: 2}),0.00049609150278809
386,197860504,386,8.4893474,49.4537829,2,Counter({0: 2}),0.002065877210299639
387,199043834,387,8.4899144,49.4536563,2,Counter({0: 2}),0.0016993461893352521
388,199043839,388,8.4903609,49.4607895,3,"Counter({1: 2, 0: 1})",0.009630934839893164
389,201161615,389,8.4608789,49.4896765,2,Counter({0: 2}),0.004199767160294451
390,201161625,390,8.4611785,49.4895747,2,Counter({0: 2}),0.004551036211235829
391,201161637,391,8.4596621,49.4901239,2,Counter({0: 2}),0.0034811187376612533
392,201161691,392,8.4626105,49.4900048,4,Counter({0: 4}),0.0336186316303359
393,201161696,393,8.4620371,49.489393,2,Counter({0: 2}),0.0006823800790833881
394,201161704,394,8.4619457,49.4892934,3,Counter({0: 3}),0.0054272663721703215
395,201161711,395,8.461565,49.4904137,4,Counter({0: 4}),0.004797367679833036
396,228567415,396,8.49337,49.532874,2,Counter({0: 2}),0.005436696649358814
397,228608773,397,8.4928881,49.5254239,2,Counter({0: 2}),0.0037119773245783637
398,236082251,398,8.5392105,49.5111002,2,Counter({0: 2}),0.0009375158392264035
399,236091974,399,8.5360393,49.5121855,2,Counter({0: 2}),0.007478064275575396
400,236092510,400,8.5355668,49.5121647,2,Counter({0: 2}),0.007892931393546562
401,236103524,401,8.5204026,49.4912498,3,Counter({0: 3}),0.0013657466631813021
402,236107395,402,8.5209089,49.4942251,2,Counter({0: 2}),0.0006706690855988152
403,236109551,403,8.5206653,49.4947719,2,Counter({0: 2}),0.03647081611104178
404,237188735,404,8.5203758,49.5121819,2,Counter({0: 2}),0.002941433126786878
405,237189209,405,8.5180296,49.512396,4,"Counter({0: 2, 1: 2})",0.02397626073108738
406,237198901,406,8.5015381,49.4895944,2,Counter({0: 2}),0.010174032248706957
407,240179765,407,8.4898384,49.4978296,2,Counter({0: 2}),0.007586865912924686
408,242921575,408,8.518884,49.5150415,2,Counter({0: 2}),0.018931564048500747
409,242921712,409,8.5164268,49.5167024,2,Counter({0: 2}),0.0012900672323407471
410,242921785,410,8.5182329,49.5137738,2,Counter({0: 2}),0.019165989220492327
411,242921943,411,8.5222902,49.5116069,3,Counter({0: 3}),0.05294204354518311
412,242922019,412,8.5181634,49.5104736,3,"Counter({1: 2, 0: 1})",0.0012480707006925378
413,242922020,413,8.517403,49.5108707,3,Counter({0: 3}),0.02490136151154647
414,242922704,414,8.5124948,49.487927,2,Counter({0: 2}),0.07792132360475165
415,242922993,415,8.527195,49.4925704,2,Counter({0: 2}),0.0026857127625606685
416,242923000,416,8.5311758,49.4939254,2,Counter({0: 2}),0.019347082646547376
417,245457945,417,8.4914873,49.460947,2,Counter({0: 2}),0.007141455490536088
418,245457948,418,8.4947081,49.4492434,2,Counter({0: 2}),0.006211492074376323
419,247123233,419,8.525145,49.49335,2,Counter({0: 2}),0.002935201414847539
420,247123241,420,8.5211933,49.4928524,3,Counter({0: 3}),0.0009815729917249418
421,247897267,421,8.4837268,49.4807342,4,Counter({0: 4}),0.009504193355009743
422,248539899,422,8.4630046,49.4855494,4,Counter({0: 4}),0.006331372510433326
423,248539900,423,8.463754,49.4852587,4,"Counter({0: 2, 1: 2})",0.004547808479847569
424,248539902,424,8.4639246,49.4851925,4,"Counter({1: 2, 0: 2})",0.008095121740597339
425,248539903,425,8.464725,49.484882,4,Counter({0: 4}),0.01565073687852923
426,248539904,426,8.4664048,49.4842303,4,Counter({0: 4}),0.04663365777542754
427,248539905,427,8.4672007,49.4839215,3,Counter({0: 3}),0.005316169728346477
428,248539906,428,8.4680333,49.4835985,4,Counter({0: 4}),0.007900908816989825
429,248539911,429,8.4633117,49.4907559,4,Counter({0: 4}),0.032915419326095686
430,248539912,430,8.4622629,49.4911665,2,Counter({0: 2}),0.0008753403632226583
431,248780644,431,8.4640272,49.4915148,4,Counter({0: 4}),0.038872846433803405
432,248780653,432,8.4683423,49.4937433,4,"Counter({1: 2, 0: 2})",0.06287392423296487
433,248781409,433,8.4663769,49.4916452,3,Counter({0: 3}),0.013474207213193897
434,248781410,434,8.4634355,49.491747,3,Counter({0: 3}),0.033429604264116244
435,248781411,435,8.4632713,49.4918136,2,Counter({0: 2}),0.03213834197800819
436,248781744,436,8.4730058,49.4890321,2,Counter({0: 2}),0.0033050310831443217
437,248782307,437,8.4655847,49.4845484,4,Counter({0: 4}),0.004433274520204939
438,248782308,438,8.4691871,49.4820704,3,Counter({0: 3}),0.0012895229216036406
439,248782310,439,8.4699194,49.4828667,4,Counter({0: 4}),0.007200576895256152
440,248782313,440,8.4683034,49.4824163,3,Counter({0: 3}),0.000900159444547806
441,248782314,441,8.4701586,49.481708,5,Counter({0: 5}),0.0087056484070208
442,248782316,442,8.4706417,49.4849656,3,Counter({0: 3}),0.0019231353403384463
443,248782319,443,8.4708811,49.4824936,3,Counter({0: 3}),0.013708107328713186
444,248782320,444,8.4690335,49.4832104,3,Counter({0: 3}),0.00680408574208585
445,248782321,445,8.4696096,49.4841299,3,Counter({0: 3}),0.0030362306769623417
446,248783355,446,8.4673256,49.4813414,2,Counter({0: 2}),0.0020395713811967434
447,248783357,447,8.4682036,49.4810012,2,Counter({0: 2}),0.0024167458814195824
448,248783753,448,8.4654995,49.4857245,4,Counter({0: 4}),0.013989871148548735
449,249247096,449,8.476937,49.503905,2,Counter({0: 2}),0.004679150093590765
450,249805892,450,8.5258267,49.4864485,2,Counter({0: 2}),0.0009375158392264035
451,249805893,451,8.5263957,49.4875947,3,Counter({0: 3}),0.014722150930870145
452,249805896,452,8.5255643,49.4878303,2,Counter({0: 2}),0.015103493881365903
453,249805897,453,8.5247571,49.4880706,3,Counter({0: 3}),0.018289861197439108
454,249805900,454,8.5238737,49.4883217,2,Counter({0: 2}),0.017555350493534946
455,249805907,455,8.5203478,49.4866751,2,Counter({0: 2}),0.057390995629363235
456,249805910,456,8.5197912,49.4885286,4,Counter({0: 4}),0.07848519327942936
457,249805911,457,8.5198833,49.4877245,2,Counter({0: 2}),0.05781611076147667
458,249805913,458,8.5254666,49.4856383,1,Counter({0: 1}),0.0004688133742351837
459,249820010,459,8.4559774,49.4870116,2,Counter({0: 2}),0.0006576422237852521
460,249820013,460,8.4604498,49.4876751,3,Counter({0: 3}),0.0016304223052686112
461,250068870,461,8.4756169,49.4648847,2,Counter({0: 2}),0.005097157728293189
462,251707129,462,8.5281754,49.491607,2,Counter({0: 2}),0.002261181752465451
463,251716145,463,8.4742102,49.496618,2,Counter({0: 2}),0.0014650941587168885
464,251716286,464,8.4731936,49.4828294,3,"Counter({1: 2, 0: 1})",0.011505726238849212
465,251716287,465,8.4740684,49.4823892,3,Counter({0: 3}),0.01140938789317056
466,251718276,466,8.4908033,49.489899,2,Counter({0: 2}),0.15711419147419942
467,251753077,467,8.474858,49.4908728,2,Counter({0: 2}),0.0009375158392264035
468,252638884,468,8.5639104,49.4665482,2,Counter({0: 2}),0.011741854446183378
469,252638885,469,8.564299,49.4662356,3,Counter({0: 3}),0.001476911856320272
470,253877610,470,8.4929265,49.4614092,2,Counter({0: 2}),0.01475476088808598
471,253877726,471,8.5246907,49.5096881,2,Counter({0: 2}),0.025075119356277004
472,253877730,472,8.5259817,49.5095991,2,Counter({0: 2}),0.03241532482963149
473,253877953,473,8.5171502,49.5074383,2,Counter({0: 2}),0.026352541554364783
474,255196631,474,8.4699565,49.4816153,2,Counter({0: 2}),0.006256755598049664
475,255196633,475,8.470138,49.4815452,3,Counter({0: 3}),0.0026855356593871293
476,256838187,476,8.4719743,49.5207238,2,Counter({0: 2}),0.002342292323272497
477,256838191,477,8.4710991,49.5257051,2,Counter({0: 2}),0.0052796339540045235
478,258642479,478,8.5543306,49.4667946,2,Counter({0: 2}),0.032092461576023495
479,258642495,479,8.5475154,49.4652021,2,Counter({0: 2}),0.006162175307743462
480,258642499,480,8.5468734,49.4655325,2,Counter({0: 2}),0.007027711047637325
481,258642643,481,8.5534809,49.4688758,2,Counter({0: 2}),0.032980370070962016
482,258642683,482,8.5600865,49.4637206,2,Counter({0: 2}),0.018175285627348714
483,258642685,483,8.5555424,49.4628615,3,"Counter({1: 2, 0: 1})",0.005664442907630362
484,258642687,484,8.5556477,49.4628547,2,Counter({0: 2}),0.0055762812721740105
485,258642691,485,8.5557555,49.4629148,3,"Counter({1: 2, 0: 1})",0.0058629868446967316
486,258642701,486,8.5548522,49.4633072,2,Counter({0: 2}),0.002966062137709038
487,258642903,487,8.5546539,49.4633969,2,Counter({0: 2}),0.002509365598376904
488,258642914,488,8.5553279,49.4643366,2,Counter({0: 2}),0.031524983244459515
489,258642916,489,8.5550093,49.4651233,2,Counter({0: 2}),0.031806092943726466
490,258642921,490,8.5546714,49.4708076,2,Counter({0: 2}),0.03328984564632204
491,258642923,491,8.5550133,49.4713294,2,Counter({0: 2}),0.033608648942646334
492,258643046,492,8.5567601,49.4635255,2,Counter({0: 2}),0.008228251445896086
493,258643160,493,8.5544442,49.4622775,3,"Counter({1: 2, 0: 1})",0.011105510539495047
494,258643162,494,8.558883,49.4656482,2,Counter({0: 2}),0.006385928751975616
495,261599377,495,8.4722009,49.4931321,4,Counter({0: 4}),0.23027980105719845
496,261599386,496,8.4819401,49.5304642,2,Counter({0: 2}),0.01926968545063409
497,261599387,497,8.4820811,49.5311084,3,Counter({0: 3}),0.018990868941769212
498,261599396,498,8.4810395,49.5323707,3,Counter({0: 3}),0.013560793489733427
499,261617372,499,8.5048499,49.5219425,2,Counter({0: 2}),0.023956499631274938
500,261617374,500,8.5075476,49.5201,2,Counter({0: 2}),0.025193960278364586
501,261617375,501,8.5089465,49.5192269,2,Counter({0: 2}),0.026450617467096985
502,262154414,502,8.4821764,49.4787247,3,Counter({0: 3}),0.014696203606126786
503,262275530,503,8.4794051,49.4824272,3,Counter({0: 3}),0.006868144602972015
504,262288049,504,8.5171653,49.508901,3,Counter({0: 3}),0.08002557165629809
505,262288052,505,8.5157474,49.5084881,2,Counter({0: 2}),0.02567895350374009
506,262463290,506,8.4917508,49.4699412,3,Counter({0: 3}),0.02563109716043687
507,262463299,507,8.5003142,49.4664999,2,Counter({0: 2}),0.025436994679083853
508,262463812,508,8.5124909,49.462934,2,Counter({0: 2}),0.0017138227177570773
509,262463815,509,8.5132235,49.46324,3,Counter({0: 3}),0.0584851269115046
510,262464369,510,8.5092006,49.4576805,2,Counter({0: 2}),0.05692815861976875
511,262464388,511,8.5316167,49.449003,2,Counter({0: 2}),0.002417750852552863
512,262465873,512,8.4796115,49.4823463,4,Counter({0: 4}),0.0038579829052919107
513,262465972,513,8.4779009,49.4807751,3,Counter({0: 3}),0.005986048515764561
514,262466249,514,8.4780061,49.480888,4,Counter({0: 4}),0.006078552071774941
515,262466250,515,8.4782155,49.4808148,3,Counter({0: 3}),0.0017861803659896573
516,262466340,516,8.4817147,49.4827203,3,Counter({0: 3}),0.0015580216387963163
517,262466456,517,8.4809333,49.4818285,4,Counter({0: 4}),0.005740792653929164
518,264491209,518,8.4763485,49.4653409,2,Counter({0: 2}),0.03168607044262582
519,264499626,519,8.4562938,49.4898964,3,"Counter({1: 2, 0: 1})",0.0014059964857296957
520,264499627,520,8.4568478,49.490442,2,Counter({1: 2}),0.0004688133742351837
521,264499631,521,8.4564188,49.4905434,2,Counter({1: 2}),0.0004688133742351837
522,264857434,522,8.5373898,49.4541574,2,Counter({0: 2}),0.022840518045952586
523,264858187,523,8.5422542,49.4872644,3,Counter({0: 3}),0.015196833190836638
524,264858194,524,8.5420606,49.4855816,2,Counter({0: 2}),0.0015408214942643098
525,265520208,525,8.4921208,49.4590741,2,Counter({0: 2}),0.0018742553137450601
526,265588009,526,8.481751,49.4581066,2,Counter({0: 2}),0.0032518477286998223
527,265624416,527,8.4689615,49.4736877,3,Counter({0: 3}),0.0021933512565781655
528,265624421,528,8.4668975,49.4735132,2,Counter({0: 2}),0.002617192700233469
529,265624426,529,8.465428,49.4744438,2,Counter({0: 2}),0.001875053241092179
530,265624428,530,8.4645936,49.4755316,3,Counter({0: 3}),0.006792631168782731
531,265873117,531,8.5033039,49.4895345,2,Counter({0: 2}),0.07993915004151557
532,265873121,532,8.5098873,49.4892228,2,Counter({0: 2}),0.07928162084430403
533,266023904,533,8.4846506,49.4859142,2,Counter({0: 2}),0.01224210062153683
534,266024166,534,8.4808617,49.4840341,4,Counter({0: 4}),0.011649272862536524
535,266024329,535,8.4810865,49.483948,4,Counter({0: 4}),0.005034894051394701
536,266024340,536,8.4771772,49.4819271,3,Counter({0: 3}),0.008739473144523878
537,266024344,537,8.4787102,49.4816627,4,Counter({0: 4}),0.013823809098584864
538,266024345,538,8.4789158,49.481583,4,Counter({0: 4}),0.009901315006927898
539,266024346,539,8.480224,49.4810757,3,Counter({0: 3}),0.00949361099193275
540,266024347,540,8.4819951,49.4803889,3,Counter({0: 3}),0.009828271043537205
541,266024348,541,8.4830438,49.4799821,3,Counter({0: 3}),0.003131837346148248
542,266024349,542,8.4832395,49.4799063,3,Counter({0: 3}),0.0028745775240403486
543,266024358,543,8.4772033,49.4811954,2,Counter({0: 2}),0.000524420364392742
544,266024575,544,8.4750362,49.4813853,2,Counter({0: 2}),0.0014730493036738505
545,266024667,545,8.4792602,49.4876974,3,Counter({0: 3}),0.008884786610550368
546,266024668,546,8.4788737,49.4875835,3,"Counter({1: 2, 0: 1})",0.0032814101058943252
547,266024669,547,8.4787355,49.487559,3,"Counter({1: 2, 2: 1})",0.0006245522471269554
548,266024983,548,8.4914354,49.4898774,3,Counter({0: 3}),0.15811385563302524
549,266186964,549,8.5235201,49.4775764,2,Counter({0: 2}),0.1514178223339533
550,266187443,550,8.5436334,49.476074,1,Counter({0: 1}),0.0004688133742351837
551,266187449,551,8.5554191,49.4747962,1,Counter({0: 1}),0.0004688133742351837
552,266187471,552,8.5681869,49.4636458,1,Counter({0: 1}),0.0004688133742351837
553,266190132,553,8.5248896,49.4844915,4,Counter({0: 4}),0.054105696138939986
554,266298359,554,8.4919763,49.4588922,2,Counter({0: 2}),0.012505173739786771
555,266298376,555,8.4880198,49.4635958,2,Counter({0: 2}),0.034434982580343776
556,266298378,556,8.4902908,49.4607709,4,Counter({0: 4}),0.025711163003813563
557,266633264,557,8.5378614,49.4537582,2,Counter({0: 2}),0.021626401946229955
558,266633267,558,8.538531,49.4531593,3,Counter({0: 3}),0.023673764042318947
559,266633273,559,8.5382446,49.4530348,2,Counter({0: 2}),0.010851706436788771
560,266633274,560,8.5384346,49.4528598,2,Counter({0: 2}),0.01042514948450377
561,266633276,561,8.5374276,49.4517382,1,Counter({0: 1}),0.0004688133742351837
562,266745694,562,8.4841273,49.4971534,2,Counter({0: 2}),0.0008659469371326399
563,266746608,563,8.4845192,49.4831435,3,Counter({0: 3}),0.005634451429087959
564,266746611,564,8.4827387,49.4838343,2,Counter({0: 2}),0.002852193143803902
565,266746642,565,8.4833967,49.4819082,3,Counter({0: 3}),0.002806433094385575
566,266746680,566,8.4821984,49.4832464,3,"Counter({1: 2, 0: 1})",0.0009163105267525402
567,266746681,567,8.4824975,49.4832476,3,"Counter({1: 2, 0: 1})",0.000585216613268718
568,266747400,568,8.4812501,49.475224,2,Counter({0: 2}),0.0019905011797482107
569,266747461,569,8.4823706,49.475703,3,Counter({0: 3}),0.012765861171645358
570,266747470,570,8.4830238,49.475045,4,Counter({0: 4}),0.011100157404966891
571,266747471,571,8.4767041,49.4804761,2,Counter({0: 2}),0.004244932514433087
572,266747657,572,8.4763046,49.4777029,2,Counter({0: 2}),0.09802351831798033
573,266747857,573,8.4871304,49.4763282,3,"Counter({1: 2, 0: 1})",0.0012740373731709358
574,266756532,574,8.5250406,49.4803645,3,Counter({0: 3}),0.010436826867872662
575,266757864,575,8.5244363,49.4769946,1,Counter({0: 1}),0.0004688133742351837
576,266759298,576,8.4796763,49.4928822,2,Counter({0: 2}),0.15763496841664437
577,266759313,577,8.47396,49.4945022,3,Counter({0: 3}),0.24993697604580736
578,266759315,578,8.4735245,49.4947553,2,Counter({0: 2}),0.2106254129906037
579,266759317,579,8.4730466,49.4949616,3,Counter({0: 3}),0.22127976886140813
580,266759534,580,8.4758877,49.4907629,4,"Counter({0: 2, 1: 2})",0.001585469345383001
581,266760118,581,8.4788856,49.4887704,2,Counter({0: 2}),0.0006170113848223978
582,266760151,582,8.4784808,49.4897422,3,Counter({0: 3}),0.0007127808235310373
583,266760907,583,8.4780846,49.4899192,2,Counter({0: 2}),0.0004720339434178611
584,266921401,584,8.4835504,49.4762194,4,Counter({0: 4}),0.02379796038808139
585,266921416,585,8.4853541,49.47479,2,Counter({0: 2}),0.009014255483717851
586,266921504,586,8.4811186,49.4782154,3,Counter({0: 3}),0.02749916441888835
587,266921707,587,8.4826852,49.4769292,3,Counter({0: 3}),0.02520095539646081
588,266921920,588,8.4843096,49.4755956,3,Counter({0: 3}),0.009299153934907536
589,266921977,589,8.4856825,49.4765379,2,Counter({0: 2}),0.0024236513165996933
590,266923145,590,8.5068279,49.480006,2,Counter({0: 2}),0.06341497498591256
591,266924379,591,8.5433144,49.4741388,2,Counter({0: 2}),0.04138658506278852
592,266924544,592,8.5519276,49.4620583,2,Counter({0: 2}),0.0028529946804681425
593,266924545,593,8.5510634,49.4624101,2,Counter({0: 2}),0.0032597432417811557
594,266924550,594,8.5486782,49.4640847,2,Counter({0: 2}),0.004486410570945714
595,266924767,595,8.5467904,49.4655184,2,Counter({0: 2}),0.007464693468854889
596,266924986,596,8.537741,49.4649702,2,Counter({0: 2}),0.009652932852261651
597,266924991,597,8.5293913,49.4657755,2,Counter({0: 2}),0.011408515274965399
598,266925274,598,8.527018,49.4622632,2,Counter({0: 2}),0.01228891285355042
599,266925279,599,8.5254501,49.4628555,2,Counter({0: 2}),0.01272966618906275
600,266925947,600,8.514296,49.4635888,3,Counter({0: 3}),0.06974381805414233
601,266925953,601,8.5120512,49.4643408,2,Counter({0: 2}),0.018793549096713724
602,266925966,602,8.5092105,49.4664112,2,Counter({0: 2}),0.005145856192190636
603,266926100,603,8.4997562,49.467582,2,Counter({0: 2}),0.025670985213234358
604,266926988,604,8.4848075,49.4721958,3,Counter({0: 3}),0.02315070344420172
605,266927021,605,8.4854886,49.4731709,3,Counter({0: 3}),0.0215419273325377
606,266927024,606,8.485833,49.4738555,2,Counter({0: 2}),0.0037813279722594306
607,266927025,607,8.4857504,49.4740597,3,Counter({0: 3}),0.009796812934035174
608,266927028,608,8.4863664,49.4743606,3,Counter({0: 3}),0.011639103254789389
609,266977403,609,8.4705127,49.4722804,3,Counter({0: 3}),0.004938418569341775
610,266982624,610,8.4719157,49.4705591,4,Counter({0: 4}),0.0018537300180692684
611,267166718,611,8.4836487,49.4744079,3,Counter({0: 3}),0.00924268629033693
612,267167368,612,8.4849559,49.475065,3,Counter({0: 3}),0.009322110039181562
613,267198035,613,8.4832023,49.4737754,2,Counter({0: 2}),0.0009605975068848893
614,267198037,614,8.4836665,49.4738179,2,Counter({0: 2}),0.006699745706958777
615,267367348,615,8.4662833,49.4735444,4,Counter({0: 4}),0.0037822574136295367
616,267367349,616,8.4671551,49.4747372,4,Counter({0: 4}),0.004151961281955097
617,267368171,617,8.4961532,49.4460391,2,Counter({0: 2}),0.0048896017653192285
618,267368672,618,8.4917054,49.4596809,2,Counter({0: 2}),0.0028101075143120062
619,267368674,619,8.4902064,49.4614534,2,Counter({0: 2}),0.0019516772206518394
620,267368676,620,8.4890847,49.4628111,2,Counter({0: 2}),0.002383687623520497
621,267368677,621,8.4907505,49.460797,4,Counter({0: 4}),0.01767836332189793
622,267368680,622,8.492176,49.4590936,2,Counter({0: 2}),0.002342292323272497
623,267368682,623,8.4913124,49.4601469,4,Counter({0: 4}),0.012316233173273301
624,267368684,624,8.4883549,49.463707,2,Counter({0: 2}),0.0037741747958363256
625,267368874,625,8.4860281,49.4665095,3,Counter({0: 3}),0.005708394292847161
626,267369074,626,8.4864894,49.4740242,1,Counter({0: 1}),0.0004688133742351837
627,267369077,627,8.486908,49.4743171,2,Counter({0: 2}),0.005066516450060354
628,267397932,628,8.483393,49.4935315,2,Counter({0: 2}),0.026538245832537877
629,267408133,629,8.4783725,49.4977551,2,Counter({0: 2}),0.009146656534627987
630,267422296,630,8.4771533,49.4964352,3,Counter({0: 3}),0.001158798265808273
631,267422298,631,8.4780505,49.4960633,1,Counter({0: 1}),0.0004688133742351837
632,267965986,632,8.5627347,49.4672262,2,Counter({0: 2}),0.003629360826699759
633,267966018,633,8.5640241,49.4678683,3,Counter({0: 3}),0.005613449564742218
634,267966020,634,8.5631938,49.4669764,3,Counter({0: 3}),0.00317308019703249
635,267966037,635,8.5633982,49.4671388,3,Counter({0: 3}),0.0107324749623306
636,267966322,636,8.5634665,49.4676486,3,Counter({0: 3}),0.009345545624125689
637,267966330,637,8.5632857,49.467851,2,Counter({0: 2}),0.0032777008868635875
638,267966336,638,8.5623808,49.4693482,2,Counter({0: 2}),0.002342292323272497
639,267966340,639,8.5618345,49.4699205,2,Counter({0: 2}),0.0018742553137450601
640,267966343,640,8.561012,49.4706122,2,Counter({0: 2}),0.0009375158392264035
641,267966383,641,8.562577,49.4687798,2,Counter({0: 2}),0.0028101075143120062
642,268322176,642,8.4659251,49.4751201,4,Counter({0: 4}),0.005841872744691496
643,268322193,643,8.4655426,49.4766989,2,Counter({0: 2}),0.000839109192384784
644,268322196,644,8.4664419,49.4778174,3,Counter({0: 3}),0.00387431903701798
645,268322248,645,8.4667859,49.4763176,4,Counter({0: 4}),0.0009725127508167416
646,268322280,646,8.46689,49.4783009,2,Counter({0: 2}),0.0008997218318735776
647,269480808,647,8.5322131,49.4845407,2,Counter({0: 2}),0.0017500564953034218
648,269646284,648,8.4669829,49.4719729,2,Counter({0: 2}),0.0007098744808138506
649,269646338,649,8.467802,49.4735876,2,Counter({0: 2}),0.0023953663498932883
650,269646577,650,8.4810655,49.4568268,2,Counter({0: 2}),0.015179872191030983
651,269646609,651,8.4866762,49.4652577,2,Counter({0: 2}),0.034805102643647834
652,270747007,652,8.4747899,49.4794921,2,Counter({0: 2}),0.0006667563272588038
653,270747009,653,8.474488,49.4793335,3,Counter({0: 3}),0.025284321983413197
654,270747015,654,8.4737762,49.4799158,3,Counter({0: 3}),0.026553505556797145
655,270747021,655,8.4730324,49.4804865,3,"Counter({1: 2, 0: 1})",0.004286343558473394
656,271097283,656,8.4838154,49.468545,1,Counter({0: 1}),0.0004688133742351837
657,271097287,657,8.4873356,49.4649225,2,Counter({0: 2}),0.004873724839385991
658,271097292,658,8.491126,49.459986,2,Counter({0: 2}),0.0026256020205051565
659,275795760,659,8.5500392,49.4920183,2,Counter({0: 2}),0.008116537508560989
660,278516965,660,8.5294464,49.5075278,2,Counter({0: 2}),0.0376532177785105
661,278558217,661,8.5244844,49.5046198,2,Counter({0: 2}),0.02410663290941721
662,278561124,662,8.5271906,49.5069914,2,Counter({0: 2}),0.022991595734302282
663,278711944,663,8.4644264,49.4767925,1,Counter({0: 1}),0.0004688133742351837
664,279011771,664,8.5239994,49.5093975,2,Counter({0: 2}),0.025200595635641938
665,280267361,665,8.528371,49.5075361,2,Counter({0: 2}),0.039191325658675176
666,280267372,666,8.5285478,49.5074121,2,Counter({0: 2}),0.038397123047524066
667,280710434,667,8.4624527,49.4989701,2,Counter({0: 2}),0.014859847845112531
668,280757006,668,8.4684368,49.5001847,4,Counter({0: 4}),0.010967777718501825
669,280758129,669,8.4675252,49.5037702,2,Counter({0: 2}),0.03302902278046223
670,280760873,670,8.4707689,49.4978133,2,Counter({0: 2}),0.0009297295550233764
671,280833594,671,8.4667947,49.5032836,2,Counter({0: 2}),0.03325455487957529
672,280834004,672,8.4637166,49.5012332,3,Counter({0: 3}),0.03419682635782912
673,280915162,673,8.4742945,49.5082663,2,Counter({0: 2}),0.001144015007382821
674,281158316,674,8.468654,49.505687,2,Counter({0: 2}),0.0025695849873897452
675,281163310,675,8.4641869,49.5009389,3,Counter({0: 3}),0.014116276701936804
676,281168685,676,8.4705149,49.5009817,3,Counter({0: 3}),0.008914355578947496
677,281169674,677,8.4712403,49.4984445,2,Counter({0: 2}),0.0010856446402150754
678,281170046,678,8.464756,49.4991681,3,Counter({0: 3}),0.004074747130132555
679,281170047,679,8.4656875,49.5000039,4,Counter({0: 4}),0.002087767552849903
680,281170048,680,8.4670423,49.5010502,3,Counter({0: 3}),0.0011416333178683189
681,281170424,681,8.4710919,49.5006279,3,Counter({0: 3}),0.0036832462741858063
682,281170696,682,8.4691082,49.499772,4,Counter({0: 4}),0.0017799903926951249
683,281170879,683,8.4634338,49.4989027,2,Counter({0: 2}),0.004342175194097421
684,281171145,684,8.4632315,49.4987198,3,Counter({0: 3}),0.019366652969311414
685,281171370,685,8.4651921,49.5003165,4,Counter({0: 4}),0.0012499890211335857
686,281528450,686,8.4678115,49.5005914,2,Counter({0: 2}),0.0006596483850014038
687,281532944,687,8.4646814,49.5018753,2,Counter({0: 2}),0.03386510345352207
688,281532945,688,8.4651843,49.5022109,4,Counter({0: 4}),0.03554637049075198
689,281763676,689,8.4626709,49.5037839,2,Counter({0: 2}),0.0008682228096029162
690,281763966,690,8.4636748,49.5031556,2,Counter({0: 2}),0.0016578058568450032
691,281764423,691,8.4646596,49.5025393,2,Counter({0: 2}),0.0025680971736529454
692,281764669,692,8.4641685,49.5028467,2,Counter({0: 2}),0.002112563332895153
693,281765232,693,8.4641558,49.4995364,3,Counter({0: 3}),0.0009787006144672866
694,281765235,694,8.4636415,49.4998528,3,Counter({0: 3}),0.0012272200117353516
695,281765237,695,8.4631153,49.5001767,4,Counter({0: 4}),0.028908820670699987
696,281765239,696,8.4626035,49.5004915,3,Counter({0: 3}),0.0217044579262867
697,281766288,697,8.4612561,49.4997355,2,Counter({0: 2}),0.008362318687441852
698,281987403,698,8.4672241,49.5058687,2,Counter({0: 2}),0.002170578864151009
699,281988327,699,8.4736655,49.5082789,3,Counter({0: 3}),0.016361327769877882
700,281988329,700,8.4719023,49.5084196,2,Counter({0: 2}),0.016959494756547573
701,282074724,701,8.4669455,49.4982992,2,Counter({0: 2}),0.013163016432151274
702,282264580,702,8.4720312,49.5214395,2,Counter({0: 2}),0.0018742553137450601
703,282418121,703,8.4819454,49.474145,2,Counter({0: 2}),0.0019739918379048874
704,282418122,704,8.4821433,49.4739621,2,Counter({0: 2}),0.0017780772713358005
705,282419254,705,8.4826497,49.4737642,2,Counter({0: 2}),0.0014259402055171195
706,282419265,706,8.4834665,49.4738164,2,Counter({0: 2}),0.0014488372627169757
707,283033834,707,8.4904732,49.4899238,2,Counter({0: 2}),0.15727107491707812
708,283290412,708,8.5526702,49.4977054,2,Counter({0: 2}),0.010037553186219895
709,283536797,709,8.463177,49.5034672,2,Counter({0: 2}),0.0012287883548948956
710,283537475,710,8.4665621,49.5013483,3,Counter({0: 3}),0.0012033141917525368
711,283537636,711,8.4649105,49.498162,3,Counter({0: 3}),0.03322750952113965
712,283626037,712,8.494096,49.4794427,2,Counter({0: 2}),0.0026234374752600763
713,283626067,713,8.5074805,49.4784398,1,Counter({0: 1}),0.0004688133742351837
714,285213440,714,8.4664506,49.4976547,2,Counter({0: 2}),0.013446282642289926
715,285762803,715,8.4764877,49.5017869,3,Counter({0: 3}),0.0075980891913771526
716,286560470,716,8.5438509,49.4560104,2,Counter({0: 2}),0.01400057886625508
717,287838585,717,8.4972318,49.4535749,2,Counter({0: 2}),0.008406587964727754
718,287838591,718,8.4989748,49.4537676,2,Counter({0: 2}),0.009800717161353318
719,287862871,719,8.5123091,49.444409,2,Counter({0: 2}),0.005989672976351016
720,288101490,720,8.4835913,49.454714,3,Counter({0: 3}),0.0016170849068715765
721,288101507,721,8.4822304,49.4540573,2,Counter({0: 2}),0.01478144182301525
722,288101508,722,8.4822889,49.454029,2,Counter({0: 2}),0.014391939649138614
723,288101514,723,8.482442,49.4539471,2,Counter({0: 2}),0.013660217256441592
724,288158196,724,8.5509477,49.4624977,2,Counter({0: 2}),0.0036675454409118256
725,288158199,725,8.5140016,49.4509986,3,Counter({0: 3}),0.034889618898341794
726,288901851,726,8.5056047,49.4761583,3,Counter({0: 3}),0.0014194726760848868
727,288901853,727,8.5035875,49.4761231,3,Counter({0: 3}),0.03184275418333078
728,288901861,728,8.4992712,49.4693199,2,Counter({0: 2}),0.02755593342483628
729,288909235,729,8.4764232,49.4970655,2,Counter({0: 2}),0.009379170322635999
730,288999757,730,8.468469,49.5042366,2,Counter({0: 2}),0.03282407301639061
731,289001152,731,8.4689356,49.5056526,2,Counter({0: 2}),0.003006968768141465
732,289328488,732,8.4857736,49.4740024,2,Counter({0: 2}),0.009286477209559444
733,289328489,733,8.4858114,49.4739089,3,Counter({0: 3}),0.009025041801189777
734,289329280,734,8.4925675,49.4901759,2,Counter({0: 2}),0.008970992090903893
735,290518527,735,8.5354613,49.4863557,2,Counter({0: 2}),0.008179335580402887
736,291051715,736,8.5517757,49.4928271,2,Counter({0: 2}),0.0042543665804289435
737,291742708,737,8.4659707,49.4849683,3,Counter({0: 3}),0.0008792612913529185
738,291742709,738,8.4675866,49.4843414,3,Counter({0: 3}),0.0011715768129576737
739,291742710,739,8.4667907,49.4846501,4,Counter({0: 4}),0.0428209759205793
740,297597825,740,8.5375799,49.4786418,2,Counter({0: 2}),0.009577113863286902
741,297597830,741,8.5375532,49.4789089,2,Counter({0: 2}),0.009176424643669112
742,297597831,742,8.5374496,49.4794196,2,Counter({0: 2}),0.008795458784602897
743,297597911,743,8.5380082,49.4810312,2,Counter({0: 2}),0.008044769566833594
744,297597990,744,8.5441389,49.4888101,2,Counter({0: 2}),0.013259942981853016
745,297598008,745,8.5502161,49.4898358,2,Counter({0: 2}),0.0009375158392264035
746,297598010,746,8.5507127,49.4896579,3,Counter({0: 3}),0.0037461815333668796
747,297598033,747,8.5529639,49.4923229,2,Counter({0: 2}),0.005612340472302579
748,297598034,748,8.5529958,49.4924095,2,Counter({0: 2}),0.006078602933926594
749,297598035,749,8.5529773,49.4924712,2,Counter({0: 2}),0.006544643577062682
750,297700955,750,8.4562047,49.4842944,2,Counter({0: 2}),0.00337643155608086
751,297701063,751,8.460144,49.4834122,3,"Counter({1: 2, 0: 1})",0.005208549370516161
752,297701066,752,8.4603416,49.4835891,3,"Counter({1: 2, 0: 1})",0.0060991711682711405
753,297701067,753,8.460649,49.4836492,3,Counter({0: 3}),0.006904423789980339
754,297701069,754,8.4610076,49.4837126,2,Counter({0: 2}),0.0068932569641273036
755,297701074,755,8.4629176,49.4841967,1,Counter({0: 1}),0.0004688133742351837
756,297701075,756,8.4630385,49.4843281,5,"Counter({0: 3, 1: 2})",0.01199271928261233
757,297701095,757,8.4615309,49.4849212,3,"Counter({1: 2, 0: 1})",0.007003772789086524
758,297701285,758,8.4581948,49.4844573,1,Counter({0: 1}),0.0004688133742351837
759,297885320,759,8.5028725,49.4750601,2,Counter({0: 2}),0.03037024389498007
760,297886873,760,8.5163098,49.4601263,3,Counter({0: 3}),0.027239766665805295
761,298375763,761,8.4742511,49.4964376,2,Counter({0: 2}),0.0016269617005523424
762,298389030,762,8.4882721,49.4947585,3,Counter({0: 3}),0.0031738886184713416
763,299011556,763,8.5033329,49.4777669,3,Counter({0: 3}),0.021183166053328956
764,299011597,764,8.4989385,49.4779787,2,Counter({0: 2}),0.009198907100278994
765,299013563,765,8.5034193,49.4779008,2,Counter({0: 2}),0.018864287133044395
766,299013570,766,8.5042723,49.4780841,2,Counter({0: 2}),0.0006442455618940407
767,299014400,767,8.4986896,49.4782325,4,Counter({0: 4}),0.012956873032225358
768,299014405,768,8.4989307,49.4798528,2,Counter({0: 2}),0.0016635930933125603
769,299018681,769,8.5279276,49.4872372,2,Counter({0: 2}),0.012981763074589384
770,299020042,770,8.4966259,49.4784801,2,Counter({0: 2}),0.001355187909241074
771,299022320,771,8.4879056,49.4756509,2,Counter({0: 2}),0.004552193885105283
772,299022327,772,8.4885979,49.4762175,3,Counter({0: 3}),0.011646586704215357
773,299022333,773,8.489741,49.4729667,2,Counter({0: 2}),0.003176673367571524
774,299022360,774,8.4903284,49.4715197,2,Counter({0: 2}),0.0026567193135976857
775,299049942,775,8.4837231,49.4698667,3,Counter({0: 3}),0.09478730503426566
776,299049984,776,8.4837164,49.4692454,2,Counter({0: 2}),0.0009375158392264035
777,299049999,777,8.4839327,49.4685486,3,"Counter({1: 2, 0: 1})",0.02423641292524008
778,299050360,778,8.4829513,49.4682346,3,"Counter({1: 2, 0: 1})",0.0009375158392264035
779,299050362,779,8.4829094,49.4681958,3,"Counter({1: 2, 0: 1})",0.033826047784626306
780,299214663,780,8.4967893,49.478652,2,Counter({0: 2}),0.0016446699406373751
781,299214674,781,8.4972994,49.4782261,2,Counter({0: 2}),0.020209394816315954
782,299214698,782,8.4920455,49.4778432,2,Counter({0: 2}),0.001879547050879847
783,299214700,783,8.4926181,49.4785023,2,Counter({0: 2}),0.0013605333045850754
784,299214714,784,8.4940547,49.479396,2,Counter({0: 2}),0.002199563558423744
785,299214752,785,8.5041214,49.4777936,3,"Counter({1: 2, 0: 1})",0.013822389352667974
786,299216241,786,8.5086387,49.4825132,2,Counter({0: 2}),0.14980747863888033
787,299217483,787,8.512242,49.4891137,3,Counter({0: 3}),0.07923315966631649
788,299217484,788,8.5122362,49.4890299,2,Counter({0: 2}),0.0009375158392264035
789,299218322,789,8.5018765,49.4895794,3,Counter({0: 3}),0.09501579301766046
790,299228980,790,8.4796051,49.4879743,3,"Counter({1: 2, 0: 1})",0.008720168789993269
791,299229271,791,8.4807247,49.4892916,2,Counter({0: 2}),0.1342943140110483
792,299280318,792,8.5233577,49.4390958,2,Counter({0: 2}),0.00970751453050532
793,299280323,793,8.5221512,49.4390828,3,Counter({0: 3}),0.010614429610538142
794,299280333,794,8.523547,49.438946,2,Counter({0: 2}),0.009243581163004546
795,299309952,795,8.5236657,49.4393542,3,Counter({0: 3}),0.01240161975018992
796,299312682,796,8.5236726,49.4386932,2,Counter({0: 2}),0.0013287647860124995
797,299312685,797,8.5236661,49.4386013,2,Counter({0: 2}),0.0008917607379232503
798,299453836,798,8.4803151,49.4896531,3,"Counter({1: 2, 0: 1})",0.007794026848873992
799,299487288,799,8.4569417,49.4932604,2,Counter({0: 2}),0.0028922342532064463
800,299488664,800,8.4574717,49.4961384,3,Counter({0: 3}),0.004526719459966685
801,299488710,801,8.4595375,49.4943606,3,Counter({0: 3}),0.04348471691558092
802,299830381,802,8.4861713,49.4797831,2,Counter({0: 2}),0.012142997897869235
803,300120061,803,8.5200705,49.494932,2,Counter({0: 2}),0.10287616158677865
804,300120066,804,8.5106943,49.4936233,2,Counter({0: 2}),0.025437810642170988
805,300700833,805,8.4751329,49.4847932,3,Counter({0: 3}),0.0009878915975615088
806,300700834,806,8.4745483,49.48418,2,Counter({0: 2}),0.000978767414577728
807,300700844,807,8.4691131,49.4848025,2,Counter({0: 2}),0.0006118747827254336
808,301142366,808,8.4567578,49.4922135,3,Counter({0: 3}),0.0024662960460702524
809,301224375,809,8.4621574,49.488289,4,Counter({0: 4}),0.018955059514558927
810,301224616,810,8.4629796,49.4879769,4,Counter({0: 4}),0.02173961795101148
811,303189189,811,8.4666641,49.4845124,2,Counter({0: 2}),0.04195627008004574
812,304159129,812,8.4925518,49.5069778,2,Counter({0: 2}),0.006608395711413881
813,304602258,813,8.5184198,49.5103222,3,Counter({0: 3}),0.05389501344202318
814,304729587,814,8.5284365,49.5074814,2,Counter({0: 2}),0.03878626661484523
815,304731237,815,8.5340411,49.5054524,2,Counter({0: 2}),0.0004801261171194963
816,304933516,816,8.5062281,49.5069377,2,Counter({0: 2}),0.03869075855932624
817,304944526,817,8.5230474,49.5037447,2,Counter({0: 2}),0.024420920131012363
818,304944528,818,8.5230398,49.5036189,2,Counter({0: 2}),0.024745484942548166
819,304944535,819,8.5252307,49.5055803,2,Counter({0: 2}),0.02325861343612004
820,304944537,820,8.5255365,49.505407,2,Counter({0: 2}),0.02381196183610447
821,304944546,821,8.5272414,49.5070369,2,Counter({0: 2}),0.02273016416140548
822,304944547,822,8.5274318,49.5071692,2,Counter({0: 2}),0.022007851997947993
823,304944550,823,8.5283315,49.5075872,2,Counter({0: 2}),0.03959960107058008
824,304950868,824,8.5319141,49.481176,2,Counter({0: 2}),0.0014432134960909544
825,304994296,825,8.5641067,49.4664008,3,"Counter({1: 2, 0: 1})",0.012640418958929669
826,305707074,826,8.4767082,49.4626768,2,Counter({0: 2}),0.019366766129117724
827,305789434,827,8.502062,49.4895792,2,Counter({0: 2}),0.08772924692600416
828,305970298,828,8.5528017,49.4607938,3,"Counter({1: 2, 0: 1})",0.012261344466111756
829,305986792,829,8.4917082,49.4700562,2,Counter({0: 2}),0.004308754887469831
830,306472239,830,8.4639785,49.4853588,3,"Counter({1: 2, 0: 1})",0.002355610291741404
831,306474426,831,8.4662422,49.5307645,2,Counter({0: 2}),0.003358706269935287
832,306474625,832,8.4713592,49.5330123,2,Counter({0: 2}),0.001884685447907765
833,306475438,833,8.4700156,49.5324427,2,Counter({0: 2}),0.0021706963577543367
834,306478091,834,8.4697243,49.5323209,2,Counter({0: 2}),0.002462160305429129
835,307350292,835,8.4713175,49.5252871,2,Counter({0: 2}),0.005741238227382058
836,307350302,836,8.477844,49.5275099,4,Counter({0: 4}),0.01624485753963267
837,309122327,837,8.4619934,49.4893447,3,Counter({0: 3}),0.006031715534902457
838,309122330,838,8.4697962,49.4928895,2,Counter({0: 2}),0.0008489640807073212
839,309429151,839,8.5054995,49.48312,2,Counter({0: 2}),0.003784673294476657
840,309442032,840,8.4971507,49.5315256,2,Counter({0: 2}),0.0046713117006967515
841,309442036,841,8.4958942,49.5319737,2,Counter({0: 2}),0.004940186692234867
842,309442037,842,8.4952715,49.5321958,2,Counter({0: 2}),0.005087183515581104
843,309442038,843,8.4947877,49.5323683,2,Counter({0: 2}),0.005242278954327492
844,309737379,844,8.5528023,49.4921765,2,Counter({0: 2}),0.005145856192190636
845,309926696,845,8.5471119,49.4994048,2,Counter({0: 2}),0.013501540936220012
846,309926792,846,8.5501932,49.4983246,2,Counter({0: 2}),0.012187787668695034
847,309926802,847,8.5488321,49.4988028,2,Counter({0: 2}),0.012623076875454747
848,310110668,848,8.533773,49.4864852,2,Counter({0: 2}),0.008620737734992407
849,310204228,849,8.533386,49.4864343,3,Counter({0: 3}),0.015337560899222426
850,310204368,850,8.5315853,49.4865537,2,Counter({0: 2}),0.017357290322812656
851,310204498,851,8.5333493,49.4840856,3,Counter({0: 3}),0.03846634478479886
852,310204501,852,8.5334448,49.4855093,2,Counter({0: 2}),0.006539153647362275
853,310204963,853,8.5254763,49.4906609,2,Counter({0: 2}),0.003225221684988392
854,310205128,854,8.531694,49.489614,3,Counter({0: 3}),0.01736939601257812
855,310205460,855,8.5298748,49.4897535,3,Counter({0: 3}),0.0010106839878174963
856,310205461,856,8.5307047,49.4887426,2,Counter({0: 2}),0.000470033375918786
857,310205462,857,8.531402,49.4880688,2,Counter({0: 2}),0.000493342802025188
858,310205463,858,8.5316165,49.4879033,3,Counter({0: 3}),0.016556468224071207
859,310205464,859,8.5317949,49.4877584,2,Counter({0: 2}),0.0156949252169601
860,310206181,860,8.5254605,49.4914834,2,Counter({0: 2}),0.0030190878802988643
861,310206377,861,8.5253703,49.4939219,3,Counter({0: 3}),0.004034498563279013
862,310206379,862,8.5248823,49.493664,3,Counter({0: 3}),0.0038180574816737453
863,310206405,863,8.530506,49.4956824,2,Counter({0: 2}),0.02019276563177164
864,310399254,864,8.5252904,49.4891703,2,Counter({0: 2}),0.003691246670348839
865,310399259,865,8.5191171,49.4902606,3,Counter({0: 3}),0.0014834247422509418
866,310399285,866,8.5210245,49.4922099,3,Counter({0: 3}),0.0011983392462091027
867,310399395,867,8.5254844,49.4900675,2,Counter({0: 2}),0.00344438715855974
868,310399953,868,8.5253795,49.4920801,2,Counter({0: 2}),0.002836347094634906
869,310399959,869,8.5251944,49.4928517,2,Counter({0: 2}),0.0026814193918085465
870,310400393,870,8.5250756,49.4849517,1,Counter({0: 1}),0.0004688133742351837
871,310400491,871,8.5249123,49.4842998,2,Counter({0: 2}),0.0129868165556896
872,310400605,872,8.525976,49.4844566,2,Counter({0: 2}),0.03990131103720483
873,310401767,873,8.5386104,49.4849908,2,Counter({0: 2}),0.005138536838646078
874,310403239,874,8.5356025,49.486304,2,Counter({0: 2}),0.0077395804280862195
875,310403809,875,8.5360093,49.4862067,2,Counter({0: 2}),0.0073005739131663154
876,310404367,876,8.5382188,49.4852331,2,Counter({0: 2}),0.005567311975810306
877,310405548,877,8.5306541,49.4860647,2,Counter({0: 2}),0.004138652907793723
878,310405559,878,8.5316377,49.486066,2,Counter({0: 2}),0.0032793280855618312
879,310405637,879,8.5308578,49.4866895,3,Counter({0: 3}),0.011554093762047916
880,311321219,880,8.5422981,49.486587,2,Counter({0: 2}),0.0008019144659840413
881,311321220,881,8.5421691,49.4858041,2,Counter({0: 2}),0.0010891148386383664
882,311333055,882,8.5392279,49.4842248,3,Counter({0: 3}),0.02474855092198508
883,311333727,883,8.5374667,49.4838868,3,Counter({0: 3}),0.031603981771114543
884,311334119,884,8.536612,49.4839402,3,"Counter({1: 2, 0: 1})",0.03591706679695414
885,311334207,885,8.5368857,49.4839108,3,"Counter({1: 2, 2: 1})",0.0009555958944799043
886,311335525,886,8.5368514,49.4859533,2,Counter({0: 2}),0.006862426944887136
887,313827118,887,8.5169081,49.5126538,2,Counter({0: 2}),0.00451339536786134
888,314854782,888,8.4725704,49.4648686,2,Counter({0: 2}),0.0005088627022305292
889,314933652,889,8.5132998,49.5085994,3,Counter({0: 3}),0.016281120969567388
890,314933653,890,8.5100572,49.5100234,2,Counter({0: 2}),0.012189291596235954
891,314933658,891,8.5118886,49.5092916,2,Counter({0: 2}),0.012864501968141685
892,314933661,892,8.5062,49.5074045,2,Counter({0: 2}),0.03763331100913946
893,314973987,893,8.5004274,49.4741464,1,Counter({0: 1}),0.0004688133742351837
894,314974008,894,8.508514,49.4710041,2,Counter({0: 2}),0.002342292323272497
895,314974013,895,8.5088334,49.4667434,2,Counter({0: 2}),0.0042122221765029675
896,314974014,896,8.5103219,49.4675836,2,Counter({0: 2}),0.0032777008868635875
897,314974015,897,8.5056716,49.4721356,2,Counter({0: 2}),0.0018742553137450601
898,314974058,898,8.5093375,49.4665567,2,Counter({0: 2}),0.004679150093590765
899,314974078,899,8.5007133,49.4718032,2,Counter({0: 2}),0.028390665329942437
900,315829635,900,8.5132724,49.5129729,2,Counter({0: 2}),0.0017388825254852664
901,315829637,901,8.5143258,49.5127117,2,Counter({0: 2}),0.002973890406974038
902,315829644,902,8.5113859,49.5079057,2,Counter({0: 2}),0.03680646411051495
903,315829657,903,8.5105336,49.507805,2,Counter({0: 2}),0.03705395808842027
904,315829665,904,8.5088272,49.5075848,2,Counter({0: 2}),0.037329225589501566
905,315829670,905,8.5083322,49.510456,2,Counter({0: 2}),0.011269990062339938
906,315829674,906,8.509663,49.5136608,3,"Counter({1: 2, 0: 1})",0.0036610919430222467
907,315829681,907,8.5091225,49.5102954,2,Counter({0: 2}),0.011564477177408279
908,315829692,908,8.5109009,49.5134261,2,Counter({0: 2}),0.0020960538592744806
909,315829700,909,8.5151958,49.5125831,2,Counter({0: 2}),0.0037122170934041645
910,315829704,910,8.5147498,49.5093974,2,Counter({0: 2}),0.0018454390409895236
911,315829715,911,8.5178479,49.5117906,2,Counter({0: 2}),0.02441823899635252
912,315834381,912,8.4886446,49.4514738,2,Counter({0: 2}),0.009132406373636355
913,315834399,913,8.4832255,49.4522679,2,Counter({0: 2}),0.011024412183738572
914,315834401,914,8.4832366,49.4523611,2,Counter({0: 2}),0.011407733015751632
915,315834404,915,8.4831469,49.4529286,2,Counter({0: 2}),0.011798425615513496
916,316059268,916,8.4945134,49.4626659,2,Counter({0: 2}),0.014141261505590289
917,316059272,917,8.4961658,49.4619083,2,Counter({0: 2}),0.013721255333161554
918,316102803,918,8.4976086,49.5027369,3,Counter({0: 3}),0.00900003914240084
919,316921382,919,8.5286282,49.4451039,2,Counter({0: 2}),0.0009375158392264035
920,316921408,920,8.5299085,49.4461676,1,Counter({0: 1}),0.0004688133742351837
921,317967968,921,8.5273879,49.4433566,2,Counter({0: 2}),0.002342292323272497
922,318112566,922,8.4612841,49.4873421,4,Counter({0: 4}),0.01603620658914569
923,319714086,923,8.4614542,49.4887704,2,Counter({0: 2}),0.0005132313821409812
924,321376637,924,8.5230459,49.4382496,2,Counter({0: 2}),0.002417305838110414
925,322724128,925,8.525215,49.4757251,3,Counter({0: 3}),0.11027941621720194
926,322724129,926,8.5285256,49.4756207,2,Counter({0: 2}),0.05261246119853477
927,322724134,927,8.5292173,49.4752783,3,"Counter({1: 2, 0: 1})",0.052175996353789035
928,322724138,928,8.5296418,49.4752901,3,"Counter({1: 2, 0: 1})",0.049338972642356406
929,322724145,929,8.5343617,49.4749583,3,Counter({0: 3}),0.04856308299587125
930,322724146,930,8.5340476,49.4735437,2,Counter({0: 2}),0.0006107828479964277
931,322725087,931,8.5363014,49.4747794,2,Counter({0: 2}),0.04686979469455253
932,322725090,932,8.5371915,49.4746951,2,Counter({0: 2}),0.04599551930623446
933,322726027,933,8.4930186,49.4900355,2,Counter({0: 2}),0.009366431671166593
934,325218132,934,8.4680124,49.4701888,2,Counter({0: 2}),0.014425308099181243
935,325218141,935,8.4686501,49.4702478,3,Counter({0: 3}),0.01440600052900103
936,327514185,936,8.4997002,49.4702347,2,Counter({0: 2}),0.027747475245050852
937,332070576,937,8.5097715,49.513639,2,Counter({0: 2}),0.003253685673518962
938,332070580,938,8.510724,49.5134587,2,Counter({0: 2}),0.00235312585866194
939,335990441,939,8.5202242,49.4406278,2,Counter({0: 2}),0.007230644062620231
940,338590007,940,8.5437612,49.456074,2,Counter({0: 2}),0.01443605292175473
941,343566863,941,8.5243472,49.519485,2,Counter({0: 2}),0.004935740539338047
942,343567191,942,8.5196131,49.5162541,2,Counter({0: 2}),0.008507707229965293
943,343567216,943,8.5200365,49.5168827,2,Counter({0: 2}),0.006825256825270982
944,343567760,944,8.52129,49.5238446,2,Counter({0: 2}),0.004339653195404581
945,343763169,945,8.5419617,49.5193683,2,Counter({0: 2}),0.004533719401298885
946,343763217,946,8.5440346,49.5167018,3,Counter({0: 3}),0.004677944259003496
947,343763222,947,8.5439358,49.5162762,2,Counter({0: 2}),0.005793502480345799
948,344738125,948,8.5557203,49.5092543,3,Counter({0: 3}),0.020907168851893015
949,346342986,949,8.513095,49.5234571,2,Counter({0: 2}),0.00602222670350328
950,347496507,950,8.516543,49.5079634,2,Counter({0: 2}),0.060683545646163684
951,347497653,951,8.5256619,49.5101759,2,Counter({0: 2}),0.022632077903307263
952,347497661,952,8.5244332,49.5102021,2,Counter({0: 2}),0.01190349773080279
953,347497662,953,8.5241932,49.510408,3,Counter({0: 3}),0.01236944471724399
954,354540162,954,8.4888177,49.498219,2,Counter({0: 2}),0.012696116798664132
955,354540166,955,8.4887337,49.4987678,4,"Counter({1: 2, 0: 1, 2: 1})",0.040206095187464035
956,354543177,956,8.4963329,49.5028068,2,Counter({0: 2}),0.015073563731302643
957,354578668,957,8.497049,49.5026545,2,Counter({0: 2}),0.015539641800403578
958,354578674,958,8.4968774,49.502833,2,Counter({0: 2}),0.015153407612276962
959,354578677,959,8.4968135,49.5029039,2,Counter({0: 2}),0.014992641312807886
960,354579727,960,8.5019574,49.5047484,3,Counter({0: 3}),0.0731191354862478
961,360636941,961,8.4980302,49.5003849,2,Counter({0: 2}),0.0020219189824794634
962,361118924,962,8.5640192,49.4664712,3,Counter({0: 3}),0.012202331142247278
963,365765765,963,8.5448075,49.5002127,2,Counter({0: 2}),0.01438779452288636
964,366539767,964,8.5161784,49.5074579,2,Counter({0: 2}),0.026616986161722582
965,366539769,965,8.5152272,49.5074776,2,Counter({0: 2}),0.026888954112795932
966,366539770,966,8.5142777,49.5074989,2,Counter({0: 2}),0.02717014601599227
967,366539772,967,8.5133435,49.5075188,2,Counter({0: 2}),0.02745671701752086
968,366548831,968,8.511668,49.5074183,2,Counter({0: 2}),0.02835960144531955
969,366548842,969,8.5110815,49.5073373,3,Counter({0: 3}),0.029283988550830763
970,366548866,970,8.5102621,49.5068439,3,Counter({0: 3}),0.00535100035211646
971,366863046,971,8.5522172,49.5078249,2,Counter({0: 2}),0.0014059964857296957
972,366864849,972,8.544622,49.5071396,2,Counter({0: 2}),0.03235986168659339
973,366864851,973,8.5461547,49.507384,2,Counter({0: 2}),0.031509979994276106
974,366869248,974,8.5506944,49.5088638,2,Counter({0: 2}),0.02363220897608475
975,366869258,975,8.549217,49.5083091,2,Counter({0: 2}),0.027755705783074708
976,366869270,976,8.5477644,49.5077548,3,Counter({0: 3}),0.030356905437665244
977,366869272,977,8.5484078,49.5070767,2,Counter({0: 2}),0.0018742553137450601
978,366869277,978,8.5489484,49.5071855,2,Counter({0: 2}),0.0009375158392264035
979,366869508,979,8.5493847,49.5110594,2,Counter({0: 2}),0.004249185203421628
980,366869523,980,8.5479719,49.5104381,3,"Counter({1: 2, 0: 1})",0.004789995311950468
981,366875187,981,8.5491873,49.5087712,2,Counter({0: 2}),0.005950184202277494
982,366875193,982,8.5482839,49.5097795,2,Counter({0: 2}),0.0056130354979179965
983,366875219,983,8.5499423,49.5085824,2,Counter({0: 2}),0.024089820516679586
984,366875220,984,8.5481664,49.5105832,2,Counter({0: 2}),0.004581879728824657
985,366970609,985,8.5224833,49.5114844,2,Counter({0: 2}),0.005820318042851473
986,367010508,986,8.5194591,49.5122997,2,Counter({0: 2}),0.0025797026275987847
987,367010510,987,8.5171641,49.5087369,3,Counter({0: 3}),0.08268577532361746
988,367010512,988,8.5151801,49.5096262,2,Counter({0: 2}),0.0016709248019964199
989,367012394,989,8.5182919,49.5104303,3,"Counter({1: 2, 0: 1})",0.001989018389867012
990,371812722,990,8.4960225,49.4484588,2,Counter({0: 2}),0.005164580902366191
991,375908039,991,8.5463835,49.5181812,2,Counter({0: 2}),0.0009375158392264035
992,376078447,992,8.4560903,49.4844613,2,Counter({0: 2}),0.003540941704974914
993,376624411,993,8.4660209,49.4811444,2,Counter({0: 2}),0.042450469965930576
994,378367095,994,8.5329295,49.4484081,2,Counter({0: 2}),0.0031981073983859652
995,378368590,995,8.5247174,49.448339,2,Counter({0: 2}),0.002461181485025767
996,378368633,996,8.5265445,49.4482947,2,Counter({0: 2}),0.002031814831893849
997,378368637,997,8.5272583,49.4482605,2,Counter({0: 2}),0.0017065874718694071
998,378368822,998,8.5284042,49.448552,2,Counter({0: 2}),0.0016966176247918436
999,378368835,999,8.5301997,49.4488426,2,Counter({0: 2}),0.002133340516823469
1000,378368878,1000,8.532253,49.4488039,2,Counter({0: 2}),0.002782667249320995
1001,378369570,1001,8.5292631,49.4486304,2,Counter({0: 2}),0.0019032368412466288
1002,378372192,1002,8.5403975,49.4542154,2,Counter({0: 2}),0.014871748795742481
1003,382656460,1003,8.4742438,49.4836302,3,"Counter({1: 2, 0: 1})",0.011825312554009903
1004,385667914,1004,8.4978248,49.502869,2,Counter({0: 2}),0.008444116373136853
1005,392643128,1005,8.489776,49.4512726,2,Counter({0: 2}),0.00876367010720454
1006,392810469,1006,8.5304253,49.495826,2,Counter({0: 2}),0.0206189344017027
1007,392889198,1007,8.491992,49.4509478,2,Counter({0: 2}),0.008029229093675939
1008,393849213,1008,8.5249588,49.4841932,2,Counter({0: 2}),0.012547403373541835
1009,402626578,1009,8.4772145,49.5272962,2,Counter({0: 2}),0.007135829545857471
1010,402626597,1010,8.4785371,49.5277449,3,Counter({0: 3}),0.01480181281858881
1011,402738693,1011,8.474807,49.5161949,2,Counter({0: 2}),0.011744908051341879
1012,402982701,1012,8.5457843,49.4919878,2,Counter({0: 2}),0.011334896567308081
1013,402982724,1013,8.5453453,49.4911489,2,Counter({0: 2}),0.011569613564717238
1014,403871915,1014,8.5216629,49.5163349,3,"Counter({1: 2, 0: 1})",0.007418285053247799
1015,403872095,1015,8.5209586,49.5165962,3,"Counter({1: 2, 0: 1})",0.006975551013341404
1016,406212786,1016,8.5267493,49.4426959,2,Counter({0: 2}),0.0042122221765029675
1017,406253115,1017,8.5276846,49.4741566,2,Counter({0: 2}),0.0012796040352357019
1018,406253882,1018,8.5399006,49.4744109,2,Counter({0: 2}),0.04385269646602222
1019,406254680,1019,8.5406018,49.4742803,2,Counter({0: 2}),0.043438165772757734
1020,409495862,1020,8.4765437,49.501969,2,Counter({0: 2}),0.005612340472302579
1021,409496322,1021,8.4768428,49.5029477,2,Counter({0: 2}),0.005145856192190636
1022,409783249,1022,8.4841645,49.497234,4,"Counter({0: 2, 1: 2})",0.013471742700632868
1023,409798297,1023,8.5327474,49.5079216,2,Counter({0: 2}),0.010477405141938517
1024,409798303,1024,8.5366953,49.5105678,2,Counter({0: 2}),0.009599721142855813
1025,409798304,1025,8.5363422,49.5094609,2,Counter({0: 2}),0.010036862533989718
1026,409798308,1026,8.5364738,49.5093718,2,Counter({0: 2}),0.0009375158392264035
1027,409798311,1027,8.5335588,49.5082445,2,Counter({0: 2}),0.0014059964857296957
1028,409798315,1028,8.5324251,49.5070489,2,Counter({0: 2}),0.0018742553137450601
1029,409798317,1029,8.5322167,49.5063774,4,"Counter({1: 2, 0: 1, 2: 1})",0.0023616737136551826
1030,410615994,1030,8.5419457,49.5060758,2,Counter({0: 2}),0.03322434009169482
1031,411034871,1031,8.5526155,49.5080033,2,Counter({0: 2}),0.002342292323272497
1032,411034872,1032,8.5530009,49.5082023,2,Counter({0: 2}),0.0028101075143120062
1033,411034880,1033,8.5559087,49.5094515,2,Counter({0: 2}),0.0167414176486109
1034,411759721,1034,8.5061295,49.4780399,3,"Counter({1: 2, 0: 1})",0.01354675575434146
1035,412123597,1035,8.4631874,49.4846595,3,"Counter({1: 2, 0: 1})",0.0018949372967501643
1036,412123598,1036,8.4630771,49.4844598,4,Counter({1: 4}),0.0021961358206464216
1037,412123601,1037,8.462794,49.4845647,3,"Counter({1: 2, 0: 1})",0.0012112629736952618
1038,412123611,1038,8.460661,49.4832803,2,Counter({0: 2}),0.0008522607730802023
1039,412123612,1039,8.4606057,49.4832244,3,Counter({0: 3}),0.0010822324061436374
1040,412123619,1040,8.458012,49.4841472,1,Counter({0: 1}),0.0004688133742351837
1041,412123623,1041,8.4599523,49.4836148,3,"Counter({1: 2, 0: 1})",0.0009375158392264035
1042,412240634,1042,8.4826871,49.4811415,4,Counter({0: 4}),0.007012680481150328
1043,413010368,1043,8.5292533,49.4842727,2,Counter({0: 2}),0.03832065942733419
1044,416352918,1044,8.5375253,49.4540516,2,Counter({0: 2}),0.02243355506010124
1045,416352919,1045,8.5368767,49.4540376,2,Counter({0: 2}),0.023248811942731495
1046,416571023,1046,8.5305249,49.4546086,2,Counter({0: 2}),0.026142678118085048
1047,416571027,1047,8.5345742,49.4539501,2,Counter({0: 2}),0.025305830902629806
1048,416571028,1048,8.522953,49.4576577,2,Counter({0: 2}),0.02657092089087826
1049,418244037,1049,8.4577309,49.4904411,3,Counter({0: 3}),0.00909065359600927
1050,418875240,1050,8.5518969,49.4978365,2,Counter({0: 2}),0.01089116618238767
1051,419622507,1051,8.4656094,49.4833032,3,Counter({0: 3}),0.004561909184596041
1052,420235548,1052,8.4727213,49.4808902,2,Counter({0: 2}),0.002877006686353156
1053,420265558,1053,8.5048471,49.4772167,2,Counter({0: 2}),0.03140870144991276
1054,420268870,1054,8.5012373,49.4726228,2,Counter({0: 2}),0.028623582792720273
1055,420276678,1055,8.4742544,49.4815468,3,Counter({0: 3}),0.0016177758880556556
1056,420340784,1056,8.4852559,49.4730093,2,Counter({0: 2}),0.004143970259593717
1057,423084826,1057,8.5440488,49.5061689,2,Counter({0: 2}),0.0327908993723345
1058,423084909,1058,8.5442119,49.5137402,2,Counter({0: 2}),0.0034665606204401646
1059,423084912,1059,8.5428094,49.5132101,2,Counter({0: 2}),0.0035643942917382002
1060,425345533,1060,8.5289665,49.4458691,2,Counter({0: 2}),0.005705101076747895
1061,425345549,1061,8.5279739,49.4448618,2,Counter({0: 2}),0.005266599198888029
1062,425345553,1062,8.5273015,49.4438938,2,Counter({0: 2}),0.004023844250514392
1063,427688019,1063,8.5139678,49.5235875,2,Counter({0: 2}),0.005174954019115412
1064,427688022,1064,8.5135001,49.5235176,2,Counter({0: 2}),0.005596852783153913
1065,429958255,1065,8.5557661,49.5093028,2,Counter({0: 2}),0.017663073465950474
1066,429958256,1066,8.5558572,49.5093994,2,Counter({0: 2}),0.01720235646652465
1067,440814853,1067,8.4873872,49.4594907,1,Counter({0: 1}),0.0004688133742351837
1068,440814861,1068,8.4876383,49.4597938,2,Counter({0: 2}),0.0009375158392264035
1069,441311622,1069,8.5309814,49.47384,2,Counter({0: 2}),0.001049096180141553
1070,441809422,1070,8.5018928,49.4735245,1,Counter({0: 1}),1.1090924396384758e-07
1071,441841350,1071,8.4998208,49.4704203,2,Counter({0: 2}),0.028166250509454822
1072,441869534,1072,8.5226006,49.469385,2,Counter({0: 2}),0.08180159794903318
1073,441869546,1073,8.523088,49.4706103,2,Counter({0: 2}),0.08335786686277981
1074,441869553,1074,8.5236119,49.4712552,2,Counter({0: 2}),0.08369128089205168
1075,442579174,1075,8.5570847,49.4638997,2,Counter({0: 2}),0.007767377325041314
1076,443825608,1076,8.4814841,49.5263975,3,Counter({0: 3}),0.0005557477366288461
1077,443825609,1077,8.4794366,49.5280501,2,Counter({0: 2}),0.013723998634235533
1078,443825616,1078,8.4802019,49.5254076,2,Counter({0: 2}),0.0255831848709504
1079,443825618,1079,8.4806767,49.5270396,2,Counter({0: 2}),0.0007135660664368412
1080,448897358,1080,8.4576943,49.4973323,3,Counter({0: 3}),0.001543111037487397
1081,454248898,1081,8.4790118,49.5264759,3,Counter({0: 3}),0.025179891132586858
1082,454248902,1082,8.4797728,49.5267326,3,Counter({0: 3}),0.008806794779620958
1083,455496195,1083,8.5027745,49.4749271,3,Counter({0: 3}),0.030329698727038258
1084,455575573,1084,8.4886834,49.4628298,2,Counter({0: 2}),0.03406910109864653
1085,455575575,1085,8.4857918,49.4662476,2,Counter({0: 2}),0.03517792334704241
1086,456301400,1086,8.5396292,49.5120061,3,Counter({0: 3}),0.006488095053717995
1087,456301401,1087,8.5412683,49.5126226,2,Counter({0: 2}),0.00371463195361163
1088,456301403,1088,8.5400861,49.5114362,2,Counter({0: 2}),0.0028101075143120062
1089,457005266,1089,8.5257813,49.5119696,3,Counter({0: 3}),0.023128887031837596
1090,457118358,1090,8.474785,49.4646493,2,Counter({0: 2}),0.003405455924637401
1091,457411728,1091,8.5213384,49.4398492,2,Counter({0: 2}),0.007617625601885315
1092,457623370,1092,8.4766353,49.4627749,3,Counter({0: 3}),0.020250319498574254
1093,457623372,1093,8.4770724,49.4629686,3,Counter({0: 3}),0.035406049007905324
1094,458504316,1094,8.5166903,49.5170701,2,Counter({0: 2}),0.0008070699157059831
1095,458504319,1095,8.5153403,49.5174454,2,Counter({0: 2}),0.0007804384732862778
1096,458504326,1096,8.5136071,49.5179252,2,Counter({0: 2}),0.005863416397578794
1097,458504348,1097,8.5009957,49.5241896,2,Counter({0: 2}),0.0028299149365942572
1098,458504349,1098,8.4993719,49.5249167,2,Counter({0: 2}),0.0012947988695002329
1099,458504395,1099,8.4817716,49.5313676,3,Counter({0: 3}),0.005026136765769582
1100,458504421,1100,8.4999041,49.5242921,2,Counter({0: 2}),0.014731873410287675
1101,458506181,1101,8.5078275,49.5197517,2,Counter({0: 2}),0.026029550522388235
1102,458506249,1102,8.5192654,49.5159962,3,Counter({0: 3}),0.038843552397865126
1103,458506270,1103,8.5215236,49.5150894,3,Counter({0: 3}),0.02352159628419525
1104,459832290,1104,8.4956858,49.4487121,2,Counter({0: 2}),0.005853521398558613
1105,459832297,1105,8.4859343,49.4517812,2,Counter({0: 2}),0.009505350589598078
1106,459832298,1106,8.4856069,49.4518478,2,Counter({0: 2}),0.00988268760382965
1107,459832336,1107,8.491108,49.4533346,2,Counter({0: 2}),0.0015239323867067551
1108,459836658,1108,8.4833745,49.4541882,2,Counter({0: 2}),0.0014054705975278124
1109,462269817,1109,8.4826744,49.4583983,2,Counter({0: 2}),0.0028841360524265443
1110,463174136,1110,8.5504895,49.4593961,2,Counter({0: 2}),0.01356532662924345
1111,463174221,1111,8.5511071,49.4597435,2,Counter({0: 2}),0.01313029621071965
1112,464666745,1112,8.4948115,49.475612,2,Counter({0: 2}),0.007476059407871074
1113,464666751,1113,8.4947277,49.4757338,3,Counter({0: 3}),0.017559673326927365
1114,464666874,1114,8.4917931,49.4774155,3,Counter({0: 3}),0.013542238941880239
1115,469184309,1115,8.5573167,49.4641941,2,Counter({0: 2}),0.007306752749985461
1116,469184324,1116,8.5522059,49.4618639,2,Counter({0: 2}),0.002447466120838732
1117,469184325,1117,8.5524937,49.4619303,2,Counter({0: 2}),0.00204339786625485
1118,469184327,1118,8.5533961,49.4623852,2,Counter({0: 2}),0.0016415293116762496
1119,469184332,1119,8.5535636,49.4625636,2,Counter({0: 2}),0.0012426553066846677
1120,469184355,1120,8.5545169,49.463458,2,Counter({0: 2}),0.0020530609383734516
1121,470415942,1121,8.5092733,49.4842239,2,Counter({0: 2}),0.07952353078479689
1122,470628003,1122,8.4732947,49.5186616,2,Counter({0: 2}),0.0028101075143120062
1123,470650797,1123,8.4743014,49.517648,2,Counter({0: 2}),0.004679150093590765
1124,470650808,1124,8.4774692,49.5175803,2,Counter({0: 2}),0.0016763040630044521
1125,470650817,1125,8.4789477,49.514497,2,Counter({0: 2}),0.0011808196591889353
1126,471131318,1126,8.5096149,49.529275,2,Counter({0: 2}),0.006998840360981473
1127,473405521,1127,8.5207786,49.4484569,2,Counter({0: 2}),0.002891287533117565
1128,474658337,1128,8.488857,49.4869594,2,Counter({0: 2}),0.007653955930359153
1129,474658341,1129,8.4873374,49.4849725,4,Counter({0: 4}),0.1345461696639947
1130,474658342,1130,8.4872596,49.4847059,3,Counter({0: 3}),0.11888940608720368
1131,474658348,1131,8.4819563,49.4789193,2,Counter({0: 2}),0.10483495630327566
1132,475100300,1132,8.4833415,49.4864227,3,Counter({0: 3}),0.011913452647969076
1133,475323930,1133,8.4706186,49.4688435,2,Counter({0: 2}),0.0036862022291161314
1134,475323931,1134,8.4719386,49.4688867,4,Counter({0: 4}),0.016811642639168053
1135,475323936,1135,8.4712562,49.4692832,3,"Counter({1: 2, 0: 1})",0.012260387229214072
1136,475323939,1136,8.4724371,49.4682581,2,Counter({0: 2}),0.01694164820138249
1137,475323942,1137,8.4731466,49.467311,2,Counter({0: 2}),0.017221868339287523
1138,475334383,1138,8.471364,49.4694166,4,"Counter({0: 2, 1: 2})",0.009738160039728378
1139,475334394,1139,8.4702758,49.4704225,4,Counter({0: 4}),0.012340147936893888
1140,475334397,1140,8.4709257,49.4693748,4,"Counter({1: 2, 0: 2})",0.007076831884909825
1141,475334401,1141,8.4701271,49.4702283,2,Counter({0: 2}),0.007204239552513641
1142,475334408,1142,8.4696054,49.4722004,4,Counter({0: 4}),0.005595277918817243
1143,475364610,1143,8.5015298,49.4892904,2,Counter({0: 2}),0.1529709776464345
1144,475365845,1144,8.5179501,49.4884734,3,Counter({0: 3}),0.12067221441643047
1145,476021000,1145,8.5647665,49.4666234,1,Counter({0: 1}),1.1090924396384758e-07
1146,477983054,1146,8.5576476,49.4701989,1,Counter({0: 1}),0.0004688133742351837
1147,478080830,1147,8.5493424,49.4632783,2,Counter({0: 2}),0.0040764900052553295
1148,479287845,1148,8.5308989,49.5188074,3,Counter({0: 3}),0.001405719212619786
1149,486287364,1149,8.480898,49.4578359,3,Counter({0: 3}),0.014319587839910624
1150,486287367,1150,8.479413,49.4598195,2,Counter({0: 2}),0.013986470917399385
1151,486287388,1151,8.4795304,49.4588845,2,Counter({0: 2}),0.016387640585024076
1152,487104247,1152,8.5235145,49.4807653,2,Counter({0: 2}),0.01082975983436258
1153,489629848,1153,8.4701048,49.4703851,4,Counter({0: 4}),0.014656713237163435
1154,489629853,1154,8.4835835,49.4586874,2,Counter({0: 2}),0.0025208689080639746
1155,491615999,1155,8.4935484,49.5246179,2,Counter({0: 2}),0.0046746859345015174
1156,491616022,1156,8.4976539,49.5220604,2,Counter({0: 2}),0.006736119082309561
1157,491616026,1157,8.4995569,49.5215332,2,Counter({0: 2}),0.007156502086680531
1158,491616033,1158,8.5020349,49.5233821,2,Counter({0: 2}),0.021998664959766004
1159,491616098,1159,8.4986313,49.5248855,2,Counter({0: 2}),0.014396670852448184
1160,491619578,1160,8.4868732,49.5265253,2,Counter({0: 2}),0.016801289213128765
1161,493852947,1161,8.4774809,49.4624254,2,Counter({0: 2}),0.01470902747729796
1162,493852948,1162,8.4773489,49.4626034,2,Counter({0: 2}),0.015080236491730702
1163,493852949,1163,8.4789318,49.4604396,2,Counter({0: 2}),0.01434572444347231
1164,493852950,1164,8.4818485,49.4565606,2,Counter({0: 2}),0.009708209797435714
1165,493852951,1165,8.4822592,49.4560069,2,Counter({0: 2}),0.008837594414168277
1166,494508045,1166,8.4745713,49.517138,2,Counter({0: 2}),0.005612340472302579
1167,496382987,1167,8.4901519,49.4610234,2,Counter({0: 2}),0.008401090473024059
1168,496510474,1168,8.489413,49.46191,2,Counter({0: 2}),0.033352614035120826
1169,497224171,1169,8.4680861,49.4759944,2,Counter({0: 2}),0.0014143686463562633
1170,498481977,1170,8.4876285,49.4645862,2,Counter({0: 2}),0.004503998311847354
1171,500880949,1171,8.48796,49.4641683,2,Counter({0: 2}),0.0041372478490217905
1172,502884628,1172,8.5233145,49.4773301,3,Counter({0: 3}),0.151211040938927
1173,502884632,1173,8.5237743,49.4764239,4,"Counter({0: 2, 1: 2})",0.008104643332474622
1174,502884638,1174,8.5246664,49.4760741,2,Counter({0: 2}),0.1415590872205339
1175,504583305,1175,8.4735593,49.4648912,2,Counter({0: 2}),0.001741509359992873
1176,513583589,1176,8.5179792,49.4618816,2,Counter({0: 2}),0.06897020132153799
1177,516720508,1177,8.484455,49.4589604,2,Counter({0: 2}),0.0021804078070785005
1178,517236964,1178,8.4711843,49.4811251,4,Counter({0: 4}),0.002910171642772403
1179,517829677,1179,8.5623395,49.4648252,2,Counter({0: 2}),0.017716454085070273
1180,517830049,1180,8.5578537,49.4649127,2,Counter({0: 2}),0.006846313023669548
1181,517843360,1181,8.5388444,49.464895,2,Counter({0: 2}),0.009214841338604448
1182,517844973,1182,8.5403233,49.4648063,2,Counter({0: 2}),0.008776971643435164
1183,517848636,1183,8.5420754,49.4649515,2,Counter({0: 2}),0.008339323766753805
1184,517973626,1184,8.5042555,49.5016816,2,Counter({0: 2}),0.004126629399773249
1185,518024950,1185,8.5107755,49.5070849,2,Counter({0: 2}),0.0015814366790209053
1186,518028537,1186,8.510696,49.5061851,2,Counter({0: 2}),0.004938093251164529
1187,519268667,1187,8.5530848,49.4612274,2,Counter({0: 2}),0.005056486629467798
1188,519268671,1188,8.5529643,49.4611395,2,Counter({0: 2}),0.005489439348154559
1189,519268677,1189,8.5530888,49.4609394,3,"Counter({1: 2, 0: 1})",0.005923205401297111
1190,519268681,1190,8.5534104,49.4610037,2,Counter({0: 2}),0.005056486629467797
1191,520624049,1191,8.4779232,49.4765232,2,Counter({0: 2}),0.0023079335049451624
1192,523634431,1192,8.545009,49.4653684,2,Counter({0: 2}),0.007901897708560389
1193,527916703,1193,8.5251532,49.4832538,2,Counter({0: 2}),0.011683032180709587
1194,527916712,1194,8.5237917,49.4845269,2,Counter({0: 2}),0.05485989510614146
1195,527924700,1195,8.5251122,49.4834386,2,Counter({0: 2}),0.012114690958216882
1196,527941169,1196,8.5198596,49.4879117,2,Counter({0: 2}),0.058668337392094844
1197,527941177,1197,8.5221981,49.4845977,2,Counter({0: 2}),0.05527915423017359
1198,527941183,1198,8.5218481,49.4847995,2,Counter({0: 2}),0.0556994448101746
1199,527941190,1199,8.5209799,49.4855162,2,Counter({0: 2}),0.05612073357337128
1200,527941195,1200,8.5205213,49.4862204,2,Counter({0: 2}),0.05696654595271359
1201,529049478,1201,8.4814715,49.4904672,2,Counter({0: 2}),0.1425104432809147
1202,529050953,1202,8.483757,49.4931263,3,Counter({0: 3}),0.14781379534925176
1203,529053256,1203,8.4809398,49.5012654,3,Counter({0: 3}),0.004415736902854334
1204,529059106,1204,8.4796169,49.501419,2,Counter({0: 2}),0.0016010624398049983
1205,529069931,1205,8.4874537,49.5042512,4,"Counter({0: 2, 1: 2})",0.013294452357216728
1206,529069939,1206,8.4858931,49.506927,2,Counter({0: 2}),0.009488616152710388
1207,529069942,1207,8.4863069,49.5062085,2,Counter({0: 2}),0.00976260439504693
1208,529069943,1208,8.4854103,49.5071932,2,Counter({0: 2}),0.009222986848103378
1209,529069947,1209,8.4873566,49.5043704,4,"Counter({1: 2, 0: 1, 2: 1})",0.010400215664247231
1210,529069949,1210,8.4909248,49.5051202,2,Counter({0: 2}),0.0005740342063086187
1211,529069953,1211,8.4910183,49.5061523,3,Counter({0: 3}),0.009422462023249673
1212,529069955,1212,8.4911112,49.5059451,2,Counter({0: 2}),0.0011309985117158978
1213,529073836,1213,8.4946112,49.5028631,2,Counter({0: 2}),0.0018742553137450601
1214,529073837,1214,8.4946247,49.5026597,2,Counter({0: 2}),0.002342292323272497
1215,529073838,1215,8.4921012,49.5067306,3,"Counter({1: 2, 0: 1})",0.00431597696848019
1216,529073841,1216,8.492697,49.506264,2,Counter({0: 2}),0.0031617906787335262
1217,529078124,1217,8.4939798,49.5037294,2,Counter({0: 2}),0.002553885381782156
1218,529078133,1218,8.4921946,49.5044142,2,Counter({0: 2}),0.0010871268638714157
1219,529078135,1219,8.4932965,49.5050003,2,Counter({0: 2}),0.0016975961787355808
1220,529079120,1220,8.493647,49.5051298,2,Counter({0: 2}),0.0014072217823479238
1221,529084661,1221,8.4772536,49.5016985,2,Counter({0: 2}),0.0019888276829195745
1222,529537196,1222,8.5221336,49.4673928,2,Counter({0: 2}),0.08039650443986074
1223,530191806,1223,8.4672353,49.4769222,1,Counter({0: 1}),0.0004688133742351837
1224,533749583,1224,8.4917522,49.4774804,2,Counter({0: 2}),0.003856133364659242
1225,533749588,1225,8.4917919,49.4775746,2,Counter({0: 2}),0.00164272603469968
1226,534696598,1226,8.4795105,49.4878795,3,"Counter({1: 2, 0: 1})",0.009190723510427695
1227,535484308,1227,8.4937049,49.505473,2,Counter({0: 2}),0.0012225801474780697
1228,535484311,1228,8.494157,49.5078413,2,Counter({0: 2}),0.006392866757231021
1229,535490960,1229,8.4928559,49.5038894,3,Counter({0: 3}),0.0036384983027903796
1230,535490962,1230,8.4934122,49.50418,3,Counter({0: 3}),0.004185578884878949
1231,535490963,1231,8.4927448,49.5047062,3,Counter({0: 3}),0.003738372479855372
1232,535512505,1232,8.4932876,49.5058015,2,Counter({0: 2}),0.001316319922748587
1233,535539942,1233,8.4870788,49.504893,2,Counter({0: 2}),0.010048095226989535
1234,535552658,1234,8.4853347,49.5073919,2,Counter({0: 2}),0.008966319518208794
1235,535560147,1235,8.4924302,49.5045384,2,Counter({0: 2}),0.00047548641374700845
1236,535605581,1236,8.525155,49.4832051,2,Counter({0: 2}),0.011253660246184979
1237,540219100,1237,8.5573877,49.4708008,1,Counter({0: 1}),0.0004688133742351837
1238,540943220,1238,8.4961231,49.4535585,3,Counter({0: 3}),0.002810772969775789
1239,552933786,1239,8.5018438,49.5238045,2,Counter({0: 2}),0.00328238768221876
1240,552933787,1240,8.502026,49.5237131,3,Counter({0: 3}),0.010722263018721943
1241,552933791,1241,8.5038286,49.5251175,2,Counter({0: 2}),0.00814120967663895
1242,552933794,1242,8.4920099,49.5273975,2,Counter({0: 2}),0.014251205756073783
1243,552933806,1243,8.4934768,49.5268434,3,Counter({0: 3}),0.014877866222596863
1244,552933808,1244,8.493063,49.5269996,2,Counter({0: 2}),0.014042132588764937
1245,552933809,1245,8.4924473,49.5272345,2,Counter({0: 2}),0.014144390911699603
1246,552933856,1246,8.5086253,49.5288179,2,Counter({0: 2}),0.007208181084586161
1247,553037626,1247,8.4795708,49.4753625,2,Counter({0: 2}),0.0016723175192045476
1248,553037642,1248,8.4797151,49.4752949,2,Counter({0: 2}),0.0014225977864239074
1249,554985148,1249,8.5000812,49.4740811,2,Counter({1: 2}),2.2181848792769515e-07
1250,555009116,1250,8.4901702,49.4932671,2,Counter({0: 2}),0.003761652864442977
1251,558065079,1251,8.4988209,49.5309703,2,Counter({0: 2}),0.004315785957545966
1252,558065081,1252,8.4993327,49.5308145,2,Counter({0: 2}),0.004104123763576227
1253,559946296,1253,8.4939495,49.5233108,2,Counter({0: 2}),0.0063185088090376845
1254,559946306,1254,8.4930139,49.5263124,2,Counter({0: 2}),0.002990489718535865
1255,559946308,1255,8.4928201,49.5261103,2,Counter({0: 2}),0.003218069149478595
1256,559946355,1256,8.5068215,49.5205431,2,Counter({0: 2}),0.024778161522744115
1257,559946393,1257,8.4932425,49.5265672,2,Counter({0: 2}),0.002780633584778556
1258,559946397,1258,8.4941115,49.5266035,2,Counter({0: 2}),0.013326497619918283
1259,560371983,1259,8.497449,49.52533,2,Counter({0: 2}),0.014110204810655792
1260,560396571,1260,8.5137659,49.517437,3,Counter({0: 3}),0.040371122463233045
1261,560396572,1261,8.5108971,49.518391,2,Counter({0: 2}),0.040385701742768024
1262,560396573,1262,8.5053114,49.5216371,2,Counter({0: 2}),0.024364885952423827
1263,560428984,1263,8.5144455,49.5236423,2,Counter({0: 2}),0.004756482350715413
1264,560428986,1264,8.5252857,49.5217918,3,Counter({0: 3}),0.0012652771049408162
1265,560429015,1265,8.5270565,49.5231014,3,Counter({0: 3}),0.005915987239621965
1266,560429017,1266,8.5254437,49.5234641,3,Counter({0: 3}),0.005261892176019276
1267,560432877,1267,8.543576,49.5134996,2,Counter({0: 2}),0.003479845493063266
1268,560442808,1268,8.4820877,49.5252723,2,Counter({0: 2}),0.0023828814036140396
1269,560442809,1269,8.4823117,49.5247493,2,Counter({0: 2}),0.022565410834283522
1270,560738086,1270,8.5444343,49.4739631,2,Counter({0: 2}),0.04097837619642998
1271,560829531,1271,8.5363806,49.453815,2,Counter({0: 2}),0.023658104022706083
1272,560883289,1272,8.5240729,49.471743,2,Counter({0: 2}),0.08403068432604444
1273,560886411,1273,8.5248658,49.4757393,3,Counter({0: 3}),0.14084583449382077
1274,560886413,1274,8.5249159,49.4756783,3,Counter({0: 3}),0.08503160061582829
1275,561217012,1275,8.4949659,49.5082765,2,Counter({0: 2}),0.00631043678061492
1276,562742184,1276,8.5193924,49.5159357,3,Counter({0: 3}),0.039484682309142906
1277,563864734,1277,8.4966598,49.5256207,3,Counter({0: 3}),0.014914035982882483
1278,564778803,1278,8.4889659,49.5286148,3,"Counter({1: 2, 0: 1})",0.0072697239194140055
1279,597424899,1279,8.5037894,49.5026423,2,Counter({0: 2}),0.004383128849677425
1280,597434110,1280,8.5102125,49.5068196,2,Counter({0: 2}),0.0049716139126767655
1281,597434116,1281,8.5118208,49.5051645,2,Counter({0: 2}),0.0050201338414192
1282,599238784,1282,8.5219936,49.5148052,2,Counter({0: 2}),0.02199684283147695
1283,599909711,1283,8.5252904,49.4853677,1,Counter({0: 1}),1.1090924396384758e-07
1284,599909712,1284,8.5235792,49.4857319,1,Counter({0: 1}),1.1090924396384758e-07
1285,602084660,1285,8.5271884,49.4430692,2,Counter({0: 2}),0.0032777008868635875
1286,602084665,1286,8.5277105,49.4438338,2,Counter({0: 2}),0.0018742553137450601
1287,603131154,1287,8.5473081,49.4653538,2,Counter({0: 2}),0.006593464387770875
1288,603131616,1288,8.5294551,49.4657693,2,Counter({0: 2}),0.010968981941136673
1289,603131703,1289,8.5375948,49.4649843,2,Counter({0: 2}),0.01009124618440678
1290,603134615,1290,8.52506,49.4728339,2,Counter({0: 2}),0.08438074598753817
1291,603138574,1291,8.5374155,49.474673,2,Counter({0: 2}),0.045560640991816684
1292,603138613,1292,8.5381768,49.4745975,2,Counter({0: 2}),0.04512860934799395
1293,603138704,1293,8.5383512,49.4745805,2,Counter({0: 2}),0.04469771954124488
1294,603140003,1294,8.5411738,49.4741536,2,Counter({0: 2}),0.04261520439464683
1295,603158278,1295,8.5642914,49.4664756,4,"Counter({1: 2, 0: 1, 2: 1})",0.0006028638319520884
1296,603158306,1296,8.5642164,49.4664002,4,Counter({1: 4}),0.001319661033253404
1297,603244712,1297,8.5533601,49.4613094,3,"Counter({1: 2, 0: 1})",0.004880028531892707
1298,603244858,1298,8.5534523,49.4612737,3,"Counter({1: 2, 0: 1})",0.004880028531892707
1299,606515516,1299,8.5622996,49.4712098,2,Counter({0: 2}),0.0042122221765029675
1300,606515522,1300,8.5638614,49.4680646,2,Counter({0: 2}),0.004679150093590765
1301,606515544,1301,8.5579551,49.4745757,2,Counter({0: 2}),0.002342292323272497
1302,606515564,1302,8.5596648,49.4734384,2,Counter({0: 2}),0.0037450724409272412
1303,611035138,1303,8.5155249,49.5126544,2,Counter({0: 2}),0.0041107245697513985
1304,611394274,1304,8.4837405,49.4686628,2,Counter({0: 2}),0.03579232341975778
1305,613102957,1305,8.490472,49.4712576,2,Counter({0: 2}),0.002437021272283662
1306,613107874,1306,8.5145054,49.4497715,2,Counter({0: 2}),0.03086631398254547
1307,613107939,1307,8.5145717,49.4496427,2,Counter({0: 2}),0.030460607968125886
1308,613371427,1308,8.5111578,49.4632804,2,Counter({0: 2}),0.0014567568663856486
1309,613615266,1309,8.512983,49.454145,3,Counter({0: 3}),0.003948267418306007
1310,613615267,1310,8.5131381,49.4540438,3,Counter({0: 3}),0.0026239463483184915
1311,614395552,1311,8.5137432,49.4516797,2,Counter({0: 2}),0.0021342265815963188
1312,614396006,1312,8.5135427,49.4522216,2,Counter({0: 2}),0.0011992616549810838
1313,614396263,1313,8.5134845,49.4523746,2,Counter({0: 2}),0.0007321396467163488
1314,614396333,1314,8.5134096,49.4525996,2,Counter({0: 2}),0.0004846345778866265
1315,614404446,1315,8.5119587,49.4469939,2,Counter({0: 2}),0.005612340472302579
1316,615307880,1316,8.5078172,49.4645598,2,Counter({1: 2}),0.0004688133742351837
1317,615307884,1317,8.50856,49.4642791,2,Counter({0: 2}),0.0027570082761065023
1318,615307934,1318,8.507391,49.4647209,3,"Counter({1: 2, 0: 1})",0.0038161971014234464
1319,615308166,1319,8.5083165,49.4643711,3,"Counter({1: 2, 0: 1})",0.003109226459137291
1320,615308225,1320,8.508943,49.4641343,3,"Counter({1: 2, 0: 1})",0.002406342822491207
1321,615308410,1321,8.5097134,49.4638431,3,"Counter({1: 2, 0: 1})",0.0017129519608499136
1322,615308530,1322,8.5093446,49.4639825,2,Counter({1: 2}),0.0004688133742351837
1323,615308574,1323,8.5106523,49.4646504,2,Counter({0: 2}),0.01999637551853212
1324,615313997,1324,8.5086347,49.4657572,3,"Counter({1: 2, 0: 1})",0.005797588485520596
1325,615314069,1325,8.5088019,49.465349,3,"Counter({1: 2, 0: 1})",0.020628032578530558
1326,615314178,1326,8.5090116,49.4652763,3,Counter({0: 3}),0.021049089752663064
1327,615314780,1327,8.5087559,49.4659,3,Counter({0: 3}),0.006106802929552545
1328,615864662,1328,8.5158531,49.5099928,2,Counter({0: 2}),0.00148418627717176
1329,615864835,1329,8.5163938,49.5102783,2,Counter({0: 2}),0.0016006898396342464
1330,615866231,1330,8.5172407,49.5107515,3,"Counter({1: 2, 0: 1})",0.001915519476694565
1331,615869740,1331,8.5191869,49.5155864,2,Counter({0: 2}),0.018177462655867664
1332,617151472,1332,8.5146394,49.5171981,2,Counter({0: 2}),0.0010526687279076088
1333,617151473,1333,8.5149795,49.517105,2,Counter({0: 2}),0.0009191572235172512
1334,619326154,1334,8.5173898,49.4484731,2,Counter({0: 2}),0.003322059036673183
1335,619327788,1335,8.4988863,49.4537566,2,Counter({0: 2}),0.009336229247632725
1336,627869619,1336,8.5308644,49.5124763,2,Counter({0: 2}),0.010176042629392491
1337,627869648,1337,8.539534,49.5152997,3,"Counter({1: 2, 0: 1})",0.008073979728545698
1338,627901316,1338,8.5138174,49.5177776,3,Counter({0: 3}),0.02953927951140983
1339,627901318,1339,8.5138899,49.5178719,4,Counter({0: 4}),0.026503899344301952
1340,627901324,1340,8.5127038,49.5214232,2,Counter({0: 2}),0.017715084318671314
1341,627929036,1341,8.5204486,49.5111224,2,Counter({0: 2}),0.051932467504272814
1342,627929037,1342,8.5208994,49.5120455,3,Counter({0: 3}),0.053010466890689785
1343,629024627,1343,8.5239002,49.4392599,2,Counter({0: 2}),0.006544643577062682
1344,629025594,1344,8.5237143,49.4387682,2,Counter({0: 2}),0.0017958036123442622
1345,629025596,1345,8.5232717,49.4392055,3,Counter({0: 3}),0.020781886248937755
1346,629027000,1346,8.5236512,49.4388815,3,Counter({0: 3}),0.008792069630827726
1347,635038000,1347,8.4990671,49.4897073,2,Counter({0: 2}),0.00976800453262049
1348,638938954,1348,8.4686395,49.5286803,1,Counter({0: 1}),0.0004688133742351837
1349,638940657,1349,8.4906187,49.4769489,2,Counter({0: 2}),0.00757482610524877
1350,638940686,1350,8.4911166,49.476761,2,Counter({0: 2}),0.010145070326470424
1351,638940697,1351,8.494859,49.4758309,2,Counter({0: 2}),0.015220616848279106
1352,638941652,1352,8.5233847,49.4382944,2,Counter({0: 2}),0.0014878863736933737
1353,638941653,1353,8.5235644,49.4384371,2,Counter({0: 2}),0.001023953006192599
1354,638941654,1354,8.5225639,49.4383357,2,Counter({0: 2}),0.0028843446644421762
1355,638941659,1355,8.5233563,49.4382417,2,Counter({0: 2}),0.0019518197411941471
1356,638941663,1356,8.5236997,49.438515,2,Counter({0: 2}),0.0005081645289706599
1357,648239849,1357,8.5205351,49.4861195,2,Counter({0: 2}),0.056543057489511626
1358,649192553,1358,8.5292909,49.4904372,3,Counter({0: 3}),0.0011360996327525576
1359,649193403,1359,8.5292352,49.4904949,2,Counter({0: 2}),0.0006469843214097911
1360,649193639,1360,8.5198676,49.4878421,2,Counter({0: 2}),0.0582418913490539
1361,649193915,1361,8.5198328,49.4881763,2,Counter({0: 2}),0.05909594798219738
1362,650837726,1362,8.5055447,49.4562284,3,Counter({0: 3}),0.05661215014373836
1363,650838239,1363,8.5050956,49.4562856,3,Counter({0: 3}),0.04021053837644714
1364,655349514,1364,8.5516145,49.4906796,2,Counter({0: 2}),0.004679150093590765
1365,655349952,1365,8.5269725,49.5137646,3,"Counter({1: 2, 0: 1})",0.04752400847017977
1366,661279820,1366,8.4817487,49.531435,2,Counter({0: 2}),0.0005028513196424467
1367,662264000,1367,8.5178679,49.4887706,3,Counter({0: 3}),0.008398600972333178
1368,665748746,1368,8.4920047,49.4904345,2,Counter({0: 2}),0.008603933602438668
1369,669952050,1369,8.4577856,49.4978491,2,Counter({0: 2}),0.0009054567450826144
1370,673789928,1370,8.5451121,49.4735521,2,Counter({0: 2}),0.04057118399814111
1371,673789931,1371,8.5453712,49.4736724,2,Counter({0: 2}),0.03976254496447039
1372,673789948,1372,8.5497457,49.4732908,2,Counter({0: 2}),0.03937700549884449
1373,673789949,1373,8.5500091,49.4732299,2,Counter({0: 2}),0.03901386864422077
1374,673789955,1374,8.5509501,49.4729628,2,Counter({0: 2}),0.03865728591837037
1375,673790011,1375,8.5540246,49.4721822,2,Counter({0: 2}),0.037950289397260695
1376,673790018,1376,8.5543606,49.4720729,2,Counter({0: 2}),0.03725703320369763
1377,673790034,1377,8.5551189,49.471845,2,Counter({0: 2}),0.001267758435144532
1378,673790036,1378,8.5553253,49.4717892,3,"Counter({1: 2, 0: 1})",0.0012657256504447132
1379,674111378,1379,8.5355082,49.5118985,2,Counter({0: 2}),0.009165999453410787
1380,676979534,1380,8.5011804,49.4832978,2,Counter({0: 2}),0.0026738251256704557
1381,676979541,1381,8.5008934,49.4845976,2,Counter({0: 2}),0.0030119932381134813
1382,677008598,1382,8.4987318,49.4784657,2,Counter({0: 2}),0.0014555649541841081
1383,677008604,1383,8.4987179,49.4783824,2,Counter({0: 2}),0.0012733145427621907
1384,679232890,1384,8.5538345,49.4722169,2,Counter({0: 2}),0.03830273124726675
1385,679232991,1385,8.5541797,49.4721345,2,Counter({0: 2}),0.03760106485915735
1386,679233160,1386,8.5552365,49.4718235,3,Counter({0: 3}),0.0016986055019183439
1387,679233183,1387,8.5551425,49.4716704,3,Counter({0: 3}),0.035512261521630596
1388,679233270,1388,8.5550164,49.4718726,3,Counter({0: 3}),0.03695069233476657
1389,679233425,1389,8.555242,49.4716276,3,"Counter({1: 2, 0: 1})",0.001144801736689142
1390,679233833,1390,8.5555169,49.4717036,3,"Counter({1: 2, 0: 1})",0.0014059964857296957
1391,681672341,1391,8.5612407,49.4703957,2,Counter({0: 2}),0.0014059964857296957
1392,691454512,1392,8.5455451,49.4826434,2,Counter({0: 2}),0.0011485426750308843
1393,691454525,1393,8.5461252,49.4836962,1,Counter({0: 1}),0.0004688133742351837
1394,691477501,1394,8.5173144,49.4609491,2,Counter({0: 2}),0.0011361430189878064
1395,691477503,1395,8.5185092,49.4622934,2,Counter({0: 2}),0.07028791288962367
1396,691477504,1396,8.5196954,49.4636274,2,Counter({0: 2}),0.07051562930588087
1397,691477505,1397,8.5206237,49.4646786,3,Counter({0: 3}),0.08265241992578623
1398,705047176,1398,8.4656898,49.4832709,3,Counter({0: 3}),0.001865412134250004
1399,705056564,1399,8.4572645,49.4866395,3,Counter({0: 3}),0.006307656907075059
1400,705056571,1400,8.4574731,49.4868878,3,Counter({0: 3}),0.007576760342021122
1401,717649815,1401,8.4764099,49.4777583,3,Counter({0: 3}),0.10106741093262214
1402,738112509,1402,8.4804918,49.5311295,3,Counter({0: 3}),0.0016295814637439356
1403,748155096,1403,8.5226673,49.5113104,2,Counter({0: 2}),0.005239295321848176
1404,748155286,1404,8.5227567,49.5112291,2,Counter({0: 2}),0.004972721447437316
1405,749567799,1405,8.5368404,49.5187469,2,Counter({0: 2}),0.0006640660614328098
1406,766746544,1406,8.5261056,49.5094865,2,Counter({0: 2}),0.03262614276768443
1407,766746548,1407,8.5255066,49.5100639,4,"Counter({0: 2, 1: 2})",0.03519822727899171
1408,766746550,1408,8.5259329,49.5096433,3,"Counter({1: 2, 0: 1})",0.032406327218963873
1409,768880789,1409,8.5180122,49.5122868,4,"Counter({1: 2, 0: 2})",0.024335234518169838
1410,768880877,1410,8.518419,49.5123709,3,"Counter({1: 2, 0: 1})",0.001931112762847795
1411,768885854,1411,8.5179141,49.5106247,2,Counter({0: 2}),0.0008840665620032051
1412,768894388,1412,8.5225218,49.5114498,2,Counter({0: 2}),0.0055195660621571606
1413,768904278,1413,8.5247447,49.5127169,2,Counter({0: 2}),0.04859171635775813
1414,771656115,1414,8.5016778,49.4778054,2,Counter({0: 2}),0.009467899892519427
1415,773452531,1415,8.4956966,49.453288,1,Counter({0: 1}),1.1090924396384758e-07
1416,773452532,1416,8.4957808,49.4531861,1,Counter({0: 1}),1.1090924396384758e-07
1417,783669183,1417,8.4947913,49.4535206,3,"Counter({1: 2, 0: 1})",0.0014059964857296957
1418,795905085,1418,8.5041592,49.4836043,2,Counter({0: 2}),0.0033877898415650563
1419,798729281,1419,8.4594164,49.4999169,2,Counter({0: 2}),0.10037759110461206
1420,807732927,1420,8.4942539,49.5115653,3,Counter({0: 3}),0.0756423152753896
1421,813825193,1421,8.5030304,49.4554928,2,Counter({0: 2}),0.014895444192076621
1422,813825209,1422,8.5021433,49.455252,3,Counter({0: 3}),0.014436612649798184
1423,823456541,1423,8.4625763,49.4910438,3,Counter({0: 3}),0.0013004377142488651
1424,823457206,1424,8.4568882,49.4920521,2,Counter({0: 2}),0.0013158438832055446
1425,823479012,1425,8.4857838,49.5254501,2,Counter({0: 2}),0.017697143843347567
1426,833872819,1426,8.4920125,49.477769,2,Counter({0: 2}),0.0017044151277476383
1427,833876223,1427,8.4921632,49.4779702,3,Counter({0: 3}),0.0026628592035067835
1428,833877513,1428,8.495228,49.4773725,2,Counter({0: 2}),0.003924458425022097
1429,833877515,1429,8.4931049,49.4781741,3,"Counter({1: 2, 0: 1})",0.0009921876252090346
1430,833877516,1430,8.4925514,49.4783989,3,"Counter({1: 2, 0: 1})",0.0013221197049193554
1431,833878729,1431,8.4937269,49.4779381,2,Counter({0: 2}),0.003492447735634459
1432,833878823,1432,8.4936809,49.4779564,3,Counter({0: 3}),0.0031903315355647126
1433,833881887,1433,8.4921157,49.4779301,2,Counter({0: 2}),0.00231161186597885
1434,833920053,1434,8.4596854,49.4868554,2,Counter({0: 2}),0.016279189360292
1435,833921518,1435,8.4597622,49.4858329,2,Counter({0: 2}),0.0031950936226782982
1436,833926502,1436,8.4595597,49.4858087,3,"Counter({1: 2, 0: 1})",0.0028985597755272455
1437,833927348,1437,8.4595994,49.4856814,3,"Counter({1: 2, 0: 1})",0.0018742553137450601
1438,833928083,1438,8.4597107,49.4847544,1,Counter({0: 1}),0.0004688133742351837
1439,833930681,1439,8.4588531,49.4871794,2,Counter({0: 2}),0.004252707020708111
1440,833938206,1440,8.4561145,49.4871278,3,"Counter({1: 2, 0: 1})",0.0014006220904409525
1441,834022925,1441,8.461214,49.4850726,3,Counter({0: 3}),0.004118907838858553
1442,835103693,1442,8.4960127,49.4771456,3,Counter({0: 3}),0.020405205420718643
1443,840917640,1443,8.534238,49.4744012,2,Counter({0: 2}),0.0009611228237914504
1444,861602215,1444,8.466425,49.4782184,3,Counter({0: 3}),0.020500870321304685
1445,861602217,1445,8.466426,49.4782533,3,Counter({0: 3}),0.042286715258645594
1446,869329044,1446,8.5010393,49.4499435,2,Counter({0: 2}),0.0032777008868635875
1447,869330245,1447,8.5011406,49.4498961,2,Counter({0: 2}),0.0028101075143120062
1448,883463107,1448,8.4728517,49.4954793,3,Counter({0: 3}),0.022209651192824403
1449,883463111,1449,8.4735044,49.4952877,3,Counter({0: 3}),0.01680736949138305
1450,883463117,1450,8.4729706,49.4955202,2,Counter({0: 2}),0.0013161532085224747
1451,886549353,1451,8.4762725,49.5169929,2,Counter({0: 2}),0.002723494356611898
1452,886549375,1452,8.4764856,49.5170542,2,Counter({0: 2}),0.0021904053785248697
1453,886747515,1453,8.5314977,49.486572,3,Counter({0: 3}),0.020980396397666367
1454,892877965,1454,8.5649779,49.4668459,1,Counter({0: 1}),1.1090924396384758e-07
1455,893087192,1455,8.5111842,49.4926183,2,Counter({0: 2}),0.025761950749723064
1456,893513267,1456,8.4606673,49.4953887,2,Counter({0: 2}),0.002330632111202427
1457,915292947,1457,8.4761479,49.5338894,2,Counter({0: 2}),0.0007131568832876025
1458,915652126,1458,8.4804114,49.4991864,2,Counter({0: 2}),0.005330682710934089
1459,915652146,1459,8.4795659,49.4983088,2,Counter({0: 2}),0.008141636204188004
1460,921135046,1460,8.4762319,49.496169,2,Counter({0: 2}),0.001225752992076975
1461,921135048,1461,8.4752406,49.4965777,3,Counter({0: 3}),0.001305517829911786
1462,921135049,1462,8.4751104,49.4965999,3,"Counter({1: 2, 0: 1})",0.0010126226145732995
1463,921135052,1463,8.4735804,49.4969068,3,Counter({0: 3}),0.004072444514359391
1464,921135055,1464,8.4719447,49.498919,3,Counter({0: 3}),0.010110145880556263
1465,921135057,1465,8.4715529,49.5002161,3,Counter({0: 3}),0.008685175710175116
1466,921135973,1466,8.470911,49.501931,2,Counter({0: 2}),0.006952333325310359
1467,921135976,1467,8.4701464,49.5055281,2,Counter({0: 2}),0.0070045477899653985
1468,921135977,1468,8.4708714,49.5085415,4,Counter({0: 4}),0.04442152798512798
1469,921135984,1469,8.473361,49.513601,2,Counter({0: 2}),0.02914656274786971
1470,921135987,1470,8.47552,49.5149448,2,Counter({0: 2}),0.028733913654769554
1471,921140135,1471,8.4809801,49.5220892,2,Counter({0: 2}),0.02567872942771909
1472,921140143,1472,8.482177,49.5252933,3,Counter({0: 3}),0.025102609511461507
1473,921217110,1473,8.4815945,49.5278696,2,Counter({0: 2}),0.007411402382428051
1474,921217113,1474,8.4816318,49.5264159,3,Counter({0: 3}),0.008014061032278828
1475,921217114,1475,8.4816654,49.526302,3,"Counter({1: 2, 0: 1})",0.008246093356649244
1476,921275053,1476,8.4755493,49.516206,2,Counter({0: 2}),0.07486916918670318
1477,921275054,1477,8.4763885,49.5170117,2,Counter({0: 2}),0.0024533268322655655
1478,921275058,1478,8.4761289,49.5166024,2,Counter({0: 2}),0.07459481298990982
1479,921275069,1479,8.4714303,49.5127506,2,Counter({0: 2}),0.0889641226456097
1480,921275070,1480,8.4714361,49.5121973,2,Counter({0: 2}),0.08936128864824423
1481,921275071,1481,8.4712447,49.5115776,3,Counter({0: 3}),0.09166502766333523
1482,921404234,1482,8.4704805,49.5086227,2,Counter({0: 2}),0.008570960329132904
1483,921404246,1483,8.4697266,49.5055573,3,Counter({0: 3}),0.03559560140909021
1484,921404250,1484,8.4698273,49.5043939,3,Counter({0: 3}),0.037099821724145526
1485,921404252,1485,8.4700195,49.5036859,2,Counter({0: 2}),0.004974030984980101
1486,921404255,1486,8.4702006,49.5028486,2,Counter({0: 2}),0.005171455730821722
1487,921404277,1487,8.4716537,49.49871,3,Counter({0: 3}),0.006761903843183622
1488,921404278,1488,8.4722424,49.4973266,2,Counter({0: 2}),0.016641624979017455
1489,921404292,1489,8.4719037,49.4966615,3,Counter({0: 3}),0.019785375802871888
1490,921410463,1490,8.475475,49.5161205,2,Counter({0: 2}),0.07544353858539357
1491,921410483,1491,8.4753788,49.5160333,2,Counter({0: 2}),0.07574022450997167
1492,921410492,1492,8.4750965,49.5158302,2,Counter({0: 2}),0.07607277848404767
1493,922305082,1493,8.5186492,49.4885093,2,Counter({0: 2}),0.07233469738052985
1494,922509744,1494,8.4769561,49.5054492,2,Counter({0: 2}),0.0032777008868635875
1495,922509748,1495,8.4765918,49.5054925,2,Counter({0: 2}),0.0028101075143120062
1496,922509769,1496,8.4767701,49.5061214,2,Counter({0: 2}),0.0009375158392264035
1497,922509770,1497,8.4766428,49.5056728,2,Counter({0: 2}),0.002342292323272497
1498,922509772,1498,8.4766826,49.505813,2,Counter({0: 2}),0.0018742553137450601
1499,922509775,1499,8.4767227,49.5059545,2,Counter({0: 2}),0.0014059964857296957
1500,922509812,1500,8.4764738,49.506277,1,Counter({0: 1}),0.0004688133742351837
1501,924001988,1501,8.4588709,49.4913203,3,Counter({0: 3}),0.008550883509415118
1502,924001997,1502,8.4576011,49.4918283,2,Counter({0: 2}),0.0027450264276025513
1503,930371282,1503,8.4754297,49.4906046,3,Counter({0: 3}),0.0011820114433816428
1504,930371630,1504,8.4782846,49.4901132,3,Counter({0: 3}),0.0016446096718239114
1505,940206741,1505,8.4778429,49.484502,2,Counter({0: 2}),0.0020121523055527508
1506,951387437,1506,8.4672893,49.4769977,1,Counter({0: 1}),0.0004688133742351837
1507,956123294,1507,8.5366563,49.4747451,2,Counter({0: 2}),0.046432546091149524
1508,958280172,1508,8.4786233,49.5143973,2,Counter({0: 2}),0.001843426032336128
1509,958280174,1509,8.4786009,49.5143519,2,Counter({0: 2}),0.00224165337740807
1510,958280181,1510,8.4785813,49.514305,3,Counter({0: 3}),0.028800872065808454
1511,958280214,1511,8.4830337,49.513466,2,Counter({0: 2}),0.0030023531270803165
1512,978747677,1512,8.5351621,49.4813036,2,Counter({0: 2}),0.0028101075143120062
1513,988747972,1513,8.4636393,49.4937402,2,Counter({0: 2}),0.0014351948067966632
1514,989001321,1514,8.4854822,49.4827616,3,Counter({0: 3}),0.1169158341823378
1515,989001340,1515,8.483636,49.4807698,4,Counter({0: 4}),0.10644807546255526
1516,989001347,1516,8.4713004,49.4812481,5,"Counter({1: 4, 0: 1})",0.007942274770559529
1517,989001350,1517,8.4829608,49.4800143,4,Counter({0: 4}),0.10816469121237138
1518,989001412,1518,8.4726093,49.4807769,3,"Counter({1: 2, 0: 1})",0.00048137327827205633
1519,989001431,1519,8.4838402,49.4809973,4,Counter({0: 4}),0.11229989244503757
1520,998129371,1520,8.4667239,49.4784244,2,Counter({0: 2}),0.0012326706459074865
1521,998763919,1521,8.5004969,49.5051312,2,Counter({0: 2}),0.0039013663257511945
1522,998763930,1522,8.499699,49.5046839,2,Counter({0: 2}),0.00712078394284522
1523,998763935,1523,8.4965932,49.5035528,2,Counter({0: 2}),0.007766813368165366
1524,998764010,1524,8.499439,49.5045713,2,Counter({0: 2}),0.0074337253234222755
1525,998764123,1525,8.4962316,49.5028267,3,Counter({0: 3}),0.021466842398629428
1526,998764180,1526,8.5008174,49.5049327,2,Counter({0: 2}),0.0027521044285707865
1527,998764286,1527,8.5004099,49.5051289,3,Counter({0: 3}),0.007814334058785547
1528,998764334,1528,8.499921,49.5056299,2,Counter({0: 2}),0.00462971979320238
1529,998764500,1529,8.5006658,49.5050558,2,Counter({0: 2}),0.0034962509030555602
1530,999909062,1530,8.5301202,49.5117648,2,Counter({0: 2}),0.011466443955600869
1531,1005442828,1531,8.5012476,49.4892955,2,Counter({0: 2}),0.15313173516440876
1532,1005444478,1532,8.5212878,49.4928542,3,Counter({0: 3}),0.04341699077098251
1533,1016459288,1533,8.5280931,49.5226376,2,Counter({0: 2}),0.006210614359734512
1534,1016459422,1534,8.5354059,49.5251143,2,Counter({0: 2}),0.0009375158392264035
1535,1016486529,1535,8.4635127,49.505643,2,Counter({0: 2}),0.07861458176791347
1536,1016498174,1536,8.5195988,49.5001249,2,Counter({0: 2}),0.08999094435977449
1537,1019984285,1537,8.4637385,49.4826036,1,Counter({0: 1}),0.0004688133742351837
1538,1019984288,1538,8.4646567,49.4822753,3,Counter({0: 3}),0.003526482619291086
1539,1019984321,1539,8.4577278,49.4876167,2,Counter({0: 2}),0.0037957979053250554
1540,1019984405,1540,8.4618454,49.4826035,3,Counter({0: 3}),0.0016770842136063738
1541,1025583283,1541,8.5322224,49.4843014,2,Counter({0: 2}),0.0018099818236269943
1542,1050670682,1542,8.509991,49.4460414,2,Counter({0: 2}),0.004679150093590765
1543,1057391097,1543,8.4759313,49.4637804,2,Counter({0: 2}),0.0005201224723780393
1544,1057391103,1544,8.476174,49.4634572,2,Counter({0: 2}),0.0005133962496123657
1545,1057459061,1545,8.5176899,49.5127913,3,Counter({0: 3}),0.023748789128576826
1546,1065988624,1546,8.4949609,49.51195,2,Counter({0: 2}),0.06548977882127346
1547,1066060966,1547,8.498124,49.5132628,2,Counter({0: 2}),0.06519357756048895
1548,1068393407,1548,8.5564061,49.515238,2,Counter({0: 2}),0.012119829452637372
1549,1068953392,1549,8.4591,49.4967677,3,Counter({0: 3}),0.05056466351550557
1550,1068953401,1550,8.4605236,49.5001771,3,Counter({0: 3}),0.11707038629234628
1551,1080163751,1551,8.5521246,49.5094725,2,Counter({0: 2}),0.0227163204394313
1552,1080163871,1552,8.5527933,49.5099765,2,Counter({0: 2}),0.02134082399579166
1553,1080729587,1553,8.5558795,49.5095046,2,Counter({0: 2}),0.016280257012209223
1554,1089254038,1554,8.5139614,49.5029045,2,Counter({0: 2}),0.00520151722677951
1555,1098478174,1555,8.5455156,49.4825987,2,Counter({0: 2}),0.0015529181012235444
1556,1098540586,1556,8.4914053,49.4777261,2,Counter({0: 2}),0.0009185774583196699
1557,1098540820,1557,8.4914882,49.477812,2,Counter({0: 2}),0.0008562989339838029
1558,1109568394,1558,8.4606241,49.4854012,2,Counter({0: 2}),0.0018513144074521052
1559,1109568409,1559,8.4615149,49.4851607,3,"Counter({1: 2, 0: 1})",0.0009159572086447571
1560,1109568414,1560,8.46143,49.4849646,4,"Counter({0: 2, 1: 2})",0.0037630021893412884
1561,1109568428,1561,8.4615292,49.4850626,4,"Counter({1: 2, 0: 2})",0.002473843022738669
1562,1109628968,1562,8.4882318,49.4762909,5,"Counter({1: 4, 2: 1})",0.006527963488801989
1563,1113317367,1563,8.5177481,49.489206,3,"Counter({1: 2, 0: 1})",0.08472956114838127
1564,1113317439,1564,8.5162268,49.4884726,2,Counter({0: 2}),0.1214292771414976
1565,1113317774,1565,8.5188676,49.4905049,2,Counter({1: 2}),0.0004688133742351837
1566,1113317867,1566,8.5177326,49.488462,2,Counter({0: 2}),0.12075131478766032
1567,1113318049,1567,8.5204869,49.4950776,2,Counter({0: 2}),0.09167728290014672
1568,1113318243,1568,8.5199588,49.494911,4,"Counter({1: 2, 0: 2})",0.10716460698661943
1569,1113318338,1569,8.5203522,49.4949849,2,Counter({0: 2}),0.10263377629990598
1570,1113318613,1570,8.5174796,49.4888874,3,Counter({0: 3}),0.08588568928214317
1571,1113318666,1571,8.5175991,49.4884551,2,Counter({0: 2}),0.1209590248347775
1572,1113527447,1572,8.4984257,49.4780104,3,Counter({0: 3}),0.021688512935671662
1573,1119233709,1573,8.5122502,49.5074991,2,Counter({0: 2}),0.02774735469132812
1574,1119233838,1574,8.5125113,49.5081728,2,Counter({0: 2}),0.036415407358735365
1575,1119233913,1575,8.5111289,49.5074528,3,Counter({0: 3}),0.02887657453430666
1576,1119234127,1576,8.5126879,49.5082681,3,Counter({0: 3}),0.039253881850114164
1577,1119280168,1577,8.5136725,49.5088029,2,Counter({0: 2}),0.0033000938766960474
1578,1119280171,1578,8.5141363,49.5082561,2,Counter({0: 2}),0.02607264281845992
1579,1120310798,1579,8.4633099,49.4842227,2,Counter({0: 2}),0.004787771302586643
1580,1120310802,1580,8.4647671,49.4822335,3,Counter({0: 3}),0.0019931090745648914
1581,1120374686,1581,8.489627,49.4621385,2,Counter({0: 2}),0.002045802611784589
1582,1126992274,1582,8.4650572,49.4818409,3,Counter({0: 3}),0.04416064880849364
1583,1126992310,1583,8.4648597,49.4821999,3,Counter({0: 3}),0.043747184216561534
1584,1126992382,1584,8.4650133,49.4818062,2,Counter({0: 2}),0.042750282777545376
1585,1126992385,1585,8.4656045,49.4818655,2,Counter({0: 2}),0.002405724484182999
1586,1126992392,1586,8.4650186,49.4819126,2,Counter({0: 2}),0.04319790302324076
1587,1157597513,1587,8.4602586,49.4999563,3,Counter({0: 3}),0.09198858038285544
1588,1157597517,1588,8.461152,49.49947,3,Counter({0: 3}),0.01620654438789737
1589,1157597546,1589,8.460167,49.4998512,3,Counter({0: 3}),0.10043433620756194
1590,1157597549,1590,8.4602129,49.4999038,2,Counter({0: 2}),0.08441054027434049
1591,1157600517,1591,8.461123,49.4996878,2,Counter({0: 2}),0.00870168584136576
1592,1158063654,1592,8.5180995,49.4887843,3,Counter({0: 3}),0.05023797760055636
1593,1158063658,1593,8.5189261,49.4886119,3,Counter({0: 3}),0.05233842637869964
1594,1159174886,1594,8.5061602,49.5071992,2,Counter({0: 2}),0.03796625316556934
1595,1159194869,1595,8.4911507,49.4997718,2,Counter({0: 2}),0.01708516984537695
1596,1159194870,1596,8.4934406,49.5009614,3,Counter({0: 3}),0.024043765840150663
1597,1159194871,1597,8.4910314,49.4997133,3,Counter({0: 3}),0.017330733488680732
1598,1159230514,1598,8.4911698,49.4900682,2,Counter({0: 2}),0.005462624610986098
1599,1159230526,1599,8.4910683,49.4901384,2,Counter({0: 2}),0.00510177928354836
1600,1159687865,1600,8.5014112,49.5043321,2,Counter({0: 2}),0.0020816717817714724
1601,1159782814,1601,8.4716177,49.5130371,2,Counter({0: 2}),0.08856762209843895
1602,1160106169,1602,8.4748467,49.4960097,3,Counter({0: 3}),0.012717762108384484
1603,1160106170,1603,8.4818638,49.4938395,2,Counter({0: 2}),0.0020411521736426906
1604,1160106172,1604,8.4821616,49.4937674,2,Counter({0: 2}),0.002425425028680134
1605,1160106174,1605,8.4830773,49.4932471,2,Counter({0: 2}),0.021815095971422935
1606,1160106178,1606,8.4755022,49.496742,3,Counter({0: 3}),0.00976090107749888
1607,1160106182,1607,8.4753121,49.4965624,4,Counter({0: 4}),0.010621051964755688
1608,1160106185,1608,8.4835305,49.4931383,2,Counter({0: 2}),0.022165464463094742
1609,1160106194,1609,8.4751734,49.4964371,2,Counter({0: 2}),0.010562137022374704
1610,1160106196,1610,8.4786573,49.4948405,2,Counter({0: 2}),0.0014191898568858567
1611,1160134615,1611,8.4704899,49.4935898,4,Counter({0: 4}),0.11178317079345039
1612,1160190416,1612,8.4745088,49.4960086,2,Counter({0: 2}),0.012542982382898695
1613,1160190419,1613,8.4735577,49.4953414,3,Counter({0: 3}),0.014648953410002243
1614,1160316658,1614,8.4735121,49.4952585,2,Counter({0: 2}),0.017179393585657586
1615,1161138302,1615,8.4823162,49.4925329,2,Counter({0: 2}),0.0073426559270384755
1616,1161197906,1616,8.4785953,49.4879073,3,"Counter({1: 2, 0: 1})",0.011337278232193103
1617,1161197938,1617,8.4802593,49.489459,4,Counter({0: 4}),0.017324293348022213
1618,1161197972,1618,8.4795711,49.4885299,3,Counter({0: 3}),0.012276985019557846
1619,1161197983,1619,8.4787984,49.48795,2,Counter({0: 2}),0.011579246827635429
1620,1162354136,1620,8.4817175,49.5318931,3,Counter({0: 3}),0.012936834203135227
1621,1164416884,1621,8.4848692,49.4943186,2,Counter({0: 2}),0.018894204811441034
1622,1164606266,1622,8.5180454,49.488766,3,Counter({0: 3}),0.0046331183033008014
1623,1164929210,1623,8.5318157,49.5065944,3,"Counter({1: 2, 0: 1})",0.011365754913315736
1624,1165054867,1624,8.473396,49.4953325,3,Counter({0: 3}),0.0019969930223397454
1625,1165054878,1625,8.4880812,49.529015,2,Counter({0: 2}),0.002758123557284903
1626,1165054879,1626,8.472928,49.4955056,2,Counter({0: 2}),0.0017694004703673336
1627,1165166679,1627,8.4817184,49.525912,2,Counter({0: 2}),0.009706096524784063
1628,1165166703,1628,8.501502,49.5236167,2,Counter({0: 2}),0.015507845576927347
1629,1165182004,1629,8.4732836,49.49538,2,Counter({0: 2}),0.0008317766709972031
1630,1165361104,1630,8.5445965,49.4827429,2,Counter({0: 2}),0.002012088000718226
1631,1165361127,1631,8.5442146,49.4828594,2,Counter({0: 2}),0.0029432450432907023
1632,1165361230,1632,8.5444936,49.4828021,2,Counter({0: 2}),0.0024776480371304695
1633,1165361290,1633,8.54352,49.4831455,2,Counter({0: 2}),0.0034088420494509356
1634,1166179028,1634,8.481585,49.5252537,3,"Counter({1: 2, 0: 1})",0.01053978687585396
1635,1166179029,1635,8.4817011,49.5252345,3,"Counter({1: 2, 0: 1})",0.0010279253519565078
1636,1167413598,1636,8.5059206,49.5067482,2,Counter({0: 2}),0.07245200663239032
1637,1167512173,1637,8.4556726,49.4870105,3,Counter({0: 3}),0.005552641610609788
1638,1167512180,1638,8.4558319,49.4853196,2,Counter({0: 2}),0.004033329928187405
1639,1168824302,1639,8.4605973,49.4954824,2,Counter({0: 2}),0.00201841426174592
1640,1168862788,1640,8.4719399,49.4929422,2,Counter({0: 2}),0.06364471696871522
1641,1168862791,1641,8.4720043,49.4930204,3,Counter({0: 3}),0.06617920788787233
1642,1169044745,1642,8.5510622,49.4928307,2,Counter({0: 2}),0.004879931323684464
1643,1169044906,1643,8.5518736,49.4927923,2,Counter({0: 2}),0.004289686396212353
1644,1169044930,1644,8.5501107,49.4888433,2,Counter({0: 2}),0.002342292323272497
1645,1169045009,1645,8.545935,49.4928623,2,Counter({0: 2}),0.003584646867111906
1646,1169045033,1646,8.5511692,49.4927738,3,Counter({0: 3}),0.010000848593758742
1647,1169752982,1647,8.5179672,49.4887006,2,Counter({0: 2}),0.004174986274719891
1648,1169752987,1648,8.517945,49.488532,2,Counter({0: 2}),0.04829344004395562
1649,1170486732,1649,8.4808039,49.5220116,2,Counter({0: 2}),0.0388391567500961
1650,1170486734,1650,8.4804017,49.5220069,3,Counter({0: 3}),0.03784315133664761
1651,1170486736,1651,8.4809512,49.5219887,3,Counter({0: 3}),0.07658125200463838
1652,1170486763,1652,8.4805013,49.5219937,2,Counter({0: 2}),0.03755681852592392
1653,1170520458,1653,8.4876578,49.5225932,2,Counter({0: 2}),0.004519013781693565
1654,1170520462,1654,8.4846546,49.5223915,2,Counter({0: 2}),0.017919038320660483
1655,1170520483,1655,8.4877246,49.5225614,3,Counter({0: 3}),0.01833654692712537
1656,1170520489,1656,8.4875878,49.5229681,2,Counter({0: 2}),0.002701791698169513
1657,1170520502,1657,8.4875105,49.5226717,2,Counter({0: 2}),0.0035963265083851273
1658,1171361616,1658,8.471637,49.4933338,3,Counter({0: 3}),0.2155962213738182
1659,1171593322,1659,8.4764667,49.516721,2,Counter({0: 2}),0.07406942850730346
1660,1171593323,1660,8.4768967,49.5167251,2,Counter({0: 2}),0.07381237415256844
1661,1171593326,1661,8.4762956,49.5167227,2,Counter({0: 2}),0.07432875650153974
1662,1171635512,1662,8.4712495,49.5112774,3,Counter({0: 3}),0.022971169950271063
1663,1171635527,1663,8.4712075,49.5111283,2,Counter({0: 2}),0.00334323646143533
1664,1171649905,1664,8.4724368,49.497488,3,Counter({0: 3}),0.00536663958814579
1665,1172925593,1665,8.4853267,49.4942536,2,Counter({0: 2}),0.12520052868335432
1666,1172925594,1666,8.4855068,49.4944487,2,Counter({0: 2}),0.10602848552377148
1667,1172925602,1667,8.4852839,49.4939538,2,Counter({0: 2}),0.1256173542556028
1668,1172925611,1668,8.4871542,49.4962406,2,Counter({0: 2}),0.09949592168514756
1669,1173649227,1669,8.497103,49.5026093,4,Counter({0: 4}),0.1184018823479791
1670,1173649234,1670,8.5107174,49.5074612,2,Counter({0: 2}),0.029002482333010216
1671,1173649266,1671,8.4972252,49.5026724,3,Counter({0: 3}),0.12209739176421541
1672,1173664189,1672,8.5062486,49.5070512,2,Counter({0: 2}),0.038314205039682345
1673,1176179538,1673,8.491649,49.4775655,2,Counter({0: 2}),0.0038332949353021596
1674,1176328665,1674,8.4711931,49.5110563,2,Counter({0: 2}),0.003454381079461365
1675,1176400818,1675,8.4601726,49.495541,3,"Counter({1: 2, 0: 1})",0.04990064432643182
1676,1176400828,1676,8.4604078,49.4952915,4,"Counter({1: 2, 2: 1, 0: 1})",0.004334876196465482
1677,1176400829,1677,8.4604593,49.4952286,3,"Counter({1: 2, 0: 1})",0.0017189559234618028
1678,1177957103,1678,8.4907862,49.4920215,2,Counter({0: 2}),0.00774216410954837
1679,1177957113,1679,8.4911997,49.4912411,2,Counter({0: 2}),0.008267527380622315
1680,1178080259,1680,8.4906246,49.493309,2,Counter({0: 2}),0.007587311357454197
1681,1178517192,1681,8.4812393,49.5313218,3,Counter({0: 3}),0.0011465901757666717
1682,1178553904,1682,8.4835385,49.5307586,2,Counter({0: 2}),0.004390927779397945
1683,1178604836,1683,8.5326903,49.4971123,2,Counter({0: 2}),0.05341618091543179
1684,1178604844,1684,8.5301267,49.4963129,3,Counter({0: 3}),0.07174102061035438
1685,1178604845,1685,8.5209897,49.4946357,3,Counter({0: 3}),0.07788355478517996
1686,1178604848,1686,8.5252832,49.4951862,2,Counter({0: 2}),0.0694497429983719
1687,1178604850,1687,8.5345511,49.4977855,2,Counter({0: 2}),0.052592291596646364
1688,1178604860,1688,8.5375091,49.4986857,2,Counter({0: 2}),0.04864620869834307
1689,1178604861,1689,8.5346547,49.4978221,2,Counter({0: 2}),0.05218176103011416
1690,1178604864,1690,8.520573,49.4948788,2,Counter({0: 2}),0.03681284889430438
1691,1178604869,1691,8.5208584,49.4946715,2,Counter({0: 2}),0.03621245655029271
1692,1178604870,1692,8.5242578,49.4950417,3,Counter({0: 3}),0.07359713977805636
1693,1178604876,1693,8.5228159,49.4949317,3,Counter({0: 3}),0.07688433728137808
1694,1178604890,1694,8.5372907,49.4986813,2,Counter({0: 2}),0.05008343106554831
1695,1178957366,1695,8.5058906,49.4776994,3,"Counter({1: 2, 0: 1})",0.0010345454157539265
1696,1178957374,1696,8.4937213,49.4793953,2,Counter({0: 2}),0.001841146401803408
1697,1178957380,1697,8.5059087,49.4778462,3,Counter({0: 3}),0.0007701703160418541
1698,1179410141,1698,8.482766,49.4922899,2,Counter({0: 2}),0.14788878969392802
1699,1179448780,1699,8.4912567,49.4900148,2,Counter({0: 2}),0.005832778051090777
1700,1180516874,1700,8.4794711,49.4928211,2,Counter({0: 2}),0.15784980468000662
1701,1180819595,1701,8.4714745,49.4959441,2,Counter({0: 2}),0.019987388682222846
1702,1180819615,1702,8.4714162,49.4960288,2,Counter({0: 2}),0.019703491614543
1703,1181466937,1703,8.4606797,49.4806812,2,Counter({0: 2}),0.0009375158392264035
1704,1181467081,1704,8.4609285,49.4806209,1,Counter({0: 1}),0.0004688133742351837
1705,1182459769,1705,8.4842052,49.4685525,3,"Counter({1: 2, 0: 1})",0.002352935129284668
1706,1182459783,1706,8.4842825,49.4685737,2,Counter({0: 2}),0.0019934991116125037
1707,1182679126,1707,8.4720645,49.4689509,2,Counter({0: 2}),0.001353255329946737
1708,1182679193,1708,8.4711738,49.4738893,4,"Counter({0: 2, 1: 2})",0.003558233062228131
1709,1182679203,1709,8.4755559,49.4650975,3,Counter({0: 3}),0.03135877453496901
1710,1182679264,1710,8.4720286,49.4694761,3,Counter({0: 3}),0.001629176606724218
1711,1182696212,1711,8.4749156,49.4647871,2,Counter({0: 2}),0.012054125938029094
1712,1182696219,1712,8.474844,49.4648971,4,Counter({0: 4}),0.02332118995686105
1713,1182696225,1713,8.4739619,49.4662484,2,Counter({0: 2}),0.017564278084255883
1714,1182861980,1714,8.4730479,49.472595,3,Counter({0: 3}),0.0015682883708421143
1715,1182861984,1715,8.4744273,49.4727288,2,Counter({0: 2}),0.0006745661101702554
1716,1183258696,1716,8.4714485,49.5001937,3,Counter({0: 3}),0.005694551193162596
1717,1183258778,1717,8.4718817,49.4989085,3,Counter({0: 3}),0.005849830906132366
1718,1183258937,1718,8.4707701,49.5085593,3,Counter({0: 3}),0.02443921133230391
1719,1183431552,1719,8.5498307,49.4898832,1,Counter({0: 1}),0.0004688133742351837
1720,1183612695,1720,8.4757142,49.4908142,4,Counter({0: 4}),0.001408166319287128
1721,1184106695,1721,8.4883663,49.494942,3,"Counter({1: 2, 0: 1})",0.0026483974248954676
1722,1184158170,1722,8.4697424,49.5053982,3,Counter({0: 3}),0.036782000758057744
1723,1184158175,1723,8.4697108,49.5056944,2,Counter({0: 2}),0.033987187332957774
1724,1184158183,1724,8.4707414,49.5084281,3,Counter({0: 3}),0.016652195110601547
1725,1184158185,1725,8.470159,49.5054094,3,Counter({0: 3}),0.007621523459565326
1726,1184158190,1726,8.4698301,49.5054006,2,Counter({0: 2}),0.0027603692387606757
1727,1184158192,1727,8.4701176,49.5056846,2,Counter({0: 2}),0.006810825680804044
1728,1184158200,1728,8.4708693,49.5087057,2,Counter({0: 2}),0.03325405087877526
1729,1184158204,1729,8.4704598,49.5084691,3,Counter({0: 3}),0.03358752402384662
1730,1184158222,1730,8.4708461,49.5084129,3,Counter({0: 3}),0.014564076086424118
1731,1184158229,1731,8.4705266,49.5084594,3,Counter({0: 3}),0.024974838692886216
1732,1184158231,1732,8.4700699,49.505407,2,Counter({0: 2}),0.002551484048401211
1733,1184171070,1733,8.4710834,49.5012261,3,Counter({0: 3}),0.011181330240281244
1734,1184202428,1734,8.4633849,49.5055417,2,Counter({0: 2}),0.001563484726115518
1735,1184202431,1735,8.4634388,49.5055848,3,Counter({0: 3}),0.07971978124630735
1736,1184202450,1736,8.4632708,49.5053197,2,Counter({0: 2}),0.0011686047513872018
1737,1184202452,1737,8.4632775,49.5054566,2,Counter({0: 2}),0.0011716823825422794
1738,1184448921,1738,8.4605842,49.4953569,2,Counter({0: 2}),0.0027894993909039142
1739,1184448936,1739,8.4646631,49.4992279,3,Counter({0: 3}),0.0028007505703688544
1740,1184512491,1740,8.4597024,49.4926215,2,Counter({0: 2}),0.0016052113075284934
1741,1184512493,1741,8.4589493,49.4914192,3,Counter({0: 3}),0.002099137925939546
1742,1184512506,1742,8.4587647,49.4916202,3,Counter({0: 3}),0.002530835347314474
1743,1184515451,1743,8.4594113,49.4922941,2,Counter({0: 2}),0.0011477439489508115
1744,1185818957,1744,8.4754843,49.4909476,3,Counter({0: 3}),0.0024540830699985483
1745,1185897282,1745,8.4560978,49.4870098,4,"Counter({1: 2, 0: 2})",0.0014108646579233221
1746,1185897285,1746,8.4560857,49.4869246,3,Counter({0: 3}),0.003905599268468232
1747,1185917081,1747,8.4568643,49.4896769,2,Counter({0: 2}),0.006594398905025078
1748,1185917092,1748,8.4566197,49.4893478,2,Counter({0: 2}),0.005834563830143065
1749,1185952620,1749,8.4574418,49.491643,3,Counter({0: 3}),0.010055729502698379
1750,1186505425,1750,8.4561891,49.4882176,3,Counter({0: 3}),0.005648111238024137
1751,1186749342,1751,8.4567724,49.4895577,2,Counter({0: 2}),0.006210800501032614
1752,1187978088,1752,8.4801286,49.494108,2,Counter({0: 2}),0.0016005035065035712
1753,1189479095,1753,8.4951394,49.4528267,1,Counter({0: 1}),0.0004688133742351837
1754,1189479108,1754,8.4950464,49.4528169,2,Counter({0: 2}),0.0009375158392264035
1755,1189537027,1755,8.4964343,49.4534288,2,Counter({0: 2}),0.0009375158392264035
1756,1190015553,1756,8.5033404,49.4446266,2,Counter({0: 2}),0.004467600278195264
1757,1190791314,1757,8.5107536,49.5184474,2,Counter({0: 2}),0.04086813846913679
1758,1190829450,1758,8.5219834,49.5154784,2,Counter({0: 2}),0.002736954534184883
1759,1190829457,1759,8.5218102,49.5152938,2,Counter({0: 2}),0.00271092231570016
1760,1192379412,1760,8.4614364,49.4997164,3,Counter({0: 3}),0.008511794555576815
1761,1192379414,1761,8.4612026,49.4995133,2,Counter({0: 2}),0.0012699524224817195
1762,1192379425,1762,8.4612313,49.4995391,2,Counter({0: 2}),0.0009161699600361502
1763,1192379427,1763,8.4613544,49.4995737,2,Counter({0: 2}),0.0006659889245042469
1764,1196611117,1764,8.4872681,49.4848829,3,Counter({0: 3}),0.1276354448283914
1765,1196619900,1765,8.5164241,49.4884883,2,Counter({0: 2}),0.12118784496993729
1766,1196619904,1766,8.5175537,49.4888541,2,Counter({0: 2}),0.008535521742171497
1767,1199377924,1767,8.4767743,49.485312,3,Counter({0: 3}),0.005171754209343488
1768,1199799682,1768,8.4762632,49.4847394,4,Counter({0: 4}),0.006731669169755436
1769,1199832277,1769,8.4757028,49.4856446,3,Counter({0: 3}),0.004205078565382961
1770,1199948946,1770,8.4762105,49.484677,2,Counter({0: 2}),0.001678658674278003
1771,1200013732,1771,8.4787052,49.4874474,4,"Counter({1: 2, 2: 1, 0: 1})",0.003889115491605433
1772,1200013736,1772,8.4786451,49.487612,2,Counter({0: 2}),0.0022244472758086832
1773,1201497460,1773,8.4773103,49.5051568,2,Counter({0: 2}),0.0037450724409272412
1774,1201885776,1774,8.4916357,49.4779746,2,Counter({0: 2}),0.0009928409800039964
1775,1204024604,1775,8.4575125,49.4918675,2,Counter({0: 2}),0.002279022754214448
1776,1204043058,1776,8.4568003,49.4915817,2,Counter({0: 2}),0.0009375158392264035
1777,1204052307,1777,8.4569324,49.4920139,3,Counter({0: 3}),0.0018678724293698364
1778,1204180625,1778,8.4761577,49.5083386,2,Counter({0: 2}),0.0005971171259217539
1779,1212003733,1779,8.4558693,49.4852064,2,Counter({0: 2}),0.0037533498479738604
1780,1213826673,1780,8.5230306,49.4705129,2,Counter({0: 2}),0.08303105155144412
1781,1213828088,1781,8.5223513,49.4681459,2,Counter({0: 2}),0.08094276984882132
1782,1217742433,1782,8.4761016,49.507931,2,Counter({0: 2}),0.0014059964857296957
1783,1217742447,1783,8.4760454,49.5077445,2,Counter({0: 2}),0.0009375158392264035
1784,1217742451,1784,8.4761445,49.5080844,2,Counter({0: 2}),0.0018742553137450601
1785,1227881048,1785,8.4727863,49.513181,2,Counter({0: 2}),0.029386860376514955
1786,1228967768,1786,8.5134698,49.5179498,2,Counter({0: 2}),0.005442349452870051
1787,1231698086,1787,8.4711753,49.4999828,3,Counter({0: 3}),0.0061017300154575385
1788,1232219943,1788,8.5000666,49.5246136,2,Counter({0: 2}),0.0016306668828035531
1789,1234372637,1789,8.539344,49.5123239,2,Counter({0: 2}),0.006041408073653597
1790,1234372646,1790,8.5377778,49.5117449,2,Counter({0: 2}),0.0063202431554157095
1791,1236949294,1791,8.5393329,49.5155336,2,Counter({1: 2}),0.0004688133742351837
1792,1243300228,1792,8.4574324,49.4832982,2,Counter({0: 2}),0.0032482254720795755
1793,1247437361,1793,8.4878646,49.4848703,2,Counter({0: 2}),0.0047535718965523895
1794,1260794485,1794,8.4621925,49.4792472,2,Counter({0: 2}),0.005628448672034818
1795,1260794583,1795,8.4620285,49.4794568,2,Counter({0: 2}),0.005499674962518514
1796,1260794762,1796,8.4637244,49.4783623,2,Counter({0: 2}),0.018461134679289514
1797,1260794932,1797,8.4625769,49.4786432,3,Counter({0: 3}),0.023153838443156938
1798,1260813319,1798,8.4666265,49.4784376,2,Counter({0: 2}),0.0016481104342341158
1799,1262068009,1799,8.4603616,49.481495,2,Counter({0: 2}),0.006743538125661557
1800,1263374418,1800,8.4717129,49.4715159,3,Counter({0: 3}),0.0007846767926534499
1801,1270706639,1801,8.504125,49.489485,2,Counter({0: 2}),0.07970627015759278
1802,1270706642,1802,8.5069973,49.4893518,2,Counter({0: 2}),0.07948437773016913
1803,1279191372,1803,8.5635269,49.4670502,3,Counter({0: 3}),0.008502108551091618
1804,1280728002,1804,8.5215658,49.5146306,2,Counter({0: 2}),0.021728816789939348
1805,1283057020,1805,8.4636327,49.4940792,2,Counter({0: 2}),0.002391419425767369
1806,1283078703,1806,8.4603748,49.4932326,2,Counter({0: 2}),0.0012812804819738036
1807,1283078738,1807,8.4604236,49.4933849,2,Counter({0: 2}),0.0014913469185672725
1808,1283078863,1808,8.4584995,49.4917141,2,Counter({0: 2}),0.009134383690571669
1809,1293894328,1809,8.4692944,49.4806455,3,Counter({0: 3}),0.001659532579786608
1810,1293894331,1810,8.4690496,49.4806835,3,Counter({0: 3}),0.004239227599759736
1811,1293894391,1811,8.4690572,49.4806612,3,"Counter({1: 2, 0: 1})",0.0012065933451641385
1812,1293894393,1812,8.4692636,49.4805814,3,"Counter({1: 2, 0: 1})",0.0011641311343176107
1813,1293894414,1813,8.468942,49.4807143,2,Counter({0: 2}),0.0028031861610047313
1814,1293894445,1814,8.4691352,49.4807033,3,Counter({0: 3}),0.005903421392752017
1815,1295300838,1815,8.466219,49.4914695,2,Counter({0: 2}),0.012966877057674533
1816,1298546209,1816,8.4720065,49.4820154,3,Counter({0: 3}),0.03803251674522231
1817,1298546228,1817,8.4730056,49.4830276,3,Counter({0: 3}),0.033691827019790586
1818,1299570197,1818,8.4556504,49.4857595,2,Counter({0: 2}),0.004343943642665033
1819,1299570207,1819,8.455566,49.4861925,2,Counter({0: 2}),0.004661637712053254
1820,1299583297,1820,8.4575977,49.4967995,3,"Counter({1: 2, 0: 1})",0.0018606720971525157
1821,1300500655,1821,8.4613119,49.4961754,2,Counter({0: 2}),0.002485063056015645
1822,1300500666,1822,8.4578081,49.4968458,1,Counter({0: 1}),0.0004688133742351837
1823,1303475310,1823,8.5554525,49.4629449,3,"Counter({1: 2, 0: 1})",0.006772408345013896
1824,1303815880,1824,8.5453004,49.4736377,2,Counter({0: 2}),0.040165861676891554
1825,1303896799,1825,8.5394805,49.5155869,3,"Counter({1: 2, 0: 1})",0.007281304808208026
1826,1303998738,1826,8.5397742,49.5118311,2,Counter({0: 2}),0.0032777008868635875
1827,1304042510,1827,8.5456146,49.5142187,3,Counter({0: 3}),0.007837589299301962
1828,1304042512,1828,8.5457469,49.514218,2,Counter({0: 2}),0.007399901834848926
1829,1305025964,1829,8.4721401,49.49295,3,Counter({0: 3}),0.009703603238762683
1830,1305026168,1830,8.5631354,49.467391,3,Counter({0: 3}),0.010267201441465262
1831,1305026703,1831,8.5110879,49.4633067,2,Counter({0: 2}),0.0013176034651196905
1832,1305330149,1832,8.5481505,49.5118737,2,Counter({0: 2}),0.0040277555478862095
1833,1305906542,1833,8.5537845,49.476383,2,Counter({0: 2}),0.0009375158392264035
1834,1306688318,1834,8.5415797,49.516252,2,Counter({0: 2}),0.0061428583886671065
1835,1306716106,1835,8.5348035,49.4978334,2,Counter({0: 2}),0.05177646722838447
1836,1307013823,1836,8.5457996,49.5134156,2,Counter({0: 2}),0.0050432985732151445
1837,1307913770,1837,8.5399372,49.5113791,2,Counter({0: 2}),0.002342292323272497
1838,1311514002,1838,8.4855504,49.4892483,2,Counter({0: 2}),0.14542742123466162
1839,1311535246,1839,8.5457456,49.5146213,2,Counter({0: 2}),0.00777392225457841
1840,1311630643,1840,8.5252035,49.5210047,2,Counter({0: 2}),0.001995191430875219
1841,1314499402,1841,8.5355888,49.5138473,2,Counter({0: 2}),0.00975005870820136
1842,1316106922,1842,8.4760337,49.4864432,3,"Counter({1: 2, 0: 1})",0.0025911053626286643
1843,1316107047,1843,8.4757684,49.4866175,3,Counter({0: 3}),0.009500735449735993
1844,1316107166,1844,8.4758547,49.4870433,3,Counter({0: 3}),0.011028666023704484
1845,1316287536,1845,8.5439641,49.5163903,3,Counter({0: 3}),0.00890500536985782
1846,1317464223,1846,8.5251354,49.4757456,2,Counter({0: 2}),0.05552745254500666
1847,1317464413,1847,8.5040328,49.4733622,1,Counter({0: 1}),0.0004688133742351837
1848,1319319380,1848,8.5259188,49.5101871,3,Counter({0: 3}),0.02563675803411475
1849,1319643304,1849,8.5629831,49.4673973,1,Counter({0: 1}),0.0004688133742351837
1850,1324554828,1850,8.5359837,49.5045943,3,Counter({0: 3}),0.023733401523348248
1851,1325569611,1851,8.5460315,49.5133589,2,Counter({0: 2}),0.004671133362657478
1852,1325816316,1852,8.5468978,49.5132439,2,Counter({0: 2}),0.004011741110988515
1853,1325847138,1853,8.5463941,49.5151246,1,Counter({0: 1}),0.0004688133742351837
1854,1326665537,1854,8.5246413,49.5182445,2,Counter({0: 2}),0.003941010138228866
1855,1326673371,1855,8.5256693,49.5154634,3,"Counter({1: 2, 0: 1})",0.010692803560222008
1856,1327106107,1856,8.5376232,49.5146474,2,Counter({0: 2}),0.008906446028864336
1857,1327107910,1857,8.540438,49.5159291,2,Counter({0: 2}),0.006900183676200247
1858,1328904750,1858,8.5323667,49.5062687,3,"Counter({1: 2, 0: 1})",0.00060939084095936
1859,1329004279,1859,8.5395178,49.5106364,1,Counter({0: 1}),0.0004688133742351837
1860,1329633503,1860,8.5641645,49.4663519,3,"Counter({1: 2, 0: 1})",0.014412146070580447
1861,1329633505,1861,8.5636799,49.4667023,3,Counter({0: 3}),0.00729602043214495
1862,1331960358,1862,8.529077,49.5115998,2,Counter({0: 2}),0.011900515009164378
1863,1336851235,1863,8.5395319,49.5152574,2,Counter({0: 2}),0.008489076058954385
1864,1337473777,1864,8.4879051,49.4759183,2,Counter({0: 2}),0.004024082381242157
1865,1337473781,1865,8.4839934,49.4740524,3,Counter({0: 3}),0.008840495634928695
1866,1342607615,1866,8.5464185,49.513221,2,Counter({0: 2}),0.004115135960198079
1867,1343790427,1867,8.5208338,49.4950709,2,Counter({1: 2}),0.0004688133742351837
1868,1347641680,1868,8.53902,49.5098973,1,Counter({0: 1}),0.0004688133742351837
1869,1348295977,1869,8.5070563,49.5178201,2,Counter({0: 2}),0.017539288175655948
1870,1348295980,1870,8.5071786,49.5177538,2,Counter({0: 2}),0.018360977794436076
1871,1348295983,1871,8.5077173,49.5178603,2,Counter({0: 2}),0.04859546125640668
1872,1348295985,1872,8.5077083,49.5180672,2,Counter({0: 2}),0.04835215119769508
1873,1348295989,1873,8.5069933,49.517962,2,Counter({0: 2}),0.017130347308287233
1874,1348296000,1874,8.5075619,49.5177355,3,Counter({0: 3}),0.0512257825096265
1875,1348296003,1875,8.5076072,49.5177719,2,Counter({0: 2}),0.04911543310383793
1876,1348296005,1876,8.5072473,49.5177169,3,Counter({0: 3}),0.06149337962086585
1877,1348697593,1877,8.4856113,49.5300193,2,Counter({0: 2}),0.002963053951510759
1878,1349531223,1878,8.4851893,49.5301568,3,Counter({0: 3}),0.0041983412788515395
1879,1349538130,1879,8.4853208,49.5301163,2,Counter({0: 2}),0.0032025141600805274
1880,1355469559,1880,8.5319933,49.4809143,2,Counter({0: 2}),0.001437088478725772
1881,1355493569,1881,8.5392189,49.4846331,2,Counter({0: 2}),0.004715039133007124
1882,1355500422,1882,8.5409928,49.4839624,2,Counter({0: 2}),0.004068880997079594
1883,1355500430,1883,8.5395538,49.484293,3,Counter({0: 3}),0.00669368734011319
1884,1355500432,1884,8.539749,49.4845253,2,Counter({0: 2}),0.004534478003239827
1885,1355500433,1885,8.5395041,49.4843884,2,Counter({0: 2}),0.0026146513606509353
1886,1355500435,1886,8.5393853,49.4847513,2,Counter({0: 2}),0.018418702194597392
1887,1355500437,1887,8.5435729,49.4832636,2,Counter({0: 2}),0.0026720899785989
1888,1355500441,1888,8.5412528,49.4851292,2,Counter({0: 2}),0.017597243636741967
1889,1355500445,1889,8.5393153,49.4844805,2,Counter({0: 2}),0.018892617048769277
1890,1355500447,1890,8.5394553,49.4846144,3,Counter({0: 3}),0.020844584292954542
1891,1355500448,1891,8.5396462,49.4845191,3,Counter({0: 3}),0.005610859976308108
1892,1355500452,1892,8.5420015,49.4836849,2,Counter({0: 2}),0.003603283990919363
1893,1355500460,1893,8.5430035,49.4834284,2,Counter({0: 2}),0.0031376869847591312
1894,1355505742,1894,8.541465,49.4836892,2,Counter({0: 2}),0.0052712300740918655
1895,1355505746,1895,8.5409083,49.4838352,2,Counter({0: 2}),0.005736827080252098
1896,1355508224,1896,8.5390573,49.4839399,3,Counter({0: 3}),0.003101991611429092
1897,1355511953,1897,8.5419169,49.485606,3,Counter({0: 3}),0.01723973721933742
1898,1355608688,1898,8.5420664,49.4872986,2,Counter({0: 2}),0.01536522106763935
1899,1355614969,1899,8.5422912,49.486373,2,Counter({0: 2}),0.0005382817406990229
1900,1355644335,1900,8.5193539,49.5160908,3,Counter({0: 3}),0.04042676935016957
1901,1355644348,1901,8.5195313,49.5162834,3,Counter({0: 3}),0.009417934134170986
1902,1355644349,1902,8.5194361,49.51618,3,Counter({0: 3}),0.01628704623945673
1903,1355645984,1903,8.513742,49.5176714,3,Counter({0: 3}),0.04606247691689463
1904,1356117844,1904,8.5216058,49.514961,2,Counter({0: 2}),0.021474552092612627
1905,1356152878,1905,8.5256742,49.5120833,2,Counter({0: 2}),0.022567431166119402
1906,1356152879,1906,8.5253982,49.5123436,2,Counter({0: 2}),0.02227852085977526
1907,1356170092,1907,8.5258542,49.5101839,2,Counter({0: 2}),0.022340822834708608
1908,1356406216,1908,8.539306,49.484312,3,Counter({0: 3}),0.022200559350362175
1909,1356421081,1909,8.5395215,49.4843536,3,Counter({0: 3}),0.003215556240076751
1910,1356425185,1910,8.5394347,49.484646,3,Counter({0: 3}),0.020766756536937384
1911,1356427778,1911,8.5396849,49.4845211,2,Counter({0: 2}),0.005000075009400058
1912,1357394133,1912,8.5301304,49.511857,2,Counter({0: 2}),0.01103460957179063
1913,1358922354,1913,8.517162,49.50846,2,Counter({0: 2}),0.06059010721726698
1914,1359858731,1914,8.5370964,49.4986042,2,Counter({0: 2}),0.05140212046660689
1915,1359858733,1915,8.5373487,49.4986966,2,Counter({1: 2}),0.0004688133742351837
1916,1359858748,1916,8.5372068,49.4986593,2,Counter({0: 2}),0.05039630340207406
1917,1359858758,1917,8.5374112,49.4986918,2,Counter({0: 2}),0.04891811027991641
1918,1359889602,1918,8.5344693,49.497727,2,Counter({0: 2}),0.05300382034637421
1919,1360642654,1919,8.5537838,49.5191386,2,Counter({0: 2}),0.008406587964727754
1920,1360804977,1920,8.5306418,49.5123965,2,Counter({0: 2}),0.01060424473546291
1921,1360957710,1921,8.5281796,49.5075964,3,Counter({0: 3}),0.047303383774078875
1922,1360966369,1922,8.5282764,49.507587,2,Counter({0: 2}),0.040009484666522516
1923,1362190536,1923,8.527333,49.5071511,2,Counter({0: 2}),0.022225231343386054
1924,1362193053,1924,8.5272965,49.5071056,2,Counter({0: 2}),0.02247542411289451
1925,1362784571,1925,8.5204453,49.4950173,3,Counter({0: 3}),0.11555626156421349
1926,1362784574,1926,8.5205404,49.4951537,3,"Counter({1: 2, 0: 1})",0.09138816230635516
1927,1363047255,1927,8.5125495,49.488844,2,Counter({0: 2}),0.06450402534097488
1928,1363047257,1928,8.5125386,49.4887455,4,Counter({0: 4}),0.14634667378866897
1929,1363047715,1929,8.5125075,49.4881089,2,Counter({0: 2}),0.0780119604228534
1930,1364109921,1930,8.523297,49.4391599,2,Counter({0: 2}),0.010171447898006095
1931,1364262270,1931,8.4613148,49.4846912,2,Counter({0: 2}),0.00721617546460909
1932,1364686022,1932,8.5137616,49.5178971,2,Counter({0: 2}),0.007182057065787701
1933,1364699816,1933,8.5132078,49.5193814,2,Counter({0: 2}),0.004606759208846378
1934,1364699824,1934,8.5137878,49.518251,2,Counter({0: 2}),0.018545203039992766
1935,1364707622,1935,8.5133962,49.5194065,2,Counter({0: 2}),0.018128424586050615
1936,1364836180,1936,8.508692,49.5188261,2,Counter({0: 2}),0.0481216751869975
1937,1364836181,1937,8.5091796,49.51912,3,Counter({0: 3}),0.05792688569530431
1938,1364947551,1938,8.509095,49.5191561,2,Counter({0: 2}),0.02687445714290482
1939,1366143331,1939,8.5565079,49.5116291,2,Counter({0: 2}),0.013971126552881916
1940,1366143333,1940,8.5565499,49.5114091,2,Counter({0: 2}),0.015818874557319618
1941,1366143339,1941,8.5565408,49.5116155,2,Counter({0: 2}),0.014433396281723233
1942,1366143347,1942,8.5564606,49.5116488,2,Counter({0: 2}),0.013508635005552671
1943,1366149702,1943,8.5565471,49.5114643,2,Counter({0: 2}),0.015357270283942083
1944,1366340097,1944,8.5224357,49.5164023,4,"Counter({1: 2, 0: 2})",0.011871172446113768
1945,1367372481,1945,8.5108296,49.518414,2,Counter({0: 2}),0.040623537374011504
1946,1367376741,1946,8.5101893,49.5170471,2,Counter({0: 2}),0.003245328805933456
1947,1367383355,1947,8.5111598,49.5183074,3,Counter({0: 3}),0.04244232507711911
1948,1367384293,1948,8.5105831,49.5176083,2,Counter({0: 2}),0.003853071906972427
1949,1367388509,1949,8.5098171,49.5168753,2,Counter({0: 2}),0.0009716660277678057
1950,1367388510,1950,8.5090144,49.5151501,2,Counter({0: 2}),0.0012147753935617617
1951,1367388513,1951,8.5090547,49.5152432,2,Counter({0: 2}),0.0009301009401049536
1952,1367388515,1952,8.5098171,49.5168984,2,Counter({0: 2}),0.0013475115767376936
1953,1367511439,1953,8.5093164,49.5151977,2,Counter({0: 2}),0.004464267290650142
1954,1367511684,1954,8.508481,49.5140378,3,Counter({0: 3}),0.006266207327275113
1955,1367514056,1955,8.5043408,49.5146065,2,Counter({0: 2}),0.007003158762738509
1956,1367514063,1956,8.5050248,49.516463,2,Counter({0: 2}),0.05414455056110871
1957,1367515567,1957,8.5012504,49.5149444,2,Counter({0: 2}),0.05441609151159281
1958,1367515585,1958,8.5013398,49.5148304,3,Counter({0: 3}),0.06054567942378201
1959,1367517137,1959,8.5085416,49.5139744,3,Counter({0: 3}),0.005251111704220927
1960,1367517138,1960,8.5088804,49.5139109,4,Counter({0: 4}),0.008755975377507394
1961,1367517220,1961,8.5097651,49.5163853,2,Counter({0: 2}),0.003869182421813979
1962,1367517224,1962,8.5100208,49.5168247,2,Counter({0: 2}),0.003610975139080999
1963,1367517225,1963,8.5089801,49.5141847,2,Counter({0: 2}),0.005400145370040683
1964,1367517226,1964,8.5094155,49.5154227,2,Counter({0: 2}),0.004161699479167171
1965,1367517588,1965,8.510133,49.5169524,2,Counter({0: 2}),0.0033987299673947833
1966,1368741084,1966,8.4817119,49.487162,2,Counter({0: 2}),0.12564243353175253
1967,1369416956,1967,8.5110333,49.5183475,2,Counter({0: 2}),0.040153980907841766
1968,1369442224,1968,8.5087989,49.5137195,3,Counter({0: 3}),0.009960547690039333
1969,1369442967,1969,8.5084984,49.5138759,2,Counter({0: 2}),0.0010026676261055672
1970,1369444678,1970,8.508703,49.5139441,2,Counter({0: 2}),0.004669609960911586
1971,1369445945,1971,8.5084635,49.5137963,3,Counter({0: 3}),0.0022101450434578464
1972,1369445946,1972,8.5086208,49.5137515,2,Counter({0: 2}),0.00164309328573349
1973,1369460393,1973,8.5055844,49.506637,2,Counter({0: 2}),0.07321480344262568
1974,1369462993,1974,8.5056612,49.5066622,2,Counter({0: 2}),0.07294584852601337
1975,1369463005,1975,8.5055372,49.5065859,2,Counter({0: 2}),0.07351054294165528
1976,1369478814,1976,8.5123171,49.5080657,2,Counter({0: 2}),0.03660095852388692
1977,1369481736,1977,8.5062213,49.5068696,3,Counter({0: 3}),0.07276886408035053
1978,1369481737,1978,8.5060499,49.5067891,3,Counter({0: 3}),0.0743728487455892
1979,1369481738,1979,8.5057917,49.5067068,2,Counter({0: 2}),0.07268950029346491
1980,1369512482,1980,8.5064723,49.5060314,2,Counter({0: 2}),0.0037330015808700358
1981,1369512705,1981,8.5074278,49.5052484,2,Counter({0: 2}),0.0025616793615701656
1982,1369512706,1982,8.5073405,49.5053234,2,Counter({0: 2}),0.002608692279277931
1983,1369513668,1983,8.5072185,49.5051473,2,Counter({0: 2}),0.0027608923661827495
1984,1369521501,1984,8.5103204,49.5074669,3,Counter({0: 3}),0.03398850220689588
1985,1369521502,1985,8.5089277,49.5073056,2,Counter({0: 2}),0.03417800702252508
1986,1369521503,1986,8.508029,49.5071903,2,Counter({0: 2}),0.03446428226606977
1987,1369525583,1987,8.5070938,49.5054839,2,Counter({0: 2}),0.0030211377219534017
1988,1371911422,1988,8.4881125,49.5292469,2,Counter({0: 2}),0.011171410854475053
1989,1371911423,1989,8.4856278,49.5302786,3,Counter({0: 3}),0.011405710851379716
1990,1372831385,1990,8.4711499,49.5251724,2,Counter({0: 2}),0.0009375158392264035
1991,1375039776,1991,8.5085556,49.4980033,3,"Counter({1: 2, 0: 1})",0.0032732212760274567
1992,1375039782,1992,8.5086981,49.4977217,2,Counter({0: 2}),0.02519978943776133
1993,1375039791,1993,8.5086582,49.4978004,4,Counter({0: 4}),0.036887363030877945
1994,1375043296,1994,8.5085342,49.4979229,4,"Counter({1: 2, 0: 2})",0.004054816444041294
1995,1375043298,1995,8.5086342,49.4979608,3,"Counter({1: 2, 0: 1})",0.0007594073796051073
1996,1375294845,1996,8.5429594,49.5000771,2,Counter({0: 2}),0.041152840225965964
1997,1375306579,1997,8.541637,49.4990367,3,"Counter({1: 2, 0: 1})",0.041533955444486875
1998,1375306584,1998,8.5411675,49.4987613,3,Counter({0: 3}),0.04789225223508381
1999,1375313546,1999,8.5420328,49.4983571,2,Counter({0: 2}),0.012931498363563118
2000,1376258079,2000,8.5091886,49.5148811,2,Counter({0: 2}),0.005084375661551213
2001,1376263506,2001,8.5092788,49.5151085,2,Counter({0: 2}),0.004771936927355454
2002,1376265131,2002,8.5085195,49.5139975,2,Counter({0: 2}),0.00505160322687903
2003,1376273758,2003,8.508998,49.5151128,2,Counter({0: 2}),0.001559854718256078
2004,1376287718,2004,8.5092315,49.5138088,2,Counter({0: 2}),0.001311052296974122
2005,1376291074,2005,8.508814,49.5137549,3,Counter({0: 3}),0.009261398846088672
2006,1376295894,2006,8.5084928,49.5137749,2,Counter({0: 2}),0.0014971307429217692
2007,1376307364,2007,8.5085398,49.5131819,2,Counter({0: 2}),0.010214531722484875
2008,1376307380,2008,8.5074176,49.5106149,2,Counter({0: 2}),0.010718415652573421
2009,1376307382,2009,8.5081025,49.5122516,2,Counter({0: 2}),0.01046055299178546
2010,1376358172,2010,8.4938903,49.5117908,2,Counter({0: 2}),0.025055722690437366
2011,1376358173,2011,8.4939298,49.5117057,2,Counter({0: 2}),0.025029201483722667
2012,1376359083,2012,8.4941501,49.5115723,2,Counter({0: 2}),0.02535490013425441
2013,1376369666,2013,8.5268899,49.5140489,3,"Counter({1: 2, 0: 1})",0.006670175816897595
2014,1376499901,2014,8.4871724,49.5039478,3,"Counter({1: 2, 0: 1})",0.022099765921175952
2015,1376501428,2015,8.4870594,49.5041778,3,"Counter({1: 2, 2: 1})",0.0006592676522136025
2016,1376501434,2016,8.4871666,49.5042414,3,"Counter({1: 2, 2: 1})",0.0004915185210084017
2017,1376519354,2017,8.4906439,49.4995097,3,Counter({0: 3}),0.01606714262515501
2018,1376519356,2018,8.4906959,49.4994677,2,Counter({0: 2}),0.000547470752576261
2019,1376523257,2019,8.4910369,49.5004843,2,Counter({0: 2}),0.00733907823898386
2020,1376523259,2020,8.4923544,49.5011871,3,Counter({0: 3}),0.01106766540208269
2021,1376583854,2021,8.4882672,49.4981561,2,Counter({0: 2}),0.05016946421400075
2022,1376589067,2022,8.4884998,49.4983562,5,"Counter({0: 3, 1: 2})",0.03977792564271261
2023,1377397654,2023,8.4759854,49.4908226,3,"Counter({1: 2, 0: 1})",0.0009698718329042434
2024,1377397655,2024,8.4759349,49.4908362,3,"Counter({1: 2, 0: 1})",0.0012997643167645563
2025,1377397659,2025,8.4755007,49.4908688,3,Counter({0: 3}),0.0009382040330011656
2026,1377397662,2026,8.4757335,49.4908811,3,Counter({0: 3}),0.001766113459269584
2027,1377405565,2027,8.4749983,49.491203,2,Counter({0: 2}),0.004986365877762141
2028,1378555184,2028,8.4716925,49.492619,3,"Counter({1: 2, 0: 1})",0.0007764175363226793
2029,1381917319,2029,8.4716551,49.4924053,4,"Counter({1: 2, 0: 1, 2: 1})",0.06293488382155633
2030,1381917335,2030,8.471793,49.4926082,4,"Counter({1: 2, 2: 1, 0: 1})",0.0631273219802244
2031,1381920623,2031,8.4719242,49.4925987,3,"Counter({1: 2, 0: 1})",0.0014218771813438746
2032,1384898563,2032,8.4831441,49.5136958,3,Counter({0: 3}),0.025467437067986497
2033,1384962752,2033,8.5226817,49.4697215,2,Counter({0: 2}),0.0820979827881531
2034,1384962766,2034,8.5227871,49.4700332,2,Counter({0: 2}),0.08239968856834953
2035,1397341641,2035,8.4905429,49.493391,2,Counter({0: 2}),0.0076379346678050715
2036,1400031353,2036,8.5020296,49.5046597,2,Counter({0: 2}),0.016845197033158604
2037,1400934936,2037,8.4911099,49.4913468,2,Counter({0: 2}),0.007969548353856498
2038,1406977609,2038,8.5246051,49.5146964,2,Counter({0: 2}),0.005687229966925843
2039,1409626830,2039,8.4658783,49.4856548,1,Counter({0: 1}),0.0004688133742351837
2040,1410606693,2040,8.4713115,49.4795014,3,Counter({0: 3}),0.0013022542747913876
2041,1410606894,2041,8.4691317,49.4802703,1,Counter({0: 1}),0.0004688133742351837
2042,1411864986,2042,8.5538427,49.4679897,2,Counter({0: 2}),0.03238350356888655
2043,1411864988,2043,8.5537629,49.4681851,2,Counter({0: 2}),0.03267926373125788
2044,1415448628,2044,8.5637645,49.4666527,3,Counter({0: 3}),0.011281599568607404
2045,1417743405,2045,8.5321624,49.5063322,4,"Counter({1: 2, 0: 1, 2: 1})",0.014326999969303002
2046,1417764884,2046,8.5356539,49.5047783,3,Counter({0: 3}),0.012385826989829258
2047,1422697306,2047,8.5494528,49.511106,2,Counter({0: 2}),0.004105083985570835
2048,1422722324,2048,8.5445547,49.4830438,2,Counter({0: 2}),0.0017408959662784363
2049,1422722337,2049,8.5455837,49.4826957,3,Counter({0: 3}),0.0010093200095555256
2050,1422722338,2050,8.5446756,49.4830039,2,Counter({0: 2}),0.0012752989601182037
2051,1422743236,2051,8.544973,49.482871,2,Counter({0: 2}),0.0008108757434565885
2052,1422759480,2052,8.5406425,49.4849962,2,Counter({0: 2}),0.01800748768772736
2053,1422781952,2053,8.5371729,49.4837679,3,Counter({0: 3}),0.002788084865849268
2054,1422781953,2054,8.5368505,49.4835492,2,Counter({0: 2}),0.0022597104965324526
2055,1422784928,2055,8.5356132,49.4817275,3,Counter({0: 3}),0.008389878071221848
2056,1422784929,2056,8.5362092,49.4826011,2,Counter({0: 2}),0.002751480489494698
2057,1422789411,2057,8.5371283,49.483822,4,Counter({0: 4}),0.034077866198249554
2058,1422791207,2058,8.5370729,49.4838902,3,Counter({0: 3}),0.0008194806763378771
2059,1422799779,2059,8.5368966,49.4837768,4,"Counter({1: 2, 0: 1, 2: 1})",0.03457458618675352
2060,1422824395,2060,8.5366965,49.4838084,1,Counter({0: 1}),0.0004688133742351837
2061,1426235539,2061,8.4849507,49.5238824,2,Counter({0: 2}),0.0029587092648369674
2062,1429166042,2062,8.4986893,49.4665743,2,Counter({0: 2}),0.025218689702734665
2063,1429172042,2063,8.5004822,49.474205,2,Counter({1: 2}),2.2181848792769515e-07
2064,1429433461,2064,8.5097409,49.446234,2,Counter({0: 2}),0.0028101075143120062
2065,1429814393,2065,8.5097433,49.4461843,2,Counter({0: 2}),0.0032777008868635875
2066,1429814540,2066,8.5098804,49.4460937,2,Counter({0: 2}),0.0042122221765029675
2067,1429821829,2067,8.5027743,49.4494691,2,Counter({0: 2}),0.0009372940207384759
2068,1429821838,2068,8.5019121,49.4498918,2,Counter({0: 2}),0.00046892428347914756
2069,1429902337,2069,8.5113409,49.44696,2,Counter({0: 2}),0.005145856192190636
2070,1429902356,2070,8.5146701,49.4495758,3,Counter({0: 3}),0.030436707026051668
2071,1429902364,2071,8.5145206,49.4477624,2,Counter({0: 2}),0.02709196704898722
2072,1429902398,2072,8.513164,49.4472104,3,Counter({0: 3}),0.02637482787751698
2073,1429902407,2073,8.5139949,49.4474336,2,Counter({0: 2}),0.026651879168938672
2074,1430420160,2074,8.5317944,49.4841623,2,Counter({0: 2}),0.0370665651383745
2075,1431243495,2075,8.536338,49.5120626,2,Counter({0: 2}),0.006663398204727256
2076,1433733575,2076,8.5592863,49.4658157,2,Counter({0: 2}),0.00592562211675246
2077,1433733629,2077,8.5540822,49.4631596,2,Counter({0: 2}),0.0015973422488756016
2078,1433733650,2078,8.5606208,49.4663209,2,Counter({0: 2}),0.005465722148757172
2079,1433867717,2079,8.473863,49.4815488,4,Counter({0: 4}),0.0019482389238681533
2080,1434504014,2080,8.5110856,49.4928025,2,Counter({0: 2}),0.025593291454530636
2081,1434504429,2081,8.5093562,49.4963729,2,Counter({0: 2}),0.025306690925216334
2082,1435312901,2082,8.5154606,49.4429936,2,Counter({0: 2}),0.00656248554614253
2083,1435313996,2083,8.5222699,49.4677749,2,Counter({0: 2}),0.08066741317956568
2084,1435313999,2084,8.5229537,49.4703792,2,Counter({0: 2}),0.08271034117242518
2085,1435317907,2085,8.5239383,49.4766285,3,"Counter({1: 2, 0: 1})",0.147114335702254
2086,1435446290,2086,8.546167,49.4926222,2,Counter({0: 2}),0.008866680982431402
2087,1435457617,2087,8.4651852,49.4927627,2,Counter({0: 2}),0.0012496237275424764
2088,1436203576,2088,8.4839186,49.4684272,2,Counter({0: 2}),0.04088367287823941
2089,1436203577,2089,8.4836627,49.4684371,3,Counter({0: 3}),0.04556471113415226
2090,1436519940,2090,8.4617062,49.4884675,2,Counter({0: 2}),0.001130781460565545
2091,1437437137,2091,8.4883465,49.4760376,2,Counter({0: 2}),0.004753992815649386
2092,1437437204,2092,8.4885177,49.4759785,2,Counter({0: 2}),0.005018045883951961
2093,1437437434,2093,8.4919228,49.4698139,2,Counter({0: 2}),0.024813705123060026
2094,1437437466,2094,8.4918454,49.4705067,2,Counter({0: 2}),0.0029974638051608582
2095,1437441031,2095,8.483693,49.473173,2,Counter({0: 2}),0.00650332002247142
2096,1437441235,2096,8.4870934,49.4751138,2,Counter({0: 2}),0.004359860472533136
2097,1440811624,2097,8.4921159,49.4587221,2,Counter({0: 2}),0.01205417978408184
2098,1444744459,2098,8.507886,49.5105409,2,Counter({0: 2}),0.010987180985905119
2099,1444796514,2099,8.5396517,49.5112695,2,Counter({0: 2}),0.0014059964857296957
2100,1448719443,2100,8.5147037,49.5083561,2,Counter({0: 2}),0.02586338724145424
2101,1448732426,2101,8.5146798,49.5093594,2,Counter({0: 2}),0.002030622301133803
2102,1450516842,2102,8.4721439,49.4817229,3,Counter({0: 3}),0.024787483826329948
2103,1450516869,2103,8.4719353,49.4819419,3,Counter({0: 3}),0.031041536064945557
2104,1450517128,2104,8.4751479,49.4848778,3,"Counter({1: 2, 0: 1})",0.0008899736029219454
2105,1454317263,2105,8.5459976,49.4943813,2,Counter({0: 2}),0.005664086970899081
2106,1455504684,2106,8.5033067,49.5032443,2,Counter({0: 2}),0.01520402446404825
2107,1455504687,2107,8.5032143,49.5033659,2,Counter({0: 2}),0.01543011425041989
2108,1455519111,2108,8.5049542,49.5039976,2,Counter({0: 2}),0.003411633870266621
2109,1455520359,2109,8.5043408,49.5017043,3,Counter({0: 3}),0.005210983334169263
2110,1455520360,2110,8.503915,49.5024159,2,Counter({0: 2}),0.004448501882332443
2111,1455526827,2111,8.5035844,49.5031677,3,Counter({0: 3}),0.005283486961649695
2112,1455526843,2112,8.5031555,49.5034627,2,Counter({0: 2}),0.015745821198004613
2113,1455526846,2113,8.5033655,49.5031832,3,Counter({0: 3}),0.015315206031865584
2114,1455526849,2114,8.5031513,49.503528,2,Counter({0: 2}),0.016103898131378226
2115,1455526853,2115,8.5034877,49.5031747,2,Counter({0: 2}),0.0028536529036597338
2116,1455531420,2116,8.5031498,49.5030704,2,Counter({0: 2}),0.012905389786653345
2117,1455531422,2117,8.5033207,49.5031435,2,Counter({0: 2}),0.012871515300698638
2118,1455531423,2118,8.5032347,49.5031078,2,Counter({0: 2}),0.012867951814892238
2119,1455539139,2119,8.5034697,49.5026774,3,Counter({0: 3}),0.013329790438075268
2120,1455541488,2120,8.5038965,49.5021369,2,Counter({0: 2}),0.013384542634845426
2121,1455541494,2121,8.5041654,49.501658,3,Counter({0: 3}),0.01752457691991728
2122,1455541503,2122,8.5043175,49.5014405,2,Counter({0: 2}),0.017650845956639412
2123,1455549918,2123,8.5057183,49.5003771,2,Counter({0: 2}),0.0014078142747107221
2124,1455549922,2124,8.5048252,49.5011234,2,Counter({0: 2}),0.0018738549178468037
2125,1455549924,2125,8.5066114,49.4996252,2,Counter({0: 2}),0.0014234049239092439
2126,1455552277,2126,8.5084683,49.4978957,3,Counter({0: 3}),0.020548130735078884
2127,1455555433,2127,8.5064705,49.4995602,2,Counter({0: 2}),0.018341667515589737
2128,1455557220,2128,8.5057336,49.5001613,2,Counter({0: 2}),0.0178489266975233
2129,1467450242,2129,8.48236,49.4901782,3,Counter({0: 3}),0.2544037657048386
2130,1467450251,2130,8.4815128,49.4905275,3,Counter({0: 3}),0.22811531467317867
2131,1468301007,2131,8.5326747,49.486424,2,Counter({0: 2}),0.016510830972880572
2132,1468329111,2132,8.5179861,49.4887539,3,Counter({0: 3}),0.006008298431294035
2133,1468329112,2133,8.5179676,49.4889362,3,Counter({0: 3}),0.0031939872156709907
2134,1468330604,2134,8.5183984,49.4894981,3,Counter({0: 3}),0.044940522975567325
2135,1468331774,2135,8.5191839,49.4902047,3,Counter({0: 3}),0.04428792033604629
2136,1468332673,2136,8.5204759,49.4912035,3,Counter({0: 3}),0.04381385955517998
2137,1468333080,2137,8.521109,49.4921955,3,Counter({0: 3}),0.043521804314944686
2138,1468810881,2138,8.4940207,49.4536471,3,Counter({0: 3}),0.005083478346332583
2139,1468810882,2139,8.4947579,49.45366,4,Counter({1: 4}),0.0037450724409272412
2140,1468810890,2140,8.494603,49.4536887,3,"Counter({1: 2, 0: 1})",0.000548631060141166
2141,1468810893,2141,8.4947514,49.453738,3,"Counter({1: 2, 0: 1})",0.0043696208785616595
2142,1472399057,2142,8.5260457,49.5095409,2,Counter({0: 2}),0.032486621547920695
2143,1473384808,2143,8.4968803,49.5258754,2,Counter({0: 2}),0.0014368634970144951
2144,1476376486,2144,8.5098189,49.5300128,2,Counter({0: 2}),0.010723783532728667
2145,1476376488,2145,8.5112069,49.5252087,2,Counter({0: 2}),0.001802104732362681
2146,1476376491,2146,8.5114974,49.5243558,2,Counter({0: 2}),0.00257502201110984
2147,1476376494,2147,8.5118708,49.5232893,2,Counter({0: 2}),0.00297007149567206
2148,1476376496,2148,8.5102732,49.5279032,2,Counter({0: 2}),0.0009284453115575601
2149,1476376498,2149,8.5109062,49.5260796,2,Counter({0: 2}),0.0014216120860707127
2150,1476376500,2150,8.5124397,49.5216208,2,Counter({0: 2}),0.004190960453225891
2151,1476376504,2151,8.5101862,49.5281574,2,Counter({0: 2}),0.0012264163560873269
2152,1476376508,2152,8.5121464,49.5224677,2,Counter({0: 2}),0.0037780453379486385
2153,1476376516,2153,8.5097885,49.5292986,4,Counter({0: 4}),0.015706647959044483
2154,1476382468,2154,8.5115138,49.5248064,2,Counter({0: 2}),0.014747679355140871
2155,1476382471,2155,8.5110738,49.5261039,2,Counter({0: 2}),0.014344903193249195
2156,1476382473,2156,8.5105616,49.5275864,2,Counter({0: 2}),0.013947672493555673
2157,1476382487,2157,8.5120343,49.523313,3,Counter({0: 3}),0.0184297577943529
2158,1476393908,2158,8.5104472,49.5279265,2,Counter({0: 2}),0.013552724675800404
2159,1476400228,2159,8.5103866,49.5275631,2,Counter({0: 2}),0.0010474856303822626
2160,1476408621,2160,8.5113437,49.524778,2,Counter({0: 2}),0.0021861834442095827
2161,1476422385,2161,8.5125844,49.5217454,2,Counter({0: 2}),0.016898755313349376
2162,1476428596,2162,8.512312,49.5224938,2,Counter({0: 2}),0.01649674627372841
2163,1477522309,2163,8.5099764,49.5293235,2,Counter({0: 2}),0.01315844231350893
2164,1477537242,2164,8.5098746,49.5301047,2,Counter({0: 2}),0.010264286534986436
2165,1477603140,2165,8.4966555,49.5095296,2,Counter({0: 2}),0.0629266144261629
2166,1477728666,2166,8.4808006,49.4894633,3,"Counter({1: 2, 0: 1})",0.13457364683440937
2167,1477734951,2167,8.4807087,49.4892392,2,Counter({0: 2}),0.13404909582985666
2168,1477754752,2168,8.4920443,49.4871861,2,Counter({0: 2}),0.014358267162152724
2169,1477754753,2169,8.4910526,49.4874846,2,Counter({0: 2}),0.014070417725831652
2170,1477759218,2170,8.4900429,49.4877833,3,Counter({0: 3}),0.008369707503652537
2171,1477759220,2171,8.4896798,49.4878712,4,"Counter({1: 2, 2: 1, 0: 1})",0.00761679005276899
2172,1477760442,2172,8.4897358,49.487814,3,"Counter({1: 2, 0: 1})",0.0006611205915295016
2173,1477766338,2173,8.4895723,49.4878575,4,"Counter({2: 2, 1: 2})",0.004017435371018873
2174,1477770833,2174,8.4906504,49.487603,3,Counter({0: 3}),0.013849648267762518
2175,1477770836,2175,8.4906374,49.4875632,2,Counter({0: 2}),0.005357292381501649
2176,1486099006,2176,8.5186194,49.4961145,2,Counter({0: 2}),0.02698057580762433
2177,1497651343,2177,8.4702606,49.4847287,3,"Counter({1: 2, 0: 1})",0.0008645930922336696
2178,1497651346,2178,8.4702671,49.4847938,3,"Counter({1: 2, 0: 1})",0.0008115986591077463
2179,1497651352,2179,8.4702905,49.4848241,2,Counter({0: 2}),0.0011837413214332052
2180,1497651366,2180,8.4704499,49.4850748,3,Counter({0: 3}),0.002930918915448556
2181,1499674608,2181,8.5025593,49.4746146,3,Counter({0: 3}),0.029580333929718827
2182,1499678461,2182,8.5026689,49.47458,2,Counter({0: 2}),0.0009375158392264035
2183,1499678462,2183,8.5024446,49.4742428,1,Counter({0: 1}),0.0004688133742351837
2184,1499971927,2184,8.5224064,49.5085758,2,Counter({0: 2}),0.025584605949159095
2185,1499978324,2185,8.5233513,49.5090618,2,Counter({0: 2}),0.025362653716913774
2186,1500613384,2186,8.5202689,49.507589,2,Counter({0: 2}),0.02583666569094094
2187,1501003598,2187,8.4827402,49.5134509,2,Counter({0: 2}),0.026641746950339884
2188,1501005541,2188,8.4829071,49.5134665,2,Counter({0: 2}),0.003217729360781871
2189,1501005547,2189,8.4827983,49.5134752,3,Counter({0: 3}),0.026574135918262617
2190,1501005549,2190,8.4828172,49.5137093,3,Counter({0: 3}),0.024190225438986027
2191,1501005551,2191,8.4831265,49.5134726,3,Counter({0: 3}),0.004056186797805417
2192,1501006202,2192,8.4830213,49.5132572,2,Counter({0: 2}),0.0025593071832021703
2193,1501006203,2193,8.483174,49.5134358,2,Counter({0: 2}),0.0029729878320465925
2194,1501018056,2194,8.4827726,49.5130169,2,Counter({0: 2}),0.002160486169889619
2195,1501030420,2195,8.4821086,49.5118993,2,Counter({0: 2}),0.0013930648197399988
2196,1501030423,2196,8.4833723,49.5106938,2,Counter({0: 2}),0.0018120849465422639
2197,1501036715,2197,8.4839381,49.5102491,2,Counter({0: 2}),0.0030408447634429313
2198,1501036716,2198,8.4838486,49.5103329,2,Counter({0: 2}),0.0025803495825050342
2199,1501036717,2199,8.4837478,49.5099626,2,Counter({0: 2}),0.013599294239440958
2200,1501036722,2200,8.4840656,49.5100997,4,Counter({0: 4}),0.016763936192418314
2201,1501036724,2201,8.4843585,49.5102297,2,Counter({0: 2}),0.008055109052970546
2202,1501041788,2202,8.4841892,49.5096653,2,Counter({0: 2}),0.008447781846916084
2203,1501041789,2203,8.48411,49.5097823,2,Counter({0: 2}),0.00852748291976753
2204,1501041790,2204,8.4845504,49.5090484,2,Counter({0: 2}),0.008449543619859294
2205,1501062610,2205,8.4991249,49.507259,2,Counter({0: 2}),0.06367351621535312
2206,1505749746,2206,8.5395583,49.4845633,2,Counter({0: 2}),0.0042617640562806975
2207,1505749748,2207,8.5395741,49.4844534,2,Counter({0: 2}),0.0022935953446487577
2208,1518141661,2208,8.546073,49.4942049,2,Counter({0: 2}),0.005247012758973028
2209,1518152595,2209,8.5461352,49.4935723,2,Counter({0: 2}),0.004003516800524328
2210,1518152600,2210,8.5460917,49.4931814,2,Counter({0: 2}),0.0034518303587562542
2211,1518152602,2211,8.5461262,49.4939493,2,Counter({0: 2}),0.004416542825045722
2212,1519901667,2212,8.5563677,49.475611,3,Counter({0: 3}),0.0018744771322329878
2213,1519901674,2213,8.5584875,49.4744094,3,Counter({0: 3}),0.0032782554330834067
2214,1519901728,2214,8.5587702,49.4745482,1,Counter({0: 1}),0.0004688133742351837
2215,1520199797,2215,8.4719966,49.5084093,2,Counter({0: 2}),0.016644071700983715
2216,1528307343,2216,8.4879605,49.5270783,2,Counter({0: 2}),0.01510406257737073
2217,1528307360,2217,8.4878775,49.5269456,3,"Counter({1: 2, 0: 1})",0.01536987338496099
2218,1528376981,2218,8.4886659,49.5287668,4,Counter({0: 4}),0.011295108099895871
2219,1528376985,2219,8.4887927,49.5289006,2,Counter({0: 2}),0.006208024565347241
2220,1528376989,2220,8.4887034,49.5288064,2,Counter({0: 2}),0.006643759257570219
2221,1528376992,2221,8.4888687,49.5289807,3,Counter({0: 3}),0.014082026827000148
2222,1528379724,2222,8.4890049,49.5285901,4,Counter({0: 4}),0.010692518512974395
2223,1528385852,2223,8.4890793,49.5285292,3,Counter({0: 3}),0.01490917537402857
2224,1528385864,2224,8.4887098,49.5283142,3,Counter({0: 3}),0.008595114323720178
2225,1530773077,2225,8.5357997,49.5190602,3,"Counter({1: 2, 0: 1})",0.005464072285729988
2226,1531035113,2226,8.4710915,49.4791548,2,Counter({0: 2}),0.00046896125322713555
2227,1531035116,2227,8.4711285,49.4791578,2,Counter({0: 2}),0.0004994096185192687
2228,1531035137,2228,8.4712249,49.4792964,3,Counter({0: 3}),0.0010410547165507719
2229,1531035151,2229,8.4711649,49.4793246,3,Counter({0: 3}),0.0009071229285562431
2230,1531035191,2230,8.4713205,49.4795792,3,Counter({0: 3}),0.0016336265614949246
2231,1531035214,2231,8.4716562,49.479979,2,Counter({0: 2}),0.001914716008803393
2232,1531035237,2232,8.4718007,49.4801506,3,Counter({0: 3}),0.0034648463192351706
2233,1531035264,2233,8.4719986,49.4803731,3,Counter({0: 3}),0.005393238123950118
2234,1531035330,2234,8.4722571,49.4805934,4,"Counter({0: 2, 1: 2})",0.006568426177880063
2235,1531035343,2235,8.4724348,49.4806176,4,Counter({0: 4}),0.0022206469632849992
2236,1531035349,2236,8.4723362,49.4806588,4,"Counter({1: 2, 0: 2})",0.0021124797371871976
2237,1531035358,2237,8.4725403,49.4807124,4,Counter({0: 4}),0.002070155997647364
2238,1531035448,2238,8.4711176,49.4813352,3,"Counter({1: 2, 0: 1})",0.0014473842143561495
2239,1531035450,2239,8.4714386,49.4814359,3,"Counter({1: 2, 0: 1})",0.008514276424706839
2240,1540145384,2240,8.5463524,49.5133154,2,Counter({0: 2}),0.004353967253972589
2241,1553027402,2241,8.4714942,49.4794667,2,Counter({0: 2}),0.0007578768506399718
2242,1553027444,2242,8.4724319,49.48043,2,Counter({0: 2}),0.0019179370673687074
2243,1553027446,2243,8.4730095,49.4804907,3,"Counter({1: 2, 0: 1})",0.003432164508040927
2244,1553027486,2244,8.4730175,49.480499,3,"Counter({1: 2, 0: 1})",0.0012668858429190147
2245,1553027548,2245,8.4726585,49.4807303,4,Counter({0: 4}),0.0035035839296730688
2246,1553027558,2246,8.4725901,49.4807582,4,Counter({0: 4}),0.001221856623089967
2247,1553027572,2247,8.472474,49.4808007,4,"Counter({0: 2, 1: 2})",0.0016525223049262592
2248,1553027581,2248,8.4722936,49.4808156,3,"Counter({1: 2, 0: 1})",0.0035348571534393777
2249,1557049456,2249,8.4582357,49.4909756,2,Counter({0: 2}),0.008328575272199075
2250,1557084049,2250,8.4600863,49.4909864,2,Counter({0: 2}),0.0014165288658156778
2251,1557737845,2251,8.5363785,49.5141993,2,Counter({0: 2}),0.00932649630550341
2252,1558184261,2252,8.4629696,49.4915472,2,Counter({0: 2}),0.0016426059572520555
2253,1569110270,2253,8.4604279,49.4929617,2,Counter({0: 2}),0.03191531210279133
2254,1580948930,2254,8.5268067,49.5136851,2,Counter({0: 2}),0.04784232108116837
2255,1581100027,2255,8.5047572,49.5220096,2,Counter({0: 2}),0.02355400074249311
2256,1581130548,2256,8.5071099,49.5177899,2,Counter({0: 2}),0.017949282680842272
2257,1581169762,2257,8.507665,49.5178183,2,Counter({0: 2}),0.048848624545165954
2258,1581177083,2258,8.5083763,49.5174463,2,Counter({0: 2}),0.002564851438484883
2259,1584145665,2259,8.5413721,49.498888,3,Counter({0: 3}),0.03765568675601971
2260,1584145666,2260,8.5414431,49.4988507,3,Counter({0: 3}),0.00522223351778426
2261,1584145997,2261,8.5415496,49.4989387,3,"Counter({1: 2, 0: 1})",0.0050863806408148315
2262,1584145998,2262,8.5415073,49.4989619,3,"Counter({1: 2, 0: 1})",0.03712458478985732
2263,1593749984,2263,8.4888113,49.5284744,4,"Counter({0: 2, 1: 2})",0.0016899557635539442
2264,1593749987,2264,8.488871,49.5286735,3,"Counter({1: 2, 0: 1})",0.006831064115474877
2265,1593755563,2265,8.4889179,49.5284379,3,"Counter({1: 2, 0: 1})",0.006245232026925308
2266,1593755569,2266,8.4888875,49.5284483,4,"Counter({0: 2, 1: 2})",0.0014739350378232905
2267,1596026560,2267,8.4883711,49.528897,2,Counter({0: 2}),0.0028842293583505384
2268,1598671052,2268,8.4912144,49.4597942,2,Counter({0: 2}),0.012956648302215457
2269,1600064801,2269,8.5007501,49.5049913,2,Counter({0: 2}),0.003112356115704997
2270,1600130236,2270,8.4967404,49.5083394,2,Counter({0: 2}),0.0030099759264767627
2271,1600134704,2271,8.4984393,49.5069789,2,Counter({0: 2}),0.003746784466816774
2272,1600180251,2272,8.5013488,49.5044161,2,Counter({0: 2}),0.0024121373310409242
2273,1603229492,2273,8.4969885,49.499828,2,Counter({0: 2}),0.001888874589538481
2274,1603312000,2274,8.4957646,49.4991481,2,Counter({0: 2}),0.002577376131589784
2275,1609090445,2275,8.5172193,49.5094919,2,Counter({0: 2}),0.026774554587839235
2276,1612220590,2276,8.4682475,49.4986429,3,Counter({0: 3}),0.002218989362849299
2277,1612226100,2277,8.4965081,49.5023075,3,Counter({0: 3}),0.10468478705121974
2278,1612226101,2278,8.4937024,49.500808,2,Counter({0: 2}),0.1048030410668907
2279,1612226102,2279,8.4956828,49.5018646,2,Counter({0: 2}),0.10470852420918471
2280,1612259391,2280,8.502332,49.502819,2,Counter({0: 2}),0.0018791282217608487
2281,1614660742,2281,8.4679921,49.4758402,2,Counter({0: 2}),0.0010352359434605619
2282,1614660749,2282,8.4679686,49.4759372,3,Counter({0: 3}),0.001177388663769477
2283,1614660762,2283,8.4678913,49.476739,2,Counter({0: 2}),0.001677372686585024
2284,1616719859,2284,8.4823796,49.474168,2,Counter({0: 2}),0.0012720506957783545
2285,1627926393,2285,8.5512059,49.4929656,2,Counter({0: 2}),0.00452251432421018
2286,1627926395,2286,8.5516837,49.4928598,2,Counter({0: 2}),0.004373723411808025
2287,1627929076,2287,8.5543051,49.4973246,2,Counter({0: 2}),0.009612327144862487
2288,1627960498,2288,8.5526973,49.4939651,2,Counter({0: 2}),0.004587879605064103
2289,1627960499,2289,8.5536745,49.4957694,2,Counter({0: 2}),0.007500448775924781
2290,1627967541,2290,8.5544608,49.4972788,2,Counter({0: 2}),0.008764315065514864
2291,1627999385,2291,8.5543909,49.4971266,2,Counter({0: 2}),0.00834130720903671
2292,1628359358,2292,8.4736023,49.483642,3,"Counter({1: 2, 0: 1})",0.03369400133224721
2293,1628359361,2293,8.4733006,49.4839397,3,"Counter({1: 2, 0: 1})",0.0022921688533430553
2294,1628400908,2294,8.4749412,49.4845817,2,Counter({0: 2}),0.0007995051083800695
2295,1628406125,2295,8.4747957,49.4852728,3,"Counter({1: 2, 0: 1})",0.0011660422460826915
2296,1628406128,2296,8.4751456,49.4853169,3,"Counter({1: 2, 0: 1})",0.006729091383451042
2297,1628411128,2297,8.4751371,49.4850631,4,"Counter({1: 2, 2: 2})",0.0038998842455846322
2298,1628551113,2298,8.4755722,49.484996,3,"Counter({1: 2, 0: 1})",0.004533927783082007
2299,1628551114,2299,8.4754275,49.4851927,3,"Counter({1: 2, 0: 1})",0.0032105765550142135
2300,1629450644,2300,8.4877104,49.4968682,2,Counter({0: 2}),0.10197719093765983
2301,1629450649,2301,8.4892493,49.4983667,2,Counter({0: 2}),0.1074592657806953
2302,1629450651,2302,8.4890206,49.4981959,5,"Counter({0: 3, 1: 2})",0.1173664243820381
2303,1629450662,2303,8.4883239,49.4975478,2,Counter({0: 2}),0.1016894435059364
2304,1634455756,2304,8.4590879,49.4903519,2,Counter({0: 2}),0.0034274189024104396
2305,1634480194,2305,8.4687864,49.4938739,4,Counter({0: 4}),0.06327201222230287
2306,1634480223,2306,8.4683587,49.493934,3,Counter({0: 3}),0.0016118401778536771
2307,1634480227,2307,8.4684066,49.4939947,3,Counter({0: 3}),0.008998378615982556
2308,1634539412,2308,8.4713072,49.4883698,2,Counter({0: 2}),0.0006871164716059703
2309,1635803731,2309,8.480061,49.4866041,2,Counter({0: 2}),0.004608617999630636
2310,1637195261,2310,8.4825213,49.4736308,2,Counter({0: 2}),0.0038870720455913724
2311,1637257703,2311,8.478606,49.4878442,3,"Counter({1: 2, 0: 1})",0.002540362117186518
2312,1637262225,2312,8.4910447,49.470206,2,Counter({0: 2}),0.022038610937815624
2313,1637262226,2313,8.4911138,49.470207,2,Counter({0: 2}),0.02215275483274411
2314,1637262237,2314,8.4825654,49.4735625,3,Counter({0: 3}),0.09860150115704228
2315,1637307915,2315,8.4763089,49.4828312,2,Counter({0: 2}),0.010036335015925657
2316,1637578850,2316,8.4845407,49.4722559,3,Counter({0: 3}),0.003968121704970699
2317,1637578861,2317,8.4824867,49.4736841,3,Counter({0: 3}),0.0035639606939525483
2318,1637578899,2318,8.4868171,49.4743465,3,Counter({0: 3}),0.005740093727360342
2319,1637618748,2319,8.4906,49.4703507,2,Counter({0: 2}),0.022254703632962027
2320,1642148716,2320,8.4948391,49.4680537,2,Counter({0: 2}),0.025010804887265203
2321,1642199555,2321,8.4923582,49.4611253,2,Counter({0: 2}),0.01547105582298467
2322,1643932782,2322,8.4637791,49.4863919,4,Counter({0: 4}),0.0037970646060889084
2323,1646288535,2323,8.5026961,49.4777669,2,Counter({0: 2}),0.009755018567507302
2324,1646300181,2324,8.5057264,49.4771486,3,Counter({0: 3}),0.004332021322706888
2325,1646670581,2325,8.4788204,49.4898829,3,Counter({0: 3}),0.003384190100011908
2326,1646670585,2326,8.4787208,49.4900661,3,"Counter({1: 2, 0: 1})",0.001788119621651883
2327,1648659390,2327,8.5103228,49.4636185,2,Counter({0: 2}),0.0013726568576338555
2328,1649302997,2328,8.5106256,49.4635185,3,Counter({0: 3}),0.0014858185102221747
2329,1652003997,2329,8.4723313,49.4970713,2,Counter({0: 2}),0.0028657966599064874
2330,1652004001,2330,8.472728,49.4971016,2,Counter({0: 2}),0.001984296211445637
2331,1652004063,2331,8.4723843,49.4974769,3,Counter({0: 3}),0.006490096900437446
2332,1652054933,2332,8.4716538,49.4989412,2,Counter({0: 2}),0.000778570094885661
2333,1652132301,2333,8.4710086,49.5006383,3,Counter({0: 3}),0.000913420065456362
2334,1652132304,2334,8.4709533,49.501122,2,Counter({0: 2}),0.00653296269311748
2335,1652132307,2335,8.4708422,49.5018772,2,Counter({0: 2}),0.007254390690201473
2336,1652132359,2336,8.4702361,49.5046437,2,Counter({0: 2}),0.005738165001827281
2337,1652142139,2337,8.4721975,49.4974376,2,Counter({0: 2}),0.010211180409956132
2338,1652195862,2338,8.4827327,49.4922414,2,Counter({0: 2}),0.148136155121232
2339,1652533633,2339,8.4757017,49.4640874,2,Counter({0: 2}),0.0009440202435041497
2340,1653382486,2340,8.5018884,49.4498031,2,Counter({0: 2}),0.00046892428347914756
2341,1653382532,2341,8.4958987,49.4529865,2,Counter({0: 2}),0.0009375158392264035
2342,1653473611,2342,8.495538,49.4530254,2,Counter({0: 2}),0.0014059964857296957
2343,1656889210,2343,8.4912394,49.5062725,2,Counter({0: 2}),0.008432836752083466
2344,1656927222,2344,8.5093365,49.4843209,2,Counter({0: 2}),0.07928452136405481
2345,1674070632,2345,8.5037741,49.4927044,2,Counter({0: 2}),0.010298046070900927
2346,1677760879,2346,8.4918681,49.4970268,3,"Counter({1: 2, 0: 1})",0.001707054805597893
2347,1682154398,2347,8.4804898,49.4714351,2,Counter({0: 2}),0.011420215639942591
2348,1682197819,2348,8.4815246,49.5274277,2,Counter({0: 2}),0.00771028800701144
2349,1685427769,2349,8.468289,49.5292002,2,Counter({0: 2}),0.004429375962466676
2350,1685459545,2350,8.4719318,49.5215036,2,Counter({0: 2}),0.0014059964857296957
2351,1687149418,2351,8.5098482,49.4851533,2,Counter({0: 2}),0.07905088734467013
2352,1687152097,2352,8.5072887,49.4806426,2,Counter({0: 2}),0.06373154026670068
2353,1688137801,2353,8.5210667,49.4943916,3,Counter({0: 3}),0.04355828334313521
2354,1695776590,2354,8.564422,49.466123,2,Counter({0: 2}),0.0012030085389397158
2355,1696622614,2355,8.5376991,49.4538943,2,Counter({0: 2}),0.022028732622658403
2356,1696714296,2356,8.4997863,49.4703654,2,Counter({0: 2}),0.027951694218346045
2357,1696774543,2357,8.5046499,49.4725072,2,Counter({0: 2}),0.0014059964857296957
2358,1696774564,2358,8.5038049,49.4727835,2,Counter({0: 2}),0.0009375158392264035
2359,1697326918,2359,8.5641715,49.4660103,3,Counter({0: 3}),0.017259119817585346
2360,1703206050,2360,8.5002068,49.5245477,2,Counter({0: 2}),0.002004583797637304
2361,1715306154,2361,8.5354942,49.4748589,2,Counter({0: 2}),0.04730726511644352
2362,1721667730,2362,8.4752544,49.5082813,3,Counter({0: 3}),0.0009325855012285246
2363,1722387860,2363,8.4614146,49.4861706,2,Counter({0: 2}),0.004031323769356832
2364,1723142478,2364,8.5185371,49.5074133,2,Counter({0: 2}),0.02609240392264758
2365,1726229543,2365,8.4911068,49.5021624,3,Counter({0: 3}),0.009861735804888373
2366,1731077484,2366,8.4953119,49.455159,2,Counter({0: 2}),0.0009375158392264035
2367,1732858584,2367,8.5321664,49.4832934,2,Counter({0: 2}),0.0042219152094872
2368,1732865140,2368,8.5333814,49.4845645,2,Counter({0: 2}),0.00675447854037098
2369,1732879955,2369,8.5320098,49.4819405,2,Counter({0: 2}),0.0023674202260416883
2370,1735137331,2370,8.5495728,49.5072204,1,Counter({0: 1}),0.0004688133742351837
2371,1735153141,2371,8.5477683,49.5103612,2,Counter({1: 2}),0.0004688133742351837
2372,1737617621,2372,8.4603875,49.5033746,2,Counter({0: 2}),0.0026609092900571076
2373,1737617623,2373,8.4599507,49.5034445,2,Counter({0: 2}),0.09250527231151114
2374,1737617630,2374,8.4601208,49.5035892,3,Counter({0: 3}),0.0886977755113127
2375,1737617636,2375,8.460126,49.5036402,2,Counter({0: 2}),0.042982954507817084
2376,1737617812,2376,8.4633093,49.5056529,2,Counter({0: 2}),0.07928946823015662
2377,1737617847,2377,8.4630993,49.5057632,3,Counter({0: 3}),0.08543641271561475
2378,1737617855,2378,8.4636963,49.5058591,2,Counter({0: 2}),0.07812445858405083
2379,1737617887,2379,8.4641186,49.5061612,2,Counter({0: 2}),0.07790282626521121
2380,1737617926,2380,8.4641578,49.5065187,2,Counter({0: 2}),0.005903494798853351
2381,1737617937,2381,8.4642427,49.5065817,2,Counter({0: 2}),0.00543823052042501
2382,1737622834,2382,8.4603011,49.5033055,2,Counter({0: 2}),0.002980332489879872
2383,1737622849,2383,8.4601933,49.503369,2,Counter({0: 2}),0.003375037187530558
2384,1737622860,2384,8.4600116,49.5034807,3,Counter({0: 3}),0.0922713654201773
2385,1737622866,2385,8.4616448,49.5042796,3,Counter({0: 3}),0.004594037946759347
2386,1737622870,2386,8.4615628,49.5043312,2,Counter({0: 2}),0.0027545409008073642
2387,1737622873,2387,8.4617376,49.5043432,3,"Counter({1: 2, 0: 1})",0.004233050905140675
2388,1737622877,2388,8.4614628,49.5043942,3,Counter({0: 3}),0.0456995832681519
2389,1737622880,2389,8.461363,49.504457,3,Counter({0: 3}),0.08544226477957906
2390,1737631439,2390,8.4625516,49.5048897,2,Counter({0: 2}),0.0030473573790820636
2391,1737655837,2391,8.4626386,49.5038041,2,Counter({0: 2}),0.0006802315502627559
2392,1737683229,2392,8.4704015,49.5071068,2,Counter({0: 2}),0.006460927329146446
2393,1737683330,2393,8.4705606,49.5085999,3,Counter({0: 3}),0.016542348570969437
2394,1737711390,2394,8.4633032,49.5052785,3,Counter({0: 3}),0.0032926549420329377
2395,1737711398,2395,8.4635614,49.5056816,2,Counter({0: 2}),0.07835833158644923
2396,1737711400,2396,8.464801,49.5056875,2,Counter({0: 2}),0.0021393996721005212
2397,1737711417,2397,8.4657996,49.505834,2,Counter({0: 2}),0.0019225277364536125
2398,1737711454,2398,8.4644708,49.5064119,2,Counter({0: 2}),0.07769052511076377
2399,1737711479,2399,8.4650802,49.5068619,2,Counter({0: 2}),0.0774850060565847
2400,1737711559,2400,8.467773,49.5090836,2,Counter({0: 2}),0.002020779587857437
2401,1738585847,2401,8.4650952,49.5071788,2,Counter({0: 2}),0.004625348547998534
2402,1738586215,2402,8.4715831,49.5109727,2,Counter({0: 2}),0.033047639435375024
2403,1738586221,2403,8.471644,49.5111141,2,Counter({0: 2}),0.032848963618125365
2404,1738604201,2404,8.4682233,49.509098,2,Counter({0: 2}),0.07728984302102597
2405,1738604202,2405,8.4686982,49.5094211,3,Counter({0: 3}),0.07710009267665707
2406,1738604203,2406,8.4685755,49.5094951,2,Counter({0: 2}),0.07343326627992217
2407,1738604204,2407,8.4688461,49.5095275,2,Counter({0: 2}),0.0037026011512265194
2408,1738604205,2408,8.468452,49.509566,3,Counter({0: 3}),0.07504408723803842
2409,1738604207,2409,8.4689556,49.5096441,2,Counter({0: 2}),0.0035737210984074417
2410,1738604211,2410,8.4687275,49.5097809,2,Counter({0: 2}),0.07416287039330006
2411,1738604247,2411,8.471353,49.5113206,2,Counter({0: 2}),0.022599567049569468
2412,1738604252,2412,8.4717264,49.5114228,3,Counter({0: 3}),0.04254407551927764
2413,1738604254,2413,8.4716272,49.5114232,2,Counter({0: 2}),0.02288912245676719
2414,1740838357,2414,8.5027771,49.4746948,2,Counter({0: 2}),0.0009375158392264035
2415,1742645264,2415,8.4716673,49.5132097,2,Counter({0: 2}),0.08817178700673196
2416,1742657760,2416,8.4685985,49.5096822,2,Counter({0: 2}),0.07428634363007121
2417,1742755630,2417,8.4735039,49.5136906,2,Counter({0: 2}),0.02893162384567953
2418,1742822216,2418,8.474969,49.5157385,3,Counter({0: 3}),0.08797945374131207
2419,1742822231,2419,8.4754825,49.51617,2,Counter({0: 2}),0.07515189903141582
2420,1742822247,2420,8.4747848,49.5162913,2,Counter({0: 2}),0.01130912978763021
2421,1742822252,2421,8.4747432,49.5163621,2,Counter({0: 2}),0.010874771954450165
2422,1742822266,2422,8.4746925,49.5164473,2,Counter({0: 2}),0.010449417575253323
2423,1742822273,2423,8.4746461,49.516525,3,Counter({0: 3}),0.010378636087964481
2424,1742822280,2424,8.4747605,49.5165718,2,Counter({0: 2}),0.004240940708853947
2425,1742822283,2425,8.47487,49.516597,2,Counter({0: 2}),0.003887385805363764
2426,1742822286,2426,8.4749551,49.5166157,2,Counter({0: 2}),0.00358368460703532
2427,1742822288,2427,8.4750141,49.5166303,2,Counter({0: 2}),0.0032886105634695045
2428,1742822307,2428,8.4746444,49.5169916,2,Counter({0: 2}),0.006078602933926594
2429,1742822320,2429,8.4772749,49.5174606,2,Counter({0: 2}),0.001932467446812949
2430,1742839547,2430,8.4738948,49.5181806,2,Counter({0: 2}),0.0037450724409272412
2431,1742872590,2431,8.4831313,49.5135498,2,Counter({0: 2}),0.0021596461652669046
2432,1742872594,2432,8.482797,49.5135615,2,Counter({0: 2}),0.023377592825721064
2433,1742872599,2433,8.4831387,49.5136403,2,Counter({0: 2}),0.002172916913453547
2434,1742872601,2434,8.4828074,49.5136502,2,Counter({0: 2}),0.023238017298477104
2435,1743822687,2435,8.463367,49.4845772,3,"Counter({1: 2, 0: 1})",0.005516149476075436
2436,1744716500,2436,8.5021377,49.4895918,3,Counter({0: 3}),0.08933701597587841
2437,1744730981,2437,8.4887306,49.4947278,3,"Counter({1: 2, 0: 1})",0.008063504340360576
2438,1744731204,2438,8.4882056,49.4952025,2,Counter({0: 2}),0.0070969942870646105
2439,1745827421,2439,8.4713489,49.4731294,3,"Counter({1: 2, 0: 1})",0.00161726238697546
2440,1745972636,2440,8.4767603,49.487754,2,Counter({0: 2}),0.009217983384129371
2441,1745972640,2441,8.4772397,49.4877711,3,"Counter({1: 2, 0: 1})",0.009475383637569246
2442,1746022787,2442,8.4724337,49.4807607,4,"Counter({1: 2, 0: 2})",0.002696309614858084
2443,1746022788,2443,8.4726313,49.4806636,3,Counter({0: 3}),0.002823507478690557
2444,1746023859,2444,8.4745908,49.4792488,2,Counter({0: 2}),0.02475521485466361
2445,1746029869,2445,8.4777628,49.4766573,3,Counter({0: 3}),0.08061832347045868
2446,1746046366,2446,8.4825563,49.4737182,2,Counter({0: 2}),0.0017853095570714251
2447,1746046997,2447,8.4835701,49.4738821,2,Counter({0: 2}),0.007806056409791908
2448,1746046999,2448,8.4835802,49.474079,3,Counter({0: 3}),0.008471030403546473
2449,1746047000,2449,8.4835669,49.4738171,3,Counter({0: 3}),0.008062998604582072
2450,1746052991,2450,8.4835775,49.4740249,2,Counter({0: 2}),0.008089733934383697
2451,1746054799,2451,8.4833458,49.4738154,2,Counter({0: 2}),0.001137452611003457
2452,1746096168,2452,8.500908,49.5144352,2,Counter({0: 2}),0.06411679778549856
2453,1746096172,2453,8.5048687,49.5143378,2,Counter({0: 2}),0.0038662411701403483
2454,1746096174,2454,8.5003234,49.5141809,2,Counter({0: 2}),0.06437437341368021
2455,1746096506,2455,8.5045693,49.5143811,2,Counter({0: 2}),0.004296254793862175
2456,1746096507,2456,8.5046296,49.5145867,2,Counter({0: 2}),0.006601621351474023
2457,1746106044,2457,8.5013324,49.5147737,2,Counter({0: 2}),0.059252847864782535
2458,1746106049,2458,8.5013246,49.5147132,2,Counter({0: 2}),0.0595082274899337
2459,1746106051,2459,8.5013673,49.5146031,3,Counter({0: 3}),0.06439314911635839
2460,1746131145,2460,8.4896796,49.5294342,2,Counter({0: 2}),0.0027588099758065164
2461,1746293150,2461,8.4888321,49.5283815,3,"Counter({1: 2, 0: 1})",0.006893894592579505
2462,1747178374,2462,8.5562585,49.5168126,2,Counter({0: 2}),0.010264983256585985
2463,1748964762,2463,8.475252,49.5342645,2,Counter({0: 2}),0.0005245377913552648
2464,1749060377,2464,8.5291284,49.4906027,2,Counter({0: 2}),0.0010193510170940136
2465,1749428392,2465,8.5460368,49.4946416,2,Counter({0: 2}),0.006081993002154876
2466,1749443764,2466,8.546133,49.4934806,2,Counter({0: 2}),0.003591877141552494
2467,1749473090,2467,8.5257797,49.5108326,2,Counter({0: 2}),0.008070673115966749
2468,1749574871,2468,8.5245248,49.5239087,2,Counter({0: 2}),0.004312814541244809
2469,1749780697,2469,8.503414,49.4779655,2,Counter({0: 2}),0.0005241998402139498
2470,1749780738,2470,8.4968474,49.4787131,3,Counter({0: 3}),0.00656446698712773
2471,1749780851,2471,8.4989894,49.4781337,2,Counter({0: 2}),0.006718809964187415
2472,1750293809,2472,8.53626,49.5121463,2,Counter({0: 2}),0.007066191355098405
2473,1750780540,2473,8.4913642,49.4776782,4,"Counter({1: 2, 0: 2})",0.005026683817890816
2474,1750780542,2474,8.4914384,49.4776488,2,Counter({0: 2}),0.004020810523977183
2475,1750780561,2475,8.4917182,49.4775381,3,Counter({0: 3}),0.0044626517827720475
2476,1750793420,2476,8.4922006,49.4780017,3,"Counter({1: 2, 0: 1})",0.0009052142451193227
2477,1750842419,2477,8.4916596,49.478104,3,Counter({0: 3}),0.003909019469330674
2478,1750842424,2478,8.4916773,49.4780621,2,Counter({0: 2}),0.0015681405220130968
2479,1750846413,2479,8.4920678,49.47789,2,Counter({0: 2}),0.0020912176732931884
2480,1751118395,2480,8.4878028,49.4846395,3,Counter({0: 3}),0.01361666421306699
2481,1751118415,2481,8.4876099,49.4845324,3,Counter({0: 3}),0.00520546721337703
2482,1751118421,2482,8.4878086,49.48477,3,Counter({0: 3}),0.01195602588584924
2483,1751118424,2483,8.4876851,49.4845742,2,Counter({0: 2}),0.003399111392028517
2484,1751118425,2484,8.48751,49.484894,2,Counter({0: 2}),0.008514662485169366
2485,1751118426,2485,8.4877014,49.4848141,2,Counter({0: 2}),0.008202256693659763
2486,1751119417,2486,8.4874989,49.4845846,2,Counter({0: 2}),0.004999622665373519
2487,1751119418,2487,8.4873295,49.4846713,2,Counter({0: 2}),0.0053427897449340655
2488,1751121213,2488,8.4894852,49.4878858,3,"Counter({1: 2, 0: 1})",0.00745223278502989
2489,1751126315,2489,8.4888727,49.4837189,2,Counter({0: 2}),0.001857536682471325
2490,1751126317,2490,8.4905748,49.4830294,2,Counter({0: 2}),0.0014753195014631407
2491,1751126318,2491,8.4924208,49.4817636,2,Counter({0: 2}),0.0011282443465188466
2492,1751172590,2492,8.4938615,49.480003,2,Counter({0: 2}),0.0054115115932875605
2493,1751172603,2493,8.4939694,49.4799921,3,Counter({0: 3}),0.012865053581508343
2494,1751181427,2494,8.4942839,49.4797643,3,Counter({0: 3}),0.009024334273808922
2495,1751181433,2495,8.4942152,49.4797053,2,Counter({0: 2}),0.0035394970410095707
2496,1751187804,2496,8.4942004,49.4796252,2,Counter({0: 2}),0.0030765803415784684
2497,1751189222,2497,8.4935826,49.4793622,2,Counter({0: 2}),0.001538549748412822
2498,1751558496,2498,8.5059446,49.4778958,2,Counter({0: 2}),0.0007878198855231442
2499,1751558498,2499,8.5061793,49.4776289,2,Counter({0: 2}),0.0021865196234442602
2500,1751558500,2500,8.5057982,49.4776337,4,Counter({0: 4}),0.025988993532525623
2501,1751558514,2501,8.5058817,49.4776284,3,Counter({0: 3}),0.002025804385146312
2502,1751558516,2502,8.5059137,49.4779396,4,"Counter({0: 2, 1: 2})",0.026623021669335452
2503,1751558518,2503,8.5058787,49.4779891,3,"Counter({1: 2, 0: 1})",0.013805138208401199
2504,1751600341,2504,8.5058429,49.4780394,3,Counter({0: 3}),0.04931351384128269
2505,1751600346,2505,8.506238,49.4781711,3,Counter({0: 3}),0.06319328598047116
2506,1751600347,2506,8.5008861,49.4780514,2,Counter({0: 2}),0.018316237490869015
2507,1751600349,2507,8.503417,49.4779364,4,Counter({0: 4}),0.03636044134493561
2508,1751600352,2508,8.5042665,49.4779137,3,Counter({0: 3}),0.03579020688837437
2509,1751600355,2509,8.4990249,49.4781752,3,Counter({0: 3}),0.01778335219418855
2510,1751600357,2510,8.4999715,49.4781079,2,Counter({0: 2}),0.01802633048801301
2511,1751648203,2511,8.510847,49.4848805,2,Counter({0: 2}),0.07863207449831011
2512,1751648207,2512,8.511753,49.484666,2,Counter({0: 2}),0.07845501713275886
2513,1753024334,2513,8.4809629,49.5220289,3,Counter({0: 3}),0.042186931928611955
2514,1753024382,2514,8.481639,49.5251295,4,"Counter({0: 2, 1: 2})",0.03652511502779296
2515,1753024389,2515,8.4818227,49.5252411,2,Counter({0: 2}),0.0010820176387250763
2516,1754245066,2516,8.4634762,49.4843059,3,"Counter({1: 2, 0: 1})",0.005518891771324777
2517,1754530860,2517,8.4876074,49.4844808,2,Counter({0: 2}),0.002284786889550087
2518,1755034751,2518,8.5213312,49.5164736,2,Counter({1: 2}),0.0004688133742351837
2519,1755206399,2519,8.4930323,49.5329968,2,Counter({0: 2}),0.005668835858599816
2520,1755206402,2520,8.4929008,49.5330324,2,Counter({0: 2}),0.006145357425290487
2521,1755206405,2521,8.4930093,49.5330491,2,Counter({0: 2}),0.0059054114375993675
2522,1755239357,2522,8.5033883,49.5027004,1,Counter({0: 1}),0.0004688133742351837
2523,1756280900,2523,8.46621,49.487763,3,Counter({0: 3}),0.04482887088336965
2524,1756280946,2524,8.4667744,49.4883742,3,Counter({0: 3}),0.007731380208875198
2525,1756290981,2525,8.4653434,49.4881001,4,Counter({0: 4}),0.043960763647218556
2526,1756299808,2526,8.524717,49.4744873,2,Counter({0: 2}),0.02957768472857769
2527,1756301709,2527,8.4646368,49.4860591,4,Counter({0: 4}),0.005838072142343222
2528,1756301712,2528,8.4655163,49.487009,3,Counter({0: 3}),0.006365569676367886
2529,1756534059,2529,8.524471,49.4760321,3,"Counter({1: 2, 0: 1})",0.14192359507203953
2530,1756534101,2530,8.5247648,49.4760325,2,Counter({0: 2}),0.14120054074089125
2531,1756725647,2531,8.5295058,49.4746768,2,Counter({0: 2}),0.0021621653043312145
2532,1756725648,2532,8.5285122,49.4740772,2,Counter({0: 2}),0.0008088837181879023
2533,1756947753,2533,8.5223683,49.4776085,2,Counter({0: 2}),0.003433567824098887
2534,1756960874,2534,8.4702665,49.4933315,3,"Counter({1: 2, 0: 1})",0.026952322537718648
2535,1756960878,2535,8.4700612,49.4932167,3,"Counter({1: 2, 0: 1})",0.0010446956426501005
2536,1756960879,2536,8.4704439,49.4935277,3,Counter({0: 3}),0.058580400265859055
2537,1757008569,2537,8.5178046,49.4619456,3,Counter({0: 3}),0.07951581409022117
2538,1757008944,2538,8.5204785,49.4782665,1,Counter({0: 1}),0.0004688133742351837
2539,1757059696,2539,8.526769,49.5107587,2,Counter({0: 2}),0.013219429253508445
2540,1757085043,2540,8.4789647,49.4772383,2,Counter({0: 2}),0.07975194944623525
2541,1757085071,2541,8.4756526,49.4799358,4,"Counter({1: 2, 0: 2})",0.004960270277580101
2542,1757085075,2542,8.4749562,49.4805427,3,Counter({0: 3}),0.025048197880498762
2543,1757085077,2543,8.4741667,49.4811696,2,Counter({0: 2}),0.022697100296167713
2544,1757085079,2544,8.4740791,49.481242,3,Counter({0: 3}),0.02333236652100007
2545,1757102489,2545,8.5128272,49.5176413,2,Counter({0: 2}),0.040435263547185143
2546,1757437969,2546,8.4700064,49.4934575,4,"Counter({1: 2, 2: 1, 0: 1})",0.02532922988117671
2547,1757437979,2547,8.469964,49.4930805,3,Counter({0: 3}),0.0010802620019544332
2548,1757441657,2548,8.4701894,49.4932729,4,"Counter({1: 2, 2: 1, 0: 1})",0.0018338299126475753
2549,1757441662,2549,8.4702207,49.4932404,3,Counter({0: 3}),0.001004820006980058
2550,1757455143,2550,8.4824128,49.4539825,2,Counter({0: 2}),0.01402042863507599
2551,1757455628,2551,8.4695005,49.4721827,4,Counter({0: 4}),0.0023431864582442365
2552,1757455645,2552,8.4685961,49.474897,2,Counter({0: 2}),0.0014096552652209744
2553,1757468379,2553,8.4729909,49.4924585,2,Counter({0: 2}),0.00293466675594874
2554,1757468380,2554,8.4730967,49.4924898,3,Counter({0: 3}),0.00817307734212999
2555,1757469962,2555,8.4731514,49.4924556,2,Counter({0: 2}),0.005441760553825839
2556,1757469968,2556,8.4730116,49.4925446,2,Counter({0: 2}),0.008023346598271253
2557,1757529945,2557,8.4803253,49.48971,3,"Counter({1: 2, 0: 1})",0.007993715411293094
2558,1758134162,2558,8.4876473,49.4762708,3,"Counter({1: 2, 0: 1})",0.0010398951520355787
2559,1759430921,2559,8.5379433,49.4808749,2,Counter({0: 2}),0.008419347053447495
2560,1759637048,2560,8.5150871,49.4430918,2,Counter({0: 2}),0.006266424200696648
2561,1762337673,2561,8.5084646,49.5174114,2,Counter({0: 2}),0.00214018364032211
2562,1762364037,2562,8.535485,49.5121611,2,Counter({0: 2}),0.008309794877909083
2563,1763671908,2563,8.4819717,49.5252602,2,Counter({0: 2}),0.0019445126168469344
2564,1763674449,2564,8.4859605,49.5220277,2,Counter({0: 2}),0.017626252704495093
2565,1763674452,2565,8.4869822,49.521874,2,Counter({0: 2}),0.017346885258361953
2566,1763674856,2566,8.4882568,49.5227059,2,Counter({0: 2}),0.01507855646140144
2567,1763718515,2567,8.4845691,49.4942606,2,Counter({0: 2}),0.026345377339403724
2568,1763718516,2568,8.4828982,49.493256,2,Counter({0: 2}),0.009136368005900663
2569,1763718522,2569,8.4830158,49.493288,3,Counter({0: 3}),0.028790332063697154
2570,1763718524,2570,8.4827982,49.4932438,3,Counter({0: 3}),0.009516646107354417
2571,1763718526,2571,8.4830587,49.4933151,2,Counter({0: 2}),0.026737657246168885
2572,1764662330,2572,8.4764912,49.5341974,2,Counter({0: 2}),0.003400715556876159
2573,1765396891,2573,8.4810446,49.5328608,2,Counter({0: 2}),0.011460832642222165
2574,1765404674,2574,8.489159,49.5288115,2,Counter({0: 2}),0.0031987985656747554
2575,1765409111,2575,8.4909157,49.5278118,2,Counter({0: 2}),0.014481018952003873
2576,1765431552,2576,8.5089972,49.5171963,2,Counter({0: 2}),0.0017394389660823394
2577,1768056160,2577,8.5467129,49.5074818,2,Counter({0: 2}),0.031089968799942032
2578,1768110792,2578,8.5449487,49.507192,2,Counter({0: 2}),0.03193277976388699
2579,1768122864,2579,8.5469619,49.5075367,2,Counter({0: 2}),0.030671325486283516
2580,1769873514,2580,8.4680211,49.4937813,3,"Counter({1: 2, 0: 1})",0.0012787274900087223
2581,1770826529,2581,8.4929362,49.4534405,2,Counter({0: 2}),0.003952518300759133
2582,1770826534,2582,8.4946917,49.453874,3,"Counter({1: 2, 0: 1})",0.01070385973882221
2583,1771675113,2583,8.4698682,49.4981084,2,Counter({0: 2}),0.0008766815040033716
2584,1772349425,2584,8.5385376,49.4837614,2,Counter({0: 2}),0.000569241694644448
2585,1772349426,2585,8.5381519,49.483774,2,Counter({0: 2}),0.0010064459343499348
2586,1772602795,2586,8.5176736,49.4888121,2,Counter({0: 2}),0.008299561549433745
2587,1773396237,2587,8.4562576,49.4880162,3,"Counter({1: 2, 0: 1})",0.0014287476005466551
2588,1776354582,2588,8.5247412,49.4402727,2,Counter({0: 2}),0.004679150093590765
2589,1776354584,2589,8.5245093,49.4403577,2,Counter({0: 2}),0.002849518612166816
2590,1777366830,2590,8.5236558,49.438472,2,Counter({0: 2}),0.0005600196386918247
2591,1780103213,2591,8.4746624,49.5345324,2,Counter({0: 2}),0.0022026178866545298
2592,1780104564,2592,8.4748055,49.5345949,3,Counter({0: 3}),0.0029437417444341187
2593,1780440520,2593,8.4741379,49.5341523,2,Counter({0: 2}),0.001737686335958081
2594,1780538243,2594,8.5282026,49.4445491,2,Counter({0: 2}),0.0014059964857296957
2595,1781497673,2595,8.526981,49.443488,2,Counter({0: 2}),0.003655091837759411
2596,1781740742,2596,8.5330889,49.4482317,3,Counter({0: 3}),0.00923316347592651
2597,1787850902,2597,8.4815284,49.5287598,3,"Counter({1: 2, 0: 1})",0.013130772023375032
2598,1787850914,2598,8.4816587,49.5288881,3,"Counter({1: 2, 0: 1})",0.019561043154294987
2599,1787857309,2599,8.4817281,49.5287835,3,"Counter({1: 2, 0: 1})",0.007117581613319014
2600,1787903747,2600,8.4702438,49.5027864,2,Counter({0: 2}),0.005393115221337711
2601,1787905922,2601,8.4705568,49.5020191,2,Counter({0: 2}),0.0059369512300680985
2602,1787907432,2602,8.4708471,49.5020224,2,Counter({0: 2}),0.00666283458381075
2603,1787908234,2603,8.4711944,49.5001735,3,Counter({0: 3}),0.0037763389208019093
2604,1787908235,2604,8.4711776,49.5001052,4,"Counter({0: 2, 1: 2})",0.002024351544765662
2605,1787908660,2605,8.4712612,49.5000193,3,Counter({0: 3}),0.0016390137389291567
2606,1791270153,2606,8.5029234,49.5052954,3,Counter({0: 3}),0.12936991368078157
2607,1791363231,2607,8.5014326,49.5052818,2,Counter({0: 2}),0.06483877777889911
2608,1791452281,2608,8.4796725,49.48804,3,Counter({0: 3}),0.1338656761973529
2609,1802594621,2609,8.4889819,49.5289837,2,Counter({0: 2}),0.011109186930286386
2610,1803270471,2610,8.5179118,49.5124189,2,Counter({0: 2}),0.000492509134208064
2611,1803270491,2611,8.5179011,49.5123042,2,Counter({0: 2}),0.0005855305656079668
2612,1806866384,2612,8.5181079,49.4618354,3,Counter({0: 3}),0.07018290285406346
2613,1806886375,2613,8.4875886,49.4753106,2,Counter({0: 2}),0.004574625414829374
2614,1806886384,2614,8.4827087,49.4737929,2,Counter({0: 2}),0.001086662331577627
2615,1806886393,2615,8.4736501,49.4800125,2,Counter({0: 2}),0.004502680267577051
2616,1806886406,2616,8.4817754,49.4742521,3,Counter({0: 3}),0.001945966860084338
2617,1806886452,2617,8.4818552,49.4743921,3,Counter({0: 3}),0.0023604021035795665
2618,1806886460,2618,8.4817739,49.4746192,4,Counter({0: 4}),0.003897937003432345
2619,1806956729,2619,8.4835812,49.4548138,2,Counter({0: 2}),0.0013386745746436402
2620,1806956732,2620,8.4835592,49.454783,2,Counter({0: 2}),0.0009318594677842474
2621,1806956734,2621,8.48358,49.4547383,2,Counter({0: 2}),0.000530478913879083
2622,1806956737,2622,8.4835886,49.4548879,2,Counter({0: 2}),0.0075643840207739845
2623,1806961339,2623,8.4836139,49.4548584,3,Counter({0: 3}),0.007164685590402129
2624,1806966155,2624,8.4822003,49.4560847,2,Counter({0: 2}),0.009272358650506561
2625,1807018176,2625,8.4972539,49.4534253,2,Counter({0: 2}),0.007476059407871074
2626,1807024603,2626,8.5037343,49.4556371,2,Counter({0: 2}),0.015818874557319618
2627,1807024604,2627,8.5037024,49.4556826,2,Counter({0: 2}),0.015357270283942083
2628,1807025187,2628,8.5042876,49.4557952,2,Counter({0: 2}),0.016280257012209223
2629,1807048999,2629,8.5121204,49.4541843,3,Counter({0: 3}),0.038879911677672616
2630,1807049003,2630,8.5130085,49.4541667,2,Counter({0: 2}),0.000858677851642234
2631,1807049005,2631,8.5132839,49.4541565,2,Counter({0: 2}),0.0004692939809590269
2632,1807049010,2632,8.5131343,49.4541627,3,Counter({0: 3}),0.0007812447144812324
2633,1808551008,2633,8.4808389,49.4895237,3,"Counter({1: 2, 0: 1})",0.14225328574008425
2634,1809855265,2634,8.5207144,49.4646447,2,Counter({0: 2}),0.013611838315551204
2635,1812126906,2635,8.5086098,49.5132693,2,Counter({0: 2}),0.009982584331603447
2636,1812126907,2636,8.5094314,49.5136449,3,"Counter({1: 2, 0: 1})",0.0037027044523314143
2637,1814315266,2637,8.5486376,49.5071318,2,Counter({0: 2}),0.0014059964857296957
2638,1818741288,2638,8.4904223,49.4535202,2,Counter({0: 2}),0.0013560523274224125
2639,1818832802,2639,8.525341,49.4734651,2,Counter({0: 2}),0.08474401092401795
2640,1822522188,2640,8.4947379,49.4755459,3,Counter({0: 3}),0.007012181494992281
2641,1824766761,2641,8.4760686,49.4893084,1,Counter({0: 1}),0.0004688133742351837
2642,1824776079,2642,8.4786433,49.4875426,3,"Counter({1: 2, 0: 1})",0.0019748526831965133
2643,1825167406,2643,8.4878733,49.4976594,2,Counter({0: 2}),0.0503196538152018
2644,1825168113,2644,8.4867896,49.496482,2,Counter({0: 2}),0.044155395627300205
2645,1825169023,2645,8.4870254,49.4965865,2,Counter({0: 2}),0.003848957439505576
2646,1825169026,2646,8.4872425,49.4964543,2,Counter({0: 2}),0.004150954775384529
2647,1825169029,2647,8.4872809,49.4963841,4,Counter({0: 4}),0.10660113478730658
2648,1825169032,2648,8.486924,49.496631,4,Counter({0: 4}),0.055906453311863925
2649,1825219710,2649,8.4868539,49.4965562,2,Counter({0: 2}),0.04408493260798332
2650,1825219717,2650,8.487222,49.4963174,2,Counter({0: 2}),0.09941240147898059
2651,1825221205,2651,8.4870911,49.4961688,4,Counter({0: 4}),0.10602362432335438
2652,1825221206,2652,8.4862687,49.4959146,2,Counter({0: 2}),0.044303871838890854
2653,1825221207,2653,8.4867927,49.4963328,2,Counter({0: 2}),0.0010015206838113824
2654,1825221210,2654,8.4870175,49.4962088,2,Counter({0: 2}),0.0013183138409743709
2655,1825221211,2655,8.4866976,49.4963857,3,Counter({0: 3}),0.04456215525794677
2656,1825247885,2656,8.4879285,49.4955436,2,Counter({0: 2}),0.007568254530477347
2657,1825252103,2657,8.48776,49.4948707,2,Counter({0: 2}),0.0009009347044427756
2658,1825255387,2658,8.4880707,49.4951008,2,Counter({0: 2}),0.006081168137636816
2659,1825258848,2659,8.4883005,49.4950948,2,Counter({0: 2}),0.011545577159638824
2660,1825259754,2660,8.4883612,49.495036,3,Counter({0: 3}),0.012857370813024151
2661,1825259756,2661,8.4883897,49.4949818,3,"Counter({1: 2, 0: 1})",0.010656283626815066
2662,1825260207,2662,8.4881866,49.4952281,2,Counter({0: 2}),0.007205239332546673
2663,1825260208,2663,8.4882358,49.495163,3,Counter({0: 3}),0.012231351846687423
2664,1825260544,2664,8.4881623,49.4951343,2,Counter({0: 2}),0.005877462713666187
2665,1825261738,2665,8.4879852,49.4950783,3,Counter({0: 3}),0.0068399465099958845
2666,1825262403,2666,8.486226,49.4952406,2,Counter({0: 2}),0.10479621238388094
2667,1825262507,2667,8.4871289,49.4946195,2,Counter({0: 2}),0.0010708651017400676
2668,1825263209,2668,8.486596,49.4956414,2,Counter({0: 2}),0.10471056740617132
2669,1825708543,2669,8.53524,49.4812643,3,Counter({0: 3}),0.005590336513238388
2670,1825708545,2670,8.5355744,49.4816817,2,Counter({0: 2}),0.006045840778197908
2671,1825724913,2671,8.4900372,49.4934258,2,Counter({0: 2}),0.003204899022529599
2672,1825724919,2672,8.4881996,49.4945455,2,Counter({0: 2}),0.0030353061199391326
2673,1825727266,2673,8.4901216,49.4933387,2,Counter({0: 2}),0.003466386050048364
2674,1825739824,2674,8.4904901,49.4916879,2,Counter({0: 2}),0.0040797916295927964
2675,1825739825,2675,8.4906124,49.4913797,2,Counter({0: 2}),0.004412562492856992
2676,1825783178,2676,8.4852779,49.4943181,2,Counter({0: 2}),0.019228603275514386
2677,1825783179,2677,8.4847506,49.4943552,3,Counter({0: 3}),0.044660923937876934
2678,1825783180,2678,8.4853932,49.4943254,3,Counter({0: 3}),0.12520000853281682
2679,1825783184,2679,8.4852331,49.4947845,2,Counter({0: 2}),0.044472640938283216
2680,1825783186,2680,8.4852364,49.4939983,2,Counter({0: 2}),0.12540338263293035
2681,1825783188,2681,8.4857504,49.4953504,2,Counter({0: 2}),0.04435851003204831
2682,1831969008,2682,8.547894,49.4653691,2,Counter({0: 2}),0.004898697200507326
2683,1831969010,2683,8.5477878,49.4653207,2,Counter({0: 2}),0.005314237167891873
2684,1831969015,2684,8.5476908,49.4652781,2,Counter({0: 2}),0.005734657142010823
2685,1833150667,2685,8.4896612,49.5013825,2,Counter({0: 2}),0.0011863361068407965
2686,1833443908,2686,8.4895745,49.5039059,2,Counter({0: 2}),0.002227013062122518
2687,1833443920,2687,8.489242,49.5041681,3,Counter({0: 3}),0.0047671197680469735
2688,1834049574,2688,8.5020401,49.5033674,2,Counter({0: 2}),0.001687964716089238
2689,1835794662,2689,8.5492726,49.5073676,1,Counter({0: 1}),0.0004688133742351837
2690,1836601520,2690,8.4954614,49.4792751,2,Counter({0: 2}),0.005970401555836257
2691,1838798045,2691,8.4762846,49.4863498,3,"Counter({1: 2, 0: 1})",0.0009627148065540696
2692,1838798047,2692,8.4759528,49.4861895,3,"Counter({1: 2, 0: 1})",0.001687623953929968
2693,1838987648,2693,8.4722484,49.4843354,2,Counter({0: 2}),0.001146003090757682
2694,1839174776,2694,8.47869,49.5145001,2,Counter({0: 2}),0.001423122336551036
2695,1839174779,2695,8.4786493,49.5144352,2,Counter({0: 2}),0.0015905114986514385
2696,1839178937,2696,8.4787338,49.5145587,2,Counter({0: 2}),0.001275239308711549
2697,1839178939,2697,8.4788388,49.5145266,2,Counter({0: 2}),0.0011487510722553364
2698,1839182475,2698,8.4791192,49.5144662,2,Counter({0: 2}),0.0015041954282269158
2699,1840654135,2699,8.4904702,49.5306899,2,Counter({0: 2}),0.010622696834505228
2700,1840658760,2700,8.4817977,49.5318544,3,Counter({0: 3}),0.013958271869503724
2701,1840663356,2701,8.4792921,49.5319648,2,Counter({0: 2}),0.001127835539566304
2702,1840696551,2702,8.488589,49.5283466,3,Counter({0: 3}),0.014228040327024655
2703,1840696554,2703,8.4883962,49.5279485,2,Counter({0: 2}),0.014383348007125013
2704,1840908315,2704,8.488427,49.527815,2,Counter({0: 2}),0.014604670900537497
2705,1840968102,2705,8.4939447,49.5236072,2,Counter({0: 2}),0.00590289490215716
2706,1842035786,2706,8.5197962,49.5165208,2,Counter({0: 2}),0.0072286519194143814
2707,1843181599,2707,8.4840295,49.4806156,4,Counter({0: 4}),0.013837818705587493
2708,1843181600,2708,8.4842377,49.480839,2,Counter({0: 2}),0.0025560848799081066
2709,1843191476,2709,8.4852517,49.4766667,2,Counter({0: 2}),0.00284862357151061
2710,1843217237,2710,8.52121,49.4825569,1,Counter({0: 1}),1.1090924396384758e-07
2711,1843992895,2711,8.5089901,49.4661613,2,Counter({0: 2}),0.005612340472302579
2712,1844416217,2712,8.5239133,49.4393041,2,Counter({0: 2}),0.006078602933926594
2713,1844416231,2713,8.5239628,49.4393743,2,Counter({0: 2}),0.005612340472302579
2714,1850257590,2714,8.4816629,49.5261706,3,"Counter({1: 2, 0: 1})",0.009296070243219033
2715,1850370408,2715,8.4817117,49.5258092,2,Counter({0: 2}),0.010121617127062535
2716,1850371210,2716,8.4815551,49.5263377,3,"Counter({1: 2, 0: 1})",0.0006947770933636984
2717,1850464566,2717,8.4784671,49.5085066,2,Counter({0: 2}),0.014191212204397768
2718,1850464576,2718,8.4797662,49.5087846,2,Counter({0: 2}),0.014023539540212484
2719,1850464596,2719,8.4810711,49.5091168,2,Counter({0: 2}),0.013865942938672887
2720,1850464597,2720,8.4822841,49.5094666,2,Counter({0: 2}),0.013721827690820105
2721,1850471865,2721,8.4761776,49.50826,4,Counter({0: 4}),0.01566859173791498
2722,1850514633,2722,8.470379,49.5081824,2,Counter({0: 2}),0.03378370953700685
2723,1850553767,2723,8.4749591,49.4966202,3,"Counter({1: 2, 0: 1})",0.0029257496392204345
2724,1850553769,2724,8.472135,49.4974266,3,Counter({0: 3}),0.01668207516091902
2725,1850734616,2725,8.4933393,49.4868064,2,Counter({0: 2}),0.015301498202882638
2726,1851307842,2726,8.4934276,49.4869371,3,Counter({0: 3}),0.15521125628303942
2727,1853452681,2727,8.5069164,49.5056229,2,Counter({0: 2}),0.003343958217816369
2728,1854703988,2728,8.5119173,49.507458,2,Counter({0: 2}),0.02804803889415111
2729,1858228453,2729,8.5057839,49.4775226,3,Counter({0: 3}),0.005844764775749234
2730,1858228454,2730,8.505921,49.477624,3,Counter({0: 3}),0.0026970413003352288
2731,1859500177,2731,8.5058907,49.4777317,3,"Counter({1: 2, 0: 1})",0.000537154302089934
2732,1859530217,2732,8.5041223,49.4777671,2,Counter({1: 2}),0.0004688133742351837
2733,1859531686,2733,8.5048471,49.4777444,3,Counter({0: 3}),0.03241267106150456
2734,1859532578,2734,8.5043031,49.4777734,3,"Counter({1: 2, 0: 1})",0.013204037968616224
2735,1859536672,2735,8.5073694,49.4776597,2,Counter({0: 2}),0.0024182083992997806
2736,1860572349,2736,8.5326061,49.4808708,2,Counter({0: 2}),0.0023246138247228743
2737,1860636207,2737,8.5325475,49.4808731,2,Counter({0: 2}),0.0018605140933561574
2738,1861214976,2738,8.5038899,49.4767315,2,Counter({0: 2}),0.031117253589798534
2739,1861259072,2739,8.4913788,49.4706965,2,Counter({0: 2}),0.002584386253389907
2740,1861263122,2740,8.4917847,49.4704079,2,Counter({0: 2}),0.003868005248932297
2741,1861293899,2741,8.4905084,49.4703866,2,Counter({0: 2}),0.02245887883680173
2742,1861295901,2742,8.4905743,49.4712884,2,Counter({0: 2}),0.0023594453053963024
2743,1861315727,2743,8.4897701,49.4728915,2,Counter({0: 2}),0.0029048475887222367
2744,1861365302,2744,8.489206,49.4745616,3,Counter({0: 3}),0.004956163949410294
2745,1861367018,2745,8.4896564,49.4731741,2,Counter({0: 2}),0.00345590322332029
2746,1861367276,2746,8.488835,49.4754396,2,Counter({0: 2}),0.00528700622415445
2747,1861373002,2747,8.4891143,49.4765832,2,Counter({0: 2}),0.007296121244168074
2748,1861381323,2748,8.4883724,49.476261,2,Counter({0: 2}),0.004369209978983845
2749,1861381326,2749,8.4881912,49.4762517,4,"Counter({1: 2, 0: 2})",0.0072839522651729225
2750,1861381330,2750,8.4885146,49.4762411,3,Counter({0: 3}),0.00867566989590289
2751,1861385068,2751,8.4881292,49.4762482,3,"Counter({1: 2, 2: 1})",0.0007677179821182459
2752,1861386034,2752,8.4878082,49.4758807,2,Counter({0: 2}),0.00408222241839694
2753,1861410101,2753,8.4861745,49.4737878,3,Counter({0: 3}),0.0072489721328384054
2754,1861410104,2754,8.4861024,49.4738158,4,Counter({0: 4}),0.011272552033312244
2755,1861494294,2755,8.4836254,49.4738178,2,Counter({0: 2}),0.006941988924371298
2756,1861497874,2756,8.4821636,49.4741925,3,Counter({0: 3}),0.0022831590328755607
2757,1861707848,2757,8.4858771,49.4666302,2,Counter({0: 2}),0.001822352796655838
2758,1863431636,2758,8.5245263,49.484493,2,Counter({0: 2}),0.054441611983456206
2759,1872390516,2759,8.5222496,49.5153991,2,Counter({0: 2}),0.003213282253455195
2760,1874818421,2760,8.5243616,49.4401757,2,Counter({0: 2}),0.002649995505696287
2761,1874818427,2761,8.5243029,49.4401022,2,Counter({0: 2}),0.002767006056651395
2762,1874844375,2762,8.5052454,49.4560286,2,Counter({0: 2}),0.05600896954520818
2763,1874844376,2763,8.505343,49.4560587,3,Counter({0: 3}),0.056472316120453774
2764,1874844379,2764,8.5054869,49.4561386,2,Counter({0: 2}),0.02451377505081541
2765,1881210067,2765,8.5220427,49.5154566,2,Counter({0: 2}),0.002967656974432371
2766,1882657370,2766,8.5309474,49.4544213,2,Counter({0: 2}),0.025722332083462054
2767,1885382051,2767,8.4728111,49.497157,2,Counter({0: 2}),0.0026573977958062223
2768,1885391810,2768,8.4751141,49.495982,2,Counter({0: 2}),0.002235282908424556
2769,1885648040,2769,8.4720307,49.5001221,2,Counter({0: 2}),0.013743745213487021
2770,1885648043,2770,8.4715649,49.5000521,3,Counter({0: 3}),0.016128035182481782
2771,1885648056,2771,8.4724987,49.500066,2,Counter({0: 2}),0.013427118687076344
2772,1885649792,2772,8.4714256,49.5002847,3,Counter({0: 3}),0.008943836396398699
2773,1885649793,2773,8.4715284,49.5002741,2,Counter({0: 2}),0.004275285896852667
2774,1885653017,2774,8.4816114,49.4989833,2,Counter({0: 2}),0.002523720747860596
2775,1885653018,2775,8.4756764,49.4996951,2,Counter({0: 2}),0.01283850000320972
2776,1885653019,2776,8.4841329,49.4986875,2,Counter({0: 2}),0.0013145505886637857
2777,1885653020,2777,8.4787402,49.4993248,2,Counter({0: 2}),0.006030104754939037
2778,1885653021,2778,8.4803932,49.4991286,4,Counter({0: 4}),0.011050088749675571
2779,1885653022,2779,8.4772883,49.4995004,2,Counter({0: 2}),0.0064178699980536906
2780,1885653026,2780,8.4739543,49.4999183,2,Counter({0: 2}),0.01312503790801153
2781,1885689211,2781,8.4711636,49.5000479,4,"Counter({1: 2, 0: 2})",0.0028515951611506538
2782,1885689213,2782,8.4710699,49.500056,3,"Counter({1: 2, 0: 1})",0.0008617885579249641
2783,1885691184,2783,8.4709996,49.5000204,4,Counter({0: 4}),0.004778306656766492
2784,1885932249,2784,8.4735266,49.495198,2,Counter({0: 2}),0.017604850699658156
2785,1885973741,2785,8.4740831,49.4959343,3,Counter({0: 3}),0.01356243657214703
2786,1887394933,2786,8.472093,49.4916881,2,Counter({0: 2}),0.0011351413562261283
2787,1887394944,2787,8.4712919,49.4920016,2,Counter({0: 2}),0.06270997814113473
2788,1888654929,2788,8.4726698,49.4923141,2,Counter({0: 2}),0.0015910031965303164
2789,1889361750,2789,8.5071727,49.527697,2,Counter({0: 2}),0.007661757817304163
2790,1890744357,2790,8.5218796,49.5153558,2,Counter({0: 2}),0.0026342884035854192
2791,1892895443,2791,8.4839006,49.4691707,4,Counter({1: 4}),0.00212986831054354
2792,1892895449,2792,8.4837682,49.4692074,3,"Counter({1: 2, 0: 1})",0.0014059964857296957
2793,1893097510,2793,8.4897249,49.4939582,2,Counter({0: 2}),0.008150528277781652
2794,1893107078,2794,8.4904566,49.4962007,2,Counter({0: 2}),0.0031075633123667998
2795,1893108089,2795,8.4905559,49.4962525,2,Counter({0: 2}),0.002950405837913731
2796,1893115150,2796,8.4925018,49.4968186,1,Counter({0: 1}),0.0004688133742351837
2797,1893805609,2797,8.5014878,49.5053173,2,Counter({0: 2}),0.06453346510531247
2798,1893805622,2798,8.5020861,49.5046833,2,Counter({0: 2}),0.01647243106419612
2799,1893823600,2799,8.5057898,49.5044414,2,Counter({0: 2}),0.003084580994691226
2800,1899750336,2800,8.5077453,49.4660482,2,Counter({0: 2}),0.0007761149939037053
2801,1899750338,2801,8.5070767,49.4663184,2,Counter({0: 2}),0.0007192555214982395
2802,1899750339,2802,8.5062158,49.4666427,2,Counter({0: 2}),0.0010751558914286288
2803,1899750340,2803,8.5053107,49.4669827,2,Counter({0: 2}),0.0014356220252355297
2804,1899750342,2804,8.5042337,49.4673873,2,Counter({0: 2}),0.0018027769947193048
2805,1899750344,2805,8.503258,49.4677545,2,Counter({0: 2}),0.0021750791613888566
2806,1899750345,2806,8.5023747,49.4680845,2,Counter({0: 2}),0.0025488332308884806
2807,1899750347,2807,8.5017934,49.4682238,2,Counter({0: 2}),0.0029697338117312825
2808,1899750348,2808,8.500526,49.4686392,3,Counter({0: 3}),0.045008343653118656
2809,1899750349,2809,8.5013923,49.4683172,2,Counter({0: 2}),0.03698168089889365
2810,1899750350,2810,8.5027105,49.4678288,2,Counter({0: 2}),0.03336076848782747
2811,1899750351,2811,8.5036456,49.4674768,2,Counter({0: 2}),0.0329874546344017
2812,1899750352,2812,8.5046351,49.4671026,2,Counter({0: 2}),0.03261642285270054
2813,1899750353,2813,8.5055823,49.466749,2,Counter({0: 2}),0.03225050973066053
2814,1899750354,2814,8.5064753,49.4664125,2,Counter({0: 2}),0.03189220373442732
2815,1903158501,2815,8.5361413,49.4828729,2,Counter({0: 2}),0.0009375158392264035
2816,1904318268,2816,8.4839529,49.4758885,2,Counter({0: 2}),0.009371443128456
2817,1904793498,2817,8.5267296,49.5151554,3,"Counter({1: 2, 0: 1})",0.03262758176728002
2818,1907387649,2818,8.5073553,49.4417133,2,Counter({0: 2}),0.005498208498695306
2819,1907387657,2819,8.5068645,49.441707,2,Counter({0: 2}),0.005276500201634189
2820,1907387659,2820,8.5074242,49.441775,2,Counter({0: 2}),0.005734121951537478
2821,1907387811,2821,8.4840547,49.4686232,4,Counter({1: 4}),0.02393589681317402
2822,1907387819,2822,8.4838761,49.4686591,3,"Counter({1: 2, 0: 1})",0.03550655816668472
2823,1908048390,2823,8.492948,49.5048145,2,Counter({0: 2}),0.0029880437171288573
2824,1908095625,2824,8.4733694,49.5186878,2,Counter({0: 2}),0.0032777008868635875
2825,1908099989,2825,8.4739914,49.5179834,2,Counter({0: 2}),0.0042122221765029675
2826,1909864218,2826,8.4680545,49.5316077,2,Counter({0: 2}),0.0027574228947096838
2827,1909864228,2827,8.4670315,49.5311658,2,Counter({0: 2}),0.0030565673075289737
2828,1910266983,2828,8.4706939,49.4837092,3,Counter({0: 3}),0.0014545772009784688
2829,1911101134,2829,8.5218114,49.4886721,2,Counter({0: 2}),0.01832821775509373
2830,1911126638,2830,8.4681664,49.5295146,1,Counter({0: 1}),0.0004688133742351837
2831,1911126641,2831,8.468016,49.5294546,3,Counter({0: 3}),0.004101359144724102
2832,1912025948,2832,8.4658258,49.4855979,3,Counter({0: 3}),0.0010207357926024937
2833,1912025981,2833,8.4667857,49.4858549,3,Counter({0: 3}),0.0011492984448665472
2834,1912026008,2834,8.4659022,49.4861626,3,Counter({0: 3}),0.012310120982847473
2835,1917471534,2835,8.4903322,49.478546,2,Counter({0: 2}),0.0024257409193691863
2836,1917549516,2836,8.4642888,49.4856845,2,Counter({0: 2}),0.0026747479738054424
2837,1918397909,2837,8.5161379,49.46309,2,Counter({0: 2}),0.06266924363907284
2838,1919066557,2838,8.4603764,49.4875948,2,Counter({0: 2}),0.000998288201480077
2839,1920711832,2839,8.460764,49.4897187,3,Counter({0: 3}),0.004111011519243771
2840,1920711836,2840,8.4607378,49.4898704,2,Counter({0: 2}),0.0007051104558832642
2841,1920843207,2841,8.4642472,49.4869051,2,Counter({0: 2}),0.0007399423115101093
2842,1922324024,2842,8.4782416,49.4831829,2,Counter({0: 2}),0.00177991645806679
2843,1924123421,2843,8.4642611,49.4869202,2,Counter({0: 2}),0.0011647431077410676
2844,1927740980,2844,8.4725336,49.4805596,3,Counter({0: 3}),0.003094405321005487
2845,1928067799,2845,8.4571254,49.4942565,3,Counter({0: 3}),0.004858986257713939
2846,1928081320,2846,8.4604213,49.4966018,2,Counter({0: 2}),0.0014363203964200654
2847,1928517485,2847,8.4579692,49.4981482,2,Counter({0: 2}),0.0007894631644720967
2848,1930804418,2848,8.5354994,49.5119977,2,Counter({0: 2}),0.008734422009349069
2849,1932530345,2849,8.5271552,49.5138522,3,"Counter({1: 2, 0: 1})",0.042261811421689464
2850,1934160330,2850,8.4837958,49.4700092,3,Counter({0: 3}),0.09616290890255356
2851,1934160331,2851,8.4837237,49.4700941,2,Counter({0: 2}),0.004822756109709249
2852,1937831629,2852,8.5128024,49.481268,2,Counter({0: 2}),0.15178346335224643
2853,1937837946,2853,8.4598897,49.4931296,3,"Counter({1: 2, 0: 1})",0.039468350973474904
2854,1940677190,2854,8.4898583,49.4877605,3,Counter({0: 3}),0.0007707869980460725
2855,1940677192,2855,8.4898955,49.4877246,3,Counter({0: 3}),0.005170693471837371
2856,1940702179,2856,8.4897177,49.4875255,2,Counter({0: 2}),0.004890338876667057
2857,1941157332,2857,8.5043786,49.4451802,2,Counter({0: 2}),0.004858962832342762
2858,1942628899,2858,8.5033184,49.5190428,3,Counter({0: 3}),0.014467934430006322
2859,1942634326,2859,8.5053097,49.5185991,3,Counter({0: 3}),0.016326730350811
2860,1942637888,2860,8.500012,49.5200019,2,Counter({0: 2}),0.01344556646018161
2861,1942637889,2861,8.4966103,49.5209653,2,Counter({0: 2}),0.013913127657749467
2862,1942637892,2862,8.5021966,49.5193729,2,Counter({0: 2}),0.013968999901290925
2863,1942637893,2863,8.4989545,49.5203042,2,Counter({0: 2}),0.013141384970991656
2864,1942637897,2864,8.4954876,49.5212772,2,Counter({0: 2}),0.014028129452815572
2865,1942637899,2865,8.5011124,49.5197107,2,Counter({0: 2}),0.013675917457910265
2866,1942637914,2866,8.4987809,49.5203599,3,Counter({0: 3}),0.017344876257528254
2867,1942637915,2867,8.4943512,49.5215718,2,Counter({0: 2}),0.014163581592120469
2868,1942637923,2868,8.4976785,49.5206684,2,Counter({0: 2}),0.0137205972135693
2869,1942689028,2869,8.4914823,49.5219766,2,Counter({0: 2}),0.014675051284517624
2870,1942689031,2870,8.4923519,49.5218553,2,Counter({0: 2}),0.014317318352617752
2871,1949766677,2871,8.5102997,49.5070068,2,Counter({0: 2}),0.004602688181409124
2872,1955036311,2872,8.5495639,49.48791,1,Counter({0: 1}),0.0004688133742351837
2873,1955202241,2873,8.5517611,49.4925632,2,Counter({0: 2}),0.007010462401710841
2874,1956172696,2874,8.5420896,49.4983345,2,Counter({0: 2}),0.012489247753257283
2875,1959017790,2875,8.4807805,49.4895076,3,"Counter({1: 2, 0: 1})",0.012217439002728168
2876,1962329914,2876,8.4880392,49.4790594,2,Counter({0: 2}),0.011393491427652834
2877,1962435942,2877,8.5370444,49.4838825,3,"Counter({1: 2, 0: 1})",0.000993022218855473
2878,1982590583,2878,8.4600014,49.4930083,4,"Counter({0: 2, 1: 2})",0.04197955237907078
2879,1982590585,2879,8.460187,49.4929454,3,Counter({0: 3}),0.032517340868320234
2880,1983393784,2880,8.5136122,49.4520295,2,Counter({0: 2}),0.0016666609363557286
2881,1985793259,2881,8.5050586,49.4559684,2,Counter({0: 2}),0.0167414176486109
2882,1985796938,2882,8.5013874,49.4549698,2,Counter({0: 2}),0.0130459216397355
2883,1986209171,2883,8.5334006,49.4848158,2,Counter({0: 2}),0.00655699565671063
2884,1986237235,2884,8.5350684,49.4813495,2,Counter({0: 2}),0.002342292323272497
2885,1986480613,2885,8.5357248,49.5045285,2,Counter({0: 2}),0.012056018307617367
2886,1995749872,2886,8.4816348,49.4738386,2,Counter({0: 2}),0.09721423741906587
2887,1995778980,2887,8.4865397,49.4741451,3,Counter({0: 3}),0.009329672820288154
2888,2001600368,2888,8.4870045,49.4984654,3,Counter({0: 3}),0.005307689771937636
2889,2001600370,2889,8.4877913,49.4983738,2,Counter({0: 2}),0.002707765766797182
2890,2001600372,2890,8.4874092,49.49842,2,Counter({0: 2}),0.0023453166021151434
2891,2001603738,2891,8.486073,49.498577,2,Counter({0: 2}),0.004568418346862365
2892,2001603740,2892,8.4851538,49.4986787,2,Counter({0: 2}),0.0042135237118538825
2893,2001607601,2893,8.4841657,49.4988037,2,Counter({0: 2}),0.004135332440932542
2894,2001617203,2894,8.4840907,49.4981176,2,Counter({0: 2}),0.0019231207033222823
2895,2001617212,2895,8.4842381,49.4986735,2,Counter({0: 2}),0.0015681203868743215
2896,2001617217,2896,8.4842728,49.4987912,2,Counter({0: 2}),0.004057995402827572
2897,2001617220,2897,8.4839576,49.4976474,3,"Counter({1: 2, 0: 1})",0.0023617100762524544
2898,2001629643,2898,8.4840413,49.4987587,2,Counter({0: 2}),0.004284823313896609
2899,2001629645,2899,8.4838745,49.4981433,2,Counter({0: 2}),0.002710689763165076
2900,2001629646,2900,8.4840244,49.4987002,4,Counter({0: 4}),0.005457412724280287
2901,2001633056,2901,8.4857221,49.5006874,2,Counter({0: 2}),0.0014059964857296957
2902,2001633293,2902,8.4866421,49.5005789,2,Counter({0: 2}),0.0009375158392264035
2903,2001634949,2903,8.4837286,49.5009254,2,Counter({0: 2}),0.002342292323272497
2904,2001649832,2904,8.4851866,49.4969835,2,Counter({0: 2}),0.013888279211805975
2905,2001649833,2905,8.4812523,49.4977865,2,Counter({0: 2}),0.010183280848545972
2906,2001649837,2906,8.4837153,49.4973378,3,Counter({0: 3}),0.009851113416587917
2907,2001650024,2907,8.4838737,49.4972983,3,"Counter({1: 2, 0: 1})",0.010041602297748505
2908,2001650025,2908,8.4835675,49.4973746,3,Counter({0: 3}),0.01125530503204928
2909,2001656452,2909,8.4795175,49.4979493,3,Counter({0: 3}),0.013810010087134455
2910,2001675370,2910,8.4795302,49.4980315,2,Counter({0: 2}),0.008506376040862271
2911,2001678897,2911,8.478395,49.5015644,2,Counter({0: 2}),0.001781405831020867
2912,2001697872,2912,8.4764652,49.501708,2,Counter({0: 2}),0.007255187384839352
2913,2001698976,2913,8.4777302,49.4994474,2,Counter({0: 2}),0.006210448146154952
2914,2001708884,2914,8.4913886,49.4996231,2,Counter({0: 2}),0.00258609649237937
2915,2004844603,2915,8.4631968,49.4844152,4,Counter({1: 4}),0.01023835364790658
2916,2005190169,2916,8.4601548,49.4931038,3,"Counter({1: 2, 0: 1})",0.001192730250139878
2917,2005355985,2917,8.4659399,49.4941072,2,Counter({0: 2}),0.0028107384343440214
2918,2006280943,2918,8.4604694,49.4953129,2,Counter({0: 2}),0.00325220166579669
2919,2006360799,2919,8.4648452,49.5069971,2,Counter({0: 2}),0.005005702953839998
2920,2006649634,2920,8.4880778,49.5004346,1,Counter({0: 1}),0.0004688133742351837
2921,2006684161,2921,8.4880583,49.5021317,4,Counter({0: 4}),0.027725429723433254
2922,2007959387,2922,8.4863605,49.5263644,2,Counter({0: 2}),0.017395099153798617
2923,2010625379,2923,8.4723489,49.4842952,2,Counter({0: 2}),0.0014052916222374809
2924,2010655360,2924,8.4730069,49.4826376,3,"Counter({1: 2, 0: 1})",0.0011482804231858987
2925,2010655361,2925,8.4733157,49.4826785,3,"Counter({1: 2, 0: 1})",0.010329852360943836
2926,2010689791,2926,8.4778433,49.47659,2,Counter({0: 2}),0.0027022197313867477
2927,2010766289,2927,8.4718126,49.4810039,3,"Counter({1: 2, 0: 1})",0.0038347793833811124
2928,2010766291,2928,8.4716851,49.481243,3,"Counter({1: 2, 0: 1})",0.009229053214017461
2929,2010826495,2929,8.4712622,49.4810913,3,"Counter({1: 2, 0: 1})",0.0006994232555699659
2930,2011028203,2930,8.4912268,49.4769049,2,Counter({0: 2}),0.010688898869904213
2931,2011028204,2931,8.4911676,49.4768527,2,Counter({0: 2}),0.010405822508491805
2932,2014268282,2932,8.4779657,49.4764876,3,Counter({0: 3}),0.00213325498714459
2933,2014268297,2933,8.4791198,49.4771131,2,Counter({0: 2}),0.0011620420290392084
2934,2014268322,2934,8.4801538,49.4776538,2,Counter({0: 2}),0.001564674675442453
2935,2014268327,2935,8.4800432,49.4777429,2,Counter({0: 2}),0.08000501662529357
2936,2014274642,2936,8.4735603,49.4816621,1,Counter({0: 1}),0.0004688133742351837
2937,2014274655,2937,8.4749584,49.4834375,1,Counter({0: 1}),0.0004688133742351837
2938,2015823787,2938,8.4663126,49.4816674,2,Counter({0: 2}),0.002009547734980635
2939,2026240587,2939,8.4668998,49.4814258,2,Counter({0: 2}),0.0016829209743298055
2940,2029643046,2940,8.4795386,49.4755686,1,Counter({0: 1}),0.0004688133742351837
2941,2037344353,2941,8.4857391,49.466396,2,Counter({0: 2}),0.005091180724940057
2942,2037349125,2942,8.4902434,49.4609219,3,"Counter({1: 2, 0: 1})",0.008051425051091809
2943,2039090087,2943,8.4946717,49.4627882,2,Counter({0: 2}),0.013756942020227198
2944,2039130597,2944,8.4979479,49.4609483,2,Counter({0: 2}),0.014017083314037355
2945,2039130599,2945,8.4991257,49.460326,2,Counter({0: 2}),0.014205965221345889
2946,2039130600,2946,8.4978096,49.4609964,2,Counter({0: 2}),0.013837959487519135
2947,2058270720,2947,8.5358939,49.4536001,2,Counter({0: 2}),0.02406828337663238
2948,2065498998,2948,8.5106408,49.5176759,2,Counter({0: 2}),0.004301237676956337
2949,2068656771,2949,8.4592282,49.4852127,3,Counter({0: 3}),0.0014061073949736597
2950,2069643416,2950,8.4890013,49.4954243,2,Counter({0: 2}),0.0036570335857873
2951,2069643419,2951,8.4900644,49.4959964,2,Counter({0: 2}),0.003276581606218106
2952,2069705721,2952,8.4968283,49.4997424,2,Counter({0: 2}),0.0019507111758830654
2953,2069717330,2953,8.498161,49.502608,2,Counter({0: 2}),0.008054500839029342
2954,2072565702,2954,8.4602932,49.4856271,2,Counter({0: 2}),0.002961727513041143
2955,2073159888,2955,8.4993387,49.5137599,2,Counter({0: 2}),0.06490812903892991
2956,2073159892,2956,8.4994756,49.5138175,2,Counter({0: 2}),0.06463620054256747
2957,2088752360,2957,8.4891871,49.5291661,2,Counter({0: 2}),0.010651242661959657
2958,2088752374,2958,8.4897778,49.5298623,3,Counter({0: 3}),0.011563330207955842
2959,2100659475,2959,8.5101578,49.454159,2,Counter({0: 2}),0.03907903258882308
2960,2100659477,2960,8.5096286,49.4541783,2,Counter({0: 2}),0.03949930996534253
2961,2105919998,2961,8.4852485,49.5075879,2,Counter({0: 2}),0.008727457340974024
2962,2119707660,2962,8.4875896,49.5267233,4,"Counter({1: 2, 2: 2})",0.015699671924498598
2963,2121049838,2963,8.5039291,49.4927903,2,Counter({0: 2}),0.009949363337490587
2964,2121108113,2964,8.5029496,49.4921502,2,Counter({0: 2}),0.011032156839469943
2965,2121119119,2965,8.5033879,49.4924979,2,Counter({0: 2}),0.010658057821133672
2966,2121135484,2966,8.5002266,49.501462,3,"Counter({1: 2, 0: 1})",0.005372341935906627
2967,2121135527,2967,8.505607,49.4943236,2,Counter({0: 2}),0.009609691273377704
2968,2121136249,2968,8.5050586,49.4959795,2,Counter({0: 2}),0.009279842071305227
2969,2121137027,2969,8.5047405,49.4969402,2,Counter({0: 2}),0.008973060034755287
2970,2121139600,2970,8.50441,49.4979155,2,Counter({0: 2}),0.008705810870024255
2971,2121139601,2971,8.5042667,49.4982542,2,Counter({0: 2}),0.008485339418687803
2972,2121143103,2972,8.5019025,49.5001008,2,Counter({0: 2}),0.0077809660513550065
2973,2128228041,2973,8.4895111,49.5053508,2,Counter({0: 2}),0.0005781075683512148
2974,2128228064,2974,8.493002,49.5072199,2,Counter({0: 2}),0.006516001022706734
2975,2130377575,2975,8.5017412,49.5146134,2,Counter({0: 2}),0.005173472974120232
2976,2139737525,2976,8.5635963,49.4667523,3,Counter({0: 3}),0.003773487389230969
2977,2139737558,2977,8.5637353,49.4668836,2,Counter({0: 2}),0.003529483355535725
2978,2139737559,2978,8.5636364,49.4669642,3,Counter({0: 3}),0.006130841187833795
2979,2142578386,2979,8.4754392,49.4785541,2,Counter({0: 2}),0.025134198727549482
2980,2142578389,2980,8.474636,49.4792124,2,Counter({0: 2}),0.024869070428240863
2981,2145258648,2981,8.4733877,49.4967593,1,Counter({0: 1}),0.0004688133742351837
2982,2145258652,2982,8.4725298,49.4971093,3,Counter({0: 3}),0.002567405008032768
2983,2145258656,2983,8.4722955,49.4974582,3,Counter({0: 3}),0.009928082307787127
2984,2146440262,2984,8.4732283,49.5338143,2,Counter({0: 2}),0.0013470085240954287
2985,2146689223,2985,8.4918111,49.497072,3,Counter({0: 3}),0.006500604899756152
2986,2146722421,2986,8.4924113,49.497327,3,Counter({0: 3}),0.005271783434680969
2987,2150730957,2987,8.4720159,49.4705677,3,Counter({0: 3}),0.0018151407187275306
2988,2157263946,2988,8.4568924,49.4921653,2,Counter({0: 2}),0.0010900382577900315
2989,2158649266,2989,8.4715986,49.4723883,4,"Counter({1: 2, 0: 2})",0.0016916623144667643
2990,2158649328,2990,8.4714696,49.4726079,3,"Counter({1: 2, 0: 1})",0.000803920483304143
2991,2168173206,2991,8.4693623,49.4806852,3,"Counter({1: 2, 0: 1})",0.0006720094090286483
2992,2168794277,2992,8.4690646,49.4736967,3,Counter({0: 3}),0.002587947567193844
2993,2185592670,2993,8.4756644,49.4649723,2,Counter({0: 2}),0.015079394432774439
2994,2185592672,2994,8.4756326,49.4650088,2,Counter({0: 2}),0.015387058774188778
2995,2189935161,2995,8.4797173,49.4865569,2,Counter({0: 2}),0.0042451871607526075
2996,2193788907,2996,8.4985335,49.531071,2,Counter({0: 2}),0.004429432195185856
2997,2197329097,2997,8.483799,49.4547394,2,Counter({0: 2}),0.005456054747643146
2998,2198628027,2998,8.4854368,49.5248787,2,Counter({0: 2}),0.018462815051489015
2999,2206675050,2999,8.4916822,49.4780222,2,Counter({0: 2}),0.0012179289960870495
3000,2206975596,3000,8.471407,49.4728949,3,Counter({0: 3}),0.000520688569492654
3001,2206993291,3001,8.4729491,49.4730363,3,Counter({0: 3}),0.0005365340692485567
3002,2208160647,3002,8.4891253,49.5051441,2,Counter({0: 2}),0.0011195188328147775
3003,2208160649,3003,8.4893079,49.5052412,2,Counter({0: 2}),0.0007402725951692547
3004,2216959377,3004,8.4733291,49.4829606,2,Counter({0: 2}),0.011797173808395492
3005,2216965403,3005,8.4729044,49.4825322,2,Counter({0: 2}),0.0008807863545619327
3006,2219074504,3006,8.4659525,49.4731071,2,Counter({0: 2}),0.00104760054831706
3007,2235009413,3007,8.4993164,49.5010724,2,Counter({0: 2}),0.003349592692255309
3008,2235509440,3008,8.5254399,49.4744228,2,Counter({0: 2}),0.08697093707522978
3009,2245212670,3009,8.4740985,49.5341898,2,Counter({0: 2}),0.0013615043622815031
3010,2253354333,3010,8.4732395,49.4648947,2,Counter({0: 2}),0.0012746923521490389
3011,2254935562,3011,8.4667153,49.4696163,2,Counter({0: 2}),0.014884393879425374
3012,2255097723,3012,8.4641303,49.475013,3,Counter({0: 3}),0.02195880581994192
3013,2262023602,3013,8.4562513,49.4885836,3,Counter({0: 3}),0.005353375971281495
3014,2266604976,3014,8.4659761,49.471098,2,Counter({0: 2}),0.015132926924752498
3015,2268457275,3015,8.4846856,49.4520103,2,Counter({0: 2}),0.010261556221906437
3016,2268457294,3016,8.4840877,49.4521745,2,Counter({0: 2}),0.010642207838114764
3017,2268522495,3017,8.4709027,49.5113267,2,Counter({0: 2}),0.0740488189528184
3018,2269187418,3018,8.4927072,49.4583697,2,Counter({0: 2}),0.0014059964857296957
3019,2271167560,3019,8.5508788,49.5196768,3,Counter({0: 3}),0.0037461815333668796
3020,2273442466,3020,8.4717658,49.4724095,3,Counter({0: 3}),0.002018404741970898
3021,2273623665,3021,8.4685205,49.474886,2,Counter({0: 2}),0.001643572992235759
3022,2273623666,3022,8.4686704,49.4749085,2,Counter({0: 2}),0.0011850103760633647
3023,2282822082,3023,8.4731065,49.4954571,2,Counter({0: 2}),0.000945169607987021
3024,2282830601,3024,8.4702907,49.5038444,2,Counter({0: 2}),0.00592847560764327
3025,2284234340,3025,8.4939069,49.4558301,2,Counter({0: 2}),0.01115352278359963
3026,2289090237,3026,8.5024368,49.4723133,1,Counter({0: 1}),1.1090924396384758e-07
3027,2298679951,3027,8.5385579,49.4990237,2,Counter({0: 2}),0.04838622986049581
3028,2298688755,3028,8.5390704,49.499143,2,Counter({0: 2}),0.04813342702677942
3029,2302357554,3029,8.4570531,49.493866,2,Counter({0: 2}),0.0033388705742359182
3030,2302357559,3030,8.4570601,49.4939023,2,Counter({0: 2}),0.003801058969631662
3031,2302357563,3031,8.4571063,49.494153,2,Counter({0: 2}),0.004267062643019761
3032,2302420493,3032,8.4872775,49.4748663,2,Counter({0: 2}),0.004799327543100125
3033,2305559332,3033,8.5376349,49.4519517,3,Counter({0: 3}),0.010024767113794244
3034,2309886986,3034,8.5259451,49.4743237,3,"Counter({1: 2, 0: 1})",0.002163236466769669
3035,2310042389,3035,8.4972578,49.4533803,2,Counter({0: 2}),0.007010462401710841
3036,2310343289,3036,8.5097992,49.4461301,2,Counter({0: 2}),0.0037450724409272412
3037,2310705087,3037,8.5021536,49.4892636,3,Counter({0: 3}),0.15303449813745684
3038,2322561119,3038,8.5436252,49.4977745,2,Counter({0: 2}),0.010314955207279045
3039,2323707016,3039,8.5287275,49.5115379,2,Counter({0: 2}),0.012337164702650038
3040,2328262502,3040,8.481614,49.4568675,2,Counter({0: 2}),0.010147310585212985
3041,2328262674,3041,8.4813946,49.4571673,2,Counter({0: 2}),0.010589479862073242
3042,2328262807,3042,8.4811514,49.4574919,2,Counter({0: 2}),0.011034662173394523
3043,2328262978,3043,8.4810412,49.4578805,2,Counter({0: 2}),0.0036221472873322596
3044,2337280391,3044,8.4757546,49.4733656,2,Counter({0: 2}),0.0037156634660035284
3045,2345207728,3045,8.5043416,49.4452437,2,Counter({0: 2}),0.004664521872197276
3046,2345207731,3046,8.5037644,49.4448705,2,Counter({0: 2}),0.004383164617254701
3047,2352718188,3047,8.5079368,49.5309,2,Counter({0: 2}),0.00888596190562556
3048,2352718189,3048,8.5056661,49.5307112,2,Counter({0: 2}),0.007087869818197586
3049,2352718190,3049,8.509249,49.5310073,2,Counter({0: 2}),0.009345292539501879
3050,2352719305,3050,8.5027463,49.5304638,2,Counter({0: 2}),0.005407089091594397
3051,2352719306,3051,8.5004684,49.5302671,2,Counter({0: 2}),0.004180133710020412
3052,2352719307,3052,8.5018423,49.5303885,2,Counter({0: 2}),0.005033619700132904
3053,2352719308,3053,8.5006066,49.5302669,2,Counter({0: 2}),0.004396164727938566
3054,2352719310,3054,8.5007443,49.5302749,2,Counter({0: 2}),0.004685986603452683
3055,2352719314,3055,8.5103932,49.5309919,2,Counter({0: 2}),0.009804789537244146
3056,2352719315,3056,8.5046063,49.5306223,2,Counter({0: 2}),0.006653456794465189
3057,2352719316,3057,8.503658,49.5305396,2,Counter({0: 2}),0.006227186357727142
3058,2352768006,3058,8.5459609,49.4955848,2,Counter({0: 2}),0.006919801431057805
3059,2352800589,3059,8.541581,49.4985532,2,Counter({0: 2}),0.013818467314852994
3060,2352800964,3060,8.541987,49.498377,2,Counter({0: 2}),0.013374608520509671
3061,2352800983,3061,8.5422936,49.49826,2,Counter({0: 2}),0.011614201545693521
3062,2355016318,3062,8.5067528,49.5308014,2,Counter({0: 2}),0.007969711065441702
3063,2355016319,3063,8.5065189,49.5307821,2,Counter({0: 2}),0.007523715419664567
3064,2358571368,3064,8.4751834,49.4645855,3,Counter({0: 3}),0.005779797305065641
3065,2358571386,3065,8.4757608,49.4648263,3,Counter({0: 3}),0.03641866679238537
3066,2365709800,3066,8.4923044,49.4529701,3,"Counter({1: 2, 2: 1})",0.001360926910823654
3067,2365709835,3067,8.4926805,49.4532039,3,"Counter({1: 2, 0: 1})",0.0030795257626960787
3068,2366151182,3068,8.4747958,49.4834188,3,Counter({0: 3}),0.01165271368033213
3069,2366151191,3069,8.4750766,49.4835699,1,Counter({0: 1}),0.0004688133742351837
3070,2366164558,3070,8.4761199,49.4847928,2,Counter({0: 2}),0.004433869944853597
3071,2376258865,3071,8.4824933,49.4538822,3,Counter({0: 3}),0.014136071993767724
3072,2377062591,3072,8.4929404,49.4503394,2,Counter({0: 2}),0.007297745659986365
3073,2377062595,3073,8.4922697,49.4506583,2,Counter({0: 2}),0.0076631546490992745
3074,2378606509,3074,8.4769747,49.4917538,2,Counter({0: 2}),0.1979496810315636
3075,2381892411,3075,8.4718107,49.4722266,3,Counter({0: 3}),0.003838903073396975
3076,2381892412,3076,8.4716639,49.4722006,3,Counter({0: 3}),0.0009838533162850461
3077,2381892416,3077,8.4717944,49.4722915,3,Counter({0: 3}),0.0023308247116083573
3078,2381892430,3078,8.4749201,49.4726563,2,Counter({0: 2}),0.003995811175375454
3079,2381892443,3079,8.4757811,49.4732467,2,Counter({0: 2}),0.004293375459752947
3080,2381892448,3080,8.4756331,49.4734336,2,Counter({0: 2}),0.003526593646276853
3081,2381892453,3081,8.4756297,49.4736006,3,Counter({0: 3}),0.004744489266151789
3082,2381892456,3082,8.476083,49.4736402,2,Counter({0: 2}),0.0014059964857296957
3083,2381892460,3083,8.4759484,49.4737042,2,Counter({0: 2}),0.0018742553137450601
3084,2381892461,3084,8.4758221,49.473697,3,Counter({0: 3}),0.0025254032911175275
3085,2392103179,3085,8.522406,49.4776513,2,Counter({0: 2}),0.003894985904381928
3086,2394471553,3086,8.4806553,49.5220146,2,Counter({0: 2}),0.03797568392213997
3087,2394471556,3087,8.4806854,49.5219881,2,Counter({0: 2}),0.03840389342215999
3088,2397577645,3088,8.5237357,49.4763846,2,Counter({0: 2}),0.005307063333510916
3089,2413768355,3089,8.5070564,49.4648471,2,Counter({0: 2}),0.004171378409755472
3090,2413772307,3090,8.5116177,49.4646273,2,Counter({0: 2}),0.018601328043533483
3091,2413782484,3091,8.5095531,49.4650697,2,Counter({0: 2}),0.020695730128663138
3092,2414225277,3092,8.5244727,49.4399648,2,Counter({0: 2}),0.005145856192190636
3093,2414235963,3093,8.5242262,49.440042,2,Counter({0: 2}),0.0031958181635636145
3094,2429428882,3094,8.4932176,49.4868421,2,Counter({0: 2}),0.014971263972491777
3095,2434547060,3095,8.4751319,49.491051,3,Counter({0: 3}),0.004537639042632675
3096,2434560257,3096,8.4727378,49.4923757,3,Counter({0: 3}),0.0026646320996974353
3097,2434573228,3097,8.4777362,49.4902814,3,Counter({0: 3}),0.0012371295843044046
3098,2434573235,3098,8.477736,49.4902099,3,Counter({0: 3}),0.0018568682223231135
3099,2438950568,3099,8.4934938,49.5074921,2,Counter({0: 2}),0.0064460766245361375
3100,2444300427,3100,8.4765237,49.5019183,2,Counter({0: 2}),0.006078602933926594
3101,2449535663,3101,8.4811003,49.4905696,3,Counter({0: 3}),0.007685263973152375
3102,2449704670,3102,8.4809314,49.4903784,2,Counter({0: 2}),0.007765416126543095
3103,2452200513,3103,8.4758247,49.4996772,3,Counter({0: 3}),0.013701290035129867
3104,2480948200,3104,8.4945855,49.4550431,1,Counter({0: 1}),0.0004688133742351837
3105,2480948203,3105,8.4927577,49.4583881,2,Counter({0: 2}),0.0009375158392264035
3106,2480948205,3106,8.4900974,49.4610042,3,Counter({0: 3}),0.03266947999794495
3107,2480948208,3107,8.4895097,49.4617807,2,Counter({0: 2}),0.03300134910743941
3108,2480948217,3108,8.4888215,49.4626596,2,Counter({0: 2}),0.03370819574502853
3109,2480948219,3109,8.4868314,49.4655384,2,Counter({0: 2}),0.005247121934760609
3110,2483910450,3110,8.4899413,49.4764834,2,Counter({0: 2}),0.009930896840819483
3111,2486718143,3111,8.5079644,49.4983098,2,Counter({0: 2}),0.018609538950931717
3112,2494727938,3112,8.4732336,49.4954015,2,Counter({0: 2}),0.0007769014835217056
3113,2495438579,3113,8.4817533,49.453557,2,Counter({0: 2}),0.012998496907975518
3114,2495438581,3114,8.4817241,49.4528362,2,Counter({0: 2}),0.012196379073780178
3115,2516451994,3115,8.471773,49.4988932,3,Counter({0: 3}),0.0036311570349151063
3116,2518375002,3116,8.491517,49.496922,2,Counter({0: 2}),0.006838303415917848
3117,2518375006,3117,8.4832307,49.5108077,2,Counter({0: 2}),0.0015144341115416941
3118,2518375009,3118,8.4870847,49.5219098,2,Counter({0: 2}),0.017092808816827364
3119,2518375010,3119,8.4819248,49.5252534,2,Counter({0: 2}),0.0015095265620207246
3120,2518375011,3120,8.4958704,49.5259232,2,Counter({0: 2}),0.013423433355421203
3121,2524038967,3121,8.52792,49.5113169,2,Counter({0: 2}),0.012775404095299184
3122,2524491542,3122,8.467556,49.4774924,3,Counter({0: 3}),0.0029424152790945854
3123,2524491545,3123,8.4671499,49.4776199,2,Counter({0: 2}),0.0032876911630012164
3124,2524491546,3124,8.4680147,49.4778233,3,Counter({0: 3}),0.0025347591673633013
3125,2526588455,3125,8.502998,49.5304858,2,Counter({0: 2}),0.005810112145801104
3126,2527647426,3126,8.5320475,49.4822227,2,Counter({0: 2}),0.0028299117733709494
3127,2528390291,3127,8.4709047,49.5011037,4,Counter({0: 4}),0.012131337586951346
3128,2531751675,3128,8.4839343,49.4809607,3,Counter({0: 3}),0.00850075464748441
3129,2545163260,3129,8.4851175,49.507879,2,Counter({0: 2}),0.008547545904278312
3130,2547691572,3130,8.4826009,49.5127604,2,Counter({0: 2}),0.0017691399829266254
3131,2547691578,3131,8.4824305,49.5115417,2,Counter({0: 2}),0.0011816485083340831
3132,2550235707,3132,8.4611172,49.4899331,2,Counter({0: 2}),0.0007898234580098535
3133,2560582838,3133,8.4884904,49.4762248,2,Counter({0: 2}),0.005300272237326015
3134,2571349749,3134,8.4982026,49.5080034,2,Counter({0: 2}),0.06341416456698297
3135,2571387785,3135,8.5356932,49.45353,2,Counter({0: 2}),0.024479527459300737
3136,2571414404,3136,8.5269406,49.4434348,2,Counter({0: 2}),0.0033213036473036302
3137,2571414407,3137,8.5273511,49.4433018,2,Counter({0: 2}),0.0028101075143120062
3138,2571414408,3138,8.526912,49.4433979,2,Counter({0: 2}),0.003059387386586656
3139,2572331233,3139,8.5291056,49.4648251,2,Counter({0: 2}),0.011848492245769981
3140,2573566877,3140,8.4813003,49.4939372,2,Counter({0: 2}),0.0017778569037361328
3141,2573890641,3141,8.4803693,49.489422,2,Counter({0: 2}),0.011521582919684803
3142,2573900712,3142,8.4722793,49.4805171,3,Counter({0: 3}),0.0011944946551695613
3143,2573900714,3143,8.4722334,49.4804259,2,Counter({0: 2}),0.0006340303185192628
3144,2573914987,3144,8.4724451,49.480459,2,Counter({0: 2}),0.0023834231642849983
3145,2573914988,3145,8.4722044,49.4807128,3,"Counter({1: 2, 0: 1})",0.007529332712906973
3146,2574316336,3146,8.4597561,49.485736,3,"Counter({1: 2, 0: 1})",0.001844171291553245
3147,2574328740,3147,8.4619151,49.4827552,1,Counter({0: 1}),0.0004688133742351837
3148,2575043203,3148,8.5459957,49.4957326,2,Counter({0: 2}),0.0073402214051767655
3149,2575043207,3149,8.5465141,49.4965587,2,Counter({0: 2}),0.007762360472577162
3150,2575043208,3150,8.5459993,49.4948714,2,Counter({0: 2}),0.006500564488874451
3151,2575453851,3151,8.468199,49.5093804,2,Counter({0: 2}),0.0020397143445934694
3152,2575453852,3152,8.4682212,49.5093957,2,Counter({0: 2}),0.002504978623021803
3153,2575710940,3153,8.536614,49.5181629,2,Counter({0: 2}),0.005172594417988028
3154,2578143039,3154,8.483857,49.5103728,2,Counter({0: 2}),0.002156424876276821
3155,2579849256,3155,8.482885,49.4682202,3,"Counter({1: 2, 0: 1})",0.034840224981514734
3156,2579849663,3156,8.4755645,49.473472,3,Counter({0: 3}),0.0038521668045325575
3157,2579849694,3157,8.4757286,49.4737746,2,Counter({0: 2}),0.00047285231920286727
3158,2579887454,3158,8.4758113,49.4733083,2,Counter({0: 2}),0.004458904557140837
3159,2579887459,3159,8.4758028,49.4733386,2,Counter({0: 2}),0.0040530814533212755
3160,2580119526,3160,8.4905178,49.4608111,3,"Counter({1: 2, 0: 1})",0.016892179588415008
3161,2580202483,3161,8.5319737,49.5062438,3,Counter({0: 3}),0.038944913910126375
3162,2580665373,3162,8.5113413,49.4979522,3,Counter({0: 3}),0.027051943803906974
3163,2582185254,3163,8.4820981,49.4705113,2,Counter({0: 2}),0.011845468880471699
3164,2584159466,3164,8.4706655,49.4764674,3,Counter({0: 3}),0.0027037432569362863
3165,2584267037,3165,8.5227215,49.5112611,2,Counter({0: 2}),0.005031593678677578
3166,2587342344,3166,8.4918308,49.5323185,2,Counter({0: 2}),0.00880014371332145
3167,2587342345,3167,8.4899698,49.5297859,2,Counter({0: 2}),0.002323918986046562
3168,2587860279,3168,8.4855597,49.4945101,3,Counter({0: 3}),0.10601809298216311
3169,2594093097,3169,8.4954533,49.4747185,2,Counter({0: 2}),0.0007041627899264682
3170,2594093110,3170,8.4956018,49.4747769,3,Counter({0: 3}),0.005380262879308228
3171,2594093122,3171,8.4946703,49.4754224,2,Counter({0: 2}),0.0011704252515504835
3172,2594093270,3172,8.4876083,49.4762733,3,Counter({0: 3}),0.0007846514827133167
3173,2594093285,3173,8.4882399,49.4763898,3,"Counter({1: 2, 0: 1})",0.0014602538144304052
3174,2594476317,3174,8.5093799,49.4692903,2,Counter({0: 2}),0.0028101075143120062
3175,2594574405,3175,8.4889467,49.4838717,2,Counter({0: 2}),0.01241283503572236
3176,2599420499,3176,8.5070401,49.5142005,2,Counter({0: 2}),0.005958875787717466
3177,2599429729,3177,8.5042925,49.5144288,2,Counter({0: 2}),0.004731647515916249
3178,2599432325,3178,8.5054991,49.5142549,2,Counter({0: 2}),0.003487621657746437
3179,2599502921,3179,8.5032046,49.5146412,2,Counter({0: 2}),0.007429373480784951
3180,2600133998,3180,8.4860087,49.494399,2,Counter({0: 2}),0.0012982276481274047
3181,2600149034,3181,8.4919286,49.4969787,3,"Counter({1: 2, 0: 1})",0.002812834143735789
3182,2601184414,3182,8.5564759,49.513411,2,Counter({0: 2}),0.012582986455430399
3183,2601316090,3183,8.4894255,49.5294342,2,Counter({0: 2}),0.010327127442591014
3184,2611459344,3184,8.5276872,49.4843791,2,Counter({0: 2}),0.03948058791115237
3185,2611459345,3185,8.528396,49.4843424,2,Counter({0: 2}),0.03869636818823652
3186,2611459349,3186,8.5298956,49.4842323,2,Counter({0: 2}),0.03794659951719214
3187,2612637894,3187,8.5307504,49.4860197,2,Counter({0: 2}),0.0037044986722972453
3188,2619573053,3188,8.5478267,49.5102946,3,"Counter({1: 2, 0: 1})",0.005330962820945412
3189,2621941784,3189,8.4931109,49.5251677,2,Counter({0: 2}),0.003986956197555697
3190,2626768458,3190,8.4763655,49.4729867,2,Counter({0: 2}),0.00976399536021643
3191,2626768489,3191,8.476361,49.4734843,2,Counter({0: 2}),0.0009375158392264035
3192,2631571620,3192,8.4707585,49.4761876,4,"Counter({1: 2, 0: 2})",0.004194430812315739
3193,2637055830,3193,8.4872221,49.5112907,2,Counter({0: 2}),0.007885594954530523
3194,2696071013,3194,8.4599042,49.4848675,1,Counter({0: 1}),0.0004688133742351837
3195,2709822516,3195,8.5432216,49.4741652,2,Counter({0: 2}),0.041795459384610836
3196,2717331107,3196,8.4802387,49.5268909,2,Counter({0: 2}),0.001123375722883261
3197,2717457083,3197,8.4602906,49.4900325,2,Counter({0: 2}),0.0005412900221069416
3198,2717457085,3198,8.4708244,49.4927406,2,Counter({0: 2}),0.0005285345001450221
3199,2717457087,3199,8.4620649,49.4959725,2,Counter({0: 2}),0.00265312843458266
3200,2717457089,3200,8.4603127,49.4966699,2,Counter({0: 2}),0.0009787465078341482
3201,2728669478,3201,8.5375999,49.485667,2,Counter({0: 2}),0.006427856799725791
3202,2728669833,3202,8.4901629,49.4935905,2,Counter({0: 2}),0.007879973099220703
3203,2728670099,3203,8.4736157,49.4968102,3,Counter({0: 3}),0.0028877788754088727
3204,2741858221,3204,8.4716128,49.4911563,3,Counter({0: 3}),0.015316949504165074
3205,2741858243,3205,8.4717982,49.4913618,2,Counter({0: 2}),0.000991702952856215
3206,2741858267,3206,8.470799,49.4914651,3,Counter({0: 3}),0.06255374534183802
3207,2741960145,3207,8.4884318,49.5002873,4,Counter({0: 4}),0.03698653541949525
3208,2742016786,3208,8.4960759,49.508751,3,"Counter({1: 2, 0: 1})",0.0035968294287152852
3209,2743096447,3209,8.4700884,49.4798666,3,"Counter({1: 2, 2: 1})",0.00048710825013146305
3210,2743096455,3210,8.4705545,49.4801342,3,"Counter({1: 2, 0: 1})",0.0006841547173673682
3211,2743096457,3211,8.4704179,49.480168,3,"Counter({1: 2, 2: 1})",0.00048710825013146305
3212,2743096459,3212,8.4702313,49.4802142,3,"Counter({1: 2, 0: 1})",0.0012269121666581787
3213,2744200321,3213,8.485765,49.4799428,2,Counter({0: 2}),0.012565456327015697
3214,2756692709,3214,8.4685767,49.4939883,3,Counter({0: 3}),0.03982999164428244
3215,2758707174,3215,8.4683169,49.4940049,3,Counter({0: 3}),0.008385167337839422
3216,2758707188,3216,8.466207,49.4950592,2,Counter({0: 2}),0.004295742035186949
3217,2758707189,3217,8.4646355,49.4953984,2,Counter({0: 2}),0.0035616011487942774
3218,2758707216,3218,8.4610663,49.495852,2,Counter({0: 2}),0.0018913230735099725
3219,2758707217,3219,8.462265,49.4959219,2,Counter({0: 2}),0.0029385364451522365
3220,2758707219,3220,8.4612266,49.4961971,3,Counter({0: 3}),0.0028701524389737865
3221,2760514521,3221,8.4811636,49.4781787,3,Counter({0: 3}),0.026803253704836123
3222,2760514529,3222,8.4810921,49.4782371,3,Counter({0: 3}),0.09293023943226589
3223,2760514538,3223,8.4822058,49.4787006,3,Counter({0: 3}),0.00288500228955977
3224,2760514540,3224,8.4821541,49.4787441,3,Counter({0: 3}),0.10474618081021973
3225,2760514545,3225,8.4826397,49.4791118,2,Counter({0: 2}),0.0028471023241535974
3226,2760514547,3226,8.4833385,49.4798679,3,Counter({0: 3}),0.0036775042128627247
3227,2772434776,3227,8.5282178,49.4843538,2,Counter({0: 2}),0.03907758121647499
3228,2772443358,3228,8.52532,49.4844759,2,Counter({0: 2}),0.04032336507418485
3229,2782328049,3229,8.5159458,49.508486,2,Counter({0: 2}),0.02540869598679647
3230,2785609830,3230,8.5163849,49.508566,2,Counter({0: 2}),0.025448393911174545
3231,2849080804,3231,8.4690226,49.480289,2,Counter({0: 2}),0.0009375158392264035
3232,2856298995,3232,8.4838872,49.4693016,3,"Counter({1: 2, 0: 1})",0.0005802085137768373
3233,2856300406,3233,8.4843496,49.4720767,2,Counter({0: 2}),0.0007530778063014719
3234,2859529314,3234,8.4697284,49.4761408,2,Counter({0: 2}),0.008207607903821993
3235,2872183072,3235,8.4676008,49.4774336,3,Counter({0: 3}),0.00234146979723813
3236,2881485576,3236,8.5098223,49.4889162,2,Counter({0: 2}),0.042085135210640445
3237,2890714515,3237,8.4623074,49.4896838,2,Counter({0: 2}),0.0009525900858628234
3238,2893407057,3238,8.5101782,49.5135578,2,Counter({0: 2}),0.0029164577710462025
3239,2916142870,3239,8.457295,49.4951761,3,Counter({0: 3}),0.0009352923200175224
3240,2916142873,3240,8.4599629,49.4952299,5,"Counter({0: 2, 1: 2, 2: 1})",0.047542894222841116
3241,2921169134,3241,8.537381,49.4839065,2,Counter({0: 2}),0.00048150139174464644
3242,2921169144,3242,8.5389829,49.4839958,3,Counter({0: 3}),0.03106490369385343
3243,2921813302,3243,8.4789611,49.4876125,2,Counter({0: 2}),0.0035768409219435423
3244,2921955093,3244,8.4720885,49.4645172,1,Counter({0: 1}),0.0004688133742351837
3245,2921960507,3245,8.4720869,49.4646798,3,Counter({0: 3}),0.0014061073949736597
3246,2924123463,3246,8.474974,49.4649266,2,Counter({0: 2}),0.014884780377787104
3247,2924783955,3247,8.5102295,49.5171141,2,Counter({0: 2}),0.0034089025667460053
3248,2932940828,3248,8.4700388,49.464697,1,Counter({0: 1}),0.0004688133742351837
3249,2938603533,3249,8.5157384,49.5099318,2,Counter({0: 2}),0.0015206594680411808
3250,2939317460,3250,8.5148374,49.5171446,2,Counter({0: 2}),0.0007271536686303634
3251,2939317465,3251,8.5147853,49.5171587,2,Counter({0: 2}),0.0007454013750955534
3252,2943331706,3252,8.4876031,49.5034434,3,Counter({0: 3}),0.005369905171319395
3253,2949993278,3253,8.5354318,49.4818222,2,Counter({0: 2}),0.0018742553137450601
3254,2964197591,3254,8.4930711,49.5048801,2,Counter({0: 2}),0.00261707632640602
3255,2964197592,3255,8.4931051,49.5048983,2,Counter({0: 2}),0.002303180984139524
3256,2964197616,3256,8.4929887,49.5060356,2,Counter({0: 2}),0.002263887748429726
3257,2964197618,3257,8.4929584,49.5060593,2,Counter({0: 2}),0.0027010736793077147
3258,2964203636,3258,8.4932122,49.504956,2,Counter({0: 2}),0.0019962285605452227
3259,2964203642,3259,8.4931791,49.5058865,2,Counter({0: 2}),0.001593463638540221
3260,2972106492,3260,8.4920892,49.5031109,2,Counter({0: 2}),0.007107591977863276
3261,2972106495,3261,8.4889266,49.5014346,2,Counter({0: 2}),0.001667628619509313
3262,2972108593,3262,8.492707,49.5015349,2,Counter({0: 2}),0.005145856192190636
3263,2972108596,3263,8.4912454,49.5026697,3,Counter({0: 3}),0.009082999619842902
3264,2972113897,3264,8.4928992,49.501388,3,Counter({0: 3}),0.01078875878382895
3265,2972130245,3265,8.4906926,49.5031279,2,Counter({0: 2}),0.0016103274195545358
3266,2980634253,3266,8.5316453,49.4871463,2,Counter({0: 2}),0.015390023650681622
3267,2980634256,3267,8.5316567,49.4871959,2,Counter({0: 2}),0.015399295393743007
3268,2980636553,3268,8.5315526,49.4867579,2,Counter({0: 2}),0.015551657389720298
3269,2985350822,3269,8.4946029,49.4537723,3,"Counter({1: 2, 0: 1})",0.005445781876614603
3270,2992146683,3270,8.4950488,49.5033073,1,Counter({0: 1}),0.0004688133742351837
3271,2998333696,3271,8.487663,49.523011,2,Counter({0: 2}),0.0022567942355881665
3272,2998335357,3272,8.487575,49.5226384,2,Counter({0: 2}),0.0040533058662893685
3273,3020333964,3273,8.4699401,49.4750981,4,Counter({0: 4}),0.009168682226836603
3274,3020333966,3274,8.4846621,49.4818808,2,Counter({0: 2}),0.11119496290264633
3275,3036603432,3275,8.4711003,49.4835515,2,Counter({0: 2}),0.000535335946555814
3276,3036606451,3276,8.4702345,49.4838875,3,Counter({0: 3}),0.0016616581612183179
3277,3036606452,3277,8.4703277,49.4839888,2,Counter({0: 2}),0.0006313558806651582
3278,3036614093,3278,8.4697137,49.4842291,3,Counter({0: 3}),0.0016826878032393325
3279,3036640215,3279,8.4698682,49.4843768,2,Counter({0: 2}),0.0010351278243250284
3280,3036656602,3280,8.4703627,49.4848111,3,"Counter({1: 2, 0: 1})",0.0010665235616276832
3281,3036953803,3281,8.471875,49.4832274,2,Counter({0: 2}),0.0014944466912734681
3282,3037180305,3282,8.4757472,49.5267961,2,Counter({0: 2}),0.006205994171775563
3283,3037240466,3283,8.4717955,49.483259,2,Counter({0: 2}),0.0010566926586014526
3284,3037240467,3284,8.4717619,49.483272,2,Counter({0: 2}),0.0006535164312226006
3285,3088799397,3285,8.5017563,49.4681823,3,Counter({0: 3}),0.03665541101977466
3286,3089350229,3286,8.5043879,49.4450914,2,Counter({0: 2}),0.005063343387609394
3287,3089382545,3287,8.5040005,49.4450377,2,Counter({0: 2}),0.004480052986261584
3288,3089564071,3288,8.5222976,49.4775247,3,Counter({0: 3}),0.0030414514809319216
3289,3089591309,3289,8.5207486,49.4775547,2,Counter({0: 2}),0.0011206009556688162
3290,3105099775,3290,8.466323,49.495035,2,Counter({0: 2}),0.00517140110034577
3291,3105099776,3291,8.4662623,49.4950477,2,Counter({0: 2}),0.00471323501353111
3292,3105126088,3292,8.4661407,49.4950731,2,Counter({0: 2}),0.003920685622292294
3293,3109336087,3293,8.5166658,49.4888089,1,Counter({0: 1}),0.0004688133742351837
3294,3136420190,3294,8.4753048,49.4966991,3,"Counter({1: 2, 0: 1})",0.0019570782865752498
3295,3137213832,3295,8.5327754,49.4864222,2,Counter({0: 2}),0.016088599481110206
3296,3150261775,3296,8.4771895,49.4818334,2,Counter({0: 2}),0.0005752987510683744
3297,3150484081,3297,8.4706053,49.4762878,4,"Counter({1: 2, 0: 2})",0.004431741505681977
3298,3150484089,3298,8.4704954,49.4763498,3,Counter({0: 3}),0.004825378274954085
3299,3150484092,3299,8.4708009,49.4763791,3,Counter({0: 3}),0.0022631194979098163
3300,3157674068,3300,8.4572658,49.4919611,2,Counter({0: 2}),0.0018130930203223278
3301,3157678714,3301,8.4568624,49.4920743,3,Counter({0: 3}),0.0015235225082206097
3302,3168118261,3302,8.5251856,49.4930767,2,Counter({0: 2}),0.002597962140270223
3303,3168118267,3303,8.5258401,49.4935532,2,Counter({0: 2}),0.0031114268045915002
3304,3168118270,3304,8.5250394,49.4937515,2,Counter({0: 2}),0.0004921228003415858
3305,3170064009,3305,8.5523233,49.509697,2,Counter({0: 2}),0.022258043443372677
3306,3170812418,3306,8.4923002,49.5044693,2,Counter({0: 2}),0.000625319256879965
3307,3170823999,3307,8.491047,49.5056723,2,Counter({0: 2}),0.0006667324164832308
3308,3170877311,3308,8.4925055,49.5069524,4,Counter({0: 4}),0.00983750779048002
3309,3200721001,3309,8.5642646,49.4662663,3,Counter({0: 3}),0.015605875202774106
3310,3215616565,3310,8.4771745,49.4953831,2,Counter({0: 2}),0.0015310607485873285
3311,3215616568,3311,8.4768138,49.4955167,2,Counter({0: 2}),0.0018226546423204652
3312,3220009518,3312,8.469168,49.4848607,2,Counter({0: 2}),0.0006314095350859449
3313,3236586470,3313,8.4796266,49.4879202,3,"Counter({1: 2, 0: 1})",0.0014224172757724188
3314,3236586471,3314,8.4797218,49.4879472,3,Counter({0: 3}),0.12607784788359375
3315,3237737249,3315,8.5012604,49.5055126,2,Counter({0: 2}),0.06423659286130075
3316,3244660555,3316,8.4621682,49.5040985,3,"Counter({1: 2, 0: 1})",0.00130126952787252
3317,3244660557,3317,8.4618176,49.504397,3,"Counter({1: 2, 0: 1})",0.0032958654723840085
3318,3245425186,3318,8.5215941,49.5151397,2,Counter({0: 2}),0.003449533978749234
3319,3245429409,3319,8.5217101,49.5152224,2,Counter({0: 2}),0.003002338664650009
3320,3245828198,3320,8.5523962,49.5098095,2,Counter({0: 2}),0.021799544628826134
3321,3267034654,3321,8.4585451,49.4917641,3,Counter({0: 3}),0.01189758496342103
3322,3274412313,3322,8.514323,49.5091624,2,Counter({0: 2}),0.002240088019948561
3323,3274448097,3323,8.5177041,49.5107405,2,Counter({0: 2}),0.0007084879863714284
3324,3274808132,3324,8.4688446,49.4857098,3,Counter({0: 3}),0.0073120628775712225
3325,3276697073,3325,8.4964323,49.4995335,2,Counter({0: 2}),0.002145523262905555
3326,3304897708,3326,8.4807257,49.4894928,2,Counter({0: 2}),0.01184558341802774
3327,3307348023,3327,8.5012703,49.5005954,2,Counter({0: 2}),0.0076388126170880135
3328,3307348043,3328,8.5006666,49.5010663,3,"Counter({1: 2, 0: 1})",0.007503448677039018
3329,3307348383,3329,8.5011908,49.5019921,3,"Counter({1: 2, 0: 1})",0.0043697053307519265
3330,3307348386,3330,8.5012763,49.5020407,2,Counter({0: 2}),0.003907065904430722
3331,3318943782,3331,8.5073925,49.5139818,2,Counter({0: 2}),0.0024554386171722143
3332,3318943784,3332,8.5069784,49.5140409,2,Counter({0: 2}),0.0026740345754002956
3333,3318943786,3333,8.5076375,49.5139449,2,Counter({0: 2}),0.0022690617943156317
3334,3320779433,3334,8.5018121,49.5235697,2,Counter({0: 2}),0.01041303035388564
3335,3320779434,3335,8.5019263,49.5236583,2,Counter({0: 2}),0.010050092528356078
3336,3320779435,3336,8.501744,49.5235148,3,Counter({0: 3}),0.023763704159566593
3337,3322954222,3337,8.5055914,49.5144531,2,Counter({0: 2}),0.006246498490553101
3338,3334923998,3338,8.487686,49.5266872,3,"Counter({1: 2, 2: 1})",0.0005138280034549392
3339,3353497710,3339,8.5088743,49.4667901,2,Counter({0: 2}),0.0037450724409272412
3340,3356899185,3340,8.4810151,49.5221862,2,Counter({0: 2}),0.02526506012958274
3341,3362417188,3341,8.5463248,49.5182313,3,Counter({0: 3}),0.0023427359602483525
3342,3393492634,3342,8.4747368,49.4794642,2,Counter({0: 2}),0.0007869730616883763
3343,3394907067,3343,8.4892318,49.4604492,2,Counter({0: 2}),0.003814468174284956
3344,3394907068,3344,8.4893135,49.4604739,2,Counter({0: 2}),0.00421325827009299
3345,3399657534,3345,8.4845825,49.468072,2,Counter({0: 2}),0.0019383828423264805
3346,3399657535,3346,8.484745,49.4679539,2,Counter({0: 2}),0.0026036489844826743
3347,3415520781,3347,8.4803682,49.5013335,2,Counter({0: 2}),0.0016876745098811578
3348,3417789781,3348,8.5291689,49.4869473,2,Counter({0: 2}),0.010113986196677095
3349,3419165938,3349,8.492258,49.4528955,3,"Counter({1: 2, 2: 1})",0.0013609269108235712
3350,3419165942,3350,8.4918987,49.4531099,3,"Counter({1: 2, 0: 1})",0.0019023086867586828
3351,3431817180,3351,8.4542705,49.4916605,1,Counter({0: 1}),0.0004688133742351837
3352,3432089762,3352,8.5460345,49.5176114,2,Counter({0: 2}),0.0009375158392264035
3353,3455397057,3353,8.4988121,49.5204105,2,Counter({0: 2}),0.008008340534944874
3354,3465537447,3354,8.4690836,49.4773189,3,Counter({0: 3}),0.0030712063404801696
3355,3494551686,3355,8.4924516,49.5011449,2,Counter({0: 2}),0.005561907075213755
3356,3507542017,3356,8.5541762,49.4620882,3,"Counter({1: 2, 0: 1})",0.010326680792146468
3357,3507542018,3357,8.5543238,49.4621517,3,"Counter({1: 2, 2: 1})",0.005472047134281802
3358,3525679643,3358,8.5316834,49.5067906,2,Counter({0: 2}),0.010920609571742448
3359,3531323207,3359,8.5331598,49.4864198,2,Counter({0: 2}),0.015667033444803635
3360,3542320641,3360,8.5103176,49.4891994,2,Counter({0: 2}),0.07909872903635778
3361,3545811332,3361,8.4832442,49.4541262,2,Counter({0: 2}),0.0016154187955601466
3362,3551914002,3362,8.4882144,49.4945966,2,Counter({0: 2}),0.0030116164447394843
3363,3555406981,3363,8.4725713,49.4649001,2,Counter({0: 2}),0.0008454846689333454
3364,3555406984,3364,8.4681755,49.4720723,3,Counter({0: 3}),0.0012709201991512869
3365,3599907324,3365,8.4927497,49.5331834,3,Counter({0: 3}),0.007028245420535433
3366,3604378830,3366,8.5002337,49.4743001,2,Counter({1: 2}),2.2181848792769515e-07
3367,3637811034,3367,8.4951546,49.4761757,2,Counter({0: 2}),0.01542907708178996
3368,3637811035,3368,8.4951931,49.4762134,2,Counter({0: 2}),0.01567183733842273
3369,3637811172,3369,8.4693068,49.4923602,2,Counter({0: 2}),0.0008094546278238166
3370,3645231381,3370,8.4589327,49.4918228,2,Counter({0: 2}),0.0004976322219779694
3371,3645268395,3371,8.4645196,49.4884191,4,Counter({0: 4}),0.034162507307457936
3372,3646660591,3372,8.4682076,49.4936247,3,"Counter({1: 2, 0: 1})",0.01424536957451054
3373,3656925583,3373,8.4993679,49.4804285,2,Counter({0: 2}),0.0021297397780187916
3374,3657805079,3374,8.5360804,49.5190189,2,Counter({0: 2}),0.0014999073476499184
3375,3674884885,3375,8.5565167,49.5122395,2,Counter({0: 2}),0.0130459216397355
3376,3679559144,3376,8.4638264,49.4905544,2,Counter({0: 2}),0.0005668550575190475
3377,3679559145,3377,8.4635533,49.4906619,2,Counter({0: 2}),0.0005491291990308896
3378,3682702873,3378,8.5024965,49.5026491,1,Counter({0: 1}),0.0004688133742351837
3379,3685910370,3379,8.5511326,49.4929239,2,Counter({0: 2}),0.004697955495611906
3380,3700623430,3380,8.4869301,49.4749422,2,Counter({0: 2}),0.004704789893701684
3381,3704616934,3381,8.4708834,49.475239,3,Counter({0: 3}),0.0027022374668405277
3382,3727766329,3382,8.4727285,49.474031,2,Counter({0: 2}),0.0007585992889931409
3383,3740445396,3383,8.4712852,49.4738994,3,"Counter({1: 2, 0: 1})",0.0011643148402916406
3384,3741594716,3384,8.4807073,49.4573132,2,Counter({0: 2}),0.015580982865775821
3385,3741594717,3385,8.4890282,49.4628803,2,Counter({0: 2}),0.002723661426017694
3386,3741594720,3386,8.4888207,49.4631345,2,Counter({0: 2}),0.003067814658524994
3387,3746354129,3387,8.5525054,49.5079542,2,Counter({0: 2}),0.0018742553137450601
3388,3747954341,3388,8.4926009,49.5332353,3,Counter({0: 3}),0.007848786400448485
3389,3748761844,3389,8.4635612,49.4940759,2,Counter({0: 2}),0.0020450594909070243
3390,3748836335,3390,8.4572337,49.4948438,2,Counter({0: 2}),0.0004790170246798577
3391,3760688281,3391,8.5200406,49.4640275,2,Counter({0: 2}),0.07075823904859897
3392,3760688284,3392,8.5201858,49.4641897,2,Counter({0: 2}),0.0710222992279795
3393,3760688287,3393,8.5204609,49.4644968,2,Counter({0: 2}),0.0713022789165852
3394,3760688290,3394,8.5207613,49.4646267,2,Counter({0: 2}),0.013170641343063012
3395,3780110776,3395,8.4992776,49.4733961,2,Counter({0: 2}),0.0014059964857296957
3396,3780110777,3396,8.4997821,49.4739042,2,Counter({0: 2}),0.0009375158392264035
3397,3780110779,3397,8.5000761,49.4742556,1,Counter({0: 1}),0.0004688133742351837
3398,3802218850,3398,8.4573319,49.4953762,2,Counter({0: 2}),0.0004785733877040021
3399,3802288793,3399,8.4582696,49.4967066,2,Counter({1: 2}),0.0004688133742351837
3400,3802288794,3400,8.4575823,49.4967145,3,"Counter({1: 2, 0: 1})",0.002783749929441496
3401,3802428246,3401,8.470045,49.4845364,2,Counter({0: 2}),0.0005086588415156577
3402,3834013507,3402,8.5007999,49.4547328,2,Counter({0: 2}),0.012119829452637372
3403,3839668158,3403,8.4725651,49.4646767,4,Counter({0: 4}),0.002941189829404735
3404,3839668159,3404,8.4725554,49.4643245,1,Counter({0: 1}),0.0004688133742351837
3405,3839783119,3405,8.4825476,49.4679383,2,Counter({0: 2}),0.02407270046519764
3406,3842351073,3406,8.5023882,49.5026554,3,Counter({0: 3}),0.003044088647144056
3407,3842506693,3407,8.5021825,49.5025383,2,Counter({0: 2}),0.003449636131763503
3408,3846451561,3408,8.5019841,49.4494903,2,Counter({0: 2}),0.002342292323272497
3409,3854034151,3409,8.4777863,49.4864321,2,Counter({0: 2}),0.003155085374278432
3410,3860877548,3410,8.477949,49.4866095,2,Counter({0: 2}),0.0033295701026849057
3411,3862580883,3411,8.55512,49.4715007,3,Counter({0: 3}),0.03472991884446791
3412,3864598522,3412,8.4810775,49.4924707,2,Counter({0: 2}),0.15744037601958252
3413,3869214912,3413,8.4924891,49.4973695,2,Counter({0: 2}),0.004641719110646739
3414,3875307492,3414,8.4859495,49.4664755,2,Counter({0: 2}),0.004718572757638551
3415,3891403031,3415,8.5442498,49.4889992,2,Counter({0: 2}),0.012959672840207494
3416,3891403034,3416,8.5443804,49.4892435,2,Counter({0: 2}),0.012667144779953114
3417,3891437204,3417,8.5439692,49.4886251,2,Counter({0: 2}),0.013573759807416624
3418,3891658477,3418,8.5425843,49.4876174,2,Counter({0: 2}),0.014238208813822343
3419,3897879697,3419,8.4877676,49.5029907,2,Counter({0: 2}),0.004414721611407845
3420,3904068073,3420,8.5202121,49.4885551,2,Counter({0: 2}),0.018766201000203243
3421,3904068077,3421,8.5179457,49.4886309,3,Counter({0: 3}),0.05004677830496413
3422,3907122314,3422,8.5272173,49.4874064,2,Counter({0: 2}),0.013404844870563475
3423,3914281074,3423,8.5491469,49.5109508,2,Counter({0: 2}),0.0044126285330447846
3424,3918633255,3424,8.4758195,49.4732788,3,Counter({0: 3}),0.009033897357740971
3425,3920172003,3425,8.5256016,49.4937394,2,Counter({0: 2}),0.0035407638819251516
3426,3978537057,3426,8.5060536,49.5065128,2,Counter({0: 2}),0.004158061258361471
3427,3991708295,3427,8.4760477,49.4907162,3,Counter({0: 3}),0.0016387086539730448
3428,3991708297,3428,8.4761568,49.490762,3,Counter({0: 3}),0.001050986920710005
3429,4034405133,3429,8.5182611,49.5104413,2,Counter({1: 2}),0.0004688133742351837
3430,4034869549,3430,8.4880121,49.5271657,2,Counter({0: 2}),0.014851058217965386
3431,4036602946,3431,8.4632911,49.4956874,2,Counter({0: 2}),0.0032366371520034143
3432,4037945183,3432,8.5023253,49.5232488,2,Counter({0: 2}),0.022382226095141015
3433,4058157214,3433,8.4840208,49.5101647,2,Counter({0: 2}),0.0035015617628687532
3434,4079299034,3434,8.489136,49.5287669,2,Counter({0: 2}),0.003650480158692325
3435,4079299043,3435,8.4898872,49.5298233,2,Counter({0: 2}),0.00219172181558289
3436,4098871779,3436,8.4931622,49.5336621,2,Counter({0: 2}),0.0005661343873260606
3437,4128477789,3437,8.4933651,49.5341929,2,Counter({0: 2}),0.0008400839168915628
3438,4140698413,3438,8.4713964,49.472943,3,Counter({0: 3}),0.0012953091972668905
3439,4148523263,3439,8.4729577,49.472998,3,Counter({0: 3}),0.0011489614503910157
3440,4189001312,3440,8.5505869,49.4981902,2,Counter({0: 2}),0.011753651918072544
3441,4200981033,3441,8.5157635,49.4433528,2,Counter({0: 2}),0.020503271376500588
3442,4217642232,3442,8.5094495,49.5137005,3,"Counter({1: 2, 0: 1})",0.0011621971925152698
3443,4222705081,3443,8.4901054,49.498891,3,Counter({0: 3}),0.10770016115345177
3444,4222705082,3444,8.4914928,49.4996348,2,Counter({0: 2}),0.10504931636346058
3445,4244013710,3445,8.4931183,49.5036776,3,Counter({0: 3}),0.006645773279947414
3446,4281976489,3446,8.4888735,49.4985154,2,Counter({0: 2}),0.004996024229182189
3447,4281976491,3447,8.4888623,49.4985577,4,"Counter({1: 2, 0: 1, 2: 1})",0.00909193774835541
3448,4305741919,3448,8.5095034,49.5101955,2,Counter({0: 2}),0.01187025939550975
3449,4311213719,3449,8.4668124,49.4814608,2,Counter({0: 2}),0.0016647522860143177
3450,4311216179,3450,8.4922663,49.5067104,3,"Counter({1: 2, 0: 1})",0.0004713827717203462
3451,4311216182,3451,8.4919528,49.5068221,2,Counter({0: 2}),0.00812825797589841
3452,4324026086,3452,8.4562833,49.4881703,4,"Counter({0: 2, 1: 2})",0.0035773824654867755
3453,4375277040,3453,8.487275,49.5231646,2,Counter({0: 2}),0.0013996210526891744
3454,4375277041,3454,8.487136,49.5232099,2,Counter({0: 2}),0.0009852363899292486
3455,4375277042,3455,8.4867732,49.5233218,2,Counter({0: 2}),0.0009078605558778702
3456,4375277044,3456,8.4860415,49.523569,2,Counter({0: 2}),0.0011702274633987484
3457,4392519569,3457,8.5055927,49.476278,3,Counter({0: 3}),0.0014929381503365517
3458,4392519575,3458,8.505685,49.4768796,3,Counter({0: 3}),0.0025407204561229946
3459,4398218667,3459,8.508467,49.4823052,2,Counter({0: 2}),0.004205579482807063
3460,4447131092,3460,8.4883796,49.498254,3,"Counter({1: 2, 0: 1})",0.05002399934659256
3461,4447131093,3461,8.4887986,49.4985254,3,"Counter({1: 2, 0: 1})",0.036500099037282636
3462,4460512897,3462,8.5543863,49.5185927,2,Counter({0: 2}),0.008871519515424205
3463,4508616979,3463,8.4691825,49.480413,3,"Counter({1: 2, 0: 1})",0.0014059964857296957
3464,4510880399,3464,8.4695454,49.480902,3,"Counter({1: 2, 0: 1})",0.0015362475107681393
3465,4510880400,3465,8.4695413,49.4808367,2,Counter({1: 2}),0.0004688133742351837
3466,4512908712,3466,8.5059427,49.5267537,2,Counter({0: 2}),0.007896492126807507
3467,4525237649,3467,8.5174334,49.4420561,2,Counter({0: 2}),0.006876678733627814
3468,4527155697,3468,8.493809,49.4980909,2,Counter({0: 2}),0.0037229839033982286
3469,4527155698,3469,8.4929365,49.4976141,2,Counter({0: 2}),0.004182129688534558
3470,4527155725,3470,8.4946148,49.4985297,2,Counter({0: 2}),0.00285878169112189
3471,4547007771,3471,8.525061,49.4744557,2,Counter({0: 2}),0.029221074539485956
3472,4547007773,3472,8.5251542,49.4744471,3,Counter({0: 3}),0.08736956834021695
3473,4547007774,3473,8.5254393,49.4757078,3,Counter({0: 3}),0.11095326079821367
3474,4547939778,3474,8.4901957,49.5016709,2,Counter({0: 2}),0.0009986517872303759
3475,4547939781,3475,8.4906514,49.5019167,2,Counter({0: 2}),0.0009680195782912608
3476,4549288836,3476,8.5222253,49.5241886,2,Counter({0: 2}),0.0037943128027196054
3477,4550884964,3477,8.461927,49.4907921,2,Counter({0: 2}),0.0007895104572335575
3478,4556221803,3478,8.4857147,49.4663333,3,Counter({0: 3}),0.04055834582571992
3479,4561680554,3479,8.4906825,49.5059742,2,Counter({0: 2}),0.0008377230023780897
3480,4567186939,3480,8.4617601,49.4903373,2,Counter({0: 2}),0.005045911494931452
3481,4586935111,3481,8.4614507,49.4848357,3,"Counter({1: 2, 0: 1})",0.00754959292357306
3482,4586935121,3482,8.4590035,49.4862614,3,"Counter({1: 2, 0: 1})",0.0034875275593447123
3483,4586935124,3483,8.4589952,49.4864295,3,"Counter({1: 2, 0: 1})",0.011283282350242117
3484,4609411770,3484,8.4817286,49.4534734,2,Counter({0: 2}),0.012595108896754609
3485,4609565788,3485,8.4839619,49.4547009,3,Counter({0: 3}),0.005507943223784124
3486,4619030206,3486,8.4631993,49.5057107,2,Counter({0: 2}),0.07955854900580099
3487,4622608647,3487,8.4922642,49.4786435,2,Counter({0: 2}),0.0038873471794257253
3488,4623486200,3488,8.5365169,49.5187292,2,Counter({0: 2}),0.0035091697113410767
3489,4623486228,3489,8.5262043,49.5153077,3,Counter({0: 3}),0.032278323310301206
3490,4632596610,3490,8.4914044,49.5276296,2,Counter({0: 2}),0.01436362151726814
3491,4633259409,3491,8.4663684,49.4892021,2,Counter({0: 2}),0.010272135776043004
3492,4657289414,3492,8.5280468,49.4741219,2,Counter({0: 2}),0.0008407731266187439
3493,4663223763,3493,8.5260566,49.4756761,2,Counter({0: 2}),0.05304959149874426
3494,4694107975,3494,8.4590368,49.4919395,2,Counter({0: 2}),0.0007050912975780799
3495,4709020768,3495,8.472843,49.4840976,2,Counter({0: 2}),0.0018360559078898844
3496,4749624201,3496,8.4605244,49.4835687,1,Counter({0: 1}),0.0004688133742351837
3497,4755862866,3497,8.4920792,49.5326212,2,Counter({0: 2}),0.008031138450074055
3498,4755898652,3498,8.4912248,49.5315885,2,Counter({0: 2}),0.009703702839020808
3499,4755898664,3499,8.4916139,49.5320502,2,Counter({0: 2}),0.00924420584127861
3500,4778878162,3500,8.4761314,49.4776153,2,Counter({0: 2}),0.09774437621126349
3501,4780722306,3501,8.4911862,49.5005568,2,Counter({0: 2}),0.007140824268423689
3502,4813527557,3502,8.4678842,49.4776884,3,Counter({0: 3}),0.01600865541235256
3503,4881735049,3503,8.4986799,49.5007321,2,Counter({0: 2}),0.002432428699296253
3504,4882322483,3504,8.4891009,49.4837997,2,Counter({0: 2}),0.012055648294608357
3505,4885853864,3505,8.4985147,49.5023439,2,Counter({0: 2}),0.007701673151727143
3506,4890135930,3506,8.46564,49.4834525,2,Counter({0: 2}),0.001148034251198849
3507,4890563110,3507,8.4909516,49.4600861,2,Counter({0: 2}),0.01254345884992298
3508,4890563114,3508,8.4906927,49.4603627,2,Counter({0: 2}),0.013287699047248558
3509,4890563116,3509,8.4908151,49.4602389,2,Counter({0: 2}),0.01289631660959397
3510,4895476633,3510,8.4704296,49.4910631,3,Counter({0: 3}),0.04810095555174722
3511,4895483490,3511,8.4697338,49.4903059,4,Counter({0: 4}),0.05666820041084769
3512,4909196414,3512,8.4575535,49.496556,2,Counter({0: 2}),0.0032468871270123867
3513,4909196948,3513,8.4574869,49.4962167,2,Counter({0: 2}),0.003711384283169977
3514,4916007203,3514,8.4712313,49.4907448,4,Counter({0: 4}),0.028928886385896243
3515,4916007208,3515,8.4734484,49.4858052,2,Counter({0: 2}),0.000695622015699192
3516,4917540830,3516,8.4591554,49.4934298,3,Counter({0: 3}),0.043551998047581225
3517,4919176148,3517,8.5318306,49.4856524,2,Counter({0: 2}),0.0024337005549594434
3518,4932215408,3518,8.4842112,49.4687193,3,Counter({0: 3}),0.019044284642108264
3519,4941502830,3519,8.5120225,49.4851806,2,Counter({0: 2}),0.07799702395022497
3520,4941502831,3520,8.5121068,49.4854785,2,Counter({0: 2}),0.07793434529367982
3521,4953736045,3521,8.5422495,49.4982763,2,Counter({0: 2}),0.012050074874471439
3522,4962714026,3522,8.5435075,49.4978132,2,Counter({0: 2}),0.010745893074700566
3523,5040465952,3523,8.5245374,49.52351,2,Counter({0: 2}),0.004568406242745892
3524,5064237408,3524,8.4706898,49.4761354,3,"Counter({1: 2, 0: 1})",0.0012174008957794203
3525,5086837420,3525,8.4669862,49.4860786,2,Counter({0: 2}),0.001519265525301543
3526,5100161216,3526,8.4797886,49.4942035,2,Counter({0: 2}),0.0014656566594693223
3527,5100468657,3527,8.4661194,49.4974019,3,Counter({0: 3}),0.13258348044258197
3528,5106172592,3528,8.4662504,49.5080065,2,Counter({0: 2}),0.003475521374101925
3529,5106174292,3529,8.4683578,49.5091789,2,Counter({0: 2}),0.07711410273075416
3530,5137406868,3530,8.5111934,49.5074515,1,Counter({0: 1}),0.0004688133742351837
3531,5155899263,3531,8.4732392,49.4749746,2,Counter({0: 2}),0.003666494187348104
3532,5188059314,3532,8.4872844,49.4946741,2,Counter({0: 2}),0.0009827019260762538
3533,5189354539,3533,8.4750162,49.4834146,3,Counter({0: 3}),0.0019409804589308633
3534,5246836081,3534,8.5269871,49.4428388,2,Counter({0: 2}),0.0037450724409272412
3535,5249379161,3535,8.4704309,49.5023049,2,Counter({0: 2}),0.005649520512623397
3536,5256250269,3536,8.528673,49.4870552,2,Counter({0: 2}),0.010970854632869096
3537,5256382599,3537,8.5289375,49.486997,2,Counter({0: 2}),0.010629490767847577
3538,5256445151,3538,8.5281774,49.4871692,2,Counter({0: 2}),0.012559790371054933
3539,5256445158,3539,8.5289705,49.4869899,2,Counter({0: 2}),0.010351350101185208
3540,5256445163,3540,8.5285542,49.487082,2,Counter({0: 2}),0.01172999051380993
3541,5256482921,3541,8.5283773,49.4871219,2,Counter({0: 2}),0.012138926759960122
3542,5256482924,3542,8.5286143,49.4870684,2,Counter({0: 2}),0.011344152966202607
3543,5264397899,3543,8.5393499,49.4841718,3,Counter({0: 3}),0.0070170483422348825
3544,5264397906,3544,8.5392699,49.4841046,3,Counter({0: 3}),0.005173728770803891
3545,5264397907,3545,8.5391585,49.4841573,3,Counter({0: 3}),0.02767614698971854
3546,5264485162,3546,8.5363472,49.4828121,2,Counter({0: 2}),0.0025001798598715467
3547,5264485169,3547,8.5360063,49.4826729,2,Counter({0: 2}),0.0014059964857296957
3548,5293332637,3548,8.4906245,49.5048976,2,Counter({0: 2}),0.0009036303364759536
3549,5293332641,3549,8.4901914,49.504669,2,Counter({0: 2}),0.001288725716392429
3550,5293332642,3550,8.4897215,49.5044211,2,Counter({0: 2}),0.0016987818378254302
3551,5294183138,3551,8.5114347,49.5133269,2,Counter({0: 2}),0.0018609844314346688
3552,5296661597,3552,8.4732253,49.4858923,2,Counter({0: 2}),0.000881531309241402
3553,5296661605,3553,8.4735506,49.4857653,2,Counter({0: 2}),0.0007924391843114285
3554,5298386605,3554,8.4849415,49.4740563,2,Counter({0: 2}),0.0006344953700813552
3555,5298386606,3555,8.476914,49.4727385,2,Counter({0: 2}),0.010170759623515813
3556,5298386607,3556,8.4761752,49.4731209,2,Counter({0: 2}),0.009365966080111303
3557,5326010448,3557,8.5422643,49.4862261,2,Counter({0: 2}),0.0006900471039769276
3558,5336896257,3558,8.5276602,49.4444263,2,Counter({0: 2}),0.004411902989104215
3559,5336896260,3559,8.5278278,49.4446605,2,Counter({0: 2}),0.004829062231450646
3560,5364409575,3560,8.5077205,49.5198806,2,Counter({0: 2}),0.02561108994491263
3561,5451166948,3561,8.4908933,49.5311851,2,Counter({0: 2}),0.010163199836763028
3562,5453689981,3562,8.4648933,49.4990797,2,Counter({0: 2}),0.0011443481065960789
3563,5499308508,3563,8.4810059,49.4905979,1,Counter({0: 1}),0.0004688133742351837
3564,5568292195,3564,8.4768056,49.5281575,2,Counter({0: 2}),0.0009375158392264035
3565,5583991521,3565,8.4709099,49.4763161,3,Counter({0: 3}),0.0020262844996249848
3566,5603023195,3566,8.4854075,49.4543024,2,Counter({0: 2}),0.00405135387799648
3567,5603023200,3567,8.4856034,49.4542388,2,Counter({0: 2}),0.0036333448595857066
3568,5627534172,3568,8.4888454,49.5049952,2,Counter({0: 2}),0.0015249618338845604
3569,5759262563,3569,8.5255583,49.5144226,2,Counter({0: 2}),0.006001531976420189
3570,5796994785,3570,8.4955987,49.5089023,3,Counter({0: 3}),0.009636030608858747
3571,5796994787,3571,8.495942,49.5090123,3,Counter({0: 3}),0.01538098405919959
3572,5796995317,3572,8.4957826,49.5089105,3,Counter({0: 3}),0.0075639541959716975
3573,5810627935,3573,8.4897061,49.5038021,2,Counter({0: 2}),0.0019067201049667232
3574,5810627937,3574,8.4898615,49.5036796,2,Counter({0: 2}),0.0014208879713149146
3575,5811610658,3575,8.4745653,49.4742949,3,Counter({0: 3}),0.003687060179592912
3576,5818014695,3576,8.4996578,49.4540648,2,Counter({0: 2}),0.010729027533330724
3577,5818030609,3577,8.5043417,49.4568813,2,Counter({0: 2}),0.015852324588748665
3578,5818030612,3578,8.5020549,49.458741,2,Counter({0: 2}),0.015052245078568427
3579,5818030615,3579,8.5028495,49.4581215,2,Counter({0: 2}),0.015295758154578395
3580,5818030616,3580,8.5012093,49.4592309,2,Counter({0: 2}),0.014404538593308236
3581,5818030623,3581,8.5018942,49.4588355,2,Counter({0: 2}),0.014826110327257232
3582,5818030626,3582,8.5035284,49.4575574,2,Counter({0: 2}),0.015562563324446199
3583,5825322441,3583,8.4998115,49.4541552,2,Counter({0: 2}),0.011192849991587534
3584,5835050632,3584,8.4892621,49.5011672,2,Counter({0: 2}),0.0013880467488378468
3585,5891699984,3585,8.5555493,49.5174974,2,Counter({0: 2}),0.009800717161353318
3586,5891710857,3586,8.5563695,49.5162805,2,Counter({0: 2}),0.010729027533330724
3587,5891716186,3587,8.5563887,49.5157634,2,Counter({0: 2}),0.011192849991587534
3588,5905892223,3588,8.5173779,49.5107056,3,"Counter({1: 2, 0: 1})",0.026406428322249216
3589,5905952887,3589,8.5133726,49.5188961,2,Counter({0: 2}),0.005023888875394448
3590,5905976522,3590,8.5054412,49.5185614,2,Counter({0: 2}),0.016722312199744245
3591,5906075961,3591,8.4886228,49.522699,2,Counter({0: 2}),0.014872572116536944
3592,5906085901,3592,8.4877082,49.5230419,2,Counter({0: 2}),0.0018213423619373088
3593,5911240550,3593,8.4833995,49.5243685,2,Counter({0: 2}),0.022143852191926508
3594,5911300211,3594,8.4875149,49.5229309,2,Counter({0: 2}),0.0031485415268054885
3595,5911300266,3595,8.4855294,49.5236876,2,Counter({0: 2}),0.002098977775377208
3596,5911300273,3596,8.48547,49.5237076,2,Counter({0: 2}),0.0024930013494327704
3597,5919924351,3597,8.5086837,49.4978433,3,Counter({0: 3}),0.0026922365095643714
3598,5927453357,3598,8.4874439,49.4965733,2,Counter({0: 2}),0.10213093887710466
3599,5928694707,3599,8.5071143,49.4992069,2,Counter({0: 2}),0.0015961083622399895
3600,5933567250,3600,8.4635069,49.4877738,2,Counter({0: 2}),0.0005945185403132734
3601,5936218737,3601,8.5119038,49.5231905,2,Counter({0: 2}),0.0033711285642823397
3602,5936218738,3602,8.5120676,49.5232145,2,Counter({0: 2}),0.016102101607906642
3603,5936218739,3603,8.512615,49.5216499,2,Counter({0: 2}),0.01730501587398897
3604,5948501606,3604,8.4963116,49.44595,2,Counter({0: 2}),0.004668369247897136
3605,5968670556,3605,8.5113123,49.4643925,3,Counter({0: 3}),0.019686726415891687
3606,5968670557,3606,8.5113136,49.4643539,2,Counter({0: 2}),0.0008999113545957087
3607,5971628483,3607,8.4922747,49.5011441,2,Counter({0: 2}),0.0069586048697747715
3608,5995424518,3608,8.4987521,49.5251532,2,Counter({0: 2}),0.0009009472066674682
3609,6004767931,3609,8.4895223,49.4957053,2,Counter({0: 2}),0.003450988240838659
3610,6012918409,3610,8.4920451,49.5325791,2,Counter({0: 2}),0.008379222799117299
3611,6027045508,3611,8.4788893,49.4597387,2,Counter({0: 2}),0.01679269962885405
3612,6033910207,3612,8.4726567,49.4878249,2,Counter({0: 2}),0.0010477013918947246
3613,6033924910,3613,8.4719873,49.4879089,2,Counter({0: 2}),0.0007328119288787632
3614,6081728655,3614,8.5009513,49.4548281,2,Counter({0: 2}),0.012582986455430399
3615,6096388460,3615,8.488616,49.5287881,2,Counter({0: 2}),0.0033327463409403447
3616,6096462502,3616,8.4915976,49.5219538,2,Counter({0: 2}),0.014488960266251247
3617,6116116843,3617,8.495817,49.5089332,3,Counter({0: 3}),0.007964423300503226
3618,6116132371,3618,8.4701215,49.5061119,2,Counter({0: 2}),0.00662709860708086
3619,6116134945,3619,8.4701937,49.5050462,2,Counter({0: 2}),0.005708654208417889
3620,6116153905,3620,8.4855054,49.4670494,2,Counter({0: 2}),0.002194556541147222
3621,6172746472,3621,8.4717463,49.4913043,2,Counter({0: 2}),0.001140584472327589
3622,6172747190,3622,8.4722414,49.4918484,2,Counter({0: 2}),0.001351155899800434
3623,6203170560,3623,8.4887474,49.4756647,2,Counter({0: 2}),0.005665428564559097
3624,6266937141,3624,8.5045898,49.5187503,3,Counter({0: 3}),0.015153547715630107
3625,6270908845,3625,8.4847238,49.5008099,2,Counter({0: 2}),0.0018742553137450601
3626,6297374246,3626,8.4890312,49.5286271,2,Counter({0: 2}),0.004109422610214724
3627,6297389253,3627,8.4904599,49.5279847,2,Counter({0: 2}),0.014607847721544163
3628,6297389254,3628,8.4900905,49.5281261,2,Counter({0: 2}),0.014750819243520182
3629,6297922216,3629,8.5185918,49.5123591,2,Counter({0: 2}),0.0019076554577494391
3630,6312513504,3630,8.4894083,49.5040369,2,Counter({0: 2}),0.0026421556047161883
3631,6312513508,3631,8.4897486,49.5037686,2,Counter({0: 2}),0.0016433338886798917
3632,6312649540,3632,8.4909519,49.502924,2,Counter({0: 2}),0.001988091434375369
3633,6312649543,3633,8.4902875,49.5034464,2,Counter({0: 2}),0.0013749904862314613
3634,6312774603,3634,8.4742019,49.4815658,2,Counter({0: 2}),0.0007414151032969864
3635,6314719454,3635,8.4564061,49.4881241,3,"Counter({1: 2, 0: 1})",0.0032213809703621195
3636,6327873081,3636,8.4758829,49.4997377,2,Counter({0: 2}),0.008181778663535266
3637,6388618595,3637,8.5397231,49.5112969,2,Counter({0: 2}),0.0018742553137450601
3638,6416664445,3638,8.4890386,49.498659,3,"Counter({1: 2, 0: 1})",0.016216574795903955
3639,6416664455,3639,8.4879735,49.4971596,2,Counter({0: 2}),0.10182860335887166
3640,6418526799,3640,8.5522039,49.4977662,2,Counter({0: 2}),0.010463777410772963
3641,6501703515,3641,8.5531521,49.4948016,2,Counter({0: 2}),0.005829194348381514
3642,6501703518,3642,8.5530373,49.494591,2,Counter({0: 2}),0.00541387619948489
3643,6501703521,3643,8.5532709,49.4950173,2,Counter({0: 2}),0.006245732498961741
3644,6501703529,3644,8.5533891,49.4952376,2,Counter({0: 2}),0.0066633058024856305
3645,6511444191,3645,8.4678957,49.4778718,3,Counter({0: 3}),0.001796719573164422
3646,6511444192,3646,8.4677576,49.4777407,4,Counter({0: 4}),0.018043435371517383
3647,6518963928,3647,8.4668627,49.4780718,2,Counter({0: 2}),0.018055461941013214
3648,6518963931,3648,8.4665271,49.4782021,4,Counter({0: 4}),0.022129044273184233
3649,6547600150,3649,8.4908033,49.4908403,2,Counter({0: 2}),0.004751544273783165
3650,6595668390,3650,8.5355918,49.4535725,2,Counter({0: 2}),0.024891769725164766
3651,6624930306,3651,8.4744129,49.5174454,2,Counter({0: 2}),0.005145856192190636
3652,6633328945,3652,8.5563918,49.5156173,2,Counter({0: 2}),0.011656450631356417
3653,6649339625,3653,8.503572,49.4489878,2,Counter({0: 2}),0.0009372940207384759
3654,6649339626,3654,8.5036412,49.4490516,3,Counter({0: 3}),0.002342403232516461
3655,6731299216,3655,8.5148979,49.5125762,2,Counter({0: 2}),0.0033328493837295496
3656,6731373426,3656,8.5142558,49.5127343,2,Counter({0: 2}),0.002622858597745546
3657,6731373436,3657,8.5137354,49.5128672,2,Counter({0: 2}),0.002280918038044603
3658,6731373439,3658,8.5136871,49.5128782,2,Counter({0: 2}),0.001948039807269993
3659,6788887080,3659,8.4915017,49.5103253,2,Counter({0: 2}),0.007566982895247553
3660,6838389013,3660,8.4657511,49.4833185,2,Counter({0: 2}),0.043097710316019645
3661,6838389025,3661,8.4657832,49.4832344,3,Counter({0: 3}),0.043295172035408384
3662,6871504572,3662,8.4923104,49.5000644,2,Counter({0: 2}),0.10491574334363198
3663,6925505640,3663,8.4581063,49.4903719,2,Counter({0: 2}),0.0034029604311777662
3664,6928696061,3664,8.5507616,49.519813,2,Counter({0: 2}),0.0028101075143120062
3665,6928748409,3665,8.5508039,49.5197629,4,Counter({0: 4}),0.007482935780996832
3666,6965682583,3666,8.4949104,49.4751786,2,Counter({0: 2}),0.0007026655151329564
3667,6965692691,3667,8.4949753,49.4751083,2,Counter({0: 2}),0.0004695342843209487
3668,7001789045,3668,8.4737685,49.4746894,2,Counter({0: 2}),0.003409452509367402
3669,7001856049,3669,8.4747279,49.4744067,3,Counter({0: 3}),0.0010518537874968517
3670,7008462627,3670,8.501933,49.5035441,2,Counter({0: 2}),0.001574369433749229
3671,7008800137,3671,8.4695854,49.4768575,3,Counter({0: 3}),0.01290924440205236
3672,7008800162,3672,8.4693625,49.4769761,2,Counter({0: 2}),0.012834489591026161
3673,7008822278,3673,8.5016368,49.5040544,2,Counter({0: 2}),0.0017616725791817236
3674,7022223568,3674,8.4760593,49.4775452,2,Counter({0: 2}),0.0974741619465929
3675,7036597583,3675,8.4589242,49.4913875,2,Counter({0: 2}),0.0006276778134087265
3676,7055630477,3676,8.5056304,49.4760984,2,Counter({0: 2}),0.0005501268476973451
3677,7059274552,3677,8.5064299,49.5141216,2,Counter({0: 2}),0.0029254103768443554
3678,7156283688,3678,8.4772425,49.5049298,2,Counter({0: 2}),0.0042122221765029675
3679,7182507740,3679,8.4832633,49.4974431,2,Counter({0: 2}),0.010062214022723183
3680,7187069479,3680,8.5320783,49.482593,2,Counter({0: 2}),0.0032930318064159888
3681,7188882365,3681,8.4701952,49.5050239,2,Counter({0: 2}),0.005573747075614896
3682,7188925337,3682,8.4830183,49.4974982,2,Counter({0: 2}),0.010052833727188109
3683,7190855326,3683,8.5188749,49.5123397,2,Counter({0: 2}),0.002235462516183786
3684,7201111127,3684,8.5073593,49.4990013,2,Counter({0: 2}),0.0017898481825328535
3685,7212692629,3685,8.4887883,49.4631742,2,Counter({0: 2}),0.0034177470548516064
3686,7222209981,3686,8.4657913,49.4847732,2,Counter({0: 2}),0.0005343164657082898
3687,7239096688,3687,8.4781478,49.4607364,2,Counter({0: 2}),0.01761862201970919
3688,7242283758,3688,8.4718712,49.470225,2,Counter({0: 2}),0.0009304952931688533
3689,7260077753,3689,8.5287371,49.4910198,2,Counter({0: 2}),0.0018378707440538358
3690,7284867372,3690,8.495959,49.4992509,2,Counter({0: 2}),0.0023920061182034083
3691,7284924788,3691,8.4967096,49.4996799,2,Counter({0: 2}),0.002042580999633116
3692,7358738255,3692,8.4827412,49.4828578,2,Counter({0: 2}),0.0006149583281508834
3693,7358738258,3693,8.4839758,49.4825455,2,Counter({0: 2}),0.0027328312840816265
3694,7358738262,3694,8.4848287,49.4820599,2,Counter({0: 2}),0.11137592979519154
3695,7360304926,3695,8.5234168,49.5241061,2,Counter({0: 2}),0.0038777385378624585
3696,7369019362,3696,8.5347948,49.5248205,2,Counter({0: 2}),0.0014059964857296957
3697,7387180853,3697,8.4670201,49.4782452,2,Counter({0: 2}),0.000607348998728584
3698,7409941398,3698,8.4660292,49.4728597,2,Counter({0: 2}),0.0008164347405963159
3699,7413593211,3699,8.5321555,49.4831851,2,Counter({0: 2}),0.003757094568034715
3700,7413593240,3700,8.5321847,49.4837591,2,Counter({0: 2}),0.004687401306403461
3701,7413593242,3701,8.5316932,49.484166,2,Counter({0: 2}),0.03731305353913456
3702,7444124124,3702,8.4561332,49.4888358,3,Counter({0: 3}),0.004367826047524541
3703,7525195555,3703,8.4623828,49.5039642,2,Counter({0: 2}),0.0008663737848592676
3704,7597463852,3704,8.4703005,49.5270094,2,Counter({0: 2}),0.004842817896652908
3705,7601672741,3705,8.4935021,49.4568022,2,Counter({0: 2}),0.011603629465352847
3706,7605220277,3706,8.5610972,49.4664975,2,Counter({0: 2}),0.005006299090510926
3707,7611977760,3707,8.4989144,49.5008575,2,Counter({0: 2}),0.002890567058799928
3708,7644099333,3708,8.5554385,49.517606,2,Counter({0: 2}),0.009336229247632725
3709,7669403437,3709,8.4791036,49.4719676,2,Counter({0: 2}),0.010999929114241391
3710,7699583624,3710,8.4846705,49.4680621,3,Counter({0: 3}),0.0030502575078600372
3711,7717830849,3711,8.5038912,49.4985423,2,Counter({0: 2}),0.008292440733592756
3712,7814983887,3712,8.4994971,49.480858,2,Counter({0: 2}),0.0023864997815303424
3713,7814983889,3713,8.4990253,49.4799148,2,Counter({0: 2}),0.0018883303588384376
3714,7848714259,3714,8.4657021,49.5076116,2,Counter({0: 2}),0.00373167746552607
3715,7848714264,3715,8.4655637,49.5075149,2,Counter({0: 2}),0.004001536658111574
3716,7854955721,3716,8.489003,49.4982692,3,"Counter({1: 2, 0: 1})",0.005332391100559677
3717,7855076453,3717,8.5408407,49.4838575,2,Counter({0: 2}),0.00620242408641233
3718,7879983983,3718,8.505835,49.5142068,2,Counter({0: 2}),0.003189485286722286
3719,7944837239,3719,8.4670645,49.470103,2,Counter({0: 2}),0.014650532784308357
3720,7973167881,3720,8.4711042,49.4704928,2,Counter({0: 2}),0.0025202709462618417
3721,7975563962,3721,8.5420892,49.4835259,2,Counter({0: 2}),0.004340036061771402
3722,7975563965,3722,8.5418183,49.4835968,2,Counter({0: 2}),0.0048056330679316335
3723,7975563966,3723,8.5429138,49.4833101,2,Counter({0: 2}),0.003874439055611168
3724,7978905412,3724,8.5317685,49.4857922,2,Counter({0: 2}),0.002855932046729835
3725,8017402117,3725,8.4719442,49.4704276,3,Counter({0: 3}),0.0007214337246197693
3726,8017405973,3726,8.4718007,49.4705488,3,Counter({0: 3}),0.0022479094804552665
3727,8017405974,3727,8.4720509,49.4704384,2,Counter({0: 2}),0.0005537228347115318
3728,8017405975,3728,8.4718302,49.4704142,3,Counter({0: 3}),0.0009408258914832433
3729,8103939308,3729,8.497097,49.4782982,3,Counter({0: 3}),0.020765431246437628
3730,8104484578,3730,8.4714309,49.4795375,4,Counter({0: 4}),0.0024196141329480636
3731,8119691474,3731,8.4951566,49.50838,2,Counter({0: 2}),0.006290406831529596
3732,8119691479,3732,8.4964424,49.5085505,2,Counter({0: 2}),0.00297370599204009
3733,8119691483,3733,8.4960276,49.5089062,3,Counter({0: 3}),0.001004679587865624
3734,8119691484,3734,8.4956834,49.508905,3,Counter({0: 3}),0.00759413115436956
3735,8119691486,3735,8.4955538,49.5086149,3,Counter({0: 3}),0.0034209286161375747
3736,8119691487,3736,8.4956831,49.5087543,3,Counter({0: 3}),0.0005941417403937538
3737,8119691488,3737,8.4958239,49.5088431,4,Counter({0: 4}),0.0007124028602646321
3738,8119691489,3738,8.4959099,49.5088697,3,Counter({0: 3}),0.0008808115324316378
3739,8119691491,3739,8.4959002,49.5089859,3,Counter({0: 3}),0.008703305541558832
3740,8119691492,3740,8.4961775,49.5088066,4,"Counter({1: 2, 0: 2})",0.006478592249330589
3741,8119691493,3741,8.4964145,49.5085704,3,"Counter({1: 2, 0: 1})",0.0031441071218826157
3742,8119723603,3742,8.4914208,49.5103396,2,Counter({0: 2}),0.007722306019836973
3743,8119752385,3743,8.495491,49.5085714,3,Counter({0: 3}),0.007003888274015586
3744,8194104340,3744,8.4958798,49.4769639,2,Counter({0: 2}),0.01627028312568053
3745,8235027002,3745,8.5439847,49.4831489,2,Counter({0: 2}),0.0022064929724386687
3746,8235178058,3746,8.5528127,49.4941877,2,Counter({0: 2}),0.00500009229512977
3747,8261707558,3747,8.522478,49.4687774,2,Counter({0: 2}),0.08122337948838984
3748,8261707561,3748,8.5225127,49.4689494,2,Counter({0: 2}),0.0815099843993421
3749,8277786333,3749,8.4807345,49.4835866,2,Counter({0: 2}),0.0010761367150352848
3750,8310313280,3750,8.4693338,49.4886621,2,Counter({0: 2}),0.03936267365790697
3751,8310313284,3751,8.4692601,49.4894622,2,Counter({0: 2}),0.0004758114074396294
3752,8310347804,3752,8.4685104,49.4889786,2,Counter({0: 2}),0.03467286128076286
3753,8310935776,3753,8.4630684,49.4908515,2,Counter({0: 2}),0.0009689916894612364
3754,8310935781,3754,8.462763,49.4909707,2,Counter({0: 2}),0.0005878797071296401
3755,8320625378,3755,8.4750058,49.5290823,1,Counter({0: 1}),0.0004688133742351837
3756,8321395527,3756,8.4645196,49.4892547,2,Counter({0: 2}),0.0005090023395778697
3757,8333202711,3757,8.4802493,49.5283258,2,Counter({0: 2}),0.01342517031276154
3758,8341714810,3758,8.4772206,49.5278962,2,Counter({0: 2}),0.0014059964857296957
3759,8344736421,3759,8.4981333,49.5072254,2,Counter({0: 2}),0.003243129941734971
3760,8344736424,3760,8.498323,49.5070726,2,Counter({0: 2}),0.003470884165897572
3761,8344736425,3761,8.4973197,49.5078804,2,Counter({0: 2}),0.003057862873711979
3762,8374443689,3762,8.4660088,49.4837933,2,Counter({0: 2}),0.04319656369236458
3763,8381082749,3763,8.464462,49.4919947,2,Counter({0: 2}),0.001457301476978066
3764,8382160941,3764,8.4676689,49.4906162,2,Counter({0: 2}),0.0006171359047275368
3765,8392164153,3765,8.4712154,49.4887029,2,Counter({0: 2}),0.0014611410081762951
3766,8427033504,3766,8.4973605,49.5207568,2,Counter({0: 2}),0.013813897157175034
3767,8454232003,3767,8.5004206,49.4687235,2,Counter({0: 2}),0.027376150051295824
3768,8464063295,3768,8.5233737,49.5160056,2,Counter({0: 2}),0.0007768324190705833
3769,8464063303,3769,8.5233162,49.5159206,2,Counter({0: 2}),0.0006780070013062251
3770,8464063305,3770,8.5232281,49.5157887,2,Counter({0: 2}),0.0009614596926152413
3771,8464063307,3771,8.5231629,49.5156911,2,Counter({0: 2}),0.001319307135939657
3772,8464063309,3772,8.5230093,49.515461,2,Counter({0: 2}),0.0021790542055075165
3773,8464063310,3773,8.5234274,49.5160856,4,"Counter({0: 2, 1: 2})",0.00811713960784568
3774,8464119362,3774,8.5364909,49.5188371,2,Counter({0: 2}),0.0007059965334382745
3775,8483112482,3775,8.5221438,49.4774374,3,Counter({0: 3}),0.0015644896286597235
3776,8483112484,3776,8.5223277,49.4773938,3,Counter({0: 3}),0.0013648644517843059
3777,8483112485,3777,8.5224362,49.4773529,3,Counter({0: 3}),0.0019372422376443597
3778,8483113521,3778,8.5235758,49.4763857,2,Counter({0: 2}),0.004875537214982548
3779,8483113522,3779,8.5234976,49.4764619,2,Counter({0: 2}),0.004466458191185654
3780,8483113534,3780,8.5206887,49.477359,3,Counter({0: 3}),0.0037857640290737005
3781,8483113547,3781,8.5114863,49.477581,2,Counter({0: 2}),0.0030161719062779817
3782,8483113548,3782,8.5113032,49.477582,2,Counter({0: 2}),0.0027088101136459497
3783,8560206951,3783,8.4726593,49.4807518,4,"Counter({1: 2, 0: 2})",0.0017994324959532196
3784,8560206955,3784,8.4726678,49.4808361,4,"Counter({1: 2, 0: 2})",0.0027217601402210216
3785,8560206959,3785,8.4715249,49.4795056,3,Counter({0: 3}),0.0017218341905083292
3786,8565628334,3786,8.4895058,49.4737928,2,Counter({0: 2}),0.004157617392870616
3787,8565628337,3787,8.4895942,49.4735535,2,Counter({0: 2}),0.0037833763309634088
3788,8645891227,3788,8.5075601,49.4988328,2,Counter({0: 2}),0.002018503838896076
3789,8645891228,3789,8.5077572,49.4986611,2,Counter({0: 2}),0.002272869179360761
3790,8646637560,3790,8.4768104,49.5271586,2,Counter({0: 2}),0.0066708979951610224
3791,8665202555,3791,8.5286203,49.5210179,2,Counter({0: 2}),0.007678486875686085
3792,8666766275,3792,8.5363092,49.5189168,2,Counter({0: 2}),0.0010997864058726284
3793,8666907656,3793,8.5252225,49.5211117,2,Counter({0: 2}),0.0016187513731484046
3794,8666907658,3794,8.5250973,49.5206908,2,Counter({0: 2}),0.0023890313885157662
3795,8667048958,3795,8.5270628,49.5165364,3,Counter({0: 3}),0.023627236964940602
3796,8667048959,3796,8.5287812,49.5159442,2,Counter({0: 2}),0.013467282097836328
3797,8670664408,3797,8.531665,49.5225877,2,Counter({0: 2}),0.004266309621995008
3798,8670664409,3798,8.5316704,49.522462,2,Counter({0: 2}),0.004622023294698055
3799,8670664412,3799,8.5353905,49.5193797,2,Counter({0: 2}),0.005841906675106817
3800,8670669717,3800,8.5336882,49.5216574,2,Counter({0: 2}),0.005026431670963434
3801,8691789709,3801,8.5421534,49.4742917,2,Counter({0: 2}),0.04220499916189694
3802,8743440098,3802,8.4796755,49.4586926,2,Counter({0: 2}),0.01598375717918013
3803,8843940949,3803,8.4954222,49.4895769,2,Counter({0: 2}),0.15331245327544146
3804,8864793042,3804,8.5001489,49.4543517,2,Counter({0: 2}),0.011656450631356417
3805,8872811519,3805,8.5316585,49.5183833,3,"Counter({1: 2, 0: 1})",0.008516428386870313
3806,8872811526,3806,8.5343155,49.5197279,3,Counter({0: 3}),0.009728964998121805
3807,8872908915,3807,8.525427,49.51303,2,Counter({0: 2}),0.04819117686561965
3808,8873504654,3808,8.5273667,49.5172695,2,Counter({0: 2}),0.01175297021698137
3809,8887084480,3809,8.5181272,49.4891196,3,Counter({0: 3}),0.045933881608140055
3810,8887084481,3810,8.5180713,49.4891299,3,Counter({0: 3}),0.0015573824518026562
3811,8888992608,3811,8.5260324,49.5182747,3,Counter({0: 3}),0.012078768531606918
3812,8938428146,3812,8.4979272,49.5073913,2,Counter({0: 2}),0.003117904432506644
3813,8938497813,3813,8.4969586,49.5090222,2,Counter({0: 2}),0.06316666938234655
3814,8954204720,3814,8.4975322,49.5001187,2,Counter({0: 2}),0.0018549349580735557
3815,9013365563,3815,8.4725721,49.5335328,2,Counter({0: 2}),0.0016099225838865285
3816,9142633980,3816,8.5538213,49.4960382,2,Counter({0: 2}),0.00792001844584004
3817,9188038386,3817,8.5081437,49.4983443,2,Counter({0: 2}),0.002858282787237602
3818,9188038390,3818,8.5079423,49.4985099,2,Counter({0: 2}),0.0025407272078591227
3819,9214627806,3819,8.4827277,49.4782882,2,Counter({0: 2}),0.001249861801561391
3820,9214627807,3820,8.4827582,49.4782638,2,Counter({0: 2}),0.0008862574771032241
3821,9223009649,3821,8.4784913,49.4767994,2,Counter({0: 2}),0.0006566355216805334
3822,9223009653,3822,8.4787923,49.4769499,2,Counter({0: 2}),0.000863113080525625
3823,9224947987,3823,8.4719379,49.4800981,3,Counter({0: 3}),0.002279977192760827
3824,9224947988,3824,8.4721386,49.4803214,3,Counter({0: 3}),0.0016316717478896494
3825,9229593022,3825,8.4677694,49.4775794,2,Counter({0: 2}),0.000587038288060611
3826,9271425447,3826,8.5249925,49.4885691,2,Counter({0: 2}),0.0039704788144532596
3827,9271946977,3827,8.5287582,49.4909977,2,Counter({0: 2}),0.0014161705603759802
3828,9288976708,3828,8.5124183,49.4897362,2,Counter({0: 2}),0.026834501062361786
3829,9288976709,3829,8.5124515,49.4901,2,Counter({0: 2}),0.02658069738545421
3830,9289091920,3830,8.5114406,49.4925023,2,Counter({0: 2}),0.025942933182215265
3831,9311424565,3831,8.5493056,49.5192187,1,Counter({0: 1}),0.0004688133742351837
3832,9311424566,3832,8.5489082,49.5190727,1,Counter({0: 1}),0.0004688133742351837
3833,9312814340,3833,8.5491877,49.5191738,1,Counter({0: 1}),0.0004688133742351837
3834,9312814341,3834,8.5492586,49.5191002,2,Counter({0: 2}),0.0009375158392264035
3835,9350769536,3835,8.5510273,49.5198426,2,Counter({0: 2}),0.007941434595543377
3836,9357789287,3836,8.5265739,49.5141406,2,Counter({0: 2}),0.006330451560199337
3837,9364441230,3837,8.5251235,49.515594,3,"Counter({1: 2, 0: 1})",0.008937526074248182
3838,9364441254,3838,8.5337618,49.523919,3,Counter({0: 3}),0.003919925529266343
3839,9364482707,3839,8.5246887,49.5200404,2,Counter({0: 2}),0.00448148954883532
3840,9366077455,3840,8.5244557,49.5157875,3,Counter({0: 3}),0.008701488125777469
3841,9366077457,3841,8.5241273,49.5158818,3,Counter({0: 3}),0.008406298859830446
3842,9366077463,3842,8.5263547,49.5152656,2,Counter({0: 2}),0.03228535861968743
3843,9398079410,3843,8.5238539,49.5185007,3,"Counter({1: 2, 0: 1})",0.0038520843301259305
3844,9398079411,3844,8.5237527,49.5185337,3,"Counter({1: 2, 0: 1})",0.0053987200873407415
3845,9399182105,3845,8.4943829,49.5032151,1,Counter({0: 1}),0.0004688133742351837
3846,9399182107,3846,8.4946944,49.5030489,3,Counter({0: 3}),0.0014061073949736597
3847,9411367089,3847,8.4923498,49.5103171,2,Counter({0: 2}),0.007475491981891335
3848,9416668991,3848,8.4760007,49.4811992,2,Counter({0: 2}),0.001573736216070825
3849,9421494435,3849,8.5104383,49.5098943,2,Counter({0: 2}),0.012516225640478528
3850,9421507754,3850,8.5139393,49.5089504,2,Counter({0: 2}),0.002873546166848086
3851,9421507759,3851,8.5139881,49.5089769,2,Counter({0: 2}),0.0025090336941238993
3852,9433429769,3852,8.4961644,49.4993597,2,Counter({0: 2}),0.002255497172245304
3853,9448629822,3853,8.5138688,49.4775842,2,Counter({0: 2}),0.0033473698813210836
3854,9460234057,3854,8.5188625,49.502364,4,"Counter({0: 2, 1: 2})",0.09098889601039681
3855,9460234058,3855,8.5213056,49.5023236,2,Counter({0: 2}),0.02542292124537558
3856,9460692333,3856,8.5357608,49.5208993,2,Counter({0: 2}),0.0054331025958056734
3857,9492841319,3857,8.5320122,49.5227695,2,Counter({0: 2}),0.003960963533950737
3858,9501704179,3858,8.5325218,49.517867,3,"Counter({1: 2, 0: 1})",0.013037804535460317
3859,9501704180,3859,8.5315795,49.5183158,3,"Counter({1: 2, 0: 1})",0.004679150093590765
3860,9501704182,3860,8.5307299,49.5187302,2,Counter({0: 2}),0.001170868888526339
3861,9527306409,3861,8.4697283,49.476976,2,Counter({0: 2}),0.0029443868159490147
3862,9545821898,3862,8.5297485,49.5218047,2,Counter({0: 2}),0.006876372738465501
3863,9545821903,3863,8.5281767,49.522658,3,Counter({0: 3}),0.008164113211074199
3864,9545821906,3864,8.5286393,49.5231403,2,Counter({0: 2}),0.003637301312405095
3865,9545821907,3865,8.5290644,49.5235352,2,Counter({0: 2}),0.003223434226117003
3866,9545825811,3866,8.5287361,49.522388,2,Counter({0: 2}),0.006502290646474654
3867,9546093098,3867,8.4718942,49.4757684,2,Counter({0: 2}),0.0010800833371716657
3868,9567101346,3868,8.4602843,49.487507,2,Counter({0: 2}),0.0006172636696801845
3869,9598490094,3869,8.5264255,49.5225606,2,Counter({0: 2}),0.0008770857186646167
3870,9627156766,3870,8.5314719,49.5190693,2,Counter({0: 2}),0.000937183111494512
3871,9769092816,3871,8.455764,49.4873467,2,Counter({0: 2}),0.0029294886225158375
3872,9769099317,3872,8.4558545,49.4877893,2,Counter({0: 2}),0.0027535018820449494
3873,9769099319,3873,8.4560583,49.4888426,2,Counter({0: 2}),0.0028610827061498947
3874,9796128209,3874,8.4715111,49.4809877,4,Counter({0: 4}),0.008586885784705905
3875,9815589150,3875,8.4831367,49.498803,2,Counter({0: 2}),0.002760457698093735
3876,9824965952,3876,8.4966126,49.5095658,3,Counter({0: 3}),0.06949981679889726
3877,9861788546,3877,8.4675634,49.4774988,2,Counter({0: 2}),0.0005081058414347017
3878,9863029422,3878,8.4810717,49.524321,2,Counter({0: 2}),0.03681932371518623
3879,9879532216,3879,8.5221823,49.5238432,2,Counter({0: 2}),0.003968897844363113
3880,9879585868,3880,8.5257484,49.5178988,2,Counter({0: 2}),0.004227222243750083
3881,9915204414,3881,8.4998472,49.5012694,2,Counter({0: 2}),0.0054081745775441704
3882,9915204416,3882,8.4995489,49.5011928,3,Counter({0: 3}),0.008006986591370068
3883,9915209318,3883,8.499758,49.5013394,2,Counter({0: 2}),0.007373397095555551
3884,9915240946,3884,8.5001234,49.5014086,2,Counter({0: 2}),0.00535530698632485
3885,9921466186,3885,8.4960473,49.5100275,2,Counter({0: 2}),0.06052919850454863
3886,9933937912,3886,8.4876835,49.5043721,2,Counter({0: 2}),0.001972939058153736
3887,9972902214,3887,8.4875274,49.5041978,1,Counter({0: 1}),0.0004688133742351837
3888,10016664704,3888,8.5276495,49.5140892,2,Counter({0: 2}),0.04184461705808245
3889,10059483893,3889,8.519223,49.5012592,2,Counter({0: 2}),0.0898440177789495
3890,10062245202,3890,8.471432,49.4810257,3,"Counter({1: 2, 0: 1})",0.0006602467145084442
3891,10062261171,3891,8.515641,49.4974133,2,Counter({0: 2}),0.026785483718772436
3892,10107266782,3892,8.4904274,49.4747683,1,Counter({0: 1}),0.0004688133742351837
3893,10128639304,3893,8.5281781,49.5147403,2,Counter({0: 2}),0.00834942334746648
3894,10128639306,3894,8.5280493,49.514673,3,"Counter({1: 2, 0: 1})",0.041434515956789354
3895,10128639307,3895,8.5294436,49.5149582,2,Counter({0: 2}),0.007913494564066537
3896,10144746834,3896,8.4713876,49.4811004,4,Counter({1: 4}),0.001114391402058375
3897,10197988723,3897,8.531499,49.4904071,3,Counter({0: 3}),0.0186041990629266
3898,10223026012,3898,8.520857,49.4773263,3,Counter({0: 3}),0.004153942140911481
3899,10223026013,3899,8.5209054,49.4773671,3,Counter({0: 3}),0.0007338624384985791
3900,10252894981,3900,8.5430251,49.4879262,2,Counter({0: 2}),0.013902112521726628
3901,10266960583,3901,8.5216208,49.5023008,2,Counter({0: 2}),0.025075632186030174
3902,10294109705,3902,8.4750372,49.4796193,2,Counter({0: 2}),0.0008587091988225655
3903,10294109706,3903,8.4760336,49.4796346,2,Counter({1: 2}),0.0004688133742351837
3904,10294114224,3904,8.4754557,49.4798345,3,"Counter({1: 2, 0: 1})",0.0011987025272374484
3905,10298109172,3905,8.5449578,49.4972738,2,Counter({0: 2}),0.009034471015968448
3906,10436720829,3906,8.5036485,49.4987322,2,Counter({0: 2}),0.007936636417695276
3907,10436720837,3907,8.5037658,49.4986406,2,Counter({0: 2}),0.008108136790007924
3908,10540078392,3908,8.5117727,49.4846979,2,Counter({0: 2}),0.0782851605058603
3909,10559862253,3909,8.5249347,49.5203546,3,Counter({0: 3}),0.004049494346621326
3910,10559862260,3910,8.524891,49.5204161,2,Counter({0: 2}),0.0018292289641015894
3911,10559862261,3911,8.5250003,49.5204549,3,Counter({0: 3}),0.0028008534315776593
3912,10566226727,3912,8.5113291,49.4980404,2,Counter({0: 2}),0.0007810223589287321
3913,10566226728,3913,8.5113354,49.498,3,Counter({0: 3}),0.0014524073212475877
3914,10604827638,3914,8.5051296,49.4559913,3,Counter({0: 3}),0.05612261455052311
3915,10635743752,3915,8.5292099,49.5075781,2,Counter({0: 2}),0.03802339586511385
3916,10700513898,3916,8.5208285,49.4951938,3,"Counter({1: 2, 0: 1})",0.09091039408765982
3917,10700513899,3917,8.5206885,49.4958748,2,Counter({0: 2}),0.09069193674009748
3918,10744394329,3918,8.5527046,49.4607099,2,Counter({0: 2}),0.01269559851992777
3919,10765636843,3919,8.4771443,49.4860179,2,Counter({0: 2}),0.0008114076669948206
3920,10765636845,3920,8.4767903,49.4861546,2,Counter({0: 2}),0.000720293161059869
3921,10773760539,3921,8.5202214,49.4977502,2,Counter({0: 2}),0.09048843946512788
3922,10776923045,3922,8.5185599,49.502369,3,"Counter({1: 2, 0: 1})",0.005766047158596388
3923,10776923046,3923,8.5159742,49.5014593,2,Counter({0: 2}),0.00546359316112328
3924,10780591762,3924,8.5182133,49.5042027,2,Counter({0: 2}),0.06226972810637968
3925,10780591763,3925,8.518095,49.5043994,2,Counter({0: 2}),0.061953663872231265
3926,10780591765,3926,8.5174192,49.5055469,2,Counter({0: 2}),0.06133786740627052
3927,10780591769,3927,8.5186316,49.5030885,2,Counter({0: 2}),0.06259286218866836
3928,10795148367,3928,8.5319624,49.4815706,2,Counter({0: 2}),0.001905150497200372
3929,10796669976,3929,8.5539773,49.4630904,2,Counter({0: 2}),0.0012068312108816173
3930,10824430045,3930,8.5187907,49.5025535,3,"Counter({1: 2, 0: 1})",0.06292198537013104
3931,10857437453,3931,8.4933556,49.5018873,2,Counter({0: 2}),0.0037450724409272412
3932,10857437461,3932,8.4940551,49.5022673,2,Counter({0: 2}),0.0028101075143120062
3933,10857437462,3933,8.4939979,49.5022362,2,Counter({0: 2}),0.0032777008868635875
3934,10857437468,3934,8.4930118,49.5013004,2,Counter({0: 2}),0.010986302791189775
3935,10870379799,3935,8.4579771,49.4975803,1,Counter({0: 1}),1.1090924396384758e-07
3936,10870394512,3936,8.4580437,49.4979242,1,Counter({0: 1}),1.1090924396384758e-07
3937,10870394513,3937,8.4579391,49.4973134,1,Counter({0: 1}),0.0004688133742351837
3938,10870545826,3938,8.4704973,49.4820757,2,Counter({0: 2}),0.007346879811180379
3939,10870545827,3939,8.4707128,49.4814946,2,Counter({0: 2}),0.001214736721734269
3940,10877100286,3940,8.5241294,49.5240082,2,Counter({0: 2}),0.004084767671850383
3941,10879529436,3941,8.5341761,49.4741226,2,Counter({0: 2}),0.0005811996076438116
3942,10882591542,3942,8.5316307,49.5189145,2,Counter({0: 2}),0.0014053310302659127
3943,10886589027,3943,8.5197993,49.4995029,2,Counter({0: 2}),0.09030952590755724
3944,10945181794,3944,8.4985663,49.4736625,2,Counter({0: 2}),0.0028101075143120062
3945,10945181796,3945,8.4991849,49.4734298,2,Counter({0: 2}),0.0018742553137450601
3946,10945181800,3946,8.4982698,49.4737793,2,Counter({0: 2}),0.0032777008868635875
3947,10945181801,3947,8.4981886,49.4738114,2,Counter({0: 2}),0.0037450724409272412
3948,10945181802,3948,8.4988141,49.4735685,2,Counter({0: 2}),0.002342292323272497
3949,10945182232,3949,8.495949,49.4746949,2,Counter({0: 2}),0.0042122221765029675
3950,10960481026,3950,8.4657516,49.4978849,2,Counter({0: 2}),0.013746152279563353
3951,10969939313,3951,8.512651,49.4887481,2,Counter({0: 2}),0.12167677235172787
3952,10983623523,3952,8.5117541,49.4916532,2,Counter({0: 2}),0.026141098511049937
3953,11038698491,3953,8.5056265,49.4776537,2,Counter({0: 2}),0.020567713956354598
3954,11038736846,3954,8.5055524,49.4761535,2,Counter({0: 2}),0.0013022125607386778
3955,11038736888,3955,8.50605,49.4776264,3,Counter({0: 3}),0.002606683971391825
3956,11038736891,3956,8.5058294,49.477141,3,Counter({0: 3}),0.001777107310851618
3957,11038736892,3957,8.5057894,49.4768717,3,Counter({0: 3}),0.0023958694424876287
3958,11038736896,3958,8.5057119,49.4761119,2,Counter({0: 2}),0.0008216604428497068
3959,11052745313,3959,8.4936143,49.4800538,2,Counter({0: 2}),0.0008589593630608579
3960,11052745315,3960,8.4933818,49.4797644,2,Counter({0: 2}),0.004137925251286507
3961,11052745334,3961,8.4936778,49.4800047,2,Counter({0: 2}),0.005048315032298251
3962,11052745335,3962,8.4936296,49.4799944,3,Counter({0: 3}),0.005017265466661587
3963,11052745337,3963,8.4935446,49.4798976,2,Counter({0: 2}),0.004458559197537497
3964,11056872397,3964,8.4968042,49.4787297,2,Counter({0: 2}),0.00589235240892927
3965,11056872399,3965,8.4968985,49.4786954,2,Counter({0: 2}),0.005801751929636498
3966,11108770134,3966,8.5143636,49.4501056,2,Counter({0: 2}),0.03127312908940484
3967,11108770144,3967,8.5141043,49.4507372,2,Counter({0: 2}),0.032090419308174314
3968,11108823035,3968,8.5131957,49.4538719,3,Counter({0: 3}),0.0017677177424806501
3969,11108824988,3969,8.5132004,49.4537264,2,Counter({0: 2}),0.0006904821346835276
3970,11187709866,3970,8.4912797,49.4775932,3,"Counter({1: 2, 0: 1})",0.007867515600069356
3971,11187709867,3971,8.4912269,49.4777343,3,"Counter({1: 2, 0: 1})",0.011132204013039396
3972,11227886326,3972,8.5082431,49.4819696,2,Counter({0: 2}),0.06407334592021066
3973,11279023440,3973,8.5312306,49.4866209,2,Counter({0: 2}),0.009077424136579342
3974,11289369680,3974,8.5223581,49.4772184,2,Counter({0: 2}),0.0008139568932341139
3975,11289369682,3975,8.5224107,49.4773213,2,Counter({0: 2}),0.0012207829863749575
3976,11290168284,3976,8.5273083,49.5173935,2,Counter({0: 2}),0.01145018181933535
3977,11331476715,3977,8.4719892,49.4958159,2,Counter({0: 2}),0.020287598123063105
3978,11342981719,3978,8.4567874,49.4920788,2,Counter({0: 2}),0.0010900382577900343
3979,11350426445,3979,8.4668151,49.5084095,2,Counter({0: 2}),0.0030003917996751926
3980,11350661378,3980,8.4765435,49.5075373,1,Counter({0: 1}),0.0004688133742351837
3981,11352244776,3981,8.4612972,49.4901249,2,Counter({0: 2}),0.0017083368467705016
3982,11353713123,3982,8.4757456,49.5168485,2,Counter({0: 2}),0.0030010430591883327
3983,11363107944,3983,8.5117455,49.4979416,2,Counter({0: 2}),0.02666687032405463
3984,11371809676,3984,8.5102201,49.4850656,2,Counter({0: 2}),0.07882932394800354
3985,11425555039,3985,8.5293798,49.521396,2,Counter({0: 2}),0.007268603279743653
3986,11425555059,3986,8.5282917,49.5208718,2,Counter({0: 2}),0.00809166077919945
3987,11425573569,3987,8.5280016,49.5207429,2,Counter({0: 2}),0.008508309839023714
3988,11463521265,3988,8.5122577,49.4887683,2,Counter({0: 2}),0.041950197780363054
3989,11510237139,3989,8.4759469,49.4962965,2,Counter({0: 2}),0.00147272939351047
3990,11556645446,3990,8.4878909,49.5026343,2,Counter({0: 2}),0.004723185041416378
3991,11557070530,3991,8.4822133,49.4989126,2,Counter({0: 2}),0.0025032083898290725
3992,11557070532,3992,8.482069,49.4989295,2,Counter({0: 2}),0.0024269531930413446
3993,11557142089,3993,8.4832687,49.4987876,2,Counter({0: 2}),0.0031124061022346026
3994,11577877787,3994,8.5061269,49.4998404,2,Counter({0: 2}),0.018084304984827274
3995,11577877790,3995,8.5062705,49.4999122,2,Counter({0: 2}),0.0012565839818748344
3996,11581466333,3996,8.4824246,49.4557826,2,Counter({0: 2}),0.007977844439834323
3997,11581471129,3997,8.4822968,49.4559549,2,Counter({0: 2}),0.00840475260472537
3998,11635026993,3998,8.4562991,49.4882692,2,Counter({0: 2}),0.0012305995861184725
3999,11737522015,3999,8.5075412,49.5308671,2,Counter({0: 2}),0.0084269085448591
4000,11769720805,4000,8.5312841,49.5186075,3,Counter({0: 3}),0.0025755344633284685
4001,11801470863,4001,8.5265813,49.5158547,2,Counter({0: 2}),0.021643610964910596
4002,11847383438,4002,8.5535082,49.4954594,2,Counter({0: 2}),0.007081544561473302
4003,11865259009,4003,8.4824437,49.4927608,2,Counter({0: 2}),0.007550140886784268
4004,11879371944,4004,8.5226115,49.4772844,2,Counter({0: 2}),0.0023759526985022736
4005,11880601752,4005,8.5177025,49.4619837,2,Counter({0: 2}),0.0628818626432144
4006,11929086967,4006,8.5123868,49.4882413,3,"Counter({1: 2, 0: 1})",0.02712076335429236
4007,11929086968,4007,8.5125132,49.4882392,3,"Counter({1: 2, 0: 1})",0.06495372544656663
4008,11929102773,4008,8.5171248,49.5065304,2,Counter({0: 2}),0.06081435834616573
4009,11947842396,4009,8.5199246,49.5167083,2,Counter({0: 2}),0.006901365446071488
4010,11947842399,4010,8.5196631,49.5163265,2,Counter({0: 2}),0.00807308347866935
4011,11947842402,4011,8.5197581,49.5164653,2,Counter({0: 2}),0.007647687376471209
4012,11947849620,4012,8.5230976,49.5155932,2,Counter({0: 2}),0.001739488523149275
4013,11948006095,4013,8.4969899,49.4534626,1,Counter({0: 1}),0.0004688133742351837
4014,11948006103,4014,8.497495,49.4536022,2,Counter({0: 2}),0.008871519515424205
4015,11948258349,4015,8.5118077,49.4644359,2,Counter({0: 2}),0.018592559009532904
4016,11963644557,4016,8.5191715,49.5155593,2,Counter({0: 2}),0.0183073412474977
4017,11963644563,4017,8.5190737,49.5153862,2,Counter({0: 2}),0.01870837355881087
4018,11963644565,4018,8.5191511,49.5155231,2,Counter({0: 2}),0.01850047983049026
4019,11973720709,4019,8.4931638,49.5017831,2,Counter({0: 2}),0.004679150093590765
4020,11973720711,4020,8.493201,49.5018033,2,Counter({0: 2}),0.0042122221765029675
4021,11985247128,4021,8.4643464,49.5055851,2,Counter({0: 2}),0.0024008985759815613
4022,11999742613,4022,8.4692297,49.4772451,3,Counter({0: 3}),0.003451292772649298
4023,11999742614,4023,8.46916,49.4770866,3,Counter({0: 3}),0.013873506637235486
4024,11999742616,4024,8.4689471,49.477198,3,Counter({0: 3}),0.014789195249029014
4025,12000826932,4025,8.5042214,49.4761324,2,Counter({0: 2}),0.0019563154635037433
4026,12000830427,4026,8.5029543,49.4751764,2,Counter({0: 2}),0.030633686517443845
4027,12001590966,4027,8.4995955,49.4540277,2,Counter({0: 2}),0.010264983256585985
4028,12001590967,4028,8.5017496,49.4551445,1,Counter({0: 1}),0.0004688133742351837
4029,12001607050,4029,8.4675315,49.5089138,2,Counter({0: 2}),0.002185992842205487
4030,12002447504,4030,8.471813,49.4758087,2,Counter({0: 2}),0.0013352083966354628
4031,12002447507,4031,8.4712172,49.4761631,2,Counter({0: 2}),0.001616799800631307
4032,12020331758,4032,8.4674855,49.5088814,2,Counter({0: 2}),0.0023711107061590592
4033,12020437887,4033,8.4665866,49.5082484,2,Counter({0: 2}),0.0032316750712270584
4034,12050611852,4034,8.4707512,49.5022443,2,Counter({0: 2}),0.006394273042921646
4035,12050611855,4035,8.4706557,49.5025281,2,Counter({0: 2}),0.006148031811333857
4036,12060642632,4036,8.475254,49.5082249,3,Counter({0: 3}),0.015030098266638496
4037,12075812150,4037,8.4995813,49.5068851,2,Counter({0: 2}),0.06394900288114974
4038,12094849167,4038,8.5323807,49.5162709,2,Counter({0: 2}),0.0070469606409769335
4039,12094849168,4039,8.5357958,49.5177972,2,Counter({0: 2}),0.00549160082791382
4040,12094849169,4040,8.5325995,49.5163687,2,Counter({0: 2}),0.006619852839446973
4041,12094849174,4041,8.5375571,49.5184881,3,Counter({0: 3}),0.0058999027788163745
4042,12094849175,4042,8.5347362,49.5173237,2,Counter({0: 2}),0.005841001916147909
4043,12094849177,4043,8.5307786,49.5155549,2,Counter({0: 2}),0.007479506692435945
4044,12141355427,4044,8.4884228,49.499125,1,Counter({0: 1}),0.0004688133742351837
4045,12155623919,4045,8.4736604,49.5082151,2,Counter({0: 2}),0.015111656643701734
4046,12157286628,4046,8.5253499,49.5055128,2,Counter({0: 2}),0.023532230237953644
4047,12232867361,4047,8.4768501,49.4624904,2,Counter({0: 2}),0.01892650079427884
4048,12246189001,4048,8.4873191,49.4762996,3,"Counter({1: 2, 0: 1})",0.0006858186986370471
4049,12246189002,4049,8.487329,49.476334,3,"Counter({1: 2, 0: 1})",0.000690930265306515
4050,12246189004,4050,8.4876013,49.4763442,3,Counter({0: 3}),0.0010506865128600681
4051,12258600465,4051,8.4739566,49.4959737,3,Counter({0: 3}),0.0022612566523841225
4052,12279508576,4052,8.5172515,49.5060159,2,Counter({0: 2}),0.06103419789629751
4053,12319427430,4053,8.4806514,49.4990978,2,Counter({0: 2}),0.0029494170132041823
4054,12319427431,4054,8.4809278,49.4990648,2,Counter({0: 2}),0.002703703876861725
4055,12323858286,4055,8.4811843,49.5010846,2,Counter({0: 2}),0.004867525708141059
4056,12331583913,4056,8.4643766,49.4906947,2,Counter({0: 2}),0.004167147025678789
4057,12331583921,4057,8.4652666,49.4904356,2,Counter({0: 2}),0.01860673853003664
4058,12338027657,4058,8.4629998,49.4919213,2,Counter({0: 2}),0.03197948816829078
4059,12343195265,4059,8.4661619,49.4901934,2,Counter({0: 2}),0.0224499461864259
4060,12422579079,4060,8.4850105,49.4767557,2,Counter({0: 2}),0.003277277787089528
4061,12422579096,4061,8.4864526,49.4763896,2,Counter({0: 2}),0.0015919939942939702
4062,12505425368,4062,8.5013925,49.4591282,2,Counter({0: 2}),0.01461077847056038
4063,12628028580,4063,8.4652059,49.5072584,2,Counter({0: 2}),0.004292504019464503
4064,12628063592,4064,8.4669138,49.508479,2,Counter({0: 2}),0.002781792848657991
4065,12628065414,4065,8.4670777,49.5085945,2,Counter({0: 2}),0.002573054257568433
4066,12628083476,4066,8.4680391,49.509269,2,Counter({0: 2}),0.0018741390851552005
4067,12639186462,4067,8.4762022,49.5007548,2,Counter({0: 2}),0.007718344387632342
4068,12663252724,4068,8.4669508,49.5058967,2,Counter({0: 2}),0.0019062472422891655
4069,12697473586,4069,8.5252584,49.5097123,3,"Counter({1: 2, 0: 1})",0.012192900615027275
4070,12734392937,4070,8.4675572,49.4827084,2,Counter({0: 2}),0.0004717390407292448
4071,12749413068,4071,8.5370684,49.5183416,3,Counter({0: 3}),0.007577246696004038
4072,12749413070,4072,8.53744,49.5184436,2,Counter({0: 2}),0.006095213297262638
4073,12749413071,4073,8.5372594,49.5183909,2,Counter({0: 2}),0.00649250869401513
4074,12749413072,4074,8.5358979,49.5190458,3,"Counter({1: 2, 0: 1})",0.0019202646052321108
4075,12749413075,4075,8.5358652,49.5190308,3,"Counter({1: 2, 0: 1})",0.003374820414827933
4076,12777125870,4076,8.5299071,49.5238025,2,Counter({0: 2}),0.0028238836747372462
4077,12777786857,4077,8.5281188,49.5147101,3,"Counter({1: 2, 0: 1})",0.008787385467005719
4078,12777796316,4078,8.5242048,49.5159215,3,Counter({0: 3}),0.0008691678318561529
4079,12777796317,4079,8.5245296,49.5158274,3,Counter({0: 3}),0.001217254451516183
4080,12777796320,4080,8.525199,49.5156312,3,"Counter({1: 2, 0: 1})",0.0015507572582369007
4081,12777796322,4081,8.523135,49.5161983,3,"Counter({1: 2, 0: 1})",0.007590330066002992
4082,12777796323,4082,8.5234599,49.5161372,3,"Counter({1: 2, 0: 1})",0.0007077953165011365
4083,12790510384,4083,8.5121627,49.4908199,2,Counter({0: 2}),0.026356127926517942
4084,12800950296,4084,8.4885335,49.5017478,2,Counter({0: 2}),0.0020731886034245145
4085,12800950297,4085,8.4884147,49.5018421,2,Counter({0: 2}),0.00253386863310235
4086,12839261785,4086,8.5251875,49.4930268,2,Counter({0: 2}),0.0025513398608169495
4087,12847679248,4087,8.5310665,49.518884,2,Counter({0: 2}),0.0009374049299824398
4088,12847679254,4088,8.5311497,49.5189209,2,Counter({0: 2}),0.0004692570112110391
4089,12847679255,4089,8.5313888,49.5190313,2,Counter({0: 2}),0.00046914610196707523
4090,12847755006,4090,8.5326474,49.5163901,2,Counter({0: 2}),0.0062129286718310426
4091,12847755009,4091,8.5327551,49.5191093,2,Counter({0: 2}),0.008156309768694511
4092,12847794031,4092,8.5311682,49.5185088,3,Counter({0: 3}),0.004212388540368913
4093,12898445477,4093,8.5180384,49.5044936,2,Counter({0: 2}),0.06164397691961078
4094,12901357163,4094,8.5309762,49.4945346,2,Counter({0: 2}),0.019769092319829765
4095,12901380580,4095,8.5312421,49.4921473,2,Counter({0: 2}),0.01892673661192445
4096,12902347398,4096,8.5190584,49.5017751,2,Counter({0: 2}),0.0897041511876652
4097,12906110900,4097,8.5196285,49.5000363,2,Counter({0: 2}),0.0901461364753062
4098,12908838876,4098,8.4617032,49.4853655,2,Counter({0: 2}),0.001096009596071481
4099,12945813755,4099,8.5264459,49.4742756,2,Counter({0: 2}),0.0017189894900724834
4100,12948684375,4100,8.5562133,49.4713778,2,Counter({0: 2}),0.0009375158392264035
4101,12971367092,4101,8.5319636,49.4853472,2,Counter({0: 2}),0.002012134518652859
4102,12978660130,4102,8.4931058,49.5059439,2,Counter({0: 2}),0.001896228181896416
4103,12980192315,4103,8.4874883,49.5042262,3,Counter({0: 3}),0.01104272548576443
4104,12980221031,4104,8.4921538,49.5066894,3,"Counter({1: 2, 0: 1})",0.00362444858992872
4105,12980221036,4105,8.4910597,49.5061085,3,Counter({0: 3}),0.010475526809812393
4106,12980236953,4106,8.4959363,49.5087395,2,Counter({0: 2}),0.0032563620443957697
4107,12980236965,4107,8.4925945,49.5068826,2,Counter({0: 2}),0.0007018059684922365
4108,12997660668,4108,8.5444793,49.4894399,2,Counter({0: 2}),0.012104425333060513
4109,13008680770,4109,8.5461192,49.4939849,2,Counter({0: 2}),0.004831084609234605
4110,13030497480,4110,8.4750044,49.4729439,2,Counter({0: 2}),0.0007454563093702598
4111,13034668710,4111,8.5179751,49.5122923,3,Counter({0: 3}),0.0013220049152758582
4112,13034668712,4112,8.5179877,49.5124041,3,Counter({0: 3}),0.0009034038527578766
4113,13068077853,4113,8.5158794,49.5084867,2,Counter({0: 2}),0.025504898975518987
4114,13069648842,4114,8.5341898,49.5255841,1,Counter({0: 1}),0.0004688133742351837
4115,13078548923,4115,8.4699095,49.4844161,2,Counter({0: 2}),0.0005895211063422481
4116,13107901798,4116,8.4892087,49.4538057,2,Counter({0: 2}),0.0024362649681880606
4117,13115206886,4117,8.4958864,49.5087763,3,Counter({0: 3}),0.003138783189303454
4118,13118723935,4118,8.4786982,49.5277996,2,Counter({0: 2}),0.014382544452119663
4119,13118723938,4119,8.4791416,49.52795,2,Counter({0: 2}),0.014026255899835407
4120,13118729827,4120,8.5136776,49.5179124,2,Counter({0: 2}),0.006287256073386586
4121,13118729828,4121,8.5137152,49.5179055,2,Counter({0: 2}),0.006724536101075423
4122,13140970057,4122,8.5371127,49.498625,2,Counter({0: 2}),0.051056585909879375
4123,13140970058,4123,8.5371457,49.4986431,2,Counter({0: 2}),0.05072120041320248
4124,13140970068,4124,8.5373153,49.4986878,3,"Counter({1: 2, 0: 1})",0.04978433365712287
4125,13140970069,4125,8.5373785,49.4986943,3,"Counter({1: 2, 0: 1})",0.049201143276562526
4126,13146841250,4126,8.4771621,49.4820419,2,Counter({0: 2}),0.008470146309518565
4127,13148128649,4127,8.5309434,49.4656258,2,Counter({0: 2}),0.010529892244283799
4128,13148172017,4128,8.5020897,49.4495351,2,Counter({0: 2}),0.0007031091521088117
4129,13148172022,4129,8.5026136,49.4492765,2,Counter({0: 2}),0.0004688688288571656
4130,13148172023,4130,8.5025285,49.4492307,2,Counter({0: 2}),0.0007031091521088117
4131,13148172024,4131,8.5020755,49.4494455,3,Counter({0: 3}),0.0018743107683670422
4132,13148368687,4132,8.4667004,49.4781404,2,Counter({0: 2}),0.01835487728927135
4133,13152277935,4133,8.4998698,49.5058272,2,Counter({0: 2}),0.004327774632050401
4134,13152615299,4134,8.5165901,49.4603225,2,Counter({0: 2}),0.000618566964463472
4135,13152625801,4135,8.5167752,49.460326,2,Counter({0: 2}),0.0008174159627128021
4136,13161569645,4136,8.5623217,49.4670131,2,Counter({0: 2}),0.004088192368978196
4137,13161569654,4137,8.5622813,49.4669943,2,Counter({0: 2}),0.004547134820500598
4138,13164974918,4138,8.4935134,49.461874,2,Counter({0: 2}),0.014414905567627577
4139,13164974920,4139,8.4925083,49.4611489,2,Counter({0: 2}),0.015111953899962541
4140,13165964170,4140,8.4634894,49.4822452,3,Counter({0: 3}),0.0025327292526968665
4141,13174146750,4141,8.4770237,49.4727844,2,Counter({0: 2}),0.010583371444668364
4142,13174833578,4142,8.46147,49.4850041,2,Counter({0: 2}),0.0005486651286732376
4143,13174833579,4143,8.4615051,49.4850388,2,Counter({0: 2}),0.0008480489354442907
4144,13174837778,4144,8.4685173,49.4823326,2,Counter({0: 2}),0.00048578384798986674
4145,13205434901,4145,8.4882596,49.4539427,2,Counter({0: 2}),0.0028174461658798567
4146,13205611876,4146,8.4686134,49.4991228,2,Counter({0: 2}),0.00046914610196707523
4147,13206775688,4147,8.5225472,49.5152901,2,Counter({0: 2}),0.005384989073642939
4148,13206790803,4148,8.522554,49.5155928,2,Counter({0: 2}),0.0026269611872555072
4149,13206790804,4149,8.5223965,49.5153581,3,Counter({0: 3}),0.005596049188859704
4150,13206790817,4150,8.5242253,49.5159156,2,Counter({0: 2}),0.0008481271131994945
4151,13264546321,4151,8.5065413,49.4776352,2,Counter({0: 2}),0.001992559310191799
4152,13264546332,4152,8.5066713,49.4776384,2,Counter({0: 2}),0.0021406271518350905
4153,13264546394,4153,8.5056268,49.4765003,2,Counter({0: 2}),0.0008688284314461982
4154,13264546398,4154,8.5056482,49.4766395,2,Counter({0: 2}),0.0011705604505519527
4155,13264547528,4155,8.5047182,49.4761396,2,Counter({0: 2}),0.0015190261933778198
4156,13264550279,4156,8.5056897,49.4762746,3,Counter({0: 3}),0.0020516173218572543
4157,13265870290,4157,8.5104304,49.513512,2,Counter({0: 2}),0.0026290154597752636
4158,13272167154,4158,8.5369992,49.5186787,2,Counter({0: 2}),0.000978795687678887
4159,13272220378,4159,8.5252633,49.521534,3,Counter({0: 3}),0.0012958818886274742
4160,13272220383,4160,8.5255498,49.5216106,1,Counter({0: 1}),0.0004688133742351837
4161,13272225305,4161,8.5252666,49.5215717,2,Counter({0: 2}),0.0008463560987073468
4162,13279339701,4162,8.5006514,49.5243421,2,Counter({0: 2}),0.0024079699603707988
4163,13279770119,4163,8.4986691,49.5203931,2,Counter({0: 2}),0.013632845196811636
4164,13279770122,4164,8.4990485,49.5202773,2,Counter({0: 2}),0.013257591893701959
4165,13296035245,4165,8.4843878,49.4740502,2,Counter({0: 2}),0.0010214089693889549
4166,13296035246,4166,8.4847252,49.4740498,2,Counter({0: 2}),0.0007077089286185384
4167,13316351661,4167,8.5256377,49.4743336,3,"Counter({1: 2, 0: 1})",0.08511401281924649
4168,13316351694,4168,8.5256464,49.4743884,3,"Counter({1: 2, 0: 1})",0.0865974115039794
4169,13338106141,4169,8.4780962,49.4608062,2,Counter({0: 2}),0.018051999890497918
4170,13338136082,4170,8.4775098,49.4616002,2,Counter({0: 2}),0.018488187462133716
4171,13341408352,4171,8.4754944,49.4899717,1,Counter({0: 1}),0.0004688133742351837
4172,13348052860,4172,8.5635221,49.4667938,2,Counter({0: 2}),0.00048016678384228293
4173,13375907953,4173,8.4827499,49.5112308,2,Counter({0: 2}),0.0012600462542475923
4174,13411393583,4174,8.4562823,49.4887867,2,Counter({0: 2}),0.005307483174088405
4175,13411393590,4175,8.4564443,49.4890693,2,Counter({0: 2}),0.0054707722462468
4176,13417707069,4176,8.4633982,49.4872114,2,Counter({0: 2}),0.001270093572932639
4177,13417707076,4177,8.4631779,49.4869721,2,Counter({0: 2}),0.0006544229653181315
4178,13417707077,4178,8.4631071,49.4868952,2,Counter({0: 2}),0.0010797086265043553
4179,13417707083,4179,8.4633109,49.4871167,2,Counter({0: 2}),0.0008215141378756898
4180,13417707084,4180,8.4631959,49.4869918,2,Counter({0: 2}),0.0005323069957894712
4181,13418993219,4181,8.4640595,49.4875615,2,Counter({0: 2}),0.0012839125675861486
4182,13418993220,4182,8.4642761,49.4874792,2,Counter({0: 2}),0.0010502064782041795
4183,13418993229,4183,8.4644709,49.4871494,2,Counter({0: 2}),0.0016232542895485674
4184,13418993237,4184,8.4616139,49.4872156,2,Counter({0: 2}),0.0005717984728638845
4185,13418993239,4185,8.4615793,49.4872289,2,Counter({0: 2}),0.000497552416747116
4186,13418993247,4186,8.4625081,49.4862441,2,Counter({0: 2}),0.0036867649178363216
4187,13418993257,4187,8.4627106,49.485664,2,Counter({0: 2}),0.004526001281793083
4188,13418993261,4188,8.4626224,49.4856988,2,Counter({0: 2}),0.004755081469295794
4189,13418993269,4189,8.4619667,49.4856524,2,Counter({0: 2}),0.002099229496304913
4190,13418993270,4190,8.4618581,49.4855344,2,Counter({0: 2}),0.0016968679537378026
4191,13418993274,4191,8.4618285,49.4855022,2,Counter({0: 2}),0.0013493533312198824
4192,13418993279,4192,8.4640628,49.4862818,2,Counter({0: 2}),0.0012640356587791015
4193,13418993282,4193,8.4642206,49.4862206,2,Counter({0: 2}),0.0014216037023113172
4194,13418993288,4194,8.4641531,49.4862468,2,Counter({0: 2}),0.0011911248227402524
4195,13418993292,4195,8.463623,49.4862221,2,Counter({0: 2}),0.0015464346412525445
4196,13418993296,4196,8.4635903,49.4861865,2,Counter({0: 2}),0.001178850736111047
4197,13419003803,4197,8.4636386,49.4862391,2,Counter({0: 2}),0.0019843089830623994
4198,13419003817,4198,8.4633316,49.4859051,2,Counter({0: 2}),0.0009011427418541162
4199,13419003824,4199,8.4632728,49.4858424,2,Counter({0: 2}),0.0008314117713191034
4200,13419003831,4200,8.4633026,49.4858754,2,Counter({0: 2}),0.0006909686958827295
4201,13419003836,4201,8.4632083,49.485771,2,Counter({0: 2}),0.0012977851421870775
4202,13419003844,4202,8.4639488,49.486578,2,Counter({0: 2}),0.0005523282591534382
4203,13419003850,4203,8.4639247,49.4865515,2,Counter({0: 2}),0.0007605404040041199
4204,13419003868,4204,8.463289,49.4865779,2,Counter({0: 2}),0.0037170774791003827
4205,13421712086,4205,8.4632652,49.4878661,2,Counter({0: 2}),0.00048470803765611063
4206,13421712088,4206,8.463235,49.4878785,2,Counter({0: 2}),0.000827483518081313
4207,13421712099,4207,8.4636352,49.4874689,2,Counter({0: 2}),0.0017319830415089333
4208,13424123407,4208,8.4639663,49.4894723,2,Counter({0: 2}),0.0024304068542733517
4209,13424123414,4209,8.464727,49.4891742,2,Counter({0: 2}),0.0006261629516959804
4210,13424123423,4210,8.4647539,49.4886693,2,Counter({0: 2}),0.0009177483975432763
4211,13424123425,4211,8.4647919,49.48871,2,Counter({0: 2}),0.001146806828445376
4212,13424123458,4212,8.4650606,49.4877921,2,Counter({0: 2}),0.005449572096119202
4213,13424123460,4213,8.4650131,49.4877403,2,Counter({0: 2}),0.005043620110997012
4214,13424340342,4214,8.459979,49.4910266,2,Counter({0: 2}),0.0014783976133652882
4215,13424340345,4215,8.4602822,49.4909105,2,Counter({0: 2}),0.0014524310722132565
4216,13424340347,4216,8.4603287,49.4908925,2,Counter({0: 2}),0.0015141338615723247
4217,13424340350,4217,8.4609482,49.4906526,2,Counter({0: 2}),0.0022910599271767956
4218,13424340352,4218,8.4606241,49.4907781,2,Counter({0: 2}),0.0016713425175044812
4219,13424340354,4219,8.4606727,49.4907593,2,Counter({0: 2}),0.0019407994477103512
4220,13424340362,4220,8.4611371,49.4899551,2,Counter({0: 2}),0.0012475089381006853
4221,13424345124,4221,8.4635618,49.4896321,2,Counter({0: 2}),0.0017828504751732294
4222,13424345127,4222,8.4635321,49.4896438,2,Counter({0: 2}),0.0022502589989848503
4223,13424345130,4223,8.4636785,49.4895863,2,Counter({0: 2}),0.0013154419513616725
4224,13424345133,4224,8.4637064,49.4895753,2,Counter({0: 2}),0.0008480981246091345
4225,13424345136,4225,8.4637927,49.4895414,2,Counter({0: 2}),0.001028902192924067
4226,13424345139,4226,8.4637651,49.4895522,2,Counter({0: 2}),0.000628399774561012
4227,13424345145,4227,8.4637354,49.4895639,2,Counter({0: 2}),0.0005376696338901682
4228,13424345147,4228,8.4638277,49.4895276,2,Counter({0: 2}),0.0014955898066499518
4229,13424345149,4229,8.4639072,49.4894964,2,Counter({0: 2}),0.0019629983304616933
4230,13435881082,4230,8.5019007,49.5035998,2,Counter({0: 2}),0.0015640908580084704
4231,13446917266,4231,8.4744964,49.4828554,2,Counter({0: 2}),0.0020653753942709695
4232,13446917273,4232,8.4744009,49.4827513,2,Counter({0: 2}),0.0017749107740935596
4233,13514083533,4233,8.48593,49.5235532,2,Counter({0: 2}),0.0017782356357833587
4234,13514123382,4234,8.4859897,49.5235862,2,Counter({0: 2}),0.0014612126528370968
4235,13536996279,4235,8.5509368,49.5188152,3,Counter({0: 3}),0.0018744771322329878
4236,13536996280,4236,8.550983,49.5187573,2,Counter({0: 2}),0.002342292323272497
4237,13536996281,4237,8.5507445,49.5192359,1,Counter({0: 1}),1.1090924396384758e-07
4238,13536996288,4238,8.5510728,49.5188639,1,Counter({0: 1}),0.0004688133742351837
4239,13536996289,4239,8.5509907,49.5189569,1,Counter({0: 1}),0.0004688133742351837
4240,13536996292,4240,8.5507027,49.5189824,2,Counter({0: 2}),0.0009375158392264035
4241,13536996293,4241,8.5506472,49.5190221,1,Counter({0: 1}),1.1090924396384758e-07
4242,13538806719,4242,8.5286419,49.5159842,2,Counter({0: 2}),0.013898275419879839
4243,13543242256,4243,8.4742848,49.486465,2,Counter({0: 2}),0.0009312247607801327
4244,13543242258,4244,8.4741722,49.4865095,2,Counter({0: 2}),0.000650537998823844
4245,13543242266,4245,8.4738781,49.4866258,2,Counter({0: 2}),0.0006852625655483219
4246,13543242271,4246,8.473613,49.4867291,2,Counter({0: 2}),0.000980548668852677
