osm_id,matrix_index
512034,0
512039,1
512051,2
512057,3
512064,4
20977775,5
20977783,6
20977807,7
20978209,8
20978257,9
20978316,10
20978320,11
20978340,12
20978343,13
20978627,14
20978722,15
20978726,16
20978790,17
20978794,18
20978821,19
21133583,20
21280193,21
21280251,22
21280254,23
21280286,24
21280316,25
21280319,26
21280345,27
21280388,28
21280413,29
21432788,30
21432792,31
21432834,32
21432844,33
21432861,34
21648952,35
21649702,36
21649767,37
21649781,38
21649818,39
21650017,40
21650045,41
21672845,42
21672882,43
21672897,44
21672943,45
21672958,46
21672962,47
21673578,48
21673581,49
21673584,50
21673613,51
21686234,52
21686237,53
21686260,54
21686265,55
21686269,56
21686272,57
21686296,58
21686313,59
21686318,60
21686358,61
21686371,62
21686374,63
21686395,64
21686411,65
21686419,66
21686456,67
21686467,68
21686469,69
21686472,70
21686475,71
21686479,72
21686487,73
21686490,74
21686503,75
21686509,76
21686515,77
21686594,78
21686610,79
21686908,80
21686909,81
21686911,82
21687044,83
21687048,84
21687052,85
21687093,86
21687117,87
21687123,88
21732654,89
21732671,90
21732679,91
21732697,92
21732874,93
21732929,94
21732936,95
21732959,96
21732980,97
21732984,98
21732988,99
21732995,100
21733267,101
21733269,102
21733272,103
21733274,104
21733275,105
21733283,106
21733284,107
21733290,108
21733301,109
21733321,110
21733328,111
21733330,112
21733331,113
21733332,114
21817963,115
21817966,116
21818014,117
21818094,118
21818096,119
21818133,120
21818143,121
21818201,122
21818213,123
21818215,124
21818218,125
21818244,126
21818249,127
21818251,128
21818254,129
21818266,130
24306323,131
24306337,132
24306344,133
24306390,134
24306395,135
24306424,136
24306464,137
24306472,138
24311169,139
24311258,140
24311332,141
24311381,142
24311614,143
24311677,144
24311697,145
24311744,146
24311944,147
24360236,148
24555431,149
24555473,150
24555474,151
24555481,152
24555496,153
24555507,154
24555545,155
24555547,156
24555564,157
24555573,158
24555574,159
24958081,160
24958083,161
24958098,162
24958158,163
24958163,164
24958167,165
24958178,166
24958180,167
24958183,168
24958187,169
24958194,170
24958197,171
24958203,172
24958205,173
24958206,174
24958208,175
24958210,176
24958212,177
24958219,178
24958221,179
24958224,180
25029794,181
25029808,182
25029841,183
25030939,184
25030944,185
25030949,186
25030954,187
25030957,188
25030979,189
25031025,190
25031031,191
25031035,192
25031043,193
25031048,194
25031050,195
25031069,196
25031097,197
25031103,198
25100837,199
25100845,200
25100858,201
25103088,202
25103117,203
25105821,204
25105953,205
25113818,206
25113830,207
25113833,208
25117432,209
25117447,210
25117503,211
25117508,212
25283538,213
25283546,214
25283557,215
25283578,216
25283580,217
25283582,218
25283584,219
25283588,220
25283590,221
25283591,222
25283631,223
25283640,224
25283662,225
25283727,226
25283783,227
25283809,228
25283810,229
25284066,230
25284069,231
25422067,232
25422068,233
25422070,234
25422071,235
25422074,236
25422075,237
25422076,238
25422081,239
25422086,240
25438844,241
25440131,242
25552996,243
25553000,244
25553025,245
25553050,246
25553053,247
25553070,248
25553075,249
25553088,250
25553096,251
25553132,252
25553134,253
25928708,254
25928709,255
25928711,256
25928712,257
25928719,258
25928721,259
26421523,260
26421529,261
26421531,262
26421534,263
26421538,264
26734760,265
26734761,266
26744735,267
26744737,268
26744739,269
26744741,270
26744757,271
26744826,272
26744840,273
26744842,274
26744854,275
26744869,276
26744871,277
26744882,278
26744883,279
26744889,280
26744912,281
26744915,282
26744931,283
26744933,284
26745775,285
26745785,286
26745799,287
26745821,288
26745824,289
26745826,290
26745834,291
26745836,292
26745850,293
26745868,294
26745908,295
26745913,296
26745917,297
26745918,298
26754383,299
26754384,300
26754386,301
26754387,302
26754432,303
26754434,304
26768322,305
26768323,306
26768326,307
26819800,308
26819802,309
26819805,310
26819809,311
26819811,312
26819851,313
26819869,314
26819876,315
26819891,316
26819892,317
26819953,318
26907020,319
26915333,320
26915335,321
26915336,322
26915341,323
26915342,324
26915350,325
26915351,326
26915352,327
26915354,328
26915356,329
26915362,330
26915366,331
26915380,332
26915393,333
26915399,334
26915439,335
26915441,336
26915452,337
26915456,338
26915508,339
26915509,340
26915522,341
26915525,342
26915542,343
26936832,344
26936902,345
26936904,346
26936931,347
26936932,348
26936933,349
26936934,350
26936935,351
26936936,352
26936937,353
26936938,354
26936940,355
26936946,356
26936967,357
26936968,358
26936969,359
26936970,360
26936971,361
26936973,362
26938716,363
26938717,364
26938718,365
26938719,366
26938721,367
27088458,368
27088461,369
27088467,370
27088471,371
27088479,372
27088480,373
27088481,374
27088482,375
27088492,376
27088507,377
27194895,378
27194900,379
27194902,380
27194904,381
27194905,382
27194916,383
27194921,384
27194922,385
27194923,386
27194925,387
27194927,388
27194929,389
27194932,390
27194940,391
27194941,392
27194943,393
27194947,394
27194954,395
27194958,396
27194959,397
27194960,398
27194961,399
27194964,400
27194965,401
27194968,402
27194969,403
27194975,404
27194987,405
27194989,406
27212962,407
27212974,408
27212980,409
27213003,410
27213006,411
27213014,412
27213017,413
27213062,414
27213072,415
27213101,416
27213116,417
27213121,418
27213137,419
27427973,420
27427992,421
27428016,422
27428128,423
27428129,424
27428130,425
27428132,426
27428361,427
27428375,428
27537983,429
27537989,430
27537993,431
27537998,432
27538005,433
27538064,434
27538078,435
27538087,436
27538116,437
27538122,438
27538130,439
27538138,440
27749563,441
27787754,442
30222159,443
30222167,444
30298853,445
30324356,446
30347275,447
30553227,448
30553228,449
30553230,450
30559005,451
30559007,452
30559031,453
30559033,454
30559045,455
30559047,456
30559051,457
30560615,458
30560616,459
30560617,460
30560619,461
30560625,462
30560634,463
30560639,464
30560656,465
30560679,466
30560684,467
30560694,468
30560711,469
30560713,470
30560723,471
30560728,472
30560737,473
30560739,474
30560741,475
30560744,476
30560805,477
30560806,478
30560807,479
30560812,480
30561264,481
30561265,482
30561269,483
30561270,484
30561271,485
30561292,486
30561536,487
30561549,488
30561550,489
30561551,490
30561569,491
30561596,492
30561872,493
30561874,494
30561892,495
30561964,496
30561966,497
30561974,498
31380987,499
31380988,500
32161926,501
32161927,502
32161932,503
32161935,504
32161940,505
32161946,506
32164304,507
32175710,508
32177021,509
32530888,510
32530890,511
32530893,512
32530894,513
32530900,514
32648101,515
32648102,516
32648104,517
32648106,518
32648108,519
32648112,520
33146152,521
33146158,522
33146181,523
33146187,524
33489972,525
33489985,526
33489999,527
33490014,528
33490024,529
33490050,530
33490408,531
33490415,532
33490419,533
33490439,534
33490453,535
33490456,536
33490458,537
33490994,538
34822542,539
35127152,540
35689148,541
35689149,542
35689214,543
35689221,544
35689224,545
35689227,546
35689233,547
35689238,548
35799300,549
35799311,550
35799314,551
35799317,552
35799319,553
35803367,554
35803370,555
35803374,556
35803378,557
35803381,558
35803389,559
35803393,560
35803397,561
35803399,562
35803405,563
35803408,564
35803412,565
35803421,566
35803425,567
35964588,568
35964592,569
36133847,570
36133848,571
36134740,572
36301133,573
36301150,574
36301155,575
36301194,576
36301199,577
36306136,578
36306137,579
36306139,580
36306142,581
36306144,582
36306156,583
36306162,584
36306169,585
39955745,586
39955839,587
39956093,588
40131266,589
40131285,590
40131289,591
40131323,592
40131385,593
40131390,594
40131467,595
40131527,596
40131542,597
40131563,598
40131578,599
40131583,600
40131587,601
40131591,602
40131594,603
40131602,604
40131615,605
43457476,606
43457479,607
43457501,608
43457519,609
43457527,610
43457538,611
43457547,612
43457551,613
49488657,614
49488736,615
49488778,616
49488807,617
49488813,618
49488820,619
49488863,620
49488886,621
49488903,622
49488925,623
49488930,624
49499533,625
49499570,626
49499699,627
49499721,628
49499966,629
49503111,630
51154584,631
51154591,632
55484320,633
59148178,634
59148184,635
59149720,636
59608948,637
59662220,638
59662240,639
59662248,640
59662253,641
59667683,642
59667686,643
59667690,644
59667691,645
59667699,646
59667701,647
59667704,648
59667707,649
59667709,650
59667717,651
59667720,652
59667721,653
59667723,654
59667724,655
59667728,656
59667730,657
59667743,658
59667746,659
59667749,660
59667751,661
59667752,662
59667755,663
59667758,664
59667760,665
59667761,666
59667763,667
59667764,668
59667766,669
59667771,670
59783841,671
59783988,672
59783990,673
59783991,674
59783993,675
59784000,676
59784002,677
59784003,678
59784005,679
59784008,680
59784010,681
59784012,682
59983379,683
59983380,684
60303330,685
60312494,686
60312496,687
60335057,688
60335058,689
61131178,690
61138982,691
61138985,692
61292883,693
61292902,694
63800712,695
63800734,696
63800740,697
63800758,698
63800763,699
63800771,700
63800787,701
63800795,702
63800808,703
63800856,704
63800864,705
63800870,706
68280171,707
68280174,708
68280179,709
68280191,710
68280199,711
68280209,712
68280215,713
68280218,714
75773878,715
75773880,716
75773882,717
75773888,718
75773892,719
75773898,720
75773906,721
75773908,722
75914846,723
75946774,724
75946776,725
75958527,726
75958535,727
75958538,728
75958540,729
75958545,730
75958546,731
75958547,732
75958551,733
75959517,734
75959521,735
75959522,736
75961572,737
75964365,738
75964368,739
75964372,740
75964374,741
75964377,742
75976567,743
75976568,744
75978131,745
75980139,746
75980141,747
75980142,748
75980143,749
75980145,750
75982011,751
75982012,752
75982013,753
75982897,754
75982899,755
75982900,756
75984167,757
75988178,758
75988179,759
75988180,760
75989691,761
75992201,762
75992804,763
75992805,764
76463495,765
76463502,766
76463642,767
76463644,768
76463712,769
76463722,770
76463723,771
76463744,772
76463820,773
76463825,774
76465724,775
76468557,776
76537273,777
76863293,778
76915115,779
76916619,780
76918044,781
76918045,782
76919905,783
76925728,784
76926004,785
76926513,786
76926943,787
76926965,788
76977884,789
76979189,790
76986155,791
76986157,792
77666542,793
77862756,794
77862757,795
77862759,796
77870415,797
77870420,798
77870434,799
77870446,800
77870451,801
77870460,802
79416740,803
79416748,804
79416812,805
79416815,806
79422703,807
79422708,808
79422718,809
79422724,810
79422727,811
79422730,812
79422739,813
79422743,814
79422747,815
79422751,816
79424171,817
79424194,818
79874461,819
79875692,820
79876798,821
79877106,822
79879930,823
79880808,824
79885679,825
79885702,826
79885703,827
80155239,828
80158549,829
80159102,830
80396904,831
81049201,832
81051384,833
81497916,834
81497921,835
81497925,836
81497927,837
81497928,838
81497954,839
81497959,840
82020788,841
82020804,842
82020818,843
82020842,844
82020860,845
82020895,846
82020909,847
82020910,848
82020914,849
82626804,850
82653670,851
82653671,852
82682761,853
82682763,854
83859990,855
83862166,856
86048134,857
86048188,858
86675601,859
88225816,860
88225819,861
88225822,862
88225828,863
88225833,864
88225838,865
88225840,866
88225861,867
88225870,868
88225875,869
89131370,870
89131371,871
90467965,872
92898348,873
92898357,874
92898366,875
92898374,876
92898381,877
92898387,878
92898394,879
92898401,880
92898411,881
92898422,882
92898430,883
92898466,884
92898502,885
92898511,886
92898521,887
92898526,888
92898530,889
92898533,890
94122793,891
94565227,892
94565238,893
94565240,894
94565244,895
94565247,896
94565254,897
94565256,898
94565274,899
94565275,900
94565278,901
94565280,902
94565283,903
95103420,904
95103421,905
95103426,906
95103434,907
95103462,908
95882436,909
95882440,910
95882442,911
95882446,912
95882449,913
95882451,914
95897305,915
95897308,916
95897310,917
95897320,918
95897334,919
95897402,920
95897403,921
95897404,922
95897407,923
95897408,924
95897411,925
95897413,926
95897442,927
96655263,928
96655265,929
96655267,930
96655268,931
96655304,932
96656889,933
110073086,934
110073118,935
110073137,936
110073154,937
110228933,938
110252631,939
110295415,940
110396121,941
110396127,942
110412460,943
110412464,944
110412468,945
110664281,946
110664285,947
110664286,948
110664288,949
110686876,950
110686900,951
110767736,952
110804033,953
110804042,954
110842557,955
110842568,956
110843846,957
110909094,958
110909097,959
110909126,960
113991681,961
113991691,962
113991694,963
113991701,964
113991712,965
113991732,966
113991755,967
113991840,968
113991861,969
113991878,970
113991882,971
121996660,972
121996670,973
121996676,974
121996689,975
124576985,976
124579044,977
124579048,978
124580319,979
124584519,980
124584524,981
124586230,982
124586231,983
124586232,984
124586235,985
124586240,986
124586242,987
124591307,988
124591310,989
124591316,990
124604027,991
124604028,992
124604030,993
132331192,994
132331226,995
133214908,996
133214911,997
133214937,998
133215054,999
133215061,1000
133215068,1001
133215069,1002
133215073,1003
134390925,1004
135633975,1005
135634011,1006
135634037,1007
135634178,1008
135634183,1009
135634339,1010
135634474,1011
135634504,1012
135634630,1013
135634714,1014
135634728,1015
135634756,1016
135634766,1017
135634796,1018
135635081,1019
135635088,1020
135635095,1021
135635101,1022
135635113,1023
135635414,1024
135635591,1025
135635604,1026
135635657,1027
135635676,1028
135635697,1029
135635773,1030
137500688,1031
137501480,1032
137501485,1033
137504343,1034
137505462,1035
137505463,1036
137505464,1037
137507575,1038
137507579,1039
137507827,1040
137508552,1041
137509063,1042
137509066,1043
137510273,1044
137510277,1045
137512230,1046
137512499,1047
137516607,1048
137516609,1049
137516612,1050
137517386,1051
138081420,1052
138084537,1053
138221924,1054
138221926,1055
141639194,1056
141640171,1057
141640173,1058
141643270,1059
142350519,1060
142350530,1061
144122387,1062
144204755,1063
144204768,1064
144213130,1065
145856827,1066
146013804,1067
146013817,1068
146013828,1069
146013833,1070
146013842,1071
146782741,1072
146791103,1073
146797205,1074
146797206,1075
146797761,1076
147133853,1077
147134161,1078
147134168,1079
147134197,1080
147134506,1081
147134760,1082
147135310,1083
147136544,1084
147136547,1085
147136612,1086
147136613,1087
147136766,1088
147136780,1089
147136935,1090
147136948,1091
147136953,1092
147136958,1093
147139381,1094
147139383,1095
147139385,1096
147139390,1097
147139414,1098
147140610,1099
147140613,1100
147140631,1101
147140881,1102
147141348,1103
147141353,1104
147141977,1105
147141981,1106
147141983,1107
147141986,1108
147141988,1109
147142368,1110
147142372,1111
147142903,1112
147142911,1113
147144350,1114
147144377,1115
147144380,1116
147144783,1117
147144945,1118
147144996,1119
147145645,1120
147146481,1121
147146927,1122
147146928,1123
147147160,1124
147147163,1125
147147531,1126
147147547,1127
147147561,1128
147147851,1129
147149241,1130
147149698,1131
147149702,1132
147150234,1133
147150237,1134
147150239,1135
148395837,1136
148395839,1137
148494422,1138
148494472,1139
148503850,1140
148503853,1141
148503857,1142
148503863,1143
148503869,1144
148503895,1145
148503935,1146
148503968,1147
148503990,1148
148947703,1149
148992483,1150
148992486,1151
148992491,1152
148992493,1153
148992496,1154
148992497,1155
148992498,1156
148992500,1157
148992507,1158
148992515,1159
148992516,1160
148992527,1161
148992529,1162
148992531,1163
148992532,1164
148992535,1165
148995892,1166
148997168,1167
148997178,1168
148997184,1169
148999285,1170
148999289,1171
148999297,1172
148999298,1173
148999300,1174
148999302,1175
148999318,1176
149432649,1177
149432656,1178
149432662,1179
149672047,1180
149672056,1181
149672062,1182
149672065,1183
149672068,1184
149672091,1185
149672132,1186
149672140,1187
149672169,1188
149672191,1189
149672954,1190
150461775,1191
150461781,1192
150461795,1193
150461800,1194
150461803,1195
150464573,1196
150464575,1197
150464580,1198
150465508,1199
150465513,1200
150465516,1201
150465519,1202
150465521,1203
150465522,1204
150475326,1205
150477801,1206
150477806,1207
150477823,1208
150548771,1209
150548775,1210
150548779,1211
150548782,1212
150548783,1213
150548788,1214
150548791,1215
151031048,1216
151031065,1217
151364063,1218
151364428,1219
151364436,1220
151364484,1221
151376096,1222
151376115,1223
151381782,1224
151381786,1225
151381789,1226
151381791,1227
152459284,1228
152525782,1229
152525785,1230
152714808,1231
152714811,1232
152714813,1233
154675135,1234
154675157,1235
154675162,1236
154675179,1237
154675182,1238
154675186,1239
154675215,1240
154745346,1241
154745389,1242
154745399,1243
154745403,1244
154745413,1245
154745449,1246
154745456,1247
154745458,1248
154745470,1249
154745503,1250
154772221,1251
155029984,1252
155029988,1253
155032587,1254
155033824,1255
155033828,1256
155033833,1257
155036462,1258
155036464,1259
155036468,1260
155036471,1261
155036698,1262
155038905,1263
155044453,1264
155044457,1265
155046054,1266
155046056,1267
155046058,1268
155049348,1269
155049576,1270
155051695,1271
155051703,1272
155051908,1273
155054416,1274
155054418,1275
155055059,1276
155055065,1277
155055069,1278
155055072,1279
155056381,1280
155057192,1281
155057194,1282
155058052,1283
155299183,1284
155300331,1285
155300339,1286
155301343,1287
155306549,1288
155308613,1289
155308960,1290
155309558,1291
155309559,1292
155311027,1293
155311508,1294
155311509,1295
155311511,1296
155312287,1297
155312295,1298
155312296,1299
155315380,1300
155613435,1301
155614054,1302
155614904,1303
155615883,1304
155615884,1305
155617286,1306
155643964,1307
156455782,1308
156455789,1309
156455811,1310
156461950,1311
156466805,1312
156466806,1313
156702856,1314
156702861,1315
156702895,1316
156702922,1317
156702926,1318
156702929,1319
156702931,1320
156702936,1321
156702940,1322
156702958,1323
156702962,1324
156702967,1325
156702971,1326
156702975,1327
156702979,1328
156702983,1329
156702986,1330
156703005,1331
156703007,1332
156703012,1333
156703015,1334
156703019,1335
156703021,1336
156703023,1337
156703029,1338
156703032,1339
156703035,1340
156703039,1341
156703042,1342
156703045,1343
156703047,1344
156703050,1345
156703053,1346
156703056,1347
156703061,1348
156703066,1349
156703103,1350
156703107,1351
156703115,1352
156703116,1353
156703121,1354
156703128,1355
156703132,1356
156703138,1357
156703143,1358
156996556,1359
156996563,1360
156996588,1361
157008158,1362
157008170,1363
157008194,1364
157008206,1365
157008223,1366
157008227,1367
157008231,1368
157008241,1369
157008283,1370
157008299,1371
157013650,1372
157013670,1373
157013691,1374
157013699,1375
157013709,1376
162629306,1377
162629315,1378
162629320,1379
162629326,1380
162629346,1381
162629351,1382
162629376,1383
162629393,1384
162779520,1385
162779543,1386
166157345,1387
166168471,1388
168084328,1389
169329352,1390
169329373,1391
169329397,1392
169332697,1393
169332715,1394
169332770,1395
169652096,1396
171026600,1397
171772123,1398
171772158,1399
171772242,1400
171772260,1401
171772284,1402
171772301,1403
171772323,1404
171772457,1405
178841228,1406
178841234,1407
178841243,1408
179913505,1409
180558950,1410
180558955,1411
180558959,1412
180937433,1413
180937436,1414
180937439,1415
180937440,1416
180937441,1417
180937447,1418
180937455,1419
180939919,1420
180939920,1421
180945556,1422
180946886,1423
180946890,1424
180951223,1425
180951226,1426
180958485,1427
180958509,1428
180960114,1429
180960126,1430
180960135,1431
180960199,1432
180960374,1433
180960634,1434
180962350,1435
180964333,1436
181314314,1437
186083614,1438
186083622,1439
186083624,1440
186084231,1441
186084236,1442
188476591,1443
188476598,1444
188476603,1445
188673415,1446
188674949,1447
188674953,1448
188674956,1449
188674963,1450
188676083,1451
188676092,1452
188677393,1453
188679667,1454
188680235,1455
188680237,1456
188683580,1457
188683812,1458
188683814,1459
188684978,1460
188684981,1461
188690952,1462
192294937,1463
192294943,1464
192294946,1465
192294951,1466
192294954,1467
192294955,1468
192294956,1469
192294965,1470
192294968,1471
192294972,1472
192727851,1473
192727853,1474
192728682,1475
192728684,1476
192731141,1477
192731142,1478
192731147,1479
192731153,1480
192733014,1481
192738866,1482
192738870,1483
192741386,1484
192741387,1485
192741392,1486
192741394,1487
192741405,1488
192741435,1489
192742246,1490
192742758,1491
192743760,1492
192744297,1493
192744303,1494
192744790,1495
192745023,1496
192745026,1497
192745153,1498
192745155,1499
192745483,1500
192745487,1501
192964386,1502
192964392,1503
192964394,1504
192964398,1505
192964399,1506
192964400,1507
192964402,1508
192984037,1509
192992757,1510
194347780,1511
194347847,1512
194708795,1513
194710558,1514
194711000,1515
194711001,1516
194713187,1517
194715602,1518
194715605,1519
194717345,1520
194725468,1521
194725469,1522
194725471,1523
194725791,1524
194725792,1525
194725795,1526
194731834,1527
194733759,1528
194733760,1529
194734258,1530
194734262,1531
194745888,1532
194746549,1533
194749701,1534
195568289,1535
197804061,1536
197860296,1537
197860314,1538
197860333,1539
197860504,1540
197860516,1541
197860524,1542
197860527,1543
199043785,1544
199043790,1545
199043795,1546
199043801,1547
199043807,1548
199043812,1549
199043817,1550
199043826,1551
199043834,1552
199043839,1553
199049024,1554
199261105,1555
199261109,1556
199261111,1557
199269869,1558
199269871,1559
199269874,1560
199269877,1561
199269879,1562
201161615,1563
201161619,1564
201161625,1565
201161629,1566
201161633,1567
201161637,1568
201161691,1569
201161696,1570
201161704,1571
201161708,1572
201161711,1573
201161735,1574
206140954,1575
206140967,1576
206142198,1577
206142200,1578
206142202,1579
207572584,1580
207572590,1581
208514099,1582
208514100,1583
208515651,1584
208515713,1585
219044399,1586
219044422,1587
219044427,1588
224387785,1589
224387792,1590
224387806,1591
228567415,1592
228567422,1593
228591742,1594
228594795,1595
228598447,1596
228605546,1597
228607237,1598
228608773,1599
236060693,1600
236060695,1601
236061478,1602
236061485,1603
236063869,1604
236063873,1605
236065030,1606
236065032,1607
236066905,1608
236066915,1609
236071498,1610
236071521,1611
236082246,1612
236082249,1613
236082251,1614
236089816,1615
236091541,1616
236091653,1617
236091723,1618
236091963,1619
236091974,1620
236091975,1621
236092510,1622
236092879,1623
236092881,1624
236103510,1625
236103524,1626
236103702,1627
236106101,1628
236107395,1629
236109551,1630
236114287,1631
236115165,1632
236128764,1633
236130703,1634
236130705,1635
236132612,1636
236132614,1637
237188735,1638
237189209,1639
237196403,1640
237198900,1641
237198901,1642
237198902,1643
240175401,1644
240177520,1645
240179765,1646
240179768,1647
240179771,1648
240179772,1649
240182269,1650
240183634,1651
240192405,1652
240193460,1653
240193468,1654
242921261,1655
242921380,1656
242921381,1657
242921418,1658
242921419,1659
242921575,1660
242921704,1661
242921712,1662
242921717,1663
242921783,1664
242921784,1665
242921785,1666
242921923,1667
242921943,1668
242922019,1669
242922020,1670
242922202,1671
242922242,1672
242922428,1673
242922655,1674
242922704,1675
242922880,1676
242922882,1677
242922883,1678
242922884,1679
242922885,1680
242922993,1681
242922994,1682
242922998,1683
242923000,1684
242923002,1685
242923003,1686
245457922,1687
245457924,1688
245457932,1689
245457933,1690
245457945,1691
245457946,1692
245457948,1693
245462972,1694
245462975,1695
245462977,1696
245462980,1697
245462985,1698
245462995,1699
245462996,1700
245462999,1701
245463000,1702
245463003,1703
245463005,1704
245463010,1705
245463011,1706
245463013,1707
246173693,1708
246173708,1709
246551644,1710
246551654,1711
246551716,1712
246551728,1713
246551738,1714
246551774,1715
246551782,1716
246551784,1717
246551833,1718
246551844,1719
246551848,1720
246551851,1721
246551859,1722
246551863,1723
246551897,1724
246551901,1725
246551903,1726
246551907,1727
246551911,1728
246551919,1729
246551922,1730
247122992,1731
247122993,1732
247123166,1733
247123168,1734
247123172,1735
247123177,1736
247123224,1737
247123233,1738
247123241,1739
247123323,1740
247189221,1741
247259805,1742
247897253,1743
247897267,1744
248037851,1745
248037853,1746
248539899,1747
248539900,1748
248539902,1749
248539903,1750
248539904,1751
248539905,1752
248539906,1753
248539911,1754
248539912,1755
248780644,1756
248780650,1757
248780651,1758
248780652,1759
248780653,1760
248780661,1761
248781409,1762
248781410,1763
248781411,1764
248781741,1765
248781744,1766
248782307,1767
248782308,1768
248782310,1769
248782313,1770
248782314,1771
248782316,1772
248782319,1773
248782320,1774
248782321,1775
248783352,1776
248783354,1777
248783355,1778
248783356,1779
248783357,1780
248783753,1781
249247095,1782
249247096,1783
249247214,1784
249247298,1785
249247529,1786
249247530,1787
249247537,1788
249250497,1789
249250498,1790
249489428,1791
249489435,1792
249489439,1793
249489444,1794
249609794,1795
249609797,1796
249609799,1797
249609801,1798
249609805,1799
249609810,1800
249609811,1801
249609813,1802
249609821,1803
249609822,1804
249609828,1805
249626103,1806
249626105,1807
249626107,1808
249626122,1809
249626126,1810
249626141,1811
249626153,1812
249626156,1813
249626163,1814
249805891,1815
249805892,1816
249805893,1817
249805895,1818
249805896,1819
249805897,1820
249805898,1821
249805900,1822
249805901,1823
249805902,1824
249805903,1825
249805907,1826
249805909,1827
249805910,1828
249805911,1829
249805913,1830
249820010,1831
249820012,1832
249820013,1833
250068870,1834
250875919,1835
251707125,1836
251707128,1837
251707129,1838
251716145,1839
251716286,1840
251716287,1841
251716547,1842
251717155,1843
251718173,1844
251718174,1845
251718275,1846
251718276,1847
251718401,1848
251718403,1849
251718412,1850
251753075,1851
251753077,1852
252638881,1853
252638884,1854
252638885,1855
252685593,1856
253837355,1857
253837374,1858
253837378,1859
253837393,1860
253837401,1861
253837410,1862
253837414,1863
253855794,1864
253877610,1865
253877726,1866
253877730,1867
253877731,1868
253877953,1869
255196631,1870
255196633,1871
255196642,1872
256838187,1873
256838191,1874
257388915,1875
258360047,1876
258360048,1877
258642477,1878
258642479,1879
258642488,1880
258642495,1881
258642499,1882
258642591,1883
258642621,1884
258642631,1885
258642635,1886
258642639,1887
258642643,1888
258642651,1889
258642665,1890
258642671,1891
258642683,1892
258642685,1893
258642687,1894
258642691,1895
258642701,1896
258642707,1897
258642715,1898
258642748,1899
258642754,1900
258642763,1901
258642772,1902
258642774,1903
258642781,1904
258642786,1905
258642800,1906
258642807,1907
258642815,1908
258642818,1909
258642822,1910
258642837,1911
258642857,1912
258642876,1913
258642900,1914
258642903,1915
258642914,1916
258642916,1917
258642921,1918
258642923,1919
258642925,1920
258642938,1921
258642941,1922
258642972,1923
258642980,1924
258642984,1925
258642987,1926
258643003,1927
258643016,1928
258643030,1929
258643039,1930
258643041,1931
258643046,1932
258643061,1933
258643069,1934
258643078,1935
258643080,1936
258643093,1937
258643104,1938
258643117,1939
258643119,1940
258643125,1941
258643130,1942
258643160,1943
258643162,1944
258913605,1945
258913606,1946
258913607,1947
258913609,1948
258913612,1949
258913614,1950
258913618,1951
258913619,1952
258913621,1953
258913627,1954
258913633,1955
258913634,1956
258913635,1957
258913637,1958
258913639,1959
258913641,1960
258913642,1961
258916374,1962
258916390,1963
261599369,1964
261599370,1965
261599377,1966
261599381,1967
261599386,1968
261599387,1969
261599396,1970
261599410,1971
261599414,1972
261599416,1973
261599418,1974
261599420,1975
261599430,1976
261599431,1977
261599437,1978
261599462,1979
261615139,1980
261615140,1981
261615142,1982
261615166,1983
261615194,1984
261615562,1985
261615563,1986
261615566,1987
261615569,1988
261615578,1989
261615579,1990
261615658,1991
261617372,1992
261617374,1993
261617375,1994
261617376,1995
261617381,1996
262154399,1997
262154411,1998
262154414,1999
262275530,2000
262288049,2001
262288052,2002
262463290,2003
262463299,2004
262463812,2005
262463815,2006
262464369,2007
262464373,2008
262464374,2009
262464386,2010
262464388,2011
262464478,2012
262464479,2013
262464481,2014
262464487,2015
262464488,2016
262464491,2017
262464497,2018
262464498,2019
262464501,2020
262464502,2021
262464504,2022
262464505,2023
262464625,2024
262464696,2025
262464740,2026
262464742,2027
262464789,2028
262465873,2029
262465972,2030
262466249,2031
262466250,2032
262466340,2033
262466456,2034
263436377,2035
263436379,2036
263436380,2037
263437906,2038
263440071,2039
263440073,2040
263440076,2041
263440079,2042
263440081,2043
263440083,2044
263712642,2045
263712644,2046
264200416,2047
264200419,2048
264490942,2049
264490943,2050
264490944,2051
264490945,2052
264490946,2053
264490947,2054
264490948,2055
264490949,2056
264490952,2057
264491205,2058
264491206,2059
264491208,2060
264491209,2061
264499116,2062
264499626,2063
264499627,2064
264499631,2065
264499634,2066
264857419,2067
264857420,2068
264857422,2069
264857427,2070
264857432,2071
264857434,2072
264858187,2073
264858194,2074
264858198,2075
264858200,2076
265512485,2077
265512632,2078
265519140,2079
265520208,2080
265585935,2081
265586348,2082
265587632,2083
265587926,2084
265588009,2085
265588737,2086
265588738,2087
265589112,2088
265589244,2089
265591316,2090
265592425,2091
265624416,2092
265624421,2093
265624426,2094
265624428,2095
265625272,2096
265626885,2097
265626887,2098
265626893,2099
265626897,2100
265626999,2101
265627003,2102
265627005,2103
265871300,2104
265871302,2105
265871346,2106
265871536,2107
265871733,2108
265871745,2109
265871748,2110
265871749,2111
265871847,2112
265872930,2113
265873117,2114
265873121,2115
266023904,2116
266024166,2117
266024329,2118
266024340,2119
266024344,2120
266024345,2121
266024346,2122
266024347,2123
266024348,2124
266024349,2125
266024358,2126
266024575,2127
266024582,2128
266024667,2129
266024668,2130
266024669,2131
266024983,2132
266186964,2133
266186967,2134
266186969,2135
266186970,2136
266187443,2137
266187449,2138
266187453,2139
266187459,2140
266187471,2141
266187472,2142
266187511,2143
266190132,2144
266298359,2145
266298376,2146
266298378,2147
266298681,2148
266298874,2149
266298882,2150
266298884,2151
266298893,2152
266298896,2153
266298898,2154
266298899,2155
266298906,2156
266298907,2157
266298908,2158
266298915,2159
266298918,2160
266298922,2161
266298987,2162
266298992,2163
266299223,2164
266299226,2165
266299346,2166
266299479,2167
266475272,2168
266630792,2169
266630798,2170
266633264,2171
266633267,2172
266633268,2173
266633273,2174
266633274,2175
266633276,2176
266633277,2177
266633283,2178
266635388,2179
266635389,2180
266635391,2181
266635392,2182
266635393,2183
266635394,2184
266635395,2185
266635396,2186
266635411,2187
266635412,2188
266745693,2189
266745694,2190
266746563,2191
266746588,2192
266746608,2193
266746611,2194
266746642,2195
266746680,2196
266746681,2197
266746771,2198
266746772,2199
266746784,2200
266746846,2201
266746847,2202
266747129,2203
266747130,2204
266747400,2205
266747461,2206
266747470,2207
266747471,2208
266747655,2209
266747656,2210
266747657,2211
266747857,2212
266756532,2213
266757864,2214
266759298,2215
266759313,2216
266759315,2217
266759317,2218
266759427,2219
266759534,2220
266760116,2221
266760118,2222
266760151,2223
266760907,2224
266773322,2225
266774144,2226
266921401,2227
266921402,2228
266921416,2229
266921419,2230
266921503,2231
266921504,2232
266921588,2233
266921705,2234
266921706,2235
266921707,2236
266921920,2237
266921962,2238
266921977,2239
266922364,2240
266922380,2241
266922495,2242
266922714,2243
266923145,2244
266924072,2245
266924379,2246
266924386,2247
266924391,2248
266924544,2249
266924545,2250
266924550,2251
266924569,2252
266924767,2253
266924986,2254
266924991,2255
266925274,2256
266925279,2257
266925281,2258
266925947,2259
266925953,2260
266925954,2261
266925957,2262
266925966,2263
266925969,2264
266925971,2265
266926096,2266
266926100,2267
266926894,2268
266926988,2269
266927021,2270
266927024,2271
266927025,2272
266927028,2273
266977403,2274
266977698,2275
266980758,2276
266980896,2277
266981281,2278
266981285,2279
266981287,2280
266981291,2281
266981327,2282
266981329,2283
266981330,2284
266981374,2285
266981376,2286
266981444,2287
266981477,2288
266981667,2289
266981671,2290
266981865,2291
266981871,2292
266981969,2293
266981989,2294
266982213,2295
266982624,2296
266982954,2297
266983015,2298
266990204,2299
266990212,2300
266990214,2301
266990216,2302
266990218,2303
267034587,2304
267166718,2305
267166721,2306
267167368,2307
267198018,2308
267198035,2309
267198037,2310
267238909,2311
267367348,2312
267367349,2313
267367578,2314
267367579,2315
267367581,2316
267367698,2317
267367699,2318
267367701,2319
267367703,2320
267367704,2321
267368171,2322
267368175,2323
267368183,2324
267368184,2325
267368236,2326
267368238,2327
267368388,2328
267368425,2329
267368426,2330
267368672,2331
267368674,2332
267368676,2333
267368677,2334
267368680,2335
267368682,2336
267368684,2337
267368874,2338
267368879,2339
267369074,2340
267369077,2341
267397932,2342
267397946,2343
267400913,2344
267402201,2345
267403583,2346
267408131,2347
267408132,2348
267408133,2349
267408134,2350
267408135,2351
267408136,2352
267422296,2353
267422298,2354
267422299,2355
267422300,2356
267423733,2357
267426602,2358
267426604,2359
267426606,2360
267426608,2361
267503880,2362
267503882,2363
267503997,2364
267504004,2365
267504088,2366
267504144,2367
267504313,2368
267504681,2369
267504795,2370
267505153,2371
267505275,2372
267557668,2373
267557700,2374
267557702,2375
267557788,2376
267559396,2377
267559397,2378
267559488,2379
267559494,2380
267559495,2381
267637122,2382
267965986,2383
267966018,2384
267966020,2385
267966037,2386
267966322,2387
267966325,2388
267966328,2389
267966329,2390
267966330,2391
267966336,2392
267966340,2393
267966343,2394
267966383,2395
267966392,2396
267966400,2397
267966408,2398
267966465,2399
267966467,2400
268021258,2401
268021345,2402
268052311,2403
268110995,2404
268111105,2405
268322176,2406
268322193,2407
268322196,2408
268322248,2409
268322280,2410
268322282,2411
268325193,2412
268325195,2413
268400612,2414
268400613,2415
268400614,2416
268400621,2417
268401277,2418
268402303,2419
268551361,2420
268591025,2421
268731105,2422
268751774,2423
268751775,2424
268858781,2425
268911463,2426
268911466,2427
268911793,2428
268911853,2429
269480722,2430
269480725,2431
269480726,2432
269480808,2433
269646284,2434
269646338,2435
269646421,2436
269646427,2437
269646429,2438
269646531,2439
269646534,2440
269646536,2441
269646537,2442
269646538,2443
269646540,2444
269646542,2445
269646546,2446
269646547,2447
269646549,2448
269646550,2449
269646563,2450
269646564,2451
269646565,2452
269646567,2453
269646577,2454
269646583,2455
269646585,2456
269646587,2457
269646591,2458
269646592,2459
269646608,2460
269646609,2461
269646759,2462
269646822,2463
269713452,2464
269713457,2465
269782114,2466
269782115,2467
269782117,2468
269782119,2469
269782120,2470
269782124,2471
269782125,2472
269782126,2473
269782128,2474
269901879,2475
269901987,2476
269902203,2477
269902343,2478
269902350,2479
269902357,2480
269902358,2481
269902361,2482
269902396,2483
269903251,2484
269903253,2485
270644372,2486
270644377,2487
270747001,2488
270747007,2489
270747009,2490
270747015,2491
270747021,2492
271096790,2493
271097283,2494
271097285,2495
271097287,2496
271097292,2497
271240654,2498
271240657,2499
271240667,2500
271240668,2501
271240671,2502
271240672,2503
271240674,2504
271241294,2505
271241296,2506
271241302,2507
271241428,2508
271241429,2509
271834348,2510
271834349,2511
271834350,2512
271834352,2513
271834353,2514
271834354,2515
271834357,2516
271834363,2517
271834404,2518
271834405,2519
271834406,2520
271881735,2521
272299431,2522
272299432,2523
272299433,2524
272300407,2525
272300409,2526
273370535,2527
273370561,2528
273373467,2529
273373470,2530
273373472,2531
273373475,2532
273373480,2533
273373485,2534
273374210,2535
273374211,2536
273379573,2537
273379576,2538
273379590,2539
273379593,2540
273379595,2541
273379612,2542
273456985,2543
273456986,2544
273870575,2545
273870576,2546
273872194,2547
273872195,2548
273872196,2549
273872199,2550
273872203,2551
273877982,2552
273877986,2553
273900550,2554
273900551,2555
273900552,2556
274868147,2557
275107517,2558
275107520,2559
275107533,2560
275227939,2561
275795760,2562
276349477,2563
276349496,2564
276349515,2565
276349552,2566
276349569,2567
276349627,2568
276349638,2569
276349655,2570
276349663,2571
276349688,2572
276349708,2573
276349714,2574
276349721,2575
276518041,2576
276518043,2577
276518045,2578
276518049,2579
276518051,2580
276518052,2581
276518053,2582
276518054,2583
276518059,2584
276518064,2585
276518071,2586
276518072,2587
276518080,2588
276518082,2589
276518107,2590
276518108,2591
276518799,2592
276871640,2593
276871647,2594
276871668,2595
277290454,2596
278455841,2597
278516139,2598
278516953,2599
278516958,2600
278516959,2601
278516965,2602
278558217,2603
278558221,2604
278558224,2605
278559755,2606
278559756,2607
278559757,2608
278559764,2609
278559780,2610
278561124,2611
278561125,2612
278711944,2613
278810743,2614
278812537,2615
278812839,2616
278814964,2617
278815425,2618
278874034,2619
278874035,2620
278874046,2621
278874047,2622
278874052,2623
278874056,2624
278995519,2625
279008111,2626
279008112,2627
279008114,2628
279008119,2629
279008444,2630
279008446,2631
279008449,2632
279009395,2633
279009414,2634
279009415,2635
279011021,2636
279011025,2637
279011026,2638
279011028,2639
279011029,2640
279011033,2641
279011035,2642
279011771,2643
279368199,2644
279368533,2645
279595920,2646
279700304,2647
279972703,2648
279975364,2649
280261140,2650
280261141,2651
280265215,2652
280265355,2653
280267361,2654
280267372,2655
280710434,2656
280757006,2657
280757704,2658
280758129,2659
280758130,2660
280760873,2661
280761196,2662
280823838,2663
280833594,2664
280833596,2665
280833694,2666
280834004,2667
280915162,2668
280915167,2669
280915168,2670
280915169,2671
280915170,2672
281158316,2673
281163310,2674
281168685,2675
281169674,2676
281169739,2677
281170046,2678
281170047,2679
281170048,2680
281170305,2681
281170424,2682
281170696,2683
281170879,2684
281171145,2685
281171370,2686
281171556,2687
281528450,2688
281532944,2689
281532945,2690
281762598,2691
281762682,2692
281763676,2693
281763966,2694
281764382,2695
281764384,2696
281764423,2697
281764443,2698
281764444,2699
281764667,2700
281764668,2701
281764669,2702
281765232,2703
281765235,2704
281765237,2705
281765239,2706
281765241,2707
281765243,2708
281765431,2709
281766208,2710
281766209,2711
281766288,2712
281766292,2713
281985493,2714
281985716,2715
281986366,2716
281986817,2717
281986885,2718
281987401,2719
281987402,2720
281987403,2721
281987765,2722
281987977,2723
281988235,2724
281988327,2725
281988329,2726
281989338,2727
281989340,2728
281989542,2729
281989543,2730
281989675,2731
281990104,2732
282074724,2733
282214412,2734
282214418,2735
282260205,2736
282260231,2737
282264580,2738
282266603,2739
282266610,2740
282266692,2741
282266752,2742
282268309,2743
282418120,2744
282418121,2745
282418122,2746
282418126,2747
282419253,2748
282419254,2749
282419262,2750
282419264,2751
282419265,2752
282419266,2753
282423329,2754
282448304,2755
282448306,2756
283033834,2757
283290412,2758
283372565,2759
283536524,2760
283536571,2761
283536725,2762
283536726,2763
283536796,2764
283536797,2765
283536808,2766
283536809,2767
283537354,2768
283537356,2769
283537360,2770
283537361,2771
283537475,2772
283537635,2773
283537636,2774
283626028,2775
283626036,2776
283626037,2777
283626067,2778
283626082,2779
285213440,2780
285762803,2781
285955641,2782
285961653,2783
285961655,2784
285966454,2785
286555094,2786
286555097,2787
286555101,2788
286555102,2789
286558603,2790
286560470,2791
286561232,2792
286561237,2793
286562290,2794
286581013,2795
286581017,2796
286634973,2797
286652803,2798
286652811,2799
286652812,2800
286652813,2801
286839950,2802
286840016,2803
286841133,2804
286921292,2805
286921295,2806
286921304,2807
286921329,2808
286921362,2809
286921366,2810
286921377,2811
286921410,2812
286936818,2813
286936820,2814
286936821,2815
286936823,2816
286936827,2817
286968149,2818
286968153,2819
286968154,2820
286968156,2821
286968157,2822
286968158,2823
286968168,2824
286973091,2825
287656893,2826
287656897,2827
287656898,2828
287656902,2829
287656903,2830
287656915,2831
287656916,2832
287656930,2833
287661925,2834
287661931,2835
287661935,2836
287661954,2837
287661956,2838
287661976,2839
287661977,2840
287661978,2841
287661980,2842
287661982,2843
287661983,2844
287661985,2845
287661986,2846
287661987,2847
287662673,2848
287662676,2849
287662681,2850
287662684,2851
287662685,2852
287835665,2853
287835670,2854
287835681,2855
287835684,2856
287838585,2857
287838591,2858
287862871,2859
287862945,2860
288006883,2861
288013018,2862
288014407,2863
288014408,2864
288014410,2865
288014411,2866
288101485,2867
288101486,2868
288101487,2869
288101489,2870
288101490,2871
288101503,2872
288101507,2873
288101508,2874
288101514,2875
288112500,2876
288112516,2877
288112529,2878
288112628,2879
288112645,2880
288112655,2881
288112669,2882
288112680,2883
288112682,2884
288112685,2885
288112687,2886
288112691,2887
288114812,2888
288114813,2889
288114819,2890
288158196,2891
288158197,2892
288158199,2893
288518291,2894
288518292,2895
288518293,2896
288518294,2897
288518295,2898
288799061,2899
288799085,2900
288901851,2901
288901853,2902
288901861,2903
288909232,2904
288909235,2905
288969942,2906
288970300,2907
288970301,2908
288981747,2909
288999613,2910
288999757,2911
289001152,2912
289001335,2913
289004612,2914
289020902,2915
289020915,2916
289020926,2917
289020936,2918
289020956,2919
289020962,2920
289020963,2921
289020965,2922
289020967,2923
289020968,2924
289020972,2925
289020976,2926
289020977,2927
289135118,2928
289135121,2929
289135122,2930
289135123,2931
289135340,2932
289175392,2933
289186222,2934
289186225,2935
289186227,2936
289186228,2937
289321628,2938
289328488,2939
289328489,2940
289328490,2941
289328492,2942
289329280,2943
290518525,2944
290518527,2945
290518529,2946
290518531,2947
290518532,2948
290528556,2949
290528558,2950
290528845,2951
290528847,2952
290529719,2953
290790171,2954
290980514,2955
291051253,2956
291051715,2957
291580966,2958
291580969,2959
291580976,2960
291580977,2961
291580979,2962
291580982,2963
291580992,2964
291742708,2965
291742709,2966
291742710,2967
292077194,2968
292692344,2969
292692346,2970
292692351,2971
292867143,2972
293246511,2973
293246514,2974
293246518,2975
293246520,2976
293246526,2977
293246531,2978
293246533,2979
293247231,2980
293247252,2981
293252010,2982
293252012,2983
293252020,2984
293551519,2985
293551523,2986
293551525,2987
293672965,2988
293672966,2989
293672979,2990
293672983,2991
293688358,2992
293772443,2993
293772450,2994
293772467,2995
295015564,2996
295015565,2997
297597791,2998
297597793,2999
297597797,3000
297597803,3001
297597804,3002
297597825,3003
297597830,3004
297597831,3005
297597836,3006
297597858,3007
297597870,3008
297597911,3009
297597967,3010
297597979,3011
297597980,3012
297597985,3013
297597990,3014
297597991,3015
297597996,3016
297597997,3017
297597999,3018
297598002,3019
297598008,3020
297598010,3021
297598033,3022
297598034,3023
297598035,3024
297598042,3025
297598043,3026
297598067,3027
297598069,3028
297598072,3029
297598099,3030
297598158,3031
297598173,3032
297699664,3033
297700955,3034
297700970,3035
297701001,3036
297701063,3037
297701066,3038
297701067,3039
297701069,3040
297701071,3041
297701074,3042
297701075,3043
297701095,3044
297701285,3045
297714150,3046
297714155,3047
297714159,3048
297714176,3049
297714188,3050
297714191,3051
297861090,3052
297885320,3053
297885323,3054
297885327,3055
297886857,3056
297886873,3057
297906081,3058
297906655,3059
297995814,3060
298137869,3061
298137873,3062
298137892,3063
298137894,3064
298137901,3065
298137903,3066
298375758,3067
298375763,3068
298375785,3069
298382132,3070
298382133,3071
298382611,3072
298382612,3073
298389030,3074
298510959,3075
298511107,3076
298512146,3077
298512221,3078
298874399,3079
298996651,3080
298996666,3081
298996670,3082
298996674,3083
298996675,3084
298999999,3085
299000001,3086
299000002,3087
299000007,3088
299000021,3089
299000022,3090
299000030,3091
299000032,3092
299000035,3093
299000036,3094
299000037,3095
299000038,3096
299000040,3097
299000042,3098
299000047,3099
299000054,3100
299000061,3101
299000066,3102
299000070,3103
299000071,3104
299000072,3105
299000073,3106
299000074,3107
299000075,3108
299000076,3109
299000077,3110
299000078,3111
299000079,3112
299002772,3113
299002780,3114
299002813,3115
299002842,3116
299002872,3117
299002873,3118
299002874,3119
299002875,3120
299002876,3121
299002877,3122
299002878,3123
299002879,3124
299002880,3125
299002881,3126
299002882,3127
299002883,3128
299002884,3129
299002885,3130
299002886,3131
299011556,3132
299011563,3133
299011565,3134
299011578,3135
299011590,3136
299011593,3137
299011597,3138
299011606,3139
299011637,3140
299011638,3141
299011640,3142
299011641,3143
299011643,3144
299011646,3145
299011651,3146
299011652,3147
299011654,3148
299011655,3149
299013563,3150
299013566,3151
299013567,3152
299013568,3153
299013570,3154
299014400,3155
299014405,3156
299014406,3157
299018678,3158
299018680,3159
299018681,3160
299019804,3161
299020023,3162
299020026,3163
299020035,3164
299020036,3165
299020037,3166
299020041,3167
299020042,3168
299020044,3169
299020057,3170
299020058,3171
299020083,3172
299020135,3173
299020146,3174
299020147,3175
299020148,3176
299020149,3177
299020150,3178
299020151,3179
299020152,3180
299020153,3181
299020154,3182
299020155,3183
299022319,3184
299022320,3185
299022322,3186
299022327,3187
299022333,3188
299022360,3189
299022361,3190
299022365,3191
299022378,3192
299022380,3193
299024696,3194
299049942,3195
299049984,3196
299049999,3197
299050005,3198
299050360,3199
299050362,3200
299082360,3201
299082363,3202
299082366,3203
299214663,3204
299214664,3205
299214668,3206
299214674,3207
299214681,3208
299214686,3209
299214695,3210
299214698,3211
299214700,3212
299214714,3213
299214726,3214
299214752,3215
299216241,3216
299217483,3217
299217484,3218
299218322,3219
299228980,3220
299229271,3221
299238666,3222
299280318,3223
299280319,3224
299280323,3225
299280333,3226
299281626,3227
299281637,3228
299309952,3229
299312658,3230
299312659,3231
299312662,3232
299312669,3233
299312670,3234
299312672,3235
299312675,3236
299312678,3237
299312679,3238
299312680,3239
299312681,3240
299312682,3241
299312683,3242
299312685,3243
299312690,3244
299312691,3245
299312692,3246
299312693,3247
299312694,3248
299312695,3249
299312696,3250
299312697,3251
299312698,3252
299315673,3253
299315677,3254
299315682,3255
299315685,3256
299453836,3257
299487288,3258
299488535,3259
299488664,3260
299488710,3261
299536158,3262
299553370,3263
299553630,3264
299553632,3265
299830381,3266
299830382,3267
299929910,3268
299929911,3269
299932490,3270
299932668,3271
299932671,3272
300114236,3273
300120061,3274
300120065,3275
300120066,3276
300295004,3277
300317900,3278
300317964,3279
300318053,3280
300318107,3281
300318122,3282
300318127,3283
300318133,3284
300318137,3285
300318187,3286
300318238,3287
300376703,3288
300376915,3289
300700829,3290
300700830,3291
300700833,3292
300700834,3293
300700844,3294
300992195,3295
301088098,3296
301088099,3297
301142352,3298
301142360,3299
301142366,3300
301142400,3301
301224375,3302
301224616,3303
301563287,3304
301984207,3305
302997491,3306
302997495,3307
302997549,3308
302997551,3309
302997610,3310
302997611,3311
302997612,3312
302997647,3313
302997648,3314
302997649,3315
302997675,3316
302997744,3317
302998331,3318
302998332,3319
302998363,3320
302998364,3321
302998365,3322
302998366,3323
302998405,3324
303189189,3325
303189192,3326
303354044,3327
303354235,3328
303935475,3329
304043394,3330
304043452,3331
304043625,3332
304043688,3333
304044032,3334
304044121,3335
304045928,3336
304046353,3337
304157139,3338
304157658,3339
304157660,3340
304158987,3341
304158988,3342
304158989,3343
304159121,3344
304159129,3345
304245940,3346
304246153,3347
304246161,3348
304249751,3349
304250074,3350
304250085,3351
304250170,3352
304250179,3353
304250873,3354
304250883,3355
304250903,3356
304250905,3357
304250930,3358
304251386,3359
304251401,3360
304251402,3361
304251406,3362
304251408,3363
304251409,3364
304251412,3365
304251415,3366
304251417,3367
304251420,3368
304251421,3369
304251426,3370
304251428,3371
304251429,3372
304251430,3373
304251456,3374
304251598,3375
304251602,3376
304251603,3377
304251606,3378
304251610,3379
304251617,3380
304251620,3381
304251731,3382
304251735,3383
304251865,3384
304251870,3385
304252099,3386
304252174,3387
304252687,3388
304252777,3389
304252778,3390
304252972,3391
304253094,3392
304253102,3393
304253121,3394
304253230,3395
304253231,3396
304253232,3397
304253244,3398
304253254,3399
304253258,3400
304253275,3401
304253346,3402
304253353,3403
304253354,3404
304253355,3405
304253722,3406
304253795,3407
304253797,3408
304253799,3409
304253800,3410
304253804,3411
304253822,3412
304253922,3413
304253923,3414
304253927,3415
304254102,3416
304254111,3417
304254112,3418
304254195,3419
304254197,3420
304254198,3421
304254321,3422
304254378,3423
304254590,3424
304254599,3425
304264985,3426
304265164,3427
304265529,3428
304265532,3429
304265635,3430
304265637,3431
304265661,3432
304265663,3433
304265665,3434
304265832,3435
304265838,3436
304273206,3437
304275082,3438
304275320,3439
304275445,3440
304275448,3441
304336804,3442
304341694,3443
304401618,3444
304500825,3445
304602258,3446
304663362,3447
304663574,3448
304663830,3449
304663841,3450
304664055,3451
304664423,3452
304664424,3453
304664507,3454
304664521,3455
304664583,3456
304664585,3457
304665174,3458
304665254,3459
304665361,3460
304665585,3461
304665726,3462
304672281,3463
304672292,3464
304672294,3465
304729587,3466
304729596,3467
304729604,3468
304729620,3469
304729623,3470
304729629,3471
304729630,3472
304729633,3473
304729644,3474
304729650,3475
304729659,3476
304729675,3477
304730431,3478
304730447,3479
304731237,3480
304735192,3481
304931028,3482
304931069,3483
304931078,3484
304931083,3485
304933516,3486
304933518,3487
304933519,3488
304933524,3489
304933527,3490
304933531,3491
304933533,3492
304933534,3493
304933535,3494
304933537,3495
304933538,3496
304933547,3497
304933549,3498
304933555,3499
304942651,3500
304942652,3501
304942653,3502
304942659,3503
304942661,3504
304942662,3505
304942680,3506
304942682,3507
304942688,3508
304942853,3509
304942917,3510
304944526,3511
304944528,3512
304944533,3513
304944534,3514
304944535,3515
304944537,3516
304944545,3517
304944546,3518
304944547,3519
304944550,3520
304944551,3521
304944557,3522
304944559,3523
304944560,3524
304944561,3525
304944562,3526
304947604,3527
304947839,3528
304950868,3529
304979645,3530
304979662,3531
304979670,3532
304979671,3533
304979672,3534
304979677,3535
304979681,3536
304994296,3537
305704713,3538
305704973,3539
305707072,3540
305707074,3541
305784336,3542
305789434,3543
305789435,3544
305791461,3545
305970298,3546
305970600,3547
305970612,3548
305970621,3549
305970626,3550
305971721,3551
305975520,3552
305975523,3553
305976121,3554
305976123,3555
305976128,3556
305976129,3557
305978234,3558
305978239,3559
305978298,3560
305978432,3561
305978433,3562
305978436,3563
305978755,3564
305978761,3565
305986076,3566
305986792,3567
306021502,3568
306021522,3569
306101598,3570
306472239,3571
306474411,3572
306474413,3573
306474426,3574
306474624,3575
306474625,3576
306475438,3577
306475439,3578
306478091,3579
306523158,3580
306523159,3581
307350292,3582
307350302,3583
307350391,3584
307407999,3585
307408001,3586
307408005,3587
307408006,3588
307408014,3589
307408016,3590
307408020,3591
307412037,3592
307722853,3593
309122327,3594
309122330,3595
309429151,3596
309442012,3597
309442015,3598
309442016,3599
309442018,3600
309442019,3601
309442020,3602
309442021,3603
309442022,3604
309442023,3605
309442024,3606
309442025,3607
309442026,3608
309442027,3609
309442028,3610
309442029,3611
309442030,3612
309442031,3613
309442032,3614
309442033,3615
309442034,3616
309442035,3617
309442036,3618
309442037,3619
309442038,3620
309442039,3621
309442830,3622
309442832,3623
309442835,3624
309444121,3625
309444123,3626
309737374,3627
309737379,3628
309913180,3629
309918260,3630
309918262,3631
309918391,3632
309920921,3633
309920923,3634
309926613,3635
309926619,3636
309926622,3637
309926628,3638
309926630,3639
309926638,3640
309926642,3641
309926646,3642
309926649,3643
309926653,3644
309926677,3645
309926682,3646
309926696,3647
309926792,3648
309926795,3649
309926799,3650
309926802,3651
309926806,3652
309926818,3653
309926823,3654
309926827,3655
309926838,3656
309926842,3657
309926845,3658
309926851,3659
309926852,3660
309926857,3661
309926861,3662
309926894,3663
309926954,3664
309926956,3665
309926995,3666
309927000,3667
309927002,3668
309927003,3669
309934760,3670
309934788,3671
309934983,3672
310006667,3673
310007130,3674
310007330,3675
310007438,3676
310007960,3677
310009178,3678
310078872,3679
310078874,3680
310078956,3681
310078957,3682
310079152,3683
310079792,3684
310079804,3685
310079850,3686
310109825,3687
310109850,3688
310110080,3689
310110090,3690
310110123,3691
310110266,3692
310110309,3693
310110653,3694
310110668,3695
310110925,3696
310110926,3697
310110927,3698
310110955,3699
310111290,3700
310125324,3701
310126015,3702
310126017,3703
310126279,3704
310128064,3705
310128069,3706
310129108,3707
310129109,3708
310204228,3709
310204368,3710
310204433,3711
310204498,3712
310204501,3713
310204575,3714
310204963,3715
310204964,3716
310205128,3717
310205140,3718
310205142,3719
310205460,3720
310205461,3721
310205462,3722
310205463,3723
310205464,3724
310205581,3725
310205582,3726
310205602,3727
310205720,3728
310205721,3729
310206181,3730
310206183,3731
310206373,3732
310206377,3733
310206379,3734
310206405,3735
310206417,3736
310206418,3737
310206431,3738
310206468,3739
310206558,3740
310206559,3741
310206560,3742
310244305,3743
310245973,3744
310399247,3745
310399250,3746
310399252,3747
310399254,3748
310399259,3749
310399285,3750
310399395,3751
310399404,3752
310399410,3753
310399676,3754
310399832,3755
310399835,3756
310399842,3757
310399843,3758
310399953,3759
310399959,3760
310400389,3761
310400393,3762
310400484,3763
310400491,3764
310400601,3765
310400602,3766
310400605,3767
310400649,3768
310400783,3769
310400798,3770
310401019,3771
310401311,3772
310401767,3773
310401858,3774
310401859,3775
310401860,3776
310401862,3777
310401864,3778
310401969,3779
310401970,3780
310401971,3781
310401972,3782
310401973,3783
310403239,3784
310403420,3785
310403452,3786
310403743,3787
310403809,3788
310404235,3789
310404288,3790
310404346,3791
310404360,3792
310404367,3793
310405548,3794
310405559,3795
310405637,3796
310595190,3797
310595202,3798
311126784,3799
311242128,3800
311242131,3801
311242135,3802
311242150,3803
311242160,3804
311242162,3805
311242166,3806
311321219,3807
311321220,3808
311321588,3809
311321593,3810
311322040,3811
311322641,3812
311322649,3813
311322661,3814
311323105,3815
311323117,3816
311323124,3817
311325084,3818
311325126,3819
311326224,3820
311326477,3821
311326480,3822
311327408,3823
311327410,3824
311333055,3825
311333727,3826
311333776,3827
311334119,3828
311334207,3829
311335525,3830
313827118,3831
314591693,3832
314591697,3833
314591711,3834
314591738,3835
314591745,3836
314591746,3837
314591749,3838
314591753,3839
314591754,3840
314591756,3841
314591763,3842
314597916,3843
314854782,3844
314855447,3845
314856323,3846
314859735,3847
314859736,3848
314860160,3849
314933652,3850
314933653,3851
314933654,3852
314933655,3853
314933656,3854
314933657,3855
314933658,3856
314933661,3857
314933663,3858
314973987,3859
314974008,3860
314974013,3861
314974014,3862
314974015,3863
314974018,3864
314974033,3865
314974037,3866
314974039,3867
314974040,3868
314974049,3869
314974058,3870
314974063,3871
314974066,3872
314974067,3873
314974068,3874
314974073,3875
314974078,3876
314974084,3877
315230243,3878
315231966,3879
315829627,3880
315829631,3881
315829633,3882
315829635,3883
315829637,3884
315829638,3885
315829644,3886
315829646,3887
315829647,3888
315829649,3889
315829657,3890
315829660,3891
315829662,3892
315829663,3893
315829665,3894
315829667,3895
315829669,3896
315829670,3897
315829672,3898
315829674,3899
315829676,3900
315829678,3901
315829679,3902
315829681,3903
315829683,3904
315829688,3905
315829690,3906
315829692,3907
315829694,3908
315829696,3909
315829698,3910
315829700,3911
315829704,3912
315829706,3913
315829715,3914
315834363,3915
315834367,3916
315834381,3917
315834399,3918
315834401,3919
315834404,3920
315835824,3921
315835829,3922
315835906,3923
315835917,3924
316055310,3925
316056096,3926
316059267,3927
316059268,3928
316059272,3929
316059753,3930
316102660,3931
316102661,3932
316102663,3933
316102803,3934
316102807,3935
316827977,3936
316921354,3937
316921357,3938
316921358,3939
316921359,3940
316921361,3941
316921364,3942
316921365,3943
316921370,3944
316921373,3945
316921382,3946
316921384,3947
316921385,3948
316921391,3949
316921394,3950
316921399,3951
316921403,3952
316921406,3953
316921407,3954
316921408,3955
316921414,3956
316921416,3957
316921421,3958
316921426,3959
317966643,3960
317967968,3961
317967969,3962
318112566,3963
318317723,3964
318319126,3965
318537584,3966
318537586,3967
319314757,3968
319314767,3969
319714086,3970
319714087,3971
321231424,3972
321233419,3973
321233420,3974
321233421,3975
321373415,3976
321373681,3977
321373684,3978
321373685,3979
321374001,3980
321375043,3981
321375046,3982
321375049,3983
321375134,3984
321375135,3985
321375513,3986
321375773,3987
321375774,3988
321375781,3989
321375995,3990
321376147,3991
321376148,3992
321376150,3993
321376152,3994
321376637,3995
321376639,3996
321376641,3997
322724116,3998
322724117,3999
322724128,4000
322724129,4001
322724134,4002
322724138,4003
322724145,4004
322724146,4005
322724162,4006
322724819,4007
322724822,4008
322724824,4009
322724825,4010
322725087,4011
322725089,4012
322725090,4013
322725091,4014
322725092,4015
322725093,4016
322725094,4017
322725095,4018
322725096,4019
322725722,4020
322725724,4021
322726027,4022
322800077,4023
322800082,4024
322800091,4025
322800397,4026
322800398,4027
322883169,4028
322884488,4029
322886427,4030
323088711,4031
323092437,4032
323093020,4033
323916537,4034
324581174,4035
324581176,4036
325218132,4037
325218133,4038
325218134,4039
325218137,4040
325218138,4041
325218141,4042
327457916,4043
327457918,4044
327458332,4045
327458977,4046
327459560,4047
327459652,4048
327459985,4049
327460130,4050
327460166,4051
327460442,4052
327463672,4053
327467830,4054
327468053,4055
327468765,4056
327474629,4057
327478090,4058
327478169,4059
327478250,4060
327484525,4061
327484526,4062
327485113,4063
327485938,4064
327485939,4065
327508448,4066
327514185,4067
327514361,4068
329590357,4069
330315528,4070
330315529,4071
330315530,4072
330315983,4073
330317754,4074
330317953,4075
331073018,4076
331075644,4077
331094537,4078
331094538,4079
331097105,4080
332070572,4081
332070576,4082
332070578,4083
332070580,4084
332070589,4085
333118947,4086
333136616,4087
335725453,4088
335725630,4089
335725752,4090
335725789,4091
335726067,4092
335726342,4093
335726575,4094
335726593,4095
335727164,4096
335727836,4097
335727963,4098
335727965,4099
335728164,4100
335990441,4101
335990931,4102
335991318,4103
335991480,4104
335991893,4105
335991894,4106
335992445,4107
335993005,4108
335993174,4109
335994090,4110
335994738,4111
335994741,4112
335994745,4113
335994749,4114
335994805,4115
335994807,4116
335997136,4117
336001216,4118
336001248,4119
336002336,4120
336028775,4121
336028777,4122
338577110,4123
338577840,4124
338577987,4125
338579283,4126
338579284,4127
338579485,4128
338583960,4129
338585878,4130
338585881,4131
338585882,4132
338586076,4133
338586077,4134
338586110,4135
338586194,4136
338590007,4137
338590877,4138
338591183,4139
338591237,4140
338591326,4141
338591738,4142
338592236,4143
338592458,4144
338592687,4145
338593032,4146
338595165,4147
338805071,4148
338805082,4149
338805149,4150
338805150,4151
338805734,4152
338805887,4153
338805889,4154
338805890,4155
338805894,4156
338806012,4157
338806013,4158
338806054,4159
338806058,4160
338806217,4161
338806251,4162
338806253,4163
338806339,4164
338806342,4165
338806346,4166
338806347,4167
338806453,4168
338806479,4169
338806586,4170
338806589,4171
338806601,4172
338806606,4173
338807054,4174
338871185,4175
338871193,4176
338871224,4177
338871267,4178
338871365,4179
338871371,4180
338871437,4181
338871798,4182
338871799,4183
338871800,4184
338871801,4185
338871802,4186
338872657,4187
338872832,4188
338872858,4189
339830641,4190
339830642,4191
339830644,4192
340014832,4193
340079444,4194
340311933,4195
340461495,4196
340463966,4197
341793261,4198
341793263,4199
343566860,4200
343566863,4201
343567120,4202
343567189,4203
343567190,4204
343567191,4205
343567216,4206
343567759,4207
343567760,4208
343567762,4209
343567775,4210
343568001,4211
343568771,4212
343763158,4213
343763169,4214
343763217,4215
343763222,4216
343763257,4217
343768329,4218
343768333,4219
343770659,4220
343770662,4221
343770667,4222
343770671,4223
343770675,4224
344050250,4225
344050252,4226
344602771,4227
344602805,4228
344602863,4229
344602947,4230
344602948,4231
344602949,4232
344602950,4233
344602951,4234
344602952,4235
344603294,4236
344603301,4237
344603359,4238
344606069,4239
344606124,4240
344606125,4241
344606126,4242
344606722,4243
344606730,4244
344607154,4245
344607206,4246
344607331,4247
344607423,4248
344607978,4249
344608171,4250
344608981,4251
344609002,4252
344610080,4253
344610084,4254
344738125,4255
344738126,4256
344875449,4257
345377553,4258
345377555,4259
345572439,4260
345575483,4261
345577303,4262
345577408,4263
345577413,4264
345577416,4265
345577652,4266
345577653,4267
345577654,4268
345577820,4269
345577821,4270
345578120,4271
345578296,4272
345578650,4273
345578653,4274
345579295,4275
345579431,4276
345579470,4277
345582156,4278
345806860,4279
345810040,4280
345812236,4281
345812240,4282
345812243,4283
345812248,4284
346342986,4285
346344206,4286
346345177,4287
346345180,4288
346345182,4289
347496507,4290
347497653,4291
347497660,4292
347497661,4293
347497662,4294
349073391,4295
349073414,4296
351418428,4297
352676705,4298
352677149,4299
352677196,4300
352677511,4301
352677666,4302
352677772,4303
352678371,4304
352678645,4305
352678801,4306
352679334,4307
352679337,4308
352679344,4309
352679519,4310
352679846,4311
352679847,4312
352679851,4313
352679857,4314
352679858,4315
352679862,4316
352679911,4317
352679921,4318
352679932,4319
352680025,4320
352680355,4321
352680362,4322
352680691,4323
352680692,4324
352680729,4325
352680939,4326
352750640,4327
353234528,4328
353965084,4329
353973926,4330
354540158,4331
354540162,4332
354540166,4333
354540172,4334
354543177,4335
354578651,4336
354578668,4337
354578674,4338
354578677,4339
354579727,4340
356842878,4341
358156657,4342
358158388,4343
358332322,4344
358333118,4345
358333644,4346
358334027,4347
358334412,4348
358334417,4349
358335905,4350
358336177,4351
358336952,4352
358444690,4353
358444691,4354
359216633,4355
359217252,4356
359581395,4357
359581400,4358
359581403,4359
359581410,4360
359581413,4361
359581416,4362
360183140,4363
360596661,4364
360636941,4365
360636945,4366
361118924,4367
361157561,4368
361159423,4369
361159424,4370
361159426,4371
361159887,4372
361160223,4373
361160224,4374
361160226,4375
361160227,4376
361160537,4377
361160600,4378
361160790,4379
361160957,4380
361161374,4381
361161743,4382
361161876,4383
361162350,4384
361165232,4385
362853613,4386
362853626,4387
362853633,4388
362853646,4389
362863346,4390
364307516,4391
364348439,4392
364348442,4393
364348444,4394
364348482,4395
364348486,4396
364348541,4397
364348542,4398
364348544,4399
364348597,4400
364348603,4401
364348697,4402
364348698,4403
364348699,4404
364348711,4405
364350165,4406
364350166,4407
364350167,4408
364350200,4409
364350202,4410
364350210,4411
364350211,4412
364350220,4413
364350221,4414
364667931,4415
365311320,4416
365748342,4417
365748667,4418
365749828,4419
365765765,4420
366331102,4421
366331108,4422
366341247,4423
366360863,4424
366360865,4425
366360866,4426
366361852,4427
366363006,4428
366376903,4429
366539564,4430
366539570,4431
366539575,4432
366539585,4433
366539587,4434
366539588,4435
366539590,4436
366539592,4437
366539594,4438
366539597,4439
366539598,4440
366539603,4441
366539604,4442
366539609,4443
366539610,4444
366539611,4445
366539619,4446
366539622,4447
366539635,4448
366539639,4449
366539641,4450
366539644,4451
366539648,4452
366539730,4453
366539767,4454
366539769,4455
366539770,4456
366539772,4457
366539779,4458
366539781,4459
366539782,4460
366539785,4461
366539791,4462
366539799,4463
366539800,4464
366539815,4465
366539819,4466
366539828,4467
366539829,4468
366539834,4469
366539835,4470
366539842,4471
366539844,4472
366539847,4473
366539848,4474
366540559,4475
366548831,4476
366548842,4477
366548866,4478
366549272,4479
366684765,4480
366684769,4481
366684779,4482
366684782,4483
366684787,4484
366685070,4485
366685078,4486
366685081,4487
366685084,4488
366685089,4489
366685092,4490
366685095,4491
366685099,4492
366685101,4493
366685108,4494
366685111,4495
366685114,4496
366685126,4497
366685131,4498
366685135,4499
366685138,4500
366685269,4501
366685271,4502
366685273,4503
366685275,4504
366685286,4505
366685288,4506
366685290,4507
366686467,4508
366692180,4509
366863046,4510
366864847,4511
366864849,4512
366864851,4513
366864856,4514
366864863,4515
366864867,4516
366864869,4517
366869240,4518
366869243,4519
366869248,4520
366869251,4521
366869256,4522
366869258,4523
366869261,4524
366869270,4525
366869272,4526
366869277,4527
366869279,4528
366869287,4529
366869291,4530
366869299,4531
366869305,4532
366869306,4533
366869319,4534
366869321,4535
366869334,4536
366869337,4537
366869468,4538
366869475,4539
366869479,4540
366869482,4541
366869489,4542
366869508,4543
366869523,4544
366869528,4545
366869542,4546
366870307,4547
366870374,4548
366875187,4549
366875190,4550
366875193,4551
366875219,4552
366875220,4553
366876825,4554
366903490,4555
366967355,4556
366967437,4557
366970609,4558
366970633,4559
367010508,4560
367010510,4561
367010512,4562
367010524,4563
367011186,4564
367012394,4565
367222352,4566
367224219,4567
367225024,4568
367225455,4569
367225902,4570
367228943,4571
367231294,4572
367231295,4573
367232798,4574
367233652,4575
367234685,4576
367235011,4577
367235394,4578
367644071,4579
367644175,4580
367971435,4581
368290806,4582
368290809,4583
368290818,4584
368290819,4585
368290821,4586
368290824,4587
368290825,4588
368290831,4589
368290833,4590
368290836,4591
368290837,4592
368290842,4593
368290985,4594
368290986,4595
368290989,4596
369841530,4597
369841533,4598
369842711,4599
369842715,4600
369955192,4601
369956403,4602
369957293,4603
369957297,4604
369957710,4605
369957711,4606
369958004,4607
370142927,4608
370149885,4609
370363329,4610
370376989,4611
371213442,4612
371577029,4613
371577031,4614
371577388,4615
371577392,4616
371787920,4617
371812722,4618
371812772,4619
371812787,4620
371815466,4621
372704487,4622
372704525,4623
372704537,4624
372704557,4625
372704619,4626
372708369,4627
372711784,4628
372822027,4629
372822029,4630
372827478,4631
372827484,4632
372827494,4633
372828055,4634
372828057,4635
372828061,4636
373112663,4637
373112665,4638
373112666,4639
373112673,4640
373112688,4641
373112689,4642
373112693,4643
373114242,4644
373121109,4645
373121200,4646
373121357,4647
373121858,4648
373122391,4649
373122491,4650
373122493,4651
373354030,4652
373354037,4653
373354773,4654
373475481,4655
374115004,4656
374115040,4657
374387364,4658
374577968,4659
375610146,4660
375610259,4661
375610262,4662
375610565,4663
375610566,4664
375620471,4665
375620477,4666
375689319,4667
375690056,4668
375690503,4669
375690504,4670
375690620,4671
375690965,4672
375690966,4673
375690967,4674
375691372,4675
375691953,4676
375692145,4677
375692150,4678
375692177,4679
375692301,4680
375692466,4681
375692467,4682
375692725,4683
375705433,4684
375705440,4685
375705466,4686
375705471,4687
375710223,4688
375801476,4689
375905889,4690
375908004,4691
375908039,4692
375964911,4693
375977681,4694
375977685,4695
376075546,4696
376078447,4697
376624411,4698
376625440,4699
378367095,4700
378367197,4701
378367384,4702
378368026,4703
378368525,4704
378368590,4705
378368633,4706
378368637,4707
378368822,4708
378368835,4709
378368878,4710
378369362,4711
378369402,4712
378369570,4713
378369958,4714
378370257,4715
378370264,4716
378371245,4717
378371258,4718
378371321,4719
378371802,4720
378372192,4721
378372584,4722
378372649,4723
378372674,4724
378372786,4725
378372791,4726
378374740,4727
378374767,4728
378374790,4729
378374833,4730
378375059,4731
378375124,4732
378375227,4733
378375507,4734
378375519,4735
378375523,4736
378375537,4737
378375717,4738
378375751,4739
378375889,4740
378375979,4741
378376364,4742
378376438,4743
378377182,4744
378377206,4745
378738027,4746
379570841,4747
379570870,4748
379570901,4749
379570906,4750
379570913,4751
379570970,4752
379570974,4753
379570996,4754
379571002,4755
379571017,4756
379571025,4757
379752577,4758
379752578,4759
379752581,4760
379752586,4761
379752598,4762
379752603,4763
379752604,4764
379752615,4765
379752616,4766
379752619,4767
380493530,4768
380493541,4769
380493543,4770
380493544,4771
380493547,4772
380493548,4773
380493549,4774
380493550,4775
380515811,4776
380902974,4777
380902980,4778
380902983,4779
380930145,4780
380930147,4781
382651478,4782
382656460,4783
383422740,4784
383769623,4785
384759394,4786
384878038,4787
384878040,4788
384878042,4789
384878049,4790
384878055,4791
384878076,4792
384878078,4793
384878089,4794
384878095,4795
384878103,4796
384878105,4797
384878121,4798
384878134,4799
384878154,4800
384878162,4801
384878164,4802
384878166,4803
384885691,4804
384885694,4805
384885697,4806
384885700,4807
384885701,4808
385667909,4809
385667914,4810
385667926,4811
386100405,4812
386134296,4813
387469480,4814
387469481,4815
387469482,4816
387469483,4817
387469484,4818
387469485,4819
387469486,4820
387469488,4821
392068677,4822
392068680,4823
392068686,4824
392068695,4825
392068696,4826
392068697,4827
392068698,4828
392068702,4829
392068703,4830
392068705,4831
392068710,4832
392068712,4833
392068715,4834
392643126,4835
392643127,4836
392643128,4837
392643129,4838
392643674,4839
392643675,4840
392643749,4841
392643750,4842
392643927,4843
392643988,4844
392643989,4845
392810460,4846
392810469,4847
392810489,4848
392810493,4849
392810495,4850
392810497,4851
392810501,4852
392810504,4853
392810506,4854
392810508,4855
392810512,4856
392810516,4857
392810526,4858
392810534,4859
392810536,4860
392810552,4861
392889198,4862
392889199,4863
392894806,4864
392894807,4865
392894903,4866
392894904,4867
392896517,4868
393153390,4869
393158624,4870
393158631,4871
393158648,4872
393158651,4873
393158748,4874
393158990,4875
393215032,4876
393406868,4877
393406874,4878
393406879,4879
393688581,4880
393688582,4881
393790476,4882
393790477,4883
393790480,4884
393849194,4885
393849213,4886
393855794,4887
393855799,4888
393856115,4889
393856217,4890
393857315,4891
393857367,4892
393857774,4893
393858040,4894
399810913,4895
402626570,4896
402626578,4897
402626581,4898
402626584,4899
402626588,4900
402626591,4901
402626597,4902
402684830,4903
402738612,4904
402738693,4905
402916826,4906
402982662,4907
402982701,4908
402982709,4909
402982714,4910
402982724,4911
402982730,4912
402982749,4913
402982780,4914
402982785,4915
402982787,4916
402982789,4917
402982793,4918
402982797,4919
402982832,4920
402982839,4921
402982842,4922
402982852,4923
402999367,4924
402999373,4925
403011157,4926
403036280,4927
403187926,4928
403380635,4929
403380644,4930
403380651,4931
403380653,4932
403380657,4933
403380663,4934
403380669,4935
403871915,4936
403872095,4937
406190260,4938
406190261,4939
406190263,4940
406190266,4941
406190268,4942
406192377,4943
406192836,4944
406192837,4945
406192839,4946
406192861,4947
406194215,4948
406194220,4949
406195997,4950
406202742,4951
406207317,4952
406207320,4953
406207326,4954
406209717,4955
406209721,4956
406212786,4957
406214280,4958
406214296,4959
406214301,4960
406214307,4961
406214311,4962
406215024,4963
406215226,4964
406215564,4965
406253115,4966
406253882,4967
406254430,4968
406254680,4969
406255175,4970
406255180,4971
406256473,4972
406256476,4973
406256478,4974
406256480,4975
406263188,4976
406264053,4977
408534024,4978
409129730,4979
409129731,4980
409129732,4981
409495032,4982
409495859,4983
409495862,4984
409495865,4985
409496322,4986
409496324,4987
409783249,4988
409798244,4989
409798253,4990
409798270,4991
409798277,4992
409798278,4993
409798289,4994
409798295,4995
409798296,4996
409798297,4997
409798303,4998
409798304,4999
409798306,5000
409798307,5001
409798308,5002
409798311,5003
409798315,5004
409798317,5005
410143281,5006
410143282,5007
410217668,5008
410217676,5009
410287592,5010
410287694,5011
410287921,5012
410287922,5013
410288730,5014
410288734,5015
410288857,5016
410556327,5017
410556362,5018
410615984,5019
410615994,5020
410615996,5021
410624595,5022
410624610,5023
410624611,5024
410624613,5025
410703756,5026
410703762,5027
410703769,5028
410703778,5029
410703785,5030
410703788,5031
410703791,5032
410703796,5033
410703801,5034
410703819,5035
410703824,5036
410703829,5037
410703831,5038
410703836,5039
410703840,5040
410703851,5041
410703862,5042
410703864,5043
410703881,5044
410703882,5045
411034871,5046
411034872,5047
411034880,5048
411034881,5049
411034884,5050
411034887,5051
411034897,5052
411034923,5053
411034948,5054
411288525,5055
411758474,5056
411759721,5057
411842497,5058
411842501,5059
411842503,5060
411842510,5061
411842519,5062
412123597,5063
412123598,5064
412123601,5065
412123611,5066
412123612,5067
412123619,5068
412123623,5069
412240634,5070
412551248,5071
412551251,5072
412551273,5073
412551276,5074
412551277,5075
412551278,5076
413010339,5077
413010368,5078
413581583,5079
414069265,5080
414069269,5081
414069282,5082
414071453,5083
414109490,5084
414109491,5085
414109492,5086
414110578,5087
414125718,5088
414125721,5089
414129945,5090
414129946,5091
414129947,5092
414129948,5093
414129949,5094
414129950,5095
414129951,5096
414129952,5097
414129953,5098
414917395,5099
414917404,5100
414917408,5101
414917420,5102
414917427,5103
415261041,5104
415261878,5105
415261897,5106
415261915,5107
415261924,5108
415262581,5109
415262584,5110
415262600,5111
415262601,5112
415262602,5113
415262608,5114
415262789,5115
415262796,5116
415262797,5117
415262804,5118
415262810,5119
415263703,5120
415263713,5121
415263725,5122
415264952,5123
415265555,5124
415265560,5125
415265564,5126
415265569,5127
415265646,5128
416352918,5129
416352919,5130
416352930,5131
416571016,5132
416571017,5133
416571023,5134
416571027,5135
416571028,5136
416571029,5137
416571030,5138
416571031,5139
416571032,5140
416628937,5141
417279188,5142
417279202,5143
417279209,5144
417279227,5145
417279330,5146
417279331,5147
417279365,5148
417279378,5149
417279379,5150
417279380,5151
417282057,5152
417282063,5153
417282064,5154
418244019,5155
418244037,5156
418875240,5157
418875241,5158
418877360,5159
418877362,5160
418877367,5161
418877368,5162
418877373,5163
418915566,5164
418915590,5165
418915592,5166
418915594,5167
418915596,5168
418915599,5169
418915602,5170
418915605,5171
418915611,5172
418915617,5173
418915619,5174
418915621,5175
418915625,5176
418915640,5177
418915643,5178
418915650,5179
418915653,5180
418968780,5181
418968784,5182
419622485,5183
419622507,5184
419745831,5185
419745834,5186
419745835,5187
419745837,5188
419749718,5189
419749721,5190
419749725,5191
419750709,5192
419750710,5193
419750713,5194
419750717,5195
419750726,5196
419750727,5197
419758638,5198
419758641,5199
419758647,5200
419758657,5201
419758658,5202
419758660,5203
419758661,5204
419758664,5205
419758668,5206
419758669,5207
419758673,5208
419758676,5209
419758679,5210
419758680,5211
419758682,5212
419758685,5213
419758691,5214
419758697,5215
419758701,5216
419758703,5217
419758718,5218
419758720,5219
419912206,5220
419912419,5221
419913104,5222
419913224,5223
419913407,5224
419914117,5225
419914120,5226
419914700,5227
419915188,5228
419978542,5229
419978611,5230
419979013,5231
420009447,5232
420009449,5233
420009456,5234
420014599,5235
420051016,5236
420051021,5237
420051032,5238
420235548,5239
420235549,5240
420235550,5241
420235560,5242
420254401,5243
420254843,5244
420255622,5245
420257221,5246
420257222,5247
420257223,5248
420259147,5249
420259682,5250
420259919,5251
420265558,5252
420268870,5253
420276678,5254
420315510,5255
420315511,5256
420315512,5257
420315515,5258
420315517,5259
420315519,5260
420315521,5261
420315523,5262
420315525,5263
420315527,5264
420315528,5265
420315529,5266
420315530,5267
420315532,5268
420315535,5269
420340784,5270
420825616,5271
420825621,5272
420825625,5273
420825628,5274
421539186,5275
421929781,5276
421929783,5277
421929787,5278
422048389,5279
423084826,5280
423084862,5281
423084909,5282
423084912,5283
423084915,5284
423084918,5285
423084920,5286
423091278,5287
423091279,5288
423091285,5289
423146335,5290
423146337,5291
423146342,5292
423146345,5293
423146347,5294
423146348,5295
423146355,5296
423146359,5297
423146364,5298
423146375,5299
424198320,5300
424198330,5301
424198332,5302
424198333,5303
424198334,5304
424198342,5305
424198351,5306
424198354,5307
424198356,5308
424198387,5309
424198390,5310
424198393,5311
424202383,5312
424202386,5313
424202388,5314
424202391,5315
425345533,5316
425345549,5317
425345553,5318
425346780,5319
425347586,5320
425347850,5321
425348239,5322
425349825,5323
425349827,5324
425349956,5325
425349997,5326
425350111,5327
425350566,5328
425357687,5329
425357990,5330
425358162,5331
425358543,5332
427082356,5333
427082358,5334
427082361,5335
427082368,5336
427082371,5337
427082374,5338
427082379,5339
427082393,5340
427082396,5341
427082398,5342
427082403,5343
427082408,5344
427082419,5345
427082427,5346
427082428,5347
427082436,5348
427082444,5349
427082449,5350
427082451,5351
427082454,5352
427082457,5353
427082458,5354
427082461,5355
427082463,5356
427082480,5357
427082481,5358
427082483,5359
427082486,5360
427082488,5361
427082493,5362
427688019,5363
427688021,5364
427688022,5365
427688023,5366
427688025,5367
427688026,5368
427688028,5369
427688033,5370
427688034,5371
427688035,5372
427688036,5373
427688037,5374
427688038,5375
427688049,5376
427688050,5377
427688051,5378
427688052,5379
427688053,5380
427946103,5381
427946107,5382
428055524,5383
428055531,5384
428055540,5385
428157912,5386
428157931,5387
428277617,5388
428601270,5389
428601274,5390
428601275,5391
428601283,5392
428869712,5393
428869713,5394
428869731,5395
428869748,5396
428869758,5397
429603637,5398
429603639,5399
429606196,5400
429606198,5401
429630080,5402
429630081,5403
429630084,5404
429630085,5405
429630087,5406
429630091,5407
429630093,5408
429630104,5409
429958255,5410
429958256,5411
430366413,5412
430366421,5413
430366422,5414
430366423,5415
430366426,5416
430366427,5417
430366429,5418
430366431,5419
430366434,5420
430366435,5421
430366438,5422
430366463,5423
430366464,5424
430366468,5425
430366469,5426
430366471,5427
430366485,5428
432537397,5429
432537412,5430
432537417,5431
432537419,5432
434003549,5433
434003556,5434
434085561,5435
434482878,5436
434482881,5437
434482884,5438
434623159,5439
434623164,5440
434623169,5441
434623187,5442
434623189,5443
434623191,5444
434623195,5445
434623208,5446
434623216,5447
434623224,5448
434623231,5449
434623235,5450
434623258,5451
434623262,5452
434623286,5453
434623296,5454
434623306,5455
434623311,5456
434623329,5457
435416612,5458
435416613,5459
435416643,5460
435418387,5461
435418388,5462
435513309,5463
435513316,5464
435513318,5465
435513324,5466
435513330,5467
435513333,5468
435513337,5469
435513342,5470
435513344,5471
435513353,5472
435513360,5473
435513363,5474
435513366,5475
440627446,5476
440627461,5477
440627462,5478
440627463,5479
440627468,5480
440627469,5481
440627472,5482
440627478,5483
440627483,5484
440627484,5485
440627486,5486
440628233,5487
440628235,5488
440628236,5489
440659089,5490
440659102,5491
440707730,5492
440707733,5493
440707742,5494
440707745,5495
440810254,5496
440814851,5497
440814853,5498
440814856,5499
440814858,5500
440814861,5501
440814862,5502
440814870,5503
440814877,5504
440814878,5505
440814879,5506
440814880,5507
440814883,5508
440814884,5509
440814887,5510
440814893,5511
440814894,5512
440814898,5513
440814902,5514
440814912,5515
440814915,5516
441311622,5517
441311623,5518
441311624,5519
441311625,5520
441809422,5521
441841350,5522
441869460,5523
441869534,5524
441869546,5525
441869553,5526
441869590,5527
442156581,5528
442157146,5529
442157611,5530
442158051,5531
442158568,5532
442158614,5533
442158625,5534
442158667,5535
442158926,5536
442159336,5537
442159777,5538
442159953,5539
442159956,5540
442159964,5541
442159966,5542
442159967,5543
442160018,5544
442160020,5545
442160022,5546
442160033,5547
442160083,5548
442160218,5549
442160570,5550
442160584,5551
442160587,5552
442160997,5553
442160999,5554
442161004,5555
442161036,5556
442161040,5557
442161041,5558
442161135,5559
442161138,5560
442161179,5561
442162057,5562
442162120,5563
442162333,5564
442162953,5565
442163056,5566
442321105,5567
442321113,5568
442330109,5569
442330110,5570
442330111,5571
442330113,5572
442330178,5573
442330182,5574
442330184,5575
442330229,5576
442579174,5577
442982487,5578
442982488,5579
443419667,5580
443425516,5581
443425517,5582
443425519,5583
443425520,5584
443425529,5585
443425531,5586
443425533,5587
443425548,5588
443825608,5589
443825609,5590
443825616,5591
443825617,5592
443825618,5593
443825619,5594
443825624,5595
443825627,5596
443856523,5597
443856528,5598
443856540,5599
443856554,5600
443856563,5601
443856571,5602
443856592,5603
443856608,5604
443856644,5605
443856651,5606
443856667,5607
443856692,5608
443856696,5609
443856713,5610
443872097,5611
443872101,5612
443872102,5613
443872103,5614
443872158,5615
444587619,5616
444587630,5617
444671939,5618
445682239,5619
448094439,5620
448659859,5621
448881890,5622
448881898,5623
448897358,5624
448897360,5625
448897369,5626
448897374,5627
448897375,5628
448897376,5629
448897379,5630
448900228,5631
449355302,5632
451707359,5633
452506838,5634
452506839,5635
452506840,5636
452506841,5637
452506842,5638
452506843,5639
452595605,5640
452595614,5641
454147977,5642
454159679,5643
454177076,5644
454177078,5645
454177089,5646
454177098,5647
454177101,5648
454177102,5649
454177111,5650
454248898,5651
454248902,5652
454475043,5653
455496195,5654
455575573,5655
455575575,5656
455575577,5657
456301396,5658
456301400,5659
456301401,5660
456301403,5661
456321343,5662
457005247,5663
457005266,5664
457118256,5665
457118260,5666
457118264,5667
457118265,5668
457118270,5669
457118273,5670
457118275,5671
457118277,5672
457118288,5673
457118292,5674
457118295,5675
457118301,5676
457118303,5677
457118305,5678
457118312,5679
457118314,5680
457118358,5681
457411728,5682
457623370,5683
457623372,5684
458401315,5685
458504299,5686
458504304,5687
458504316,5688
458504319,5689
458504326,5690
458504342,5691
458504348,5692
458504349,5693
458504350,5694
458504351,5695
458504395,5696
458504421,5697
458506181,5698
458506249,5699
458506270,5700
459296160,5701
459831912,5702
459832289,5703
459832290,5704
459832294,5705
459832297,5706
459832298,5707
459832300,5708
459832301,5709
459832310,5710
459832312,5711
459832314,5712
459832322,5713
459832325,5714
459832326,5715
459832330,5716
459832334,5717
459832335,5718
459832336,5719
459832337,5720
459836658,5721
461873633,5722
461873635,5723
461873637,5724
462268815,5725
462269817,5726
462269819,5727
462677749,5728
462679524,5729
462679613,5730
462684818,5731
462685507,5732
462685557,5733
463174136,5734
463174221,5735
463174228,5736
464666745,5737
464666751,5738
464666874,5739
465199861,5740
467167346,5741
467167617,5742
467168313,5743
467168315,5744
467168696,5745
467169236,5746
467174925,5747
467180619,5748
469092422,5749
469092427,5750
469092428,5751
469092429,5752
469105062,5753
469105090,5754
469105091,5755
469105093,5756
469105206,5757
469105211,5758
469105215,5759
469105216,5760
469105558,5761
469105788,5762
469105790,5763
469184305,5764
469184306,5765
469184309,5766
469184311,5767
469184312,5768
469184314,5769
469184317,5770
469184322,5771
469184324,5772
469184325,5773
469184327,5774
469184332,5775
469184338,5776
469184340,5777
469184355,5778
469713236,5779
469713238,5780
469713266,5781
469713268,5782
469713305,5783
469713310,5784
469713312,5785
469713318,5786
469713383,5787
469713481,5788
469713518,5789
469713560,5790
469713567,5791
469713572,5792
469714606,5793
469714830,5794
469715061,5795
469715071,5796
469715119,5797
469715164,5798
469715171,5799
469715237,5800
469715384,5801
469715457,5802
469715487,5803
469715766,5804
469715778,5805
469715786,5806
469715788,5807
469716344,5808
469716784,5809
469718791,5810
469719202,5811
469719207,5812
469719216,5813
469719422,5814
469719440,5815
469719554,5816
470054357,5817
470054358,5818
470054359,5819
470054360,5820
470054362,5821
470054363,5822
470415942,5823
470415999,5824
470494691,5825
470494708,5826
470495190,5827
470498156,5828
470498179,5829
470498184,5830
470498740,5831
470498755,5832
470504831,5833
470622277,5834
470622285,5835
470622287,5836
470622288,5837
470622290,5838
470622291,5839
470622293,5840
470622295,5841
470622296,5842
470622297,5843
470622298,5844
470622304,5845
470622307,5846
470622311,5847
470622312,5848
470622316,5849
470622320,5850
470622321,5851
470622324,5852
470622328,5853
470622329,5854
470622332,5855
470622337,5856
470622338,5857
470622339,5858
470622342,5859
470622345,5860
470622346,5861
470622347,5862
470622348,5863
470622350,5864
470627997,5865
470627999,5866
470628001,5867
470628003,5868
470628006,5869
470650794,5870
470650795,5871
470650796,5872
470650797,5873
470650798,5874
470650799,5875
470650808,5876
470650811,5877
470650813,5878
470650817,5879
470651324,5880
470652499,5881
471054005,5882
471131311,5883
471131314,5884
471131318,5885
471131324,5886
471131326,5887
471131327,5888
471131330,5889
471131331,5890
471131332,5891
471131333,5892
471131334,5893
471131343,5894
471131344,5895
471955213,5896
471955252,5897
472106376,5898
472106393,5899
472106397,5900
472106399,5901
472106405,5902
472106412,5903
472106414,5904
472106421,5905
472106427,5906
472106429,5907
472106430,5908
472106431,5909
472106436,5910
472106439,5911
472106442,5912
472106443,5913
472106448,5914
472113508,5915
472113520,5916
472113523,5917
472113524,5918
472113532,5919
472113533,5920
472113534,5921
472113536,5922
472113549,5923
472113551,5924
472113553,5925
472115799,5926
472115800,5927
472118173,5928
472354128,5929
472354129,5930
472354132,5931
472354133,5932
472354134,5933
472354135,5934
472354136,5935
472354137,5936
472354138,5937
472354140,5938
472373554,5939
472373557,5940
472373559,5941
472373564,5942
472373565,5943
472373567,5944
472636842,5945
472636843,5946
472636845,5947
472636846,5948
472637269,5949
472637273,5950
472637277,5951
472637279,5952
472637317,5953
472637330,5954
472637562,5955
472638495,5956
472638496,5957
472638541,5958
472640082,5959
472640084,5960
472640271,5961
472640274,5962
472643645,5963
472643694,5964
472643752,5965
473405521,5966
474164760,5967
474164788,5968
474164803,5969
474164804,5970
474164807,5971
474164830,5972
474164837,5973
474164838,5974
474656878,5975
474656881,5976
474656883,5977
474658337,5978
474658341,5979
474658342,5980
474658348,5981
475100300,5982
475296412,5983
475315715,5984
475315716,5985
475315717,5986
475315719,5987
475315720,5988
475315722,5989
475315724,5990
475315729,5991
475315730,5992
475315732,5993
475315737,5994
475315738,5995
475315740,5996
475315742,5997
475315744,5998
475323930,5999
475323931,6000
475323936,6001
475323939,6002
475323942,6003
475334383,6004
475334394,6005
475334397,6006
475334401,6007
475334408,6008
475364610,6009
475365845,6010
476021000,6011
476021003,6012
476874386,6013
476874388,6014
476874391,6015
476874397,6016
476874398,6017
476874407,6018
476879220,6019
476879223,6020
476879225,6021
476879226,6022
476879229,6023
476879230,6024
476884369,6025
476884372,6026
476885904,6027
476885906,6028
476885908,6029
476893190,6030
476893193,6031
476893194,6032
476893196,6033
476893197,6034
476893199,6035
476893206,6036
476893214,6037
476893218,6038
476897906,6039
476897907,6040
476897912,6041
476899104,6042
476899105,6043
476899112,6044
476901072,6045
476907210,6046
476907212,6047
476907214,6048
476907215,6049
476912166,6050
476912167,6051
476912168,6052
476912169,6053
476912170,6054
476912173,6055
476913081,6056
476913082,6057
476935412,6058
477660442,6059
477660627,6060
477661100,6061
477661186,6062
477662097,6063
477665735,6064
477665873,6065
477665925,6066
477983054,6067
477983056,6068
477983060,6069
477983070,6070
477983072,6071
477983074,6072
477983076,6073
477983081,6074
477983090,6075
477983099,6076
478051337,6077
478051367,6078
478051371,6079
478051374,6080
478051375,6081
478051377,6082
478051379,6083
478051404,6084
478051409,6085
478051411,6086
478051417,6087
478051463,6088
478051465,6089
478051469,6090
478051472,6091
478051479,6092
478080780,6093
478080782,6094
478080783,6095
478080785,6096
478080787,6097
478080808,6098
478080810,6099
478080830,6100
479256168,6101
479256193,6102
479287845,6103
479287852,6104
479292101,6105
479402165,6106
479434835,6107
480428181,6108
480428186,6109
480428194,6110
481317984,6111
482626274,6112
482626367,6113
482633765,6114
482633777,6115
482633791,6116
482633802,6117
482633803,6118
482664915,6119
482664917,6120
482664919,6121
482664921,6122
482664924,6123
482664933,6124
482664935,6125
482664947,6126
482680541,6127
482680551,6128
482680563,6129
482680573,6130
482680578,6131
482680614,6132
482680625,6133
483401586,6134
483401599,6135
483401603,6136
483613110,6137
485360433,6138
485360435,6139
485360493,6140
485360504,6141
485360511,6142
485360514,6143
485360523,6144
485360527,6145
485360529,6146
485360535,6147
485360541,6148
485360554,6149
485360557,6150
485360564,6151
485360567,6152
485360578,6153
486287364,6154
486287367,6155
486287388,6156
486287391,6157
486287400,6158
486287415,6159
486287417,6160
486287469,6161
486287476,6162
486344212,6163
486344215,6164
486344218,6165
486344220,6166
486344222,6167
486344227,6168
486344229,6169
486344230,6170
486344232,6171
486344233,6172
486375098,6173
486375100,6174
486375111,6175
486375117,6176
486375120,6177
486375134,6178
486375139,6179
486388771,6180
486413159,6181
486413162,6182
486413169,6183
486413192,6184
486413214,6185
486413215,6186
486413223,6187
486413230,6188
486413238,6189
486424526,6190
486424529,6191
486424534,6192
486424550,6193
486424567,6194
486441973,6195
486441981,6196
486441984,6197
486441992,6198
486442009,6199
486448742,6200
486474430,6201
486474440,6202
486474494,6203
486474505,6204
486474524,6205
486522613,6206
486752881,6207
486752882,6208
486752883,6209
486752884,6210
487062752,6211
487063317,6212
487063326,6213
487063339,6214
487063341,6215
487063343,6216
487063527,6217
487063528,6218
487063529,6219
487063531,6220
487063534,6221
487063554,6222
487063569,6223
487063571,6224
487063572,6225
487063573,6226
487063858,6227
487063884,6228
487064343,6229
487064384,6230
487064386,6231
487064459,6232
487064460,6233
487104247,6234
488265269,6235
488287482,6236
488310926,6237
488426697,6238
489629848,6239
489629853,6240
491540360,6241
491615967,6242
491615971,6243
491615975,6244
491615978,6245
491615990,6246
491615992,6247
491615999,6248
491616022,6249
491616026,6250
491616028,6251
491616030,6252
491616031,6253
491616033,6254
491616040,6255
491616069,6256
491616095,6257
491616098,6258
491619578,6259
491619579,6260
492478993,6261
492679725,6262
493282600,6263
493282602,6264
493282605,6265
493282607,6266
493282611,6267
493282614,6268
493282615,6269
493282618,6270
493282619,6271
493343516,6272
493809345,6273
493809356,6274
493809371,6275
493852947,6276
493852948,6277
493852949,6278
493852950,6279
493852951,6280
494381514,6281
494381522,6282
494381547,6283
494391060,6284
494452726,6285
494452727,6286
494508046,6287
494544825,6288
494544828,6289
494544830,6290
494544833,6291
494544835,6292
494544837,6293
494544842,6294
494544844,6295
494544863,6296
494544865,6297
494544881,6298
494552707,6299
494552716,6300
494552718,6301
495377790,6302
495377793,6303
496382979,6304
496382982,6305
496382983,6306
496382987,6307
496502176,6308
496502177,6309
496502178,6310
496502179,6311
496502187,6312
496510474,6313
497224171,6314
498404728,6315
498404730,6316
498404733,6317
498481977,6318
499483994,6319
499483995,6320
499483997,6321
499484005,6322
499484008,6323
499484015,6324
500880921,6325
500880922,6326
500880930,6327
500880931,6328
500880932,6329
500880943,6330
500880944,6331
500880945,6332
500880949,6333
502882632,6334
502884555,6335
502884561,6336
502884563,6337
502884628,6338
502884632,6339
502884638,6340
502899648,6341
502899848,6342
502906918,6343
503450379,6344
503450382,6345
503450384,6346
503450386,6347
503450393,6348
503450397,6349
503450403,6350
503450406,6351
503450409,6352
503450411,6353
503464341,6354
503464342,6355
503485105,6356
503485109,6357
503490079,6358
503978849,6359
503978885,6360
503978928,6361
503979030,6362
503979036,6363
503981168,6364
503981173,6365
503981185,6366
503981200,6367
503981321,6368
503981435,6369
503981583,6370
503983666,6371
503983672,6372
503985245,6373
503986580,6374
503986650,6375
503986698,6376
504008549,6377
504498894,6378
504498896,6379
504498903,6380
504498905,6381
504498912,6382
504498916,6383
504498917,6384
504498918,6385
504498920,6386
504498922,6387
504498925,6388
504498928,6389
504498934,6390
504498947,6391
504498950,6392
504503277,6393
504503315,6394
504510440,6395
504510462,6396
504510469,6397
504510472,6398
504514682,6399
504514686,6400
504519523,6401
504519531,6402
504519533,6403
504525811,6404
504539418,6405
504539432,6406
504539454,6407
504546569,6408
504546586,6409
504546588,6410
504583290,6411
504583305,6412
504657975,6413
504657977,6414
505174802,6415
506300099,6416
506300118,6417
506302394,6418
506317132,6419
506320854,6420
506747777,6421
506802681,6422
506802682,6423
506802696,6424
506802698,6425
506802705,6426
506802707,6427
506802709,6428
506802712,6429
506802713,6430
506802714,6431
506802717,6432
506802719,6433
506802720,6434
506802721,6435
506802722,6436
506802723,6437
506802729,6438
508052757,6439
508053059,6440
508053123,6441
508053857,6442
508053896,6443
508053984,6444
508053991,6445
508054076,6446
508054077,6447
508058003,6448
509275141,6449
509275176,6450
509410524,6451
510819939,6452
510819940,6453
510819941,6454
510819942,6455
510819943,6456
510819944,6457
510819945,6458
510819946,6459
510819947,6460
510819948,6461
510823750,6462
510823753,6463
510823755,6464
510823758,6465
510823759,6466
510823761,6467
510825344,6468
510825345,6469
510825350,6470
510825352,6471
510825357,6472
510825358,6473
510825360,6474
510833428,6475
510833429,6476
510847204,6477
510847212,6478
510847213,6479
510854711,6480
510965090,6481
513557798,6482
513557897,6483
513559534,6484
513566027,6485
513566030,6486
513566036,6487
513583589,6488
513762813,6489
513762817,6490
515981899,6491
516349896,6492
516349903,6493
516372841,6494
516372849,6495
516372852,6496
516707359,6497
516707360,6498
516707370,6499
516720500,6500
516720502,6501
516720506,6502
516720508,6503
516750222,6504
516750224,6505
516807885,6506
517236964,6507
517829332,6508
517829677,6509
517830049,6510
517838479,6511
517839811,6512
517840931,6513
517841718,6514
517841719,6515
517843360,6516
517844973,6517
517845102,6518
517845116,6519
517845121,6520
517845799,6521
517848036,6522
517848119,6523
517848636,6524
517848978,6525
517848980,6526
517848991,6527
517849000,6528
517849054,6529
517849326,6530
517849493,6531
517849718,6532
517969349,6533
517969351,6534
517969352,6535
517969353,6536
517969356,6537
517969357,6538
517969358,6539
517969359,6540
517969360,6541
517969361,6542
517969362,6543
517969363,6544
517969364,6545
517969365,6546
517969368,6547
517973618,6548
517973620,6549
517973622,6550
517973624,6551
517973626,6552
517973644,6553
517987855,6554
517987857,6555
517987866,6556
518024945,6557
518024947,6558
518024950,6559
518028534,6560
518028537,6561
518031334,6562
518031343,6563
518034208,6564
518034210,6565
518034212,6566
518034214,6567
518034220,6568
518034222,6569
518039870,6570
518044787,6571
518063199,6572
518063202,6573
519268667,6574
519268671,6575
519268677,6576
519268681,6577
519525339,6578
520605784,6579
520605790,6580
520624049,6581
522483457,6582
522483902,6583
522485721,6584
522486396,6585
522486400,6586
523634386,6587
523634431,6588
523634568,6589
526960221,6590
526960229,6591
527915764,6592
527916697,6593
527916703,6594
527916705,6595
527916711,6596
527916712,6597
527919155,6598
527924700,6599
527924701,6600
527924702,6601
527924703,6602
527924705,6603
527941169,6604
527941177,6605
527941183,6606
527941190,6607
527941195,6608
528992252,6609
529049478,6610
529050953,6611
529053228,6612
529053230,6613
529053233,6614
529053243,6615
529053256,6616
529059103,6617
529059106,6618
529059155,6619
529059157,6620
529059160,6621
529059171,6622
529059178,6623
529059188,6624
529069931,6625
529069939,6626
529069942,6627
529069943,6628
529069947,6629
529069949,6630
529069953,6631
529069955,6632
529073836,6633
529073837,6634
529073838,6635
529073839,6636
529073841,6637
529073853,6638
529073858,6639
529073859,6640
529078124,6641
529078133,6642
529078135,6643
529079120,6644
529082744,6645
529084661,6646
529498851,6647
529502290,6648
529503037,6649
529503412,6650
529537196,6651
529922073,6652
530191806,6653
530255144,6654
530255149,6655
530255152,6656
533749583,6657
533749588,6658
533898982,6659
533898984,6660
533898988,6661
533898998,6662
533899021,6663
534139681,6664
534139685,6665
534139690,6666
534139710,6667
534139714,6668
534355006,6669
534355694,6670
534362941,6671
534362943,6672
534362945,6673
534362954,6674
534367630,6675
534367633,6676
534367644,6677
534373195,6678
534373197,6679
534373199,6680
534373200,6681
534373202,6682
534373205,6683
534376045,6684
534376049,6685
534376053,6686
534376061,6687
534376412,6688
534376417,6689
534376419,6690
534377100,6691
534377999,6692
534378010,6693
534378570,6694
534378572,6695
534378574,6696
534378576,6697
534378577,6698
534379851,6699
534379852,6700
534379854,6701
534379855,6702
534379856,6703
534379857,6704
534381875,6705
534381876,6706
534381879,6707
534381880,6708
534381881,6709
534381882,6710
534381883,6711
534381886,6712
534381887,6713
534381888,6714
534696590,6715
534696598,6716
535366089,6717
535484300,6718
535484308,6719
535484311,6720
535490960,6721
535490962,6722
535490963,6723
535490964,6724
535490966,6725
535490969,6726
535497332,6727
535497335,6728
535497339,6729
535497343,6730
535512503,6731
535512505,6732
535512508,6733
535512512,6734
535512515,6735
535512520,6736
535512522,6737
535512525,6738
535512527,6739
535512528,6740
535539942,6741
535539954,6742
535552653,6743
535552658,6744
535556302,6745
535560122,6746
535560128,6747
535560139,6748
535560142,6749
535560147,6750
535577110,6751
535605581,6752
535605585,6753
535605587,6754
535943163,6755
535949780,6756
535949784,6757
536786789,6758
539416778,6759
539416788,6760
539416792,6761
540219100,6762
540219104,6763
540219133,6764
540588148,6765
540588339,6766
540588349,6767
540588521,6768
540943220,6769
541435264,6770
541437230,6771
549260648,6772
549260649,6773
549260654,6774
549260656,6775
552933771,6776
552933783,6777
552933785,6778
552933786,6779
552933787,6780
552933789,6781
552933791,6782
552933793,6783
552933794,6784
552933800,6785
552933801,6786
552933806,6787
552933808,6788
552933809,6789
552933810,6790
552933812,6791
552933814,6792
552933816,6793
552933827,6794
552933832,6795
552933834,6796
552933840,6797
552933856,6798
552933861,6799
552938976,6800
552938977,6801
552938979,6802
552938981,6803
552938982,6804
552939003,6805
552955815,6806
552955830,6807
553034725,6808
553035311,6809
553035387,6810
553035499,6811
553035513,6812
553037566,6813
553037626,6814
553037642,6815
554984975,6816
554985084,6817
554985090,6818
554985119,6819
554985148,6820
554985153,6821
554995233,6822
554995312,6823
554995320,6824
554995382,6825
554995572,6826
554995611,6827
554997591,6828
554998598,6829
555002242,6830
555009116,6831
555022430,6832
555023078,6833
557057272,6834
558065031,6835
558065033,6836
558065036,6837
558065038,6838
558065039,6839
558065058,6840
558065059,6841
558065063,6842
558065075,6843
558065077,6844
558065079,6845
558065081,6846
558065082,6847
558065084,6848
558065090,6849
558065104,6850
558065106,6851
558065108,6852
558065112,6853
558065123,6854
558065127,6855
558065128,6856
558065130,6857
558065132,6858
558087694,6859
558087697,6860
558087711,6861
558087713,6862
558087719,6863
558519793,6864
558646770,6865
558646771,6866
558646774,6867
558646777,6868
559946296,6869
559946300,6870
559946305,6871
559946306,6872
559946308,6873
559946311,6874
559946321,6875
559946326,6876
559946336,6877
559946342,6878
559946349,6879
559946350,6880
559946352,6881
559946353,6882
559946355,6883
559946356,6884
559946357,6885
559946359,6886
559946363,6887
559946366,6888
559946367,6889
559946368,6890
559946369,6891
559946371,6892
559946389,6893
559946391,6894
559946392,6895
559946393,6896
559946397,6897
559946408,6898
560142422,6899
560371974,6900
560371975,6901
560371976,6902
560371983,6903
560396536,6904
560396553,6905
560396554,6906
560396556,6907
560396568,6908
560396571,6909
560396572,6910
560396573,6911
560396574,6912
560428877,6913
560428900,6914
560428903,6915
560428912,6916
560428915,6917
560428967,6918
560428975,6919
560428976,6920
560428980,6921
560428984,6922
560428986,6923
560428987,6924
560428989,6925
560428991,6926
560428997,6927
560428999,6928
560429003,6929
560429008,6930
560429014,6931
560429015,6932
560429017,6933
560429022,6934
560432877,6935
560432895,6936
560442808,6937
560442809,6938
560456186,6939
560467310,6940
560738086,6941
560769269,6942
560769325,6943
560825501,6944
560829324,6945
560829531,6946
560832881,6947
560832882,6948
560839078,6949
560850578,6950
560850589,6951
560883289,6952
560883361,6953
560885753,6954
560886411,6955
560886413,6956
561217001,6957
561217012,6958
562742184,6959
562754241,6960
563864734,6961
564306375,6962
564778798,6963
564778803,6964
564899461,6965
564899465,6966
564899469,6967
564899472,6968
565086767,6969
565087125,6970
565613936,6971
566212950,6972
566455676,6973
566455679,6974
566455680,6975
566583674,6976
566585106,6977
566585474,6978
566586169,6979
567238604,6980
567450907,6981
567450975,6982
567451042,6983
567463703,6984
567463764,6985
567662915,6986
567662919,6987
567662922,6988
567662925,6989
568061407,6990
568061408,6991
568061409,6992
568061412,6993
568061416,6994
568061422,6995
568061424,6996
568064740,6997
568064741,6998
568064743,6999
568064744,7000
568064745,7001
568064747,7002
568064750,7003
568064753,7004
568064769,7005
568337458,7006
568337603,7007
568337612,7008
568337615,7009
568337617,7010
568337619,7011
568337978,7012
568337984,7013
568337997,7014
568338004,7015
568338269,7016
568338284,7017
568338287,7018
568338289,7019
568338290,7020
568338312,7021
568338326,7022
568338327,7023
568338328,7024
568338329,7025
568338330,7026
568338332,7027
568338469,7028
568338470,7029
568338471,7030
568338474,7031
568338546,7032
568338586,7033
568338587,7034
568338610,7035
568338613,7036
568338617,7037
571253697,7038
571253705,7039
571253713,7040
571655321,7041
571655322,7042
571655332,7043
582134311,7044
582134397,7045
582136792,7046
582654517,7047
582853291,7048
582853582,7049
582854904,7050
582988830,7051
582989630,7052
586455734,7053
586455738,7054
586456038,7055
586456048,7056
586456807,7057
586456808,7058
586456902,7059
586457942,7060
586458230,7061
586458239,7062
586458873,7063
586458919,7064
586459165,7065
586459172,7066
587754685,7067
587754698,7068
587754702,7069
587754703,7070
587754711,7071
587763981,7072
590344950,7073
595569465,7074
595569530,7075
597286220,7076
597424899,7077
597424900,7078
597424905,7079
597424906,7080
597424907,7081
597424909,7082
597424910,7083
597427651,7084
597427653,7085
597427654,7086
597427655,7087
597427656,7088
597429964,7089
597429966,7090
597429975,7091
597429977,7092
597434110,7093
597434116,7094
597434784,7095
597434785,7096
597434961,7097
597434962,7098
597442854,7099
597442859,7100
598592970,7101
598592972,7102
598592976,7103
598596508,7104
598596516,7105
598596517,7106
598596518,7107
598596534,7108
598599187,7109
598599200,7110
598904644,7111
598904651,7112
599232587,7113
599238784,7114
599305904,7115
599309880,7116
599309881,7117
599309889,7118
599309890,7119
599687387,7120
599691949,7121
599909699,7122
599909711,7123
599909712,7124
600016736,7125
600016737,7126
600016738,7127
600016739,7128
600016740,7129
600016741,7130
600016745,7131
600016746,7132
600016747,7133
600016748,7134
601589287,7135
602084631,7136
602084632,7137
602084634,7138
602084639,7139
602084659,7140
602084660,7141
602084665,7142
602084676,7143
602084677,7144
602084679,7145
602214388,7146
602214402,7147
602214417,7148
602214419,7149
602214422,7150
602214438,7151
602218371,7152
603087602,7153
603087604,7154
603113659,7155
603113676,7156
603131154,7157
603131596,7158
603131611,7159
603131616,7160
603131703,7161
603133275,7162
603134116,7163
603134134,7164
603134162,7165
603134413,7166
603134615,7167
603134666,7168
603135004,7169
603137426,7170
603138331,7171
603138332,7172
603138479,7173
603138572,7174
603138573,7175
603138574,7176
603138588,7177
603138589,7178
603138613,7179
603138679,7180
603138680,7181
603138704,7182
603138723,7183
603140003,7184
603143622,7185
603158278,7186
603158306,7187
603159750,7188
603159786,7189
603159814,7190
603159920,7191
603160163,7192
603161810,7193
603161822,7194
603244712,7195
603244858,7196
603247286,7197
603248153,7198
603249662,7199
603252433,7200
603252436,7201
603252439,7202
603269198,7203
603269213,7204
603269235,7205
603269237,7206
603269249,7207
603269254,7208
603269255,7209
603269264,7210
603269266,7211
603269269,7212
603269273,7213
603269275,7214
603271918,7215
603271922,7216
603274950,7217
603274952,7218
603274969,7219
603274975,7220
603274978,7221
603274986,7222
603284275,7223
603284285,7224
603284286,7225
603284294,7226
603286103,7227
603287894,7228
604314223,7229
606515522,7230
606515544,7231
608399176,7232
608399920,7233
610900890,7234
610900893,7235
610900901,7236
610900903,7237
610900906,7238
610900913,7239
610900917,7240
610900919,7241
611031873,7242
611035138,7243
611035153,7244
611035351,7245
611035727,7246
611036466,7247
611038145,7248
611394274,7249
611659931,7250
612043560,7251
612043590,7252
612044210,7253
612044315,7254
612044365,7255
612053459,7256
612053647,7257
612053715,7258
613102077,7259
613102919,7260
613102957,7261
613103140,7262
613105728,7263
613105764,7264
613105770,7265
613105773,7266
613106546,7267
613107413,7268
613107423,7269
613107705,7270
613107874,7271
613107939,7272
613108154,7273
613371427,7274
613371458,7275
613371459,7276
613371482,7277
613599742,7278
613601122,7279
613601283,7280
613601446,7281
613601546,7282
613601576,7283
613601579,7284
613601580,7285
613601581,7286
613601582,7287
613601585,7288
613601586,7289
613615266,7290
613615267,7291
613615570,7292
614393063,7293
614394001,7294
614394377,7295
614394381,7296
614395552,7297
614395628,7298
614396006,7299
614396263,7300
614396333,7301
614396707,7302
614402524,7303
614404446,7304
614404559,7305
614404612,7306
614404829,7307
614404920,7308
614404986,7309
614407682,7310
614407688,7311
614675586,7312
614675614,7313
614675642,7314
614675643,7315
614675644,7316
615272804,7317
615272814,7318
615278983,7319
615281237,7320
615282093,7321
615282096,7322
615285659,7323
615286656,7324
615286659,7325
615286663,7326
615286666,7327
615286671,7328
615286673,7329
615287005,7330
615287912,7331
615287914,7332
615287919,7333
615288729,7334
615290332,7335
615290558,7336
615290625,7337
615290947,7338
615292674,7339
615294255,7340
615302210,7341
615306711,7342
615306714,7343
615307880,7344
615307884,7345
615307934,7346
615308166,7347
615308225,7348
615308410,7349
615308530,7350
615308574,7351
615313997,7352
615314069,7353
615314178,7354
615314780,7355
615862392,7356
615864662,7357
615864835,7358
615865009,7359
615866231,7360
615868162,7361
615868671,7362
615869740,7363
615869915,7364
617151472,7365
617151473,7366
617155147,7367
617156311,7368
618807584,7369
619232284,7370
619232963,7371
619233996,7372
619234179,7373
619234180,7374
619234756,7375
619237909,7376
619238040,7377
619238369,7378
619243269,7379
619250325,7380
619250447,7381
619251326,7382
619251740,7383
619251853,7384
619252802,7385
619252894,7386
619254561,7387
619254562,7388
619257336,7389
619326154,7390
619327540,7391
619327788,7392
619327822,7393
620389179,7394
620389295,7395
620389324,7396
620389392,7397
620389394,7398
622302990,7399
622667654,7400
622677825,7401
623714270,7402
623714282,7403
623714283,7404
623714286,7405
625553591,7406
626516258,7407
626516666,7408
626836574,7409
626836581,7410
626837482,7411
626837516,7412
626838393,7413
626841118,7414
626841394,7415
626841443,7416
626841453,7417
626842628,7418
626842739,7419
626842987,7420
626844682,7421
626845256,7422
627542643,7423
627869619,7424
627869632,7425
627869648,7426
627901316,7427
627901318,7428
627901324,7429
627901330,7430
627929036,7431
627929037,7432
629024570,7433
629024627,7434
629024707,7435
629025594,7436
629025596,7437
629025644,7438
629025761,7439
629025762,7440
629027000,7441
631838105,7442
631838286,7443
631838616,7444
631844727,7445
631847315,7446
631853419,7447
631855697,7448
631855706,7449
631855725,7450
631856402,7451
631859208,7452
631859408,7453
631859413,7454
631859659,7455
631862164,7456
631866505,7457
631866524,7458
631866765,7459
631867076,7460
631867113,7461
631867460,7462
631868311,7463
631869761,7464
631997344,7465
631997742,7466
635038000,7467
638937658,7468
638937883,7469
638938954,7470
638938955,7471
638938958,7472
638940657,7473
638940684,7474
638940686,7475
638940689,7476
638940695,7477
638940697,7478
638941652,7479
638941653,7480
638941654,7481
638941659,7482
638941663,7483
638943012,7484
638943024,7485
638943025,7486
638943072,7487
638943524,7488
638943864,7489
638943867,7490
638943919,7491
643597612,7492
647093342,7493
648239849,7494
648594353,7495
648594357,7496
648598932,7497
649190929,7498
649192553,7499
649193403,7500
649193639,7501
649193835,7502
649193877,7503
649193915,7504
650088237,7505
650089170,7506
650089171,7507
650089176,7508
650090567,7509
650736478,7510
650736483,7511
650736995,7512
650738372,7513
650741371,7514
650741373,7515
650744369,7516
650808212,7517
650819661,7518
650820157,7519
650820180,7520
650837726,7521
650838239,7522
650838243,7523
651893346,7524
651893349,7525
651893350,7526
651893352,7527
651893355,7528
651893357,7529
651893358,7530
651903261,7531
651921241,7532
651921243,7533
655349514,7534
655349952,7535
656409124,7536
656409127,7537
656409128,7538
656409132,7539
658624776,7540
658624777,7541
658624780,7542
659262591,7543
659263187,7544
659263188,7545
659265139,7546
659280960,7547
659283797,7548
659285418,7549
659717780,7550
660348260,7551
660348310,7552
660479928,7553
660479931,7554
660479932,7555
660479933,7556
660479939,7557
660771015,7558
660772683,7559
660772685,7560
661047883,7561
661279820,7562
662264000,7563
662299851,7564
662299860,7565
662299862,7566
662346366,7567
662346420,7568
662369255,7569
662501185,7570
662501231,7571
662501236,7572
662501246,7573
662516004,7574
662516008,7575
662516010,7576
662516014,7577
662516020,7578
662516025,7579
662617897,7580
662617898,7581
663076894,7582
663076897,7583
663076899,7584
663076900,7585
663076901,7586
664256878,7587
664257049,7588
664257066,7589
664257558,7590
664257625,7591
664259611,7592
664259614,7593
664259619,7594
664673766,7595
664673806,7596
664681231,7597
665483004,7598
665741539,7599
665741540,7600
665748746,7601
669952050,7602
670257678,7603
670257682,7604
671200669,7605
671555204,7606
672204757,7607
672220675,7608
672220678,7609
672920016,7610
672925327,7611
673789928,7612
673789931,7613
673789948,7614
673789949,7615
673789955,7616
673789956,7617
673789957,7618
673790011,7619
673790018,7620
673790034,7621
673790036,7622
674111378,7623
674129341,7624
674129346,7625
674161305,7626
674162230,7627
674162343,7628
674162353,7629
674162485,7630
674162804,7631
674162830,7632
674162868,7633
674163502,7634
674163603,7635
674163838,7636
674169962,7637
674791299,7638
676979534,7639
676979541,7640
677008598,7641
677008604,7642
679226146,7643
679226213,7644
679226312,7645
679226786,7646
679229941,7647
679232748,7648
679232890,7649
679232896,7650
679232989,7651
679232991,7652
679233083,7653
679233160,7654
679233183,7655
679233234,7656
679233270,7657
679233425,7658
679233833,7659
681672341,7660
685458287,7661
685712589,7662
685712592,7663
686702085,7664
686969962,7665
686970647,7666
687053425,7667
687437453,7668
691454497,7669
691454512,7670
691454525,7671
691477501,7672
691477503,7673
691477504,7674
691477505,7675
694531074,7676
695140683,7677
695140818,7678
697445054,7679
697445058,7680
697445062,7681
697445068,7682
698985415,7683
698985416,7684
698997778,7685
698999406,7686
702200087,7687
702243942,7688
702797220,7689
702797221,7690
702799063,7691
702799071,7692
702805570,7693
702806733,7694
702818183,7695
702818196,7696
702818204,7697
702818210,7698
702818213,7699
702818216,7700
702842876,7701
702842894,7702
702842895,7703
702842910,7704
702842911,7705
702842915,7706
702914677,7707
702914717,7708
702921971,7709
702928722,7710
702969807,7711
702970950,7712
702971063,7713
704696149,7714
704696150,7715
704696152,7716
704696158,7717
704696172,7718
704696176,7719
704696185,7720
704696189,7721
704696191,7722
704696194,7723
704696198,7724
704696201,7725
704696204,7726
704706734,7727
704706740,7728
704706742,7729
704712132,7730
704712133,7731
704712134,7732
704752993,7733
704753000,7734
705047176,7735
705056564,7736
705056571,7737
706970596,7738
706971191,7739
706971350,7740
708387865,7741
708388101,7742
708414626,7743
708414864,7744
709980223,7745
709980476,7746
709980604,7747
709980741,7748
717378712,7749
717378763,7750
717378809,7751
717457056,7752
717457070,7753
717457087,7754
717457098,7755
717457103,7756
717457114,7757
717649815,7758
717665909,7759
720886015,7760
728345231,7761
728347526,7762
728347527,7763
733140775,7764
738112238,7765
738112509,7766
738112787,7767
740857300,7768
740873432,7769
746851725,7770
746851966,7771
746852763,7772
746852815,7773
746853001,7774
746853604,7775
746855062,7776
746855063,7777
746855272,7778
746855885,7779
746856019,7780
746856046,7781
746856047,7782
746856048,7783
746856049,7784
746856051,7785
746856170,7786
746856257,7787
746856468,7788
746856731,7789
746857338,7790
746857339,7791
746857340,7792
746857341,7793
746857389,7794
746857507,7795
746857636,7796
746857895,7797
746984391,7798
747313005,7799
747313010,7800
747313042,7801
748155092,7802
748155096,7803
748155286,7804
748155287,7805
748155292,7806
748160598,7807
748851048,7808
749567799,7809
760181700,7810
765892313,7811
766742662,7812
766746543,7813
766746544,7814
766746548,7815
766746550,7816
766746551,7817
766870415,7818
766870417,7819
767328924,7820
767329749,7821
768880789,7822
768880877,7823
768885854,7824
768890780,7825
768890835,7826
768890874,7827
768892045,7828
768892513,7829
768892526,7830
768892575,7831
768892897,7832
768894388,7833
768894531,7834
768896484,7835
768896485,7836
768896486,7837
768896569,7838
768896572,7839
768900249,7840
768900445,7841
768901159,7842
768901299,7843
768903438,7844
768904278,7845
770638065,7846
771656115,7847
771779957,7848
772359714,7849
773261368,7850
773261646,7851
773452531,7852
773452532,7853
773945665,7854
773945834,7855
773946495,7856
773949068,7857
773949314,7858
773949897,7859
773950119,7860
773951613,7861
773951773,7862
773953149,7863
782813173,7864
782830594,7865
782864563,7866
782875348,7867
782877419,7868
782886480,7869
782888420,7870
782888432,7871
782893032,7872
782894464,7873
782896706,7874
782900238,7875
782928979,7876
782930863,7877
782936593,7878
783669183,7879
785269509,7880
785272638,7881
785272778,7882
785280082,7883
785298621,7884
785299294,7885
785903742,7886
790229206,7887
790232265,7888
790232654,7889
790236272,7890
790238032,7891
790238144,7892
790243167,7893
793914505,7894
793914510,7895
793914511,7896
793914515,7897
793914518,7898
793914520,7899
793914524,7900
793914525,7901
795545240,7902
795545246,7903
795546302,7904
795546306,7905
795546309,7906
795905085,7907
798729281,7908
798729304,7909
807732927,7910
813825193,7911
813825209,7912
822059645,7913
822059647,7914
822059657,7915
822059658,7916
822059675,7917
822059958,7918
822059960,7919
822060293,7920
822060295,7921
822060297,7922
822152694,7923
822153083,7924
822153096,7925
822153110,7926
822153661,7927
822188576,7928
822188578,7929
822190042,7930
823456541,7931
823456855,7932
823456966,7933
823457123,7934
823457206,7935
823457530,7936
823479012,7937
832505638,7938
832505712,7939
832505738,7940
832505753,7941
832505756,7942
832505758,7943
832505770,7944
832505776,7945
832505778,7946
832505806,7947
833770831,7948
833770848,7949
833770858,7950
833770867,7951
833770875,7952
833770886,7953
833872819,7954
833876223,7955
833877513,7956
833877515,7957
833877516,7958
833878729,7959
833878823,7960
833881545,7961
833881887,7962
833881900,7963
833888778,7964
833920053,7965
833921043,7966
833921513,7967
833921518,7968
833926502,7969
833927348,7970
833930681,7971
833934076,7972
833938206,7973
833938210,7974
834022925,7975
835103693,7976
835109125,7977
835111178,7978
836150327,7979
836150330,7980
836150346,7981
836150347,7982
836150370,7983
836150372,7984
836150374,7985
836150380,7986
836150387,7987
836150396,7988
836150405,7989
839949042,7990
839949050,7991
839949101,7992
839949106,7993
839949143,7994
839949182,7995
839949193,7996
839949230,7997
840917634,7998
840917636,7999
840917637,8000
840917640,8001
840918182,8002
843460417,8003
844674297,8004
845142855,8005
845146836,8006
845146861,8007
845797684,8008
846116751,8009
846116771,8010
847222528,8011
853152649,8012
861581140,8013
861602215,8014
861602217,8015
864886855,8016
868645632,8017
868645639,8018
868645644,8019
868645645,8020
868645646,8021
868645653,8022
868645655,8023
868645657,8024
868645659,8025
868645660,8026
868645661,8027
868645664,8028
868645666,8029
868645668,8030
868645670,8031
869328578,8032
869329044,8033
869329047,8034
869329049,8035
869329052,8036
869329053,8037
869329623,8038
869329624,8039
869329676,8040
869329894,8041
869330245,8042
869333586,8043
869333718,8044
869363611,8045
869363888,8046
869363889,8047
869365194,8048
869365293,8049
870275845,8050
872690632,8051
873689870,8052
873689888,8053
873689902,8054
873689903,8055
877579613,8056
878516874,8057
878516883,8058
878516888,8059
883463107,8060
883463111,8061
883463116,8062
883463117,8063
883463120,8064
883463121,8065
886549353,8066
886549361,8067
886549375,8068
886747515,8069
890447834,8070
890447836,8071
890447838,8072
890447861,8073
890447879,8074
890447883,8075
890447895,8076
890447899,8077
890447911,8078
890447916,8079
890447918,8080
890447939,8081
890447956,8082
890448004,8083
890448054,8084
890448057,8085
890448092,8086
890448102,8087
890448107,8088
890448138,8089
890448141,8090
890448142,8091
892877965,8092
893087186,8093
893087188,8094
893087192,8095
893513267,8096
912480905,8097
912480912,8098
912480918,8099
912480928,8100
912480933,8101
912480951,8102
912480956,8103
914244099,8104
915292947,8105
915433246,8106
915433253,8107
915433273,8108
915652126,8109
915652146,8110
915652148,8111
915776679,8112
915777211,8113
915782425,8114
915783516,8115
915783523,8116
915783525,8117
919563329,8118
919563336,8119
920191586,8120
920191591,8121
920459320,8122
921135046,8123
921135048,8124
921135049,8125
921135052,8126
921135055,8127
921135057,8128
921135973,8129
921135976,8130
921135977,8131
921135984,8132
921135987,8133
921140135,8134
921140143,8135
921212353,8136
921217110,8137
921217113,8138
921217114,8139
921275053,8140
921275054,8141
921275055,8142
921275057,8143
921275058,8144
921275069,8145
921275070,8146
921275071,8147
921289761,8148
921404234,8149
921404246,8150
921404250,8151
921404252,8152
921404255,8153
921404277,8154
921404278,8155
921404292,8156
921410463,8157
921410483,8158
921410492,8159
922305082,8160
922462918,8161
922509744,8162
922509748,8163
922509769,8164
922509770,8165
922509772,8166
922509775,8167
922509812,8168
922509832,8169
922509835,8170
922509836,8171
924001988,8172
924001997,8173
929047766,8174
930371282,8175
930371580,8176
930371630,8177
930371742,8178
930372061,8179
930372289,8180
939425398,8181
939425794,8182
939429062,8183
939981204,8184
940205939,8185
940206741,8186
941369608,8187
941369619,8188
941369625,8189
941369626,8190
941369631,8191
944871083,8192
946451749,8193
946451754,8194
946454576,8195
946454577,8196
946454878,8197
948869617,8198
948869628,8199
951387437,8200
951413202,8201
956123294,8202
956123414,8203
956139755,8204
956140415,8205
956140427,8206
956140429,8207
956140441,8208
956143104,8209
956145062,8210
956145324,8211
956145326,8212
956145337,8213
958280149,8214
958280168,8215
958280172,8216
958280174,8217
958280181,8218
958280214,8219
968017219,8220
968017637,8221
968020173,8222
968020280,8223
968025368,8224
977762282,8225
977762284,8226
977762287,8227
977763072,8228
977766136,8229
977766138,8230
977766141,8231
978747677,8232
978747841,8233
978747871,8234
978748017,8235
983624367,8236
983634339,8237
983635609,8238
984646153,8239
984646272,8240
984646273,8241
988747885,8242
988747917,8243
988747972,8244
988747979,8245
988747996,8246
989001321,8247
989001340,8248
989001347,8249
989001350,8250
989001412,8251
989001431,8252
993675867,8253
993675944,8254
998129371,8255
998730636,8256
998763919,8257
998763930,8258
998763935,8259
998764010,8260
998764123,8261
998764180,8262
998764265,8263
998764286,8264
998764301,8265
998764334,8266
998764357,8267
998764398,8268
998764428,8269
998764500,8270
999909062,8271
999963412,8272
1000748875,8273
1000748876,8274
1000754000,8275
1000754001,8276
1000754002,8277
1005439672,8278
1005439866,8279
1005439919,8280
1005439976,8281
1005440113,8282
1005440299,8283
1005442292,8284
1005442733,8285
1005442749,8286
1005442828,8287
1005444478,8288
1005449776,8289
1008842662,8290
1008851018,8291
1008852902,8292
1012607363,8293
1012608127,8294
1012608130,8295
1012608250,8296
1012608430,8297
1015537667,8298
1015540518,8299
1015540519,8300
1015541599,8301
1015541602,8302
1015541931,8303
1015824487,8304
1016458877,8305
1016458975,8306
1016459018,8307
1016459055,8308
1016459082,8309
1016459144,8310
1016459184,8311
1016459222,8312
1016459245,8313
1016459288,8314
1016459339,8315
1016459422,8316
1016459513,8317
1016459533,8318
1016486529,8319
1016498052,8320
1016498054,8321
1016498101,8322
1016498116,8323
1016498174,8324
1016498185,8325
1016498309,8326
1016498420,8327
1016498433,8328
1016508181,8329
1016508258,8330
1016508312,8331
1016527166,8332
1016527286,8333
1016543601,8334
1018739044,8335
1019984285,8336
1019984288,8337
1019984321,8338
1019984405,8339
1019984462,8340
1025583259,8341
1025583283,8342
1026456903,8343
1026471861,8344
1033229818,8345
1033229833,8346
1037695873,8347
1037733890,8348
1037733978,8349
1037733983,8350
1037734161,8351
1037734165,8352
1037734167,8353
1037734191,8354
1037734204,8355
1037734210,8356
1037734275,8357
1037734277,8358
1039068145,8359
1039069085,8360
1039069342,8361
1050670682,8362
1051483884,8363
1051483894,8364
1054098919,8365
1054099047,8366
1054099109,8367
1054099112,8368
1055395300,8369
1057391097,8370
1057391103,8371
1057459061,8372
1065988624,8373
1065988665,8374
1066060966,8375
1068349843,8376
1068393378,8377
1068393407,8378
1068393409,8379
1068393412,8380
1068442629,8381
1068442657,8382
1068442685,8383
1068953392,8384
1068953401,8385
1075405090,8386
1077361452,8387
1077361577,8388
1077361605,8389
1077361619,8390
1077361686,8391
1077361691,8392
1077361716,8393
1077377681,8394
1077377701,8395
1080163724,8396
1080163726,8397
1080163737,8398
1080163751,8399
1080163758,8400
1080163804,8401
1080163805,8402
1080163817,8403
1080163819,8404
1080163869,8405
1080163871,8406
1080163879,8407
1080163905,8408
1080170700,8409
1080170705,8410
1080729528,8411
1080729552,8412
1080729557,8413
1080729565,8414
1080729571,8415
1080729587,8416
1081099422,8417
1081099426,8418
1081099431,8419
1081099438,8420
1081099447,8421
1081099449,8422
1081099452,8423
1081099493,8424
1081099518,8425
1081099520,8426
1081099527,8427
1081099529,8428
1081099545,8429
1081099548,8430
1081099592,8431
1081099628,8432
1081099636,8433
1081099647,8434
1081099660,8435
1081099682,8436
1081099688,8437
1081099692,8438
1081099738,8439
1081099755,8440
1081099758,8441
1081099806,8442
1081099834,8443
1081099868,8444
1081099876,8445
1081099881,8446
1081099927,8447
1081099929,8448
1081099934,8449
1081099941,8450
1081099943,8451
1081099955,8452
1081099959,8453
1081099972,8454
1081099978,8455
1081099994,8456
1082815183,8457
1082815443,8458
1082815557,8459
1088944229,8460
1088944264,8461
1088944294,8462
1088944311,8463
1088944326,8464
1088944338,8465
1089254038,8466
1089352923,8467
1089352929,8468
1089419082,8469
1089419084,8470
1089419090,8471
1089419099,8472
1089419132,8473
1089419136,8474
1091410888,8475
1098478174,8476
1098540354,8477
1098540519,8478
1098540586,8479
1098540640,8480
1098540820,8481
1102504509,8482
1102504512,8483
1102504516,8484
1102504518,8485
1102504520,8486
1109568394,8487
1109568409,8488
1109568414,8489
1109568428,8490
1109604141,8491
1109628968,8492
1113317314,8493
1113317367,8494
1113317436,8495
1113317439,8496
1113317688,8497
1113317774,8498
1113317863,8499
1113317867,8500
1113317998,8501
1113318044,8502
1113318049,8503
1113318151,8504
1113318243,8505
1113318338,8506
1113318500,8507
1113318613,8508
1113318666,8509
1113318709,8510
1113318757,8511
1113319002,8512
1113319056,8513
1113484923,8514
1113527379,8515
1113527395,8516
1113527447,8517
1116081600,8518
1116117202,8519
1117383037,8520
1117384786,8521
1117765464,8522
1117765512,8523
1118649143,8524
1118649154,8525
1119233709,8526
1119233838,8527
1119233913,8528
1119234127,8529
1119280168,8530
1119280171,8531
1119280176,8532
1120310798,8533
1120310802,8534
1120374686,8535
1120401825,8536
1121647563,8537
1123370982,8538
1123370999,8539
1123371063,8540
1123398089,8541
1123398156,8542
1123870272,8543
1123870291,8544
1123870293,8545
1123870298,8546
1123870304,8547
1123870339,8548
1125291235,8549
1125291237,8550
1126747317,8551
1126747470,8552
1126992274,8553
1126992310,8554
1126992321,8555
1126992374,8556
1126992382,8557
1126992385,8558
1126992389,8559
1126992392,8560
1133516472,8561
1133516495,8562
1141041441,8563
1141041643,8564
1144654877,8565
1144654893,8566
1144654895,8567
1144654923,8568
1144654992,8569
1144655029,8570
1147484694,8571
1147484709,8572
1147484718,8573
1149438460,8574
1151184476,8575
1151838626,8576
1154343500,8577
1157597513,8578
1157597517,8579
1157597546,8580
1157597549,8581
1157600517,8582
1158013120,8583
1158013123,8584
1158063654,8585
1158063658,8586
1159174876,8587
1159174885,8588
1159174886,8589
1159194869,8590
1159194870,8591
1159194871,8592
1159230514,8593
1159230526,8594
1159687865,8595
1159782814,8596
1160106169,8597
1160106170,8598
1160106172,8599
1160106174,8600
1160106178,8601
1160106182,8602
1160106185,8603
1160106194,8604
1160106196,8605
1160106198,8606
1160134615,8607
1160190416,8608
1160190419,8609
1160316658,8610
1160416324,8611
1161138302,8612
1161197906,8613
1161197938,8614
1161197972,8615
1161197983,8616
1162354090,8617
1162354093,8618
1162354104,8619
1162354136,8620
1162354140,8621
1162354146,8622
1162354158,8623
1162363209,8624
1163659408,8625
1163659426,8626
1164416884,8627
1164558604,8628
1164558607,8629
1164558611,8630
1164558612,8631
1164606266,8632
1164929210,8633
1164953470,8634
1165054865,8635
1165054867,8636
1165054868,8637
1165054875,8638
1165054878,8639
1165054879,8640
1165098874,8641
1165114852,8642
1165166679,8643
1165166703,8644
1165182004,8645
1165360895,8646
1165361026,8647
1165361104,8648
1165361127,8649
1165361147,8650
1165361230,8651
1165361290,8652
1165743634,8653
1166179028,8654
1166179029,8655
1166624240,8656
1167006649,8657
1167303341,8658
1167413598,8659
1167512173,8660
1167512180,8661
1168411260,8662
1168481534,8663
1168481670,8664
1168824291,8665
1168824302,8666
1168840789,8667
1168840793,8668
1168840838,8669
1168840891,8670
1168850782,8671
1168850794,8672
1168862788,8673
1168862791,8674
1168944141,8675
1169044745,8676
1169044870,8677
1169044906,8678
1169044930,8679
1169044984,8680
1169044987,8681
1169044993,8682
1169045009,8683
1169045033,8684
1169045049,8685
1169752982,8686
1169752987,8687
1170486732,8688
1170486734,8689
1170486736,8690
1170486763,8691
1170520443,8692
1170520458,8693
1170520462,8694
1170520481,8695
1170520483,8696
1170520489,8697
1170520502,8698
1170520509,8699
1170520512,8700
1170533823,8701
1171021524,8702
1171021527,8703
1171045350,8704
1171045357,8705
1171091762,8706
1171361616,8707
1171593322,8708
1171593323,8709
1171593326,8710
1171635512,8711
1171635527,8712
1171649905,8713
1172759050,8714
1172759090,8715
1172759127,8716
1172925593,8717
1172925594,8718
1172925602,8719
1172925611,8720
1173415274,8721
1173649227,8722
1173649234,8723
1173649266,8724
1173664189,8725
1173664192,8726
1176179538,8727
1176328665,8728
1176328666,8729
1176400818,8730
1176400828,8731
1176400829,8732
1177074759,8733
1177074765,8734
1177957103,8735
1177957113,8736
1178080259,8737
1178517192,8738
1178553904,8739
1178604833,8740
1178604836,8741
1178604844,8742
1178604845,8743
1178604848,8744
1178604850,8745
1178604860,8746
1178604861,8747
1178604864,8748
1178604869,8749
1178604870,8750
1178604876,8751
1178604890,8752
1178957366,8753
1178957374,8754
1178957380,8755
1178957385,8756
1179124919,8757
1179410118,8758
1179410141,8759
1179410143,8760
1179448780,8761
1179478002,8762
1179478036,8763
1179737588,8764
1179737598,8765
1179737614,8766
1180516874,8767
1180516877,8768
1180819591,8769
1180819595,8770
1180819615,8771
1180819619,8772
1181466937,8773
1181466989,8774
1181467081,8775
1181467101,8776
1182459769,8777
1182459783,8778
1182679126,8779
1182679147,8780
1182679193,8781
1182679203,8782
1182679264,8783
1182696212,8784
1182696219,8785
1182696225,8786
1182861980,8787
1182861984,8788
1182966579,8789
1183258696,8790
1183258760,8791
1183258778,8792
1183258826,8793
1183258841,8794
1183258937,8795
1183431552,8796
1183456348,8797
1183456390,8798
1183456670,8799
1183456700,8800
1183456771,8801
1183456819,8802
1183590586,8803
1183612695,8804
1184100936,8805
1184103204,8806
1184106693,8807
1184106695,8808
1184125376,8809
1184158167,8810
1184158170,8811
1184158175,8812
1184158181,8813
1184158183,8814
1184158185,8815
1184158190,8816
1184158192,8817
1184158194,8818
1184158200,8819
1184158204,8820
1184158207,8821
1184158222,8822
1184158229,8823
1184158231,8824
1184158237,8825
1184171070,8826
1184202424,8827
1184202428,8828
1184202431,8829
1184202450,8830
1184202452,8831
1184202457,8832
1184265615,8833
1184448921,8834
1184448936,8835
1184512491,8836
1184512493,8837
1184512506,8838
1184515451,8839
1184539507,8840
1184539508,8841
1184546797,8842
1185714241,8843
1185818957,8844
1185897282,8845
1185897285,8846
1185917081,8847
1185917092,8848
1185952620,8849
1186505425,8850
1186749342,8851
1187011709,8852
1187011712,8853
1187978086,8854
1187978088,8855
1188177411,8856
1188177439,8857
1188222721,8858
1189232766,8859
1189232769,8860
1189468178,8861
1189479095,8862
1189479108,8863
1189537016,8864
1189537022,8865
1189537027,8866
1189546009,8867
1189555129,8868
1189555133,8869
1190015553,8870
1190791314,8871
1190791316,8872
1190791318,8873
1190791320,8874
1190829450,8875
1190829455,8876
1190829457,8877
1190838024,8878
1191889319,8879
1192379410,8880
1192379412,8881
1192379414,8882
1192379416,8883
1192379424,8884
1192379425,8885
1192379427,8886
1192379428,8887
1193568857,8888
1193590087,8889
1193854266,8890
1193854270,8891
1193854271,8892
1195292415,8893
1196611117,8894
1196619900,8895
1196619904,8896
1196677086,8897
1199377924,8898
1199799682,8899
1199832277,8900
1199948946,8901
1200013732,8902
1200013736,8903
1201361804,8904
1201497460,8905
1201497512,8906
1201885776,8907
1204024599,8908
1204024604,8909
1204029005,8910
1204043046,8911
1204043058,8912
1204052307,8913
1204180625,8914
1204422875,8915
1204588870,8916
1204869814,8917
1204869835,8918
1204869850,8919
1205590804,8920
1206120413,8921
1206120508,8922
1206247749,8923
1206994890,8924
1207229965,8925
1207626945,8926
1207738707,8927
1207979061,8928
1207979113,8929
1211808760,8930
1211824863,8931
1212003704,8932
1212003733,8933
1212003759,8934
1212125548,8935
1212133599,8936
1212133614,8937
1213172481,8938
1213172595,8939
1213194134,8940
1213194139,8941
1213825895,8942
1213826355,8943
1213826478,8944
1213826673,8945
1213826702,8946
1213826713,8947
1213827330,8948
1213827430,8949
1213827481,8950
1213827707,8951
1213828088,8952
1214488293,8953
1214488694,8954
1214804849,8955
1215865158,8956
1215865166,8957
1215865169,8958
1216012335,8959
1216012351,8960
1216012352,8961
1216012360,8962
1216012361,8963
1216012381,8964
1216012391,8965
1216012417,8966
1216012422,8967
1216012473,8968
1216123381,8969
1216123385,8970
1216123387,8971
1216123389,8972
1216123393,8973
1216123395,8974
1216123418,8975
1216123430,8976
1217456305,8977
1217742433,8978
1217742444,8979
1217742447,8980
1217742451,8981
1217742452,8982
1218778658,8983
1221313071,8984
1221313188,8985
1224126446,8986
1224126450,8987
1225519141,8988
1225519142,8989
1225753045,8990
1225753048,8991
1225753058,8992
1225753060,8993
1225753099,8994
1225753103,8995
1225759290,8996
1227881016,8997
1227881043,8998
1227881044,8999
1227881047,9000
1227881048,9001
1228967768,9002
1230314950,9003
1231698086,9004
1232219928,9005
1232219942,9006
1232219943,9007
1232219945,9008
1232345670,9009
1232345762,9010
1233455792,9011
1233455793,9012
1233455799,9013
1233455802,9014
1233932243,9015
1234372484,9016
1234372489,9017
1234372494,9018
1234372502,9019
1234372637,9020
1234372646,9021
1234372647,9022
1234633193,9023
1234633204,9024
1234633210,9025
1235278665,9026
1235278669,9027
1235283202,9028
1235283218,9029
1235283219,9030
1235283220,9031
1236359266,9032
1236394075,9033
1236949293,9034
1236949294,9035
1237100415,9036
1237100416,9037
1241849290,9038
1241849294,9039
1241849325,9040
1243065637,9041
1243300228,9042
1244237998,9043
1247437361,9044
1248433741,9045
1254730354,9046
1255336808,9047
1258218672,9048
1258219139,9049
1258219143,9050
1258334754,9051
1258334807,9052
1258334832,9053
1258334936,9054
1258334956,9055
1258380844,9056
1258380846,9057
1258720734,9058
1258720764,9059
1258720807,9060
1258809220,9061
1258809231,9062
1258809303,9063
1258809351,9064
1258809381,9065
1258809430,9066
1258809446,9067
1258809538,9068
1258809573,9069
1258809581,9070
1258809659,9071
1258809674,9072
1258809694,9073
1258809696,9074
1258809749,9075
1258809766,9076
1258809773,9077
1258809889,9078
1258809954,9079
1259443372,9080
1259467755,9081
1259467770,9082
1260794485,9083
1260794583,9084
1260794762,9085
1260813319,9086
1262067917,9087
1262067998,9088
1262068009,9089
1263365560,9090
1263374418,9091
1263374537,9092
1265073732,9093
1269839478,9094
1269839481,9095
1269839482,9096
1270316180,9097
1270316186,9098
1270356786,9099
1270403673,9100
1270403686,9101
1270706616,9102
1270706626,9103
1270706630,9104
1270706634,9105
1270706637,9106
1270706639,9107
1270706640,9108
1270706642,9109
1270706648,9110
1270706650,9111
1270706653,9112
1270706658,9113
1270706663,9114
1270706664,9115
1270706666,9116
1270706667,9117
1270706668,9118
1270706678,9119
1270706679,9120
1270706680,9121
1270706681,9122
1270706683,9123
1270706689,9124
1271314084,9125
1271314564,9126
1273306464,9127
1274372907,9128
1276247666,9129
1276247902,9130
1276247906,9131
1276902063,9132
1278208205,9133
1279182807,9134
1279182821,9135
1279183036,9136
1279183110,9137
1279183173,9138
1279183253,9139
1279191358,9140
1279191372,9141
1279191376,9142
1280039249,9143
1280039250,9144
1280039267,9145
1280039268,9146
1280039287,9147
1280039341,9148
1280039361,9149
1280039380,9150
1280728002,9151
1280728024,9152
1281213247,9153
1281215424,9154
1281215428,9155
1281215443,9156
1281215463,9157
1281215471,9158
1281215476,9159
1281456308,9160
1281456324,9161
1281456325,9162
1281888746,9163
1281888748,9164
1282886822,9165
1282886849,9166
1283057020,9167
1283078701,9168
1283078703,9169
1283078738,9170
1283078835,9171
1283078863,9172
1290803061,9173
1291391192,9174
1291391312,9175
1293894328,9176
1293894331,9177
1293894391,9178
1293894393,9179
1293894414,9180
1293894445,9181
1295300838,9182
1295860873,9183
1296211335,9184
1298546209,9185
1298546228,9186
1299570197,9187
1299570207,9188
1299583264,9189
1299583266,9190
1299583282,9191
1299583297,9192
1299583338,9193
1299583354,9194
1300500655,9195
1300500666,9196
1303472419,9197
1303475310,9198
1303790585,9199
1303790607,9200
1303790608,9201
1303790632,9202
1303815880,9203
1303896799,9204
1303942999,9205
1303943007,9206
1303998722,9207
1303998738,9208
1304003327,9209
1304042499,9210
1304042510,9211
1304042512,9212
1304046995,9213
1304046996,9214
1304098811,9215
1304098815,9216
1304098821,9217
1304103191,9218
1304105949,9219
1304119573,9220
1304119587,9221
1304119727,9222
1305025964,9223
1305026168,9224
1305026592,9225
1305026703,9226
1305153367,9227
1305325134,9228
1305330149,9229
1305343200,9230
1305906542,9231
1305906546,9232
1305906557,9233
1305927341,9234
1305927351,9235
1306086427,9236
1306086432,9237
1306435810,9238
1306439289,9239
1306457764,9240
1306477588,9241
1306582793,9242
1306680250,9243
1306688318,9244
1306716076,9245
1306716082,9246
1306716106,9247
1306719988,9248
1306719995,9249
1306719997,9250
1306720001,9251
1306720003,9252
1306725292,9253
1307013823,9254
1307042487,9255
1307913770,9256
1310374303,9257
1310456062,9258
1311058522,9259
1311061260,9260
1311514002,9261
1311514004,9262
1311514009,9263
1311535243,9264
1311535245,9265
1311535246,9266
1311610990,9267
1311630643,9268
1311630670,9269
1311631506,9270
1312946164,9271
1313119590,9272
1313119592,9273
1314499402,9274
1314499405,9275
1314509797,9276
1314509799,9277
1314560977,9278
1314560979,9279
1314565923,9280
1314648060,9281
1314648061,9282
1315862467,9283
1316106922,9284
1316107047,9285
1316107156,9286
1316107166,9287
1316287536,9288
1316909368,9289
1316909500,9290
1316909504,9291
1316909591,9292
1316909612,9293
1316909675,9294
1316909703,9295
1316909706,9296
1316909748,9297
1316909761,9298
1316909768,9299
1316909843,9300
1316909848,9301
1316909856,9302
1316909864,9303
1316922484,9304
1317196544,9305
1317196607,9306
1317196635,9307
1317196722,9308
1317196732,9309
1317196772,9310
1317202430,9311
1317376817,9312
1317464010,9313
1317464223,9314
1317464240,9315
1317464278,9316
1317464316,9317
1317464368,9318
1317464413,9319
1317464441,9320
1317464455,9321
1317464456,9322
1317779055,9323
1317871930,9324
1319319380,9325
1319643304,9326
1320752137,9327
1324554828,9328
1324569104,9329
1324569230,9330
1324569490,9331
1325569611,9332
1325584334,9333
1325584345,9334
1325816316,9335
1325816319,9336
1325816320,9337
1325840891,9338
1325847137,9339
1325847138,9340
1325852224,9341
1325854343,9342
1325858434,9343
1325858435,9344
1325858437,9345
1325858442,9346
1325875162,9347
1326531497,9348
1326531501,9349
1326665534,9350
1326665537,9351
1326673371,9352
1326752891,9353
1326860335,9354
1326860341,9355
1327106107,9356
1327107910,9357
1327112793,9358
1327134078,9359
1328759414,9360
1328815637,9361
1328904750,9362
1328957994,9363
1328988056,9364
1328988058,9365
1329004279,9366
1329004282,9367
1329558823,9368
1329633503,9369
1329633505,9370
1329633506,9371
1330917761,9372
1330927205,9373
1330930210,9374
1330993144,9375
1331038551,9376
1331960358,9377
1332757038,9378
1332785844,9379
1333854013,9380
1333954850,9381
1333954854,9382
1333954858,9383
1334717522,9384
1334721472,9385
1334721473,9386
1334756327,9387
1335869996,9388
1335869999,9389
1335870006,9390
1335876249,9391
1336011309,9392
1336012469,9393
1336813426,9394
1336851235,9395
1337473777,9396
1337473781,9397
1338443237,9398
1338448176,9399
1338459057,9400
1338459059,9401
1338784725,9402
1339465872,9403
1339465880,9404
1340968602,9405
1340968655,9406
1340968672,9407
1340968694,9408
1340968699,9409
1340968759,9410
1340968827,9411
1340968861,9412
1340968871,9413
1341010047,9414
1341010048,9415
1341166179,9416
1341166219,9417
1341166261,9418
1341166309,9419
1341166338,9420
1341166348,9421
1341166402,9422
1341166463,9423
1341166497,9424
1341166510,9425
1341166582,9426
1341166622,9427
1341166626,9428
1341166634,9429
1341166635,9430
1341166744,9431
1341166755,9432
1341166757,9433
1341166778,9434
1341166797,9435
1341166833,9436
1341166870,9437
1341166920,9438
1341166999,9439
1341167011,9440
1341167021,9441
1341205112,9442
1341205119,9443
1341205144,9444
1341205167,9445
1341205181,9446
1341205182,9447
1341205199,9448
1341205235,9449
1341205259,9450
1341205278,9451
1341205280,9452
1341205308,9453
1341205319,9454
1341205357,9455
1341205360,9456
1341205397,9457
1341205405,9458
1341205413,9459
1341205418,9460
1341205419,9461
1341205426,9462
1341205444,9463
1341205449,9464
1341205463,9465
1341212481,9466
1341229918,9467
1341229920,9468
1341229921,9469
1341245888,9470
1341245892,9471
1341245903,9472
1341245907,9473
1341245928,9474
1341245935,9475
1341245940,9476
1341245960,9477
1341245970,9478
1341245973,9479
1341245983,9480
1341245984,9481
1341245995,9482
1341245996,9483
1341245999,9484
1341246004,9485
1341246011,9486
1341246023,9487
1341246040,9488
1341246059,9489
1341250831,9490
1341250833,9491
1341250834,9492
1341250836,9493
1341250838,9494
1341471902,9495
1341505313,9496
1341614358,9497
1341617460,9498
1341649517,9499
1341652935,9500
1341657191,9501
1341657193,9502
1341657194,9503
1341657200,9504
1341657205,9505
1341657208,9506
1341676422,9507
1341676423,9508
1341679749,9509
1341679754,9510
1341685269,9511
1341687621,9512
1341692936,9513
1341700268,9514
1341704276,9515
1341704277,9516
1341708014,9517
1341709753,9518
1341737327,9519
1341741218,9520
1341741219,9521
1342494380,9522
1342498557,9523
1342607615,9524
1342675618,9525
1342675620,9526
1342685847,9527
1342896157,9528
1342896161,9529
1342896164,9530
1342911101,9531
1342911102,9532
1343600214,9533
1343790427,9534
1344204095,9535
1345098025,9536
1345248828,9537
1347340164,9538
1347641680,9539
1347655473,9540
1347655474,9541
1347659624,9542
1347659625,9543
1347715454,9544
1347783440,9545
1347791356,9546
1347860511,9547
1347991659,9548
1347992880,9549
1347998365,9550
1348075898,9551
1348082713,9552
1348085890,9553
1348085897,9554
1348253914,9555
1348264017,9556
1348278581,9557
1348278584,9558
1348282014,9559
1348295977,9560
1348295980,9561
1348295983,9562
1348295985,9563
1348295989,9564
1348296000,9565
1348296001,9566
1348296002,9567
1348296003,9568
1348296005,9569
1348305737,9570
1348697593,9571
1348739080,9572
1349527972,9573
1349531223,9574
1349538108,9575
1349538130,9576
1349542046,9577
1349544364,9578
1349544366,9579
1349544368,9580
1349544369,9581
1349547800,9582
1349547802,9583
1349671422,9584
1349697996,9585
1350582233,9586
1350628857,9587
1350637646,9588
1351009136,9589
1351122892,9590
1351140512,9591
1352182838,9592
1352182840,9593
1352185126,9594
1352722310,9595
1353091946,9596
1353097327,9597
1353097343,9598
1353097345,9599
1354226383,9600
1354251200,9601
1354252941,9602
1354253793,9603
1354254414,9604
1354256882,9605
1354572614,9606
1355381866,9607
1355381892,9608
1355469556,9609
1355469558,9610
1355469559,9611
1355471068,9612
1355472160,9613
1355491082,9614
1355493569,9615
1355500421,9616
1355500422,9617
1355500430,9618
1355500432,9619
1355500433,9620
1355500435,9621
1355500437,9622
1355500439,9623
1355500441,9624
1355500445,9625
1355500447,9626
1355500448,9627
1355500452,9628
1355500460,9629
1355505742,9630
1355505746,9631
1355508224,9632
1355511953,9633
1355608688,9634
1355614969,9635
1355644335,9636
1355644348,9637
1355644349,9638
1355645984,9639
1356116655,9640
1356117844,9641
1356125772,9642
1356125782,9643
1356125784,9644
1356152878,9645
1356152879,9646
1356170092,9647
1356364582,9648
1356372330,9649
1356406216,9650
1356421081,9651
1356421085,9652
1356425185,9653
1356427778,9654
1356434997,9655
1356435000,9656
1356437246,9657
1356476360,9658
1356480383,9659
1356507439,9660
1356516711,9661
1356532306,9662
1356572444,9663
1356705524,9664
1356705531,9665
1356723267,9666
1356723275,9667
1356723283,9668
1356836852,9669
1356836855,9670
1356975951,9671
1356975967,9672
1356975973,9673
1356975975,9674
1356975976,9675
1356975983,9676
1356975985,9677
1356975987,9678
1357387218,9679
1357394129,9680
1357394133,9681
1358175912,9682
1358184266,9683
1358194653,9684
1358194655,9685
1358220757,9686
1358238904,9687
1358245454,9688
1358272485,9689
1358272487,9690
1358272491,9691
1358296180,9692
1358322248,9693
1358332506,9694
1358919015,9695
1358922354,9696
1359300517,9697
1359300522,9698
1359688335,9699
1359794145,9700
1359794154,9701
1359794156,9702
1359794161,9703
1359794167,9704
1359818291,9705
1359858723,9706
1359858731,9707
1359858733,9708
1359858748,9709
1359858758,9710
1359871408,9711
1359871411,9712
1359889602,9713
1360088429,9714
1360642654,9715
1360699414,9716
1360732012,9717
1360732031,9718
1360804977,9719
1360804993,9720
1360957710,9721
1360966369,9722
1360978736,9723
1360994081,9724
1361001369,9725
1361129535,9726
1361129536,9727
1361324466,9728
1361324467,9729
1361324470,9730
1362181767,9731
1362181825,9732
1362181889,9733
1362181908,9734
1362190536,9735
1362193053,9736
1362193054,9737
1362193055,9738
1362193056,9739
1362193059,9740
1362210172,9741
1362210173,9742
1362647375,9743
1362647412,9744
1362647440,9745
1362651867,9746
1362784571,9747
1362784574,9748
1363017826,9749
1363020498,9750
1363047255,9751
1363047257,9752
1363047715,9753
1363298798,9754
1363369765,9755
1363372256,9756
1363374418,9757
1363376309,9758
1363751570,9759
1363752231,9760
1363752233,9761
1363816435,9762
1363839938,9763
1363839940,9764
1363839941,9765
1363840238,9766
1363840240,9767
1363841361,9768
1363841439,9769
1363841451,9770
1363847972,9771
1363850682,9772
1363850689,9773
1363850755,9774
1363850765,9775
1363850782,9776
1363858063,9777
1363858694,9778
1363859207,9779
1363859642,9780
1363859644,9781
1364109790,9782
1364109825,9783
1364109839,9784
1364109921,9785
1364109958,9786
1364109963,9787
1364262241,9788
1364262247,9789
1364262270,9790
1364262316,9791
1364660336,9792
1364672505,9793
1364674950,9794
1364675773,9795
1364675775,9796
1364675776,9797
1364686022,9798
1364686023,9799
1364699816,9800
1364699821,9801
1364699824,9802
1364707622,9803
1364761204,9804
1364761205,9805
1364794339,9806
1364828922,9807
1364828925,9808
1364836180,9809
1364836181,9810
1364933927,9811
1364933933,9812
1364947551,9813
1364950706,9814
1365044736,9815
1365044737,9816
1365811401,9817
1365811402,9818
1365811411,9819
1365811413,9820
1365811415,9821
1365811416,9822
1366122368,9823
1366122371,9824
1366143329,9825
1366143331,9826
1366143333,9827
1366143335,9828
1366143339,9829
1366143347,9830
1366143348,9831
1366143355,9832
1366143357,9833
1366147178,9834
1366147180,9835
1366147182,9836
1366149685,9837
1366149700,9838
1366149702,9839
1366340097,9840
1366561555,9841
1367351405,9842
1367351413,9843
1367372481,9844
1367376731,9845
1367376733,9846
1367376741,9847
1367383355,9848
1367384293,9849
1367388509,9850
1367388510,9851
1367388513,9852
1367388515,9853
1367511439,9854
1367511440,9855
1367511684,9856
1367514056,9857
1367514061,9858
1367514063,9859
1367515567,9860
1367515585,9861
1367517137,9862
1367517138,9863
1367517220,9864
1367517222,9865
1367517224,9866
1367517225,9867
1367517226,9868
1367517588,9869
1367518108,9870
1367522819,9871
1367522832,9872
1368101029,9873
1368164643,9874
1368305084,9875
1368305093,9876
1368305098,9877
1368305111,9878
1368305112,9879
1368305121,9880
1368305164,9881
1368668975,9882
1368709338,9883
1368741084,9884
1369191095,9885
1369191099,9886
1369249103,9887
1369287260,9888
1369291352,9889
1369291623,9890
1369291626,9891
1369303345,9892
1369303347,9893
1369303349,9894
1369402702,9895
1369408209,9896
1369416956,9897
1369442224,9898
1369442967,9899
1369444678,9900
1369445945,9901
1369445946,9902
1369452002,9903
1369460393,9904
1369462993,9905
1369463003,9906
1369463005,9907
1369477423,9908
1369478814,9909
1369481736,9910
1369481737,9911
1369481738,9912
1369484203,9913
1369504504,9914
1369508462,9915
1369512482,9916
1369512705,9917
1369512706,9918
1369513118,9919
1369513668,9920
1369521501,9921
1369521502,9922
1369521503,9923
1369525581,9924
1369525583,9925
1369525584,9926
1370161661,9927
1371376573,9928
1371715284,9929
1371911422,9930
1371911423,9931
1371911424,9932
1371911425,9933
1372831385,9934
1372831401,9935
1372831425,9936
1372831435,9937
1374297065,9938
1374298974,9939
1374302144,9940
1374308189,9941
1374308798,9942
1374308799,9943
1374899208,9944
1374968397,9945
1374968399,9946
1374970243,9947
1374970245,9948
1375009303,9949
1375009305,9950
1375039765,9951
1375039776,9952
1375039782,9953
1375039791,9954
1375043296,9955
1375043298,9956
1375068811,9957
1375292199,9958
1375292201,9959
1375294844,9960
1375294845,9961
1375306577,9962
1375306579,9963
1375306584,9964
1375306586,9965
1375309350,9966
1375313546,9967
1376258079,9968
1376258081,9969
1376259867,9970
1376262589,9971
1376262590,9972
1376263506,9973
1376263508,9974
1376265130,9975
1376265131,9976
1376265133,9977
1376273752,9978
1376273754,9979
1376273758,9980
1376287718,9981
1376291074,9982
1376295891,9983
1376295894,9984
1376295897,9985
1376307362,9986
1376307364,9987
1376307366,9988
1376307371,9989
1376307373,9990
1376307377,9991
1376307380,9992
1376307382,9993
1376337089,9994
1376340438,9995
1376343799,9996
1376343800,9997
1376355171,9998
1376358172,9999
1376358173,10000
1376358174,10001
1376358176,10002
1376359081,10003
1376359082,10004
1376359083,10005
1376369666,10006
1376371820,10007
1376486679,10008
1376487781,10009
1376490074,10010
1376490075,10011
1376490076,10012
1376499368,10013
1376499375,10014
1376499901,10015
1376501428,10016
1376501432,10017
1376501434,10018
1376501436,10019
1376519354,10020
1376519356,10021
1376523257,10022
1376523259,10023
1376523787,10024
1376524801,10025
1376583854,10026
1376583856,10027
1376583858,10028
1376589067,10029
1376703302,10030
1376704155,10031
1376704157,10032
1376704601,10033
1377397654,10034
1377397655,10035
1377397659,10036
1377397662,10037
1377397667,10038
1377397668,10039
1377397680,10040
1377397686,10041
1377397695,10042
1377397707,10043
1377405564,10044
1377405565,10045
1377405571,10046
1378555184,10047
1380301536,10048
1380301538,10049
1380301541,10050
1380301552,10051
1380301554,10052
1380301694,10053
1380301756,10054
1380301787,10055
1380301797,10056
1380313561,10057
1380313572,10058
1381595488,10059
1381595491,10060
1381815147,10061
1381917319,10062
1381917333,10063
1381917335,10064
1381917336,10065
1381917348,10066
1381920623,10067
1383424958,10068
1383424975,10069
1384080614,10070
1384080616,10071
1384080617,10072
1384898563,10073
1384962728,10074
1384962743,10075
1384962752,10076
1384962766,10077
1384962776,10078
1386088184,10079
1386088188,10080
1386088197,10081
1386088203,10082
1386088219,10083
1386088248,10084
1394017789,10085
1394017790,10086
1394017792,10087
1397341641,10088
1397341690,10089
1397341701,10090
1397341920,10091
1400031353,10092
1400031381,10093
1400934936,10094
1400934942,10095
1400934990,10096
1400935000,10097
1400935033,10098
1400939867,10099
1402778612,10100
1402778620,10101
1402778744,10102
1402778940,10103
1402779095,10104
1402779105,10105
1402779127,10106
1402779149,10107
1402779158,10108
1402779181,10109
1402779191,10110
1402779207,10111
1402779218,10112
1403256725,10113
1406349395,10114
1406499348,10115
1406525193,10116
1406535093,10117
1406977609,10118
1406981665,10119
1409067155,10120
1409067157,10121
1409074854,10122
1409088465,10123
1409088466,10124
1409626830,10125
1410606693,10126
1410606894,10127
1411477537,10128
1411477543,10129
1411684978,10130
1411690443,10131
1411690444,10132
1411690445,10133
1411692467,10134
1411864944,10135
1411864952,10136
1411864955,10137
1411864960,10138
1411864963,10139
1411864964,10140
1411864986,10141
1411864988,10142
1411864995,10143
1411865006,10144
1413637575,10145
1413913977,10146
1414246144,10147
1414252217,10148
1415198559,10149
1415440979,10150
1415448628,10151
1416157300,10152
1416350679,10153
1416358574,10154
1416358578,10155
1416358580,10156
1416358586,10157
1416358590,10158
1416359254,10159
1416359255,10160
1416848175,10161
1416849636,10162
1417603857,10163
1417617987,10164
1417617988,10165
1417617989,10166
1417743405,10167
1417764884,10168
1418260962,10169
1420304657,10170
1420331237,10171
1421185343,10172
1422422605,10173
1422422607,10174
1422422787,10175
1422697306,10176
1422713083,10177
1422714231,10178
1422714264,10179
1422722324,10180
1422722337,10181
1422722338,10182
1422743236,10183
1422759480,10184
1422781952,10185
1422781953,10186
1422784928,10187
1422784929,10188
1422789411,10189
1422789414,10190
1422791207,10191
1422799779,10192
1422824395,10193
1422899048,10194
1422899049,10195
1422986292,10196
1422986297,10197
1422986511,10198
1422986768,10199
1422986858,10200
1422987106,10201
1422987131,10202
1422987390,10203
1422987417,10204
1422987509,10205
1423021764,10206
1423021768,10207
1423051811,10208
1423051845,10209
1423051880,10210
1423058193,10211
1423058201,10212
1423123851,10213
1423123857,10214
1423125440,10215
1423125441,10216
1423265702,10217
1423315687,10218
1423321495,10219
1423489982,10220
1423499272,10221
1423705916,10222
1423705918,10223
1423705919,10224
1424326083,10225
1424326086,10226
1424326087,10227
1424326088,10228
1424326090,10229
1424397179,10230
1424399319,10231
1424399322,10232
1424400407,10233
1424404297,10234
1424406933,10235
1424406936,10236
1424406939,10237
1424406941,10238
1424469981,10239
1424475580,10240
1424475593,10241
1424477880,10242
1424478675,10243
1424480758,10244
1424480764,10245
1424480765,10246
1426235393,10247
1426235405,10248
1426235411,10249
1426235415,10250
1426235423,10251
1426235439,10252
1426235441,10253
1426235445,10254
1426235449,10255
1426235451,10256
1426235464,10257
1426235465,10258
1426235470,10259
1426235475,10260
1426235486,10261
1426235489,10262
1426235493,10263
1426235505,10264
1426235522,10265
1426235527,10266
1426235539,10267
1426235546,10268
1426235561,10269
1426235564,10270
1426235568,10271
1426559378,10272
1426562013,10273
1427642589,10274
1428243697,10275
1428247816,10276
1429166042,10277
1429166046,10278
1429166048,10279
1429172039,10280
1429172042,10281
1429428679,10282
1429428835,10283
1429433461,10284
1429433510,10285
1429433511,10286
1429433519,10287
1429433526,10288
1429814371,10289
1429814393,10290
1429814405,10291
1429814475,10292
1429814516,10293
1429814534,10294
1429814540,10295
1429814565,10296
1429814569,10297
1429814617,10298
1429821829,10299
1429821838,10300
1429902337,10301
1429902356,10302
1429902364,10303
1429902398,10304
1429902407,10305
1430126078,10306
1430165326,10307
1430205781,10308
1430212779,10309
1430217863,10310
1430219613,10311
1430309783,10312
1430380021,10313
1430380024,10314
1430382676,10315
1430385436,10316
1430397904,10317
1430403010,10318
1430420160,10319
1430698458,10320
1430698461,10321
1430698464,10322
1431215376,10323
1431219662,10324
1431243495,10325
1431304485,10326
1431304488,10327
1431304493,10328
1431304503,10329
1431304508,10330
1431304511,10331
1431304512,10332
1431304514,10333
1431304515,10334
1431304517,10335
1431304527,10336
1431304530,10337
1431304531,10338
1431304541,10339
1431304548,10340
1431304549,10341
1431304560,10342
1431304562,10343
1431304568,10344
1431304572,10345
1431304584,10346
1431304589,10347
1431304597,10348
1431304598,10349
1431304602,10350
1431304612,10351
1431304617,10352
1431304624,10353
1431304625,10354
1431304627,10355
1431304629,10356
1431304631,10357
1431304632,10358
1431304639,10359
1431304647,10360
1431304650,10361
1431304659,10362
1431304665,10363
1431324493,10364
1431324497,10365
1432042098,10366
1432061137,10367
1432061140,10368
1432102532,10369
1432104990,10370
1432104991,10371
1432104992,10372
1432104994,10373
1432104996,10374
1432104997,10375
1432121062,10376
1432149465,10377
1432149466,10378
1432149467,10379
1432149468,10380
1432149469,10381
1432149472,10382
1432149475,10383
1432149478,10384
1432149479,10385
1432149480,10386
1432149482,10387
1432149483,10388
1432149484,10389
1432151096,10390
1432151099,10391
1432151101,10392
1432154577,10393
1432155869,10394
1432155870,10395
1432516984,10396
1432517015,10397
1432517185,10398
1432517217,10399
1432991810,10400
1433035444,10401
1433035448,10402
1433039369,10403
1433039370,10404
1433039371,10405
1433039372,10406
1433049157,10407
1433049161,10408
1433049163,10409
1433050698,10410
1433733575,10411
1433733609,10412
1433733629,10413
1433733650,10414
1433867717,10415
1433921111,10416
1434057135,10417
1434058611,10418
1434058612,10419
1434076066,10420
1434076068,10421
1434076069,10422
1434077407,10423
1434077409,10424
1434077411,10425
1434080691,10426
1434080696,10427
1434080701,10428
1434080703,10429
1434080705,10430
1434083517,10431
1434083518,10432
1434084681,10433
1434084682,10434
1434178601,10435
1434180016,10436
1434180020,10437
1434503542,10438
1434503684,10439
1434503694,10440
1434503718,10441
1434503754,10442
1434504014,10443
1434504103,10444
1434504127,10445
1434504157,10446
1434504179,10447
1434504207,10448
1434504213,10449
1434504429,10450
1434504635,10451
1434837522,10452
1434839463,10453
1434863422,10454
1435312901,10455
1435313245,10456
1435313247,10457
1435313251,10458
1435313252,10459
1435313996,10460
1435313999,10461
1435317907,10462
1435387043,10463
1435446283,10464
1435446284,10465
1435446288,10466
1435446289,10467
1435446290,10468
1435446291,10469
1435446295,10470
1435451023,10471
1435451024,10472
1435457617,10473
1435949193,10474
1435949214,10475
1436203575,10476
1436203576,10477
1436203577,10478
1436220841,10479
1436221063,10480
1436352234,10481
1436519938,10482
1436519940,10483
1437437137,10484
1437437204,10485
1437437411,10486
1437437434,10487
1437437466,10488
1437437581,10489
1437437671,10490
1437437725,10491
1437441031,10492
1437441235,10493
1437462963,10494
1437480490,10495
1439020474,10496
1439020475,10497
1439562571,10498
1440811617,10499
1440811621,10500
1440811624,10501
1440818571,10502
1444744449,10503
1444744459,10504
1444750744,10505
1444755434,10506
1444780325,10507
1444796514,10508
1444796516,10509
1445230591,10510
1445292931,10511
1445690437,10512
1445690441,10513
1445722481,10514
1448719443,10515
1448719444,10516
1448728458,10517
1448732426,10518
1449075656,10519
1449075688,10520
1449075717,10521
1449075803,10522
1449134944,10523
1450516842,10524
1450516869,10525
1450517128,10526
1453540821,10527
1453540833,10528
1453540848,10529
1453540858,10530
1453550712,10531
1453550736,10532
1453882689,10533
1453949050,10534
1454006848,10535
1454024467,10536
1454046280,10537
1454046282,10538
1454046283,10539
1454046284,10540
1454317263,10541
1454744853,10542
1455443904,10543
1455443907,10544
1455459987,10545
1455459998,10546
1455469755,10547
1455495124,10548
1455495126,10549
1455498268,10550
1455498271,10551
1455504684,10552
1455504687,10553
1455504702,10554
1455504703,10555
1455507644,10556
1455519111,10557
1455520359,10558
1455520360,10559
1455526827,10560
1455526843,10561
1455526846,10562
1455526849,10563
1455526853,10564
1455531420,10565
1455531422,10566
1455531423,10567
1455539139,10568
1455541488,10569
1455541490,10570
1455541494,10571
1455541496,10572
1455541498,10573
1455541502,10574
1455541503,10575
1455549918,10576
1455549922,10577
1455549924,10578
1455552277,10579
1455555433,10580
1455557220,10581
1455557224,10582
1455557226,10583
1456348004,10584
1456348005,10585
1458084084,10586
1458084101,10587
1458086399,10588
1458547681,10589
1458547683,10590
1458591866,10591
1458591869,10592
1459562219,10593
1467450242,10594
1467450251,10595
1467726177,10596
1468301007,10597
1468329111,10598
1468329112,10599
1468330604,10600
1468331774,10601
1468332673,10602
1468333080,10603
1468810881,10604
1468810882,10605
1468810890,10606
1468810893,10607
1468810895,10608
1468810897,10609
1468810901,10610
1468954381,10611
1470897923,10612
1470897929,10613
1470897937,10614
1470897940,10615
1470897942,10616
1471108309,10617
1471108325,10618
1471108428,10619
1471108466,10620
1472399057,10621
1472399063,10622
1472434100,10623
1472434103,10624
1472828660,10625
1472871825,10626
1473199355,10627
1473202015,10628
1473384808,10629
1473384809,10630
1476376486,10631
1476376488,10632
1476376491,10633
1476376494,10634
1476376496,10635
1476376498,10636
1476376500,10637
1476376504,10638
1476376508,10639
1476376516,10640
1476379709,10641
1476382468,10642
1476382471,10643
1476382473,10644
1476382474,10645
1476382487,10646
1476393908,10647
1476400228,10648
1476408621,10649
1476415008,10650
1476422382,10651
1476422385,10652
1476428596,10653
1476437582,10654
1477522309,10655
1477537242,10656
1477538467,10657
1477546452,10658
1477559160,10659
1477603140,10660
1477603142,10661
1477728665,10662
1477728666,10663
1477728667,10664
1477734951,10665
1477736031,10666
1477738074,10667
1477742129,10668
1477754752,10669
1477754753,10670
1477759218,10671
1477759220,10672
1477760442,10673
1477766338,10674
1477770833,10675
1477770836,10676
1485671209,10677
1485671216,10678
1485671217,10679
1486099006,10680
1486110243,10681
1486206499,10682
1486206554,10683
1486206613,10684
1486206684,10685
1486206909,10686
1486206977,10687
1486207015,10688
1488912984,10689
1488913015,10690
1488913087,10691
1488913101,10692
1488913136,10693
1488913142,10694
1488913221,10695
1488913236,10696
1488913240,10697
1488913276,10698
1488913340,10699
1488913370,10700
1488913389,10701
1488913415,10702
1488913420,10703
1488913455,10704
1488913468,10705
1488913470,10706
1488913476,10707
1488913487,10708
1488913498,10709
1488913500,10710
1488913533,10711
1488913589,10712
1489699044,10713
1489699065,10714
1497651343,10715
1497651346,10716
1497651352,10717
1497651355,10718
1497651366,10719
1497898466,10720
1497898499,10721
1499674608,10722
1499678461,10723
1499678462,10724
1499970258,10725
1499971925,10726
1499971927,10727
1499971929,10728
1499978320,10729
1499978324,10730
1500591155,10731
1500613382,10732
1500613384,10733
1500690871,10734
1501003598,10735
1501003599,10736
1501005541,10737
1501005547,10738
1501005549,10739
1501005551,10740
1501006202,10741
1501006203,10742
1501018056,10743
1501030420,10744
1501030423,10745
1501036711,10746
1501036714,10747
1501036715,10748
1501036716,10749
1501036717,10750
1501036721,10751
1501036722,10752
1501036724,10753
1501041788,10754
1501041789,10755
1501041790,10756
1501041791,10757
1501062610,10758
1501074381,10759
1501304299,10760
1501426352,10761
1501428252,10762
1505737413,10763
1505749746,10764
1505749748,10765
1508941179,10766
1508982874,10767
1508982878,10768
1508982881,10769
1508982884,10770
1508982889,10771
1508982893,10772
1508982897,10773
1508982899,10774
1508985596,10775
1508996710,10776
1508996711,10777
1508996712,10778
1508996713,10779
1509240880,10780
1509244952,10781
1509244956,10782
1509252948,10783
1509252951,10784
1509252954,10785
1509252956,10786
1511694189,10787
1511694231,10788
1511694234,10789
1511694235,10790
1511694238,10791
1517541077,10792
1517555358,10793
1517555522,10794
1517570871,10795
1517570875,10796
1518141658,10797
1518141661,10798
1518141663,10799
1518146616,10800
1518152595,10801
1518152600,10802
1518152602,10803
1519607847,10804
1519901698,10805
1519901860,10806
1520092698,10807
1520092710,10808
1520092735,10809
1520199797,10810
1528297367,10811
1528297368,10812
1528307343,10813
1528307360,10814
1528308761,10815
1528328407,10816
1528328429,10817
1528376981,10818
1528376985,10819
1528376989,10820
1528376992,10821
1528379699,10822
1528379720,10823
1528379724,10824
1528385852,10825
1528385864,10826
1528385866,10827
1528406442,10828
1528418317,10829
1528450462,10830
1528474116,10831
1528479565,10832
1528479567,10833
1528488186,10834
1528488197,10835
1528493206,10836
1529257759,10837
1529257766,10838
1529421930,10839
1529460401,10840
1530286935,10841
1530773062,10842
1530773064,10843
1530773065,10844
1530773066,10845
1530773077,10846
1530773082,10847
1530773084,10848
1530773086,10849
1530773087,10850
1530773089,10851
1530773091,10852
1530789736,10853
1530795089,10854
1530795092,10855
1530795096,10856
1530795103,10857
1530962416,10858
1531035107,10859
1531035113,10860
1531035116,10861
1531035137,10862
1531035151,10863
1531035191,10864
1531035214,10865
1531035237,10866
1531035242,10867
1531035264,10868
1531035291,10869
1531035330,10870
1531035343,10871
1531035349,10872
1531035358,10873
1531035448,10874
1531035450,10875
1531188713,10876
1531343075,10877
1531343082,10878
1531371125,10879
1531409875,10880
1531453034,10881
1531533781,10882
1538220876,10883
1539224202,10884
1539350051,10885
1539350329,10886
1539702082,10887
1539702085,10888
1539702116,10889
1539917014,10890
1540086749,10891
1540145384,10892
1540262610,10893
1542155198,10894
1542273518,10895
1542273523,10896
1545230395,10897
1550651093,10898
1552729332,10899
1552765376,10900
1552808597,10901
1553027402,10902
1553027444,10903
1553027446,10904
1553027486,10905
1553027548,10906
1553027558,10907
1553027572,10908
1553027581,10909
1554903409,10910
1554903410,10911
1556801410,10912
1556831219,10913
1557049456,10914
1557084049,10915
1557084072,10916
1557718003,10917
1557719571,10918
1557723576,10919
1557737845,10920
1558184261,10921
1559956530,10922
1559956546,10923
1559956551,10924
1563747094,10925
1569110270,10926
1569795187,10927
1569913042,10928
1569998139,10929
1569998141,10930
1569998154,10931
1571138836,10932
1571139845,10933
1573085624,10934
1578726496,10935
1578745389,10936
1578800876,10937
1579265627,10938
1579266247,10939
1579326299,10940
1579379074,10941
1580948930,10942
1580958603,10943
1580969286,10944
1580969290,10945
1580969291,10946
1581058939,10947
1581067323,10948
1581100027,10949
1581100029,10950
1581123649,10951
1581123654,10952
1581123657,10953
1581123696,10954
1581130546,10955
1581130548,10956
1581165136,10957
1581165141,10958
1581169762,10959
1581169766,10960
1581177048,10961
1581177083,10962
1583982303,10963
1584145665,10964
1584145666,10965
1584145997,10966
1584145998,10967
1584173023,10968
1585135805,10969
1585138561,10970
1587318370,10971
1587318373,10972
1587318376,10973
1587505517,10974
1587508821,10975
1587508822,10976
1587510972,10977
1588827827,10978
1589620883,10979
1589643338,10980
1589643339,10981
1589650566,10982
1590387535,10983
1590387542,10984
1590394709,10985
1591069886,10986
1593537242,10987
1593624924,10988
1593636963,10989
1593749984,10990
1593749987,10991
1593755563,10992
1593755569,10993
1593811375,10994
1593858937,10995
1593909182,10996
1593921004,10997
1593921005,10998
1593927108,10999
1596026560,11000
1598671052,11001
1599986032,11002
1600064797,11003
1600064801,11004
1600107461,11005
1600111678,11006
1600119920,11007
1600130234,11008
1600130236,11009
1600134702,11010
1600134704,11011
1600180244,11012
1600180246,11013
1600180251,11014
1601133339,11015
1601133344,11016
1601137157,11017
1601137158,11018
1601137159,11019
1602527600,11020
1602527704,11021
1603229492,11022
1603312000,11023
1604209771,11024
1604209776,11025
1604212701,11026
1604212702,11027
1604212703,11028
1604212704,11029
1604217058,11030
1604217066,11031
1604217538,11032
1604768123,11033
1605415798,11034
1608997575,11035
1609020002,11036
1609090445,11037
1610723580,11038
1612211997,11039
1612211998,11040
1612220590,11041
1612224302,11042
1612226100,11043
1612226101,11044
1612226102,11045
1612259391,11046
1614660742,11047
1614660749,11048
1614660750,11049
1614660756,11050
1614660762,11051
1614670674,11052
1616064310,11053
1616719859,11054
1618690355,11055
1624449646,11056
1624471327,11057
1624475660,11058
1625719286,11059
1627112928,11060
1627926386,11061
1627926393,11062
1627926395,11063
1627926403,11064
1627926407,11065
1627929076,11066
1627939985,11067
1627939997,11068
1627960498,11069
1627960499,11070
1627967541,11071
1627999385,11072
1628359358,11073
1628359361,11074
1628400908,11075
1628406125,11076
1628406128,11077
1628411128,11078
1628551113,11079
1628551114,11080
1628788389,11081
1628788402,11082
1628900654,11083
1629418474,11084
1629418477,11085
1629424775,11086
1629450644,11087
1629450649,11088
1629450651,11089
1629450662,11090
1629666781,11091
1629666792,11092
1633105722,11093
1633105726,11094
1633105735,11095
1633105741,11096
1633129371,11097
1633129384,11098
1634455756,11099
1634468147,11100
1634468172,11101
1634480194,11102
1634480223,11103
1634480227,11104
1634480231,11105
1634539412,11106
1635553407,11107
1635553419,11108
1635576390,11109
1635591927,11110
1635591928,11111
1635591946,11112
1635632316,11113
1635632374,11114
1635803731,11115
1635803751,11116
1635820987,11117
1635821025,11118
1636519479,11119
1637057668,11120
1637057745,11121
1637163917,11122
1637163929,11123
1637163939,11124
1637195261,11125
1637195277,11126
1637195285,11127
1637257683,11128
1637257696,11129
1637257703,11130
1637262225,11131
1637262226,11132
1637262237,11133
1637307526,11134
1637307915,11135
1637547811,11136
1637550490,11137
1637551319,11138
1637561137,11139
1637561141,11140
1637561152,11141
1637578698,11142
1637578807,11143
1637578822,11144
1637578842,11145
1637578844,11146
1637578845,11147
1637578850,11148
1637578858,11149
1637578861,11150
1637578899,11151
1637578901,11152
1637578902,11153
1637578905,11154
1637578908,11155
1637578912,11156
1637618697,11157
1637618723,11158
1637618731,11159
1637618746,11160
1637618748,11161
1637618758,11162
1637618764,11163
1637618808,11164
1637618809,11165
1637618814,11166
1637618816,11167
1637620595,11168
1637620596,11169
1637733305,11170
1642067519,11171
1642148716,11172
1642148762,11173
1642199555,11174
1643932782,11175
1646249689,11176
1646249692,11177
1646249762,11178
1646249834,11179
1646249872,11180
1646249991,11181
1646249995,11182
1646250042,11183
1646264290,11184
1646264292,11185
1646264326,11186
1646268576,11187
1646288513,11188
1646288535,11189
1646289666,11190
1646300181,11191
1646670581,11192
1646670585,11193
1647322593,11194
1647322598,11195
1647322601,11196
1648659390,11197
1648659451,11198
1648772187,11199
1648772236,11200
1649201721,11201
1649201730,11202
1649201731,11203
1649201738,11204
1649224380,11205
1649300389,11206
1649300397,11207
1649302997,11208
1649323427,11209
1649339630,11210
1649339635,11211
1650088364,11212
1650088365,11213
1650137730,11214
1650137747,11215
1650137817,11216
1650137820,11217
1650137856,11218
1650137902,11219
1650137943,11220
1650809989,11221
1651291091,11222
1651291237,11223
1652003997,11224
1652004001,11225
1652004019,11226
1652004041,11227
1652004063,11228
1652054927,11229
1652054933,11230
1652054940,11231
1652054980,11232
1652063517,11233
1652063526,11234
1652063553,11235
1652132301,11236
1652132304,11237
1652132307,11238
1652132316,11239
1652132319,11240
1652132337,11241
1652132345,11242
1652132346,11243
1652132359,11244
1652142139,11245
1652142142,11246
1652142152,11247
1652195846,11248
1652195862,11249
1652196095,11250
1652229700,11251
1652229711,11252
1652259323,11253
1652259325,11254
1652259331,11255
1652259336,11256
1652259400,11257
1652276521,11258
1652276523,11259
1652276528,11260
1652276530,11261
1652276539,11262
1652276553,11263
1652533633,11264
1653158197,11265
1653301790,11266
1653311951,11267
1653311955,11268
1653371480,11269
1653371516,11270
1653371520,11271
1653371522,11272
1653382486,11273
1653382532,11274
1653473565,11275
1653473571,11276
1653473611,11277
1653473624,11278
1653473625,11279
1653484790,11280
1653487112,11281
1653487114,11282
1653489548,11283
1653489562,11284
1654039205,11285
1655765382,11286
1656844646,11287
1656865388,11288
1656889210,11289
1656889213,11290
1656889217,11291
1656889220,11292
1656889223,11293
1656927222,11294
1658018720,11295
1658018867,11296
1658019207,11297
1659150181,11298
1659329157,11299
1659336982,11300
1659336983,11301
1659339612,11302
1659341886,11303
1659341888,11304
1659556230,11305
1660216477,11306
1661971577,11307
1661971646,11308
1663869791,11309
1671577984,11310
1671649150,11311
1673642106,11312
1673650752,11313
1673650753,11314
1673650758,11315
1673650767,11316
1673656686,11317
1673656698,11318
1673656700,11319
1673656703,11320
1673664040,11321
1673664042,11322
1673664046,11323
1673665990,11324
1674070632,11325
1674070633,11326
1674070667,11327
1674070724,11328
1674109115,11329
1676564737,11330
1676564738,11331
1677760879,11332
1677760912,11333
1679657120,11334
1679657159,11335
1680024752,11336
1680024791,11337
1680106286,11338
1680106302,11339
1680578867,11340
1682154398,11341
1682154427,11342
1682154445,11343
1682154475,11344
1682154484,11345
1682154492,11346
1682197735,11347
1682197741,11348
1682197745,11349
1682197750,11350
1682197804,11351
1682197808,11352
1682197816,11353
1682197817,11354
1682197819,11355
1682197822,11356
1682197832,11357
1682404321,11358
1682868807,11359
1682868831,11360
1682868860,11361
1682868902,11362
1682868904,11363
1682868921,11364
1682868972,11365
1682868976,11366
1682869035,11367
1682869102,11368
1682869126,11369
1684322316,11370
1684322374,11371
1684322402,11372
1684322413,11373
1684956389,11374
1685017184,11375
1685063102,11376
1685063148,11377
1685172341,11378
1685172355,11379
1685231384,11380
1685427769,11381
1685427770,11382
1685459545,11383
1686757873,11384
1686757950,11385
1686758006,11386
1686758069,11387
1686758096,11388
1686758153,11389
1686758239,11390
1686758694,11391
1686758748,11392
1687149397,11393
1687149402,11394
1687149405,11395
1687149418,11396
1687152092,11397
1687152095,11398
1687152097,11399
1687158275,11400
1687158276,11401
1687158278,11402
1687158317,11403
1687158325,11404
1687158327,11405
1687158332,11406
1687158333,11407
1687158335,11408
1687158337,11409
1687658038,11410
1687741177,11411
1687867755,11412
1687917539,11413
1687917555,11414
1687917564,11415
1687930252,11416
1687930867,11417
1687934677,11418
1688137795,11419
1688137801,11420
1688801542,11421
1688801543,11422
1688805318,11423
1688805322,11424
1688806758,11425
1688841884,11426
1688842815,11427
1688857110,11428
1688857112,11429
1688863343,11430
1688863369,11431
1688906163,11432
1688927814,11433
1689028666,11434
1689028670,11435
1690082076,11436
1690082082,11437
1690152330,11438
1690152345,11439
1690152366,11440
1690152374,11441
1690152377,11442
1690190655,11443
1690191487,11444
1690191488,11445
1690191491,11446
1690440401,11447
1690440405,11448
1690440418,11449
1691729186,11450
1695138373,11451
1695158181,11452
1695776590,11453
1696522949,11454
1696622554,11455
1696622614,11456
1696714252,11457
1696714262,11458
1696714264,11459
1696714296,11460
1696714307,11461
1696738990,11462
1696739000,11463
1696739005,11464
1696739009,11465
1696739011,11466
1696739019,11467
1696739136,11468
1696774543,11469
1696774546,11470
1696774564,11471
1696774605,11472
1696805897,11473
1696836638,11474
1696836654,11475
1696837730,11476
1697326918,11477
1699928443,11478
1699928451,11479
1699928482,11480
1701413429,11481
1701414439,11482
1703206046,11483
1703206050,11484
1703206065,11485
1703206068,11486
1703206075,11487
1703513620,11488
1703513631,11489
1703518477,11490
1703518479,11491
1703518481,11492
1703532027,11493
1703532036,11494
1703532051,11495
1703532087,11496
1703532093,11497
1703532098,11498
1703560922,11499
1703578189,11500
1703578191,11501
1703578192,11502
1703578193,11503
1703589325,11504
1703589326,11505
1703591780,11506
1703591781,11507
1703591782,11508
1703595666,11509
1703595668,11510
1703595669,11511
1703595671,11512
1703595673,11513
1703595674,11514
1703595678,11515
1703595679,11516
1703595681,11517
1703599207,11518
1703599210,11519
1703599212,11520
1703608324,11521
1703610094,11522
1703610389,11523
1703610391,11524
1703615386,11525
1703615388,11526
1703618769,11527
1703618775,11528
1703623341,11529
1703628424,11530
1703628425,11531
1703628427,11532
1703628429,11533
1703628430,11534
1703635262,11535
1703635264,11536
1703635266,11537
1703638210,11538
1704914313,11539
1704922483,11540
1704922492,11541
1705992425,11542
1706380696,11543
1709919967,11544
1712143356,11545
1713116365,11546
1713889071,11547
1713889439,11548
1713889471,11549
1714359360,11550
1714418310,11551
1715306154,11552
1715342553,11553
1715654489,11554
1716111025,11555
1716111028,11556
1716111032,11557
1716111033,11558
1716111036,11559
1716114572,11560
1716114573,11561
1716187130,11562
1716196154,11563
1716196194,11564
1716196201,11565
1716196218,11566
1717547968,11567
1717547972,11568
1719032363,11569
1719032466,11570
1720190196,11571
1720976686,11572
1720977316,11573
1721667715,11574
1721667730,11575
1722134555,11576
1722134556,11577
1722349828,11578
1722387850,11579
1722387860,11580
1723142472,11581
1723142478,11582
1723149985,11583
1723149992,11584
1723211121,11585
1723212268,11586
1723212931,11587
1723212932,11588
1723654911,11589
1725110454,11590
1725284084,11591
1725364818,11592
1725368957,11593
1726229543,11594
1728535833,11595
1730165949,11596
1730909463,11597
1731051049,11598
1731077484,11599
1731080257,11600
1731080258,11601
1731088192,11602
1731088207,11603
1731088208,11604
1731088209,11605
1731088213,11606
1731088227,11607
1731092092,11608
1731092096,11609
1731092101,11610
1731092110,11611
1731092112,11612
1731092114,11613
1731092121,11614
1731092127,11615
1731092143,11616
1731092165,11617
1731112574,11618
1731121504,11619
1731121508,11620
1731140572,11621
1731140573,11622
1731140574,11623
1731140584,11624
1731140589,11625
1731176088,11626
1731176093,11627
1731176164,11628
1731180926,11629
1731180927,11630
1731180938,11631
1731220415,11632
1731240101,11633
1731240858,11634
1731244033,11635
1731259522,11636
1732333429,11637
1732858559,11638
1732858578,11639
1732858582,11640
1732858584,11641
1732861354,11642
1732861355,11643
1732861356,11644
1732861362,11645
1732861367,11646
1732865111,11647
1732865117,11648
1732865123,11649
1732865135,11650
1732865139,11651
1732865140,11652
1732872574,11653
1732879943,11654
1732879952,11655
1732879955,11656
1732901355,11657
1732901409,11658
1733135822,11659
1733135838,11660
1733135868,11661
1733135929,11662
1733135935,11663
1733135979,11664
1733135986,11665
1733136004,11666
1733136029,11667
1733136056,11668
1733145375,11669
1733151919,11670
1734163464,11671
1734163483,11672
1734503356,11673
1734503566,11674
1734503708,11675
1734540247,11676
1734540277,11677
1734591529,11678
1734931837,11679
1734931838,11680
1734957195,11681
1735041850,11682
1735041862,11683
1735042044,11684
1735042071,11685
1735084674,11686
1735117947,11687
1735137331,11688
1735153141,11689
1735155568,11690
1735155661,11691
1735155677,11692
1735155717,11693
1735155735,11694
1735234517,11695
1735234519,11696
1735234520,11697
1736052017,11698
1736052019,11699
1736181390,11700
1736181421,11701
1736206918,11702
1736418718,11703
1736419029,11704
1736498608,11705
1737171772,11706
1737171779,11707
1737562059,11708
1737617621,11709
1737617623,11710
1737617625,11711
1737617630,11712
1737617634,11713
1737617636,11714
1737617649,11715
1737617650,11716
1737617674,11717
1737617764,11718
1737617798,11719
1737617810,11720
1737617812,11721
1737617835,11722
1737617841,11723
1737617845,11724
1737617847,11725
1737617853,11726
1737617855,11727
1737617860,11728
1737617879,11729
1737617887,11730
1737617891,11731
1737617919,11732
1737617926,11733
1737617933,11734
1737617937,11735
1737617954,11736
1737617972,11737
1737622834,11738
1737622849,11739
1737622860,11740
1737622866,11741
1737622870,11742
1737622873,11743
1737622877,11744
1737622880,11745
1737631439,11746
1737631459,11747
1737655837,11748
1737655918,11749
1737655954,11750
1737655962,11751
1737659455,11752
1737669642,11753
1737669643,11754
1737683202,11755
1737683229,11756
1737683233,11757
1737683282,11758
1737683309,11759
1737683330,11760
1737696701,11761
1737696704,11762
1737711390,11763
1737711398,11764
1737711400,11765
1737711417,11766
1737711423,11767
1737711454,11768
1737711479,11769
1737711559,11770
1737711561,11771
1737735032,11772
1737739743,11773
1737739753,11774
1737744806,11775
1737744823,11776
1737852764,11777
1738554446,11778
1738554482,11779
1738554535,11780
1738554550,11781
1738554585,11782
1738554589,11783
1738554600,11784
1738554604,11785
1738585847,11786
1738585874,11787
1738585879,11788
1738585897,11789
1738586159,11790
1738586169,11791
1738586198,11792
1738586201,11793
1738586215,11794
1738586221,11795
1738586227,11796
1738586235,11797
1738604201,11798
1738604202,11799
1738604203,11800
1738604204,11801
1738604205,11802
1738604207,11803
1738604208,11804
1738604211,11805
1738604229,11806
1738604232,11807
1738604246,11808
1738604247,11809
1738604252,11810
1738604254,11811
1738636573,11812
1738636583,11813
1738636634,11814
1738639848,11815
1738677008,11816
1738677130,11817
1738677295,11818
1738677375,11819
1738677383,11820
1740838324,11821
1740838357,11822
1740838376,11823
1740850037,11824
1740874713,11825
1740874717,11826
1740874719,11827
1741710298,11828
1742645058,11829
1742645060,11830
1742645255,11831
1742645256,11832
1742645259,11833
1742645264,11834
1742657760,11835
1742657768,11836
1742657771,11837
1742657778,11838
1742657781,11839
1742657782,11840
1742657786,11841
1742657789,11842
1742670010,11843
1742670022,11844
1742673002,11845
1742673008,11846
1742673013,11847
1742673016,11848
1742705964,11849
1742705968,11850
1742723433,11851
1742733507,11852
1742733509,11853
1742733511,11854
1742733512,11855
1742733515,11856
1742733519,11857
1742733520,11858
1742733522,11859
1742733524,11860
1742733526,11861
1742733536,11862
1742733537,11863
1742733538,11864
1742755630,11865
1742755635,11866
1742755639,11867
1742755643,11868
1742755648,11869
1742755652,11870
1742755670,11871
1742755684,11872
1742755686,11873
1742755690,11874
1742755691,11875
1742755693,11876
1742755695,11877
1742755696,11878
1742755698,11879
1742755700,11880
1742755703,11881
1742755705,11882
1742755726,11883
1742755728,11884
1742755731,11885
1742755733,11886
1742755736,11887
1742776104,11888
1742776115,11889
1742785809,11890
1742785816,11891
1742785822,11892
1742805956,11893
1742805961,11894
1742805963,11895
1742805965,11896
1742822184,11897
1742822216,11898
1742822222,11899
1742822226,11900
1742822231,11901
1742822234,11902
1742822244,11903
1742822247,11904
1742822249,11905
1742822252,11906
1742822256,11907
1742822259,11908
1742822261,11909
1742822263,11910
1742822265,11911
1742822266,11912
1742822268,11913
1742822271,11914
1742822273,11915
1742822274,11916
1742822280,11917
1742822283,11918
1742822286,11919
1742822288,11920
1742822293,11921
1742822296,11922
1742822300,11923
1742822302,11924
1742822307,11925
1742822316,11926
1742822318,11927
1742822320,11928
1742822328,11929
1742822329,11930
1742822334,11931
1742839547,11932
1742872580,11933
1742872589,11934
1742872590,11935
1742872591,11936
1742872592,11937
1742872594,11938
1742872599,11939
1742872600,11940
1742872601,11941
1742872602,11942
1743160036,11943
1743220345,11944
1743220349,11945
1743220361,11946
1743220362,11947
1743220366,11948
1743220375,11949
1743220394,11950
1743220412,11951
1743220433,11952
1743221655,11953
1743221663,11954
1743227546,11955
1743227549,11956
1743230261,11957
1743239198,11958
1743239228,11959
1743294719,11960
1743294723,11961
1743294725,11962
1743294730,11963
1743358500,11964
1743358501,11965
1743421408,11966
1743487081,11967
1743651080,11968
1743792920,11969
1743822191,11970
1743822460,11971
1743822514,11972
1743822687,11973
1743822811,11974
1743956429,11975
1743974511,11976
1744689909,11977
1744689923,11978
1744689930,11979
1744697403,11980
1744716500,11981
1744730981,11982
1744731202,11983
1744731203,11984
1744731204,11985
1744738213,11986
1744771322,11987
1744784908,11988
1744785383,11989
1744785384,11990
1744785649,11991
1744811943,11992
1744812625,11993
1744813681,11994
1744813696,11995
1745827421,11996
1745848383,11997
1745848411,11998
1745848425,11999
1745848427,12000
1745848431,12001
1745867852,12002
1745867883,12003
1745867912,12004
1745872702,12005
1745872704,12006
1745872706,12007
1745872708,12008
1745885930,12009
1745947421,12010
1745947449,12011
1745947503,12012
1745947547,12013
1745947617,12014
1745947647,12015
1745947716,12016
1745947736,12017
1745947792,12018
1745947794,12019
1745947835,12020
1745947843,12021
1745952309,12022
1745972636,12023
1745972640,12024
1746019706,12025
1746019707,12026
1746022787,12027
1746022788,12028
1746023857,12029
1746023859,12030
1746029869,12031
1746046366,12032
1746046997,12033
1746046999,12034
1746047000,12035
1746052991,12036
1746054799,12037
1746077807,12038
1746077810,12039
1746080702,12040
1746080703,12041
1746085168,12042
1746091008,12043
1746091009,12044
1746091011,12045
1746091012,12046
1746091017,12047
1746091018,12048
1746092874,12049
1746092875,12050
1746093511,12051
1746093512,12052
1746093514,12053
1746093515,12054
1746093519,12055
1746094275,12056
1746096168,12057
1746096170,12058
1746096171,12059
1746096172,12060
1746096174,12061
1746096506,12062
1746096507,12063
1746096508,12064
1746106044,12065
1746106049,12066
1746106051,12067
1746106054,12068
1746131145,12069
1746293150,12070
1746428050,12071
1746428065,12072
1746971048,12073
1746971054,12074
1746971057,12075
1746971059,12076
1746973308,12077
1746973309,12078
1746973310,12079
1746973311,12080
1746973312,12081
1746987148,12082
1746987149,12083
1746989118,12084
1746989120,12085
1746989123,12086
1746989125,12087
1746989127,12088
1746989129,12089
1746997630,12090
1746997631,12091
1746997632,12092
1746997634,12093
1746997635,12094
1746999363,12095
1746999365,12096
1746999367,12097
1747152882,12098
1747164652,12099
1747178374,12100
1747991041,12101
1748007841,12102
1748009630,12103
1748021193,12104
1748051995,12105
1748294128,12106
1748294138,12107
1748296550,12108
1748296584,12109
1748750718,12110
1748825028,12111
1748825038,12112
1748825045,12113
1748825053,12114
1748825063,12115
1748825110,12116
1748825116,12117
1748825120,12118
1748825123,12119
1748842883,12120
1748842885,12121
1748964762,12122
1748986194,12123
1749030947,12124
1749060375,12125
1749060377,12126
1749061022,12127
1749428390,12128
1749428392,12129
1749428996,12130
1749443758,12131
1749443760,12132
1749443764,12133
1749444812,12134
1749447845,12135
1749455116,12136
1749457446,12137
1749457479,12138
1749457500,12139
1749457515,12140
1749470209,12141
1749470219,12142
1749473077,12143
1749473085,12144
1749473090,12145
1749473091,12146
1749574871,12147
1749575891,12148
1749577345,12149
1749745212,12150
1749748114,12151
1749756584,12152
1749780697,12153
1749780719,12154
1749780728,12155
1749780738,12156
1749780751,12157
1749780756,12158
1749780797,12159
1749780851,12160
1749780940,12161
1749780991,12162
1749781074,12163
1749781151,12164
1749781170,12165
1750271321,12166
1750293809,12167
1750750849,12168
1750780540,12169
1750780542,12170
1750780561,12171
1750790415,12172
1750842419,12173
1750842420,12174
1750842421,12175
1750842424,12176
1750846413,12177
1751118395,12178
1751118415,12179
1751118421,12180
1751118424,12181
1751118425,12182
1751118426,12183
1751119417,12184
1751119418,12185
1751121213,12186
1751126315,12187
1751126317,12188
1751126318,12189
1751172576,12190
1751172590,12191
1751172601,12192
1751172603,12193
1751181427,12194
1751181433,12195
1751187804,12196
1751558496,12197
1751558498,12198
1751558500,12199
1751558514,12200
1751558516,12201
1751558518,12202
1751600341,12203
1751600346,12204
1751600347,12205
1751600349,12206
1751600352,12207
1751600355,12208
1751600357,12209
1751607439,12210
1751607460,12211
1751607462,12212
1751607471,12213
1751607475,12214
1751613572,12215
1751648203,12216
1751648207,12217
1752709621,12218
1752716797,12219
1752777520,12220
1752780493,12221
1752782379,12222
1753006048,12223
1753006049,12224
1753006052,12225
1753024334,12226
1753024382,12227
1753024389,12228
1753024397,12229
1753034020,12230
1754245066,12231
1754527882,12232
1754530859,12233
1754530860,12234
1754530874,12235
1754596397,12236
1755034751,12237
1755111313,12238
1755118606,12239
1755121479,12240
1755121481,12241
1755123436,12242
1755123438,12243
1755124237,12244
1755164831,12245
1755164883,12246
1755164955,12247
1755164956,12248
1755164958,12249
1755164960,12250
1755164966,12251
1755164968,12252
1755164970,12253
1755169610,12254
1755191133,12255
1755191173,12256
1755191176,12257
1755206383,12258
1755206399,12259
1755206402,12260
1755206405,12261
1755206410,12262
1755206413,12263
1755206420,12264
1755220782,12265
1755239357,12266
1755265371,12267
1755265372,12268
1755268927,12269
1755268940,12270
1755268949,12271
1755268964,12272
1755268969,12273
1755268989,12274
1755268990,12275
1755281192,12276
1755281197,12277
1755281202,12278
1755290951,12279
1755290967,12280
1755290968,12281
1755290972,12282
1755290986,12283
1755291104,12284
1755371891,12285
1755371893,12286
1755371928,12287
1755371934,12288
1755371938,12289
1755371973,12290
1755371977,12291
1755371979,12292
1755371981,12293
1755372017,12294
1755386192,12295
1755395775,12296
1755399436,12297
1755812177,12298
1755832726,12299
1755858218,12300
1755859388,12301
1755859393,12302
1756175122,12303
1756175127,12304
1756175134,12305
1756265374,12306
1756280900,12307
1756280946,12308
1756290981,12309
1756299808,12310
1756301709,12311
1756301712,12312
1756306988,12313
1756306997,12314
1756359820,12315
1756359874,12316
1756359875,12317
1756359876,12318
1756459433,12319
1756479310,12320
1756485437,12321
1756485439,12322
1756485442,12323
1756534059,12324
1756534090,12325
1756534101,12326
1756534162,12327
1756534177,12328
1756534223,12329
1756534232,12330
1756534255,12331
1756534285,12332
1756534288,12333
1756574730,12334
1756574739,12335
1756574744,12336
1756574754,12337
1756574758,12338
1756574765,12339
1756574770,12340
1756574772,12341
1756574775,12342
1756574814,12343
1756574819,12344
1756640904,12345
1756640920,12346
1756640934,12347
1756689879,12348
1756689880,12349
1756725641,12350
1756725647,12351
1756725648,12352
1756725650,12353
1756943264,12354
1756947753,12355
1756960874,12356
1756960878,12357
1756960879,12358
1757008569,12359
1757008675,12360
1757008696,12361
1757008700,12362
1757008729,12363
1757008813,12364
1757008943,12365
1757008944,12366
1757059695,12367
1757059696,12368
1757063161,12369
1757063176,12370
1757085027,12371
1757085039,12372
1757085042,12373
1757085043,12374
1757085056,12375
1757085063,12376
1757085064,12377
1757085071,12378
1757085075,12379
1757085077,12380
1757085079,12381
1757099712,12382
1757102489,12383
1757259537,12384
1757266250,12385
1757266258,12386
1757267165,12387
1757437969,12388
1757437979,12389
1757441657,12390
1757441662,12391
1757454971,12392
1757454993,12393
1757454995,12394
1757454996,12395
1757455000,12396
1757455007,12397
1757455012,12398
1757455014,12399
1757455016,12400
1757455019,12401
1757455022,12402
1757455024,12403
1757455027,12404
1757455036,12405
1757455130,12406
1757455131,12407
1757455143,12408
1757455144,12409
1757455162,12410
1757455235,12411
1757455334,12412
1757455448,12413
1757455628,12414
1757455645,12415
1757468379,12416
1757468380,12417
1757469961,12418
1757469962,12419
1757469965,12420
1757469968,12421
1757529945,12422
1758073212,12423
1758110502,12424
1758110503,12425
1758129384,12426
1758134162,12427
1758343416,12428
1758379135,12429
1758379137,12430
1758391884,12431
1758391885,12432
1758391887,12433
1758593974,12434
1758593975,12435
1758593976,12436
1758596991,12437
1758887261,12438
1758887262,12439
1758887263,12440
1758887307,12441
1758976308,12442
1759426312,12443
1759426314,12444
1759430921,12445
1759430922,12446
1759448313,12447
1759448319,12448
1759448321,12449
1759448571,12450
1759448640,12451
1759487228,12452
1759487248,12453
1759555698,12454
1759637048,12455
1761236055,12456
1761296702,12457
1761296721,12458
1761296738,12459
1761373196,12460
1761380552,12461
1761387223,12462
1761387231,12463
1761534932,12464
1761534954,12465
1761544137,12466
1762337673,12467
1762363010,12468
1762363012,12469
1762364037,12470
1762553060,12471
1762553062,12472
1762586726,12473
1762594774,12474
1763597034,12475
1763671908,12476
1763674449,12477
1763674452,12478
1763674454,12479
1763674854,12480
1763674856,12481
1763718515,12482
1763718516,12483
1763718522,12484
1763718524,12485
1763718526,12486
1764622534,12487
1764622536,12488
1764622537,12489
1764626394,12490
1764642901,12491
1764642902,12492
1764642904,12493
1764642905,12494
1764642909,12495
1764662330,12496
1764671364,12497
1765396891,12498
1765404674,12499
1765409089,12500
1765409110,12501
1765409111,12502
1765409112,12503
1765421576,12504
1765431552,12505
1765883862,12506
1766041878,12507
1766041880,12508
1766510797,12509
1766510802,12510
1766510806,12511
1767278331,12512
1767278333,12513
1767278334,12514
1767279229,12515
1767383510,12516
1767527741,12517
1768056160,12518
1768110792,12519
1768122864,12520
1768795785,12521
1769789387,12522
1769873514,12523
1770741109,12524
1770741111,12525
1770826529,12526
1770826534,12527
1770826538,12528
1771675113,12529
1771675203,12530
1771736871,12531
1771736879,12532
1772349413,12533
1772349425,12534
1772349426,12535
1772602119,12536
1772602781,12537
1772602789,12538
1772602795,12539
1772602931,12540
1772603300,12541
1772603302,12542
1772833518,12543
1772833601,12544
1772865826,12545
1772865839,12546
1772893927,12547
1772909314,12548
1772909343,12549
1773322303,12550
1773396237,12551
1773946160,12552
1775003207,12553
1775003279,12554
1775003305,12555
1775012910,12556
1775012913,12557
1775063041,12558
1776093899,12559
1776093905,12560
1776354582,12561
1776354584,12562
1777366792,12563
1777366797,12564
1777366800,12565
1777366803,12566
1777366827,12567
1777366830,12568
1777383161,12569
1777383165,12570
1777383167,12571
1777383176,12572
1777383177,12573
1777383179,12574
1777383190,12575
1777383191,12576
1777383192,12577
1777383194,12578
1777383195,12579
1777383196,12580
1777383197,12581
1777383198,12582
1777383200,12583
1777383201,12584
1777383202,12585
1777383203,12586
1777383204,12587
1777393760,12588
1777393761,12589
1777393763,12590
1778308113,12591
1778962453,12592
1779931678,12593
1779931681,12594
1780093770,12595
1780095814,12596
1780103213,12597
1780104564,12598
1780109105,12599
1780433484,12600
1780440520,12601
1780538183,12602
1780538185,12603
1780538243,12604
1781497661,12605
1781497673,12606
1781740742,12607
1781809492,12608
1784896759,12609
1787850902,12610
1787850914,12611
1787857309,12612
1787903742,12613
1787903745,12614
1787903747,12615
1787905922,12616
1787907432,12617
1787907433,12618
1787907434,12619
1787908234,12620
1787908235,12621
1787908660,12622
1787986128,12623
1787986138,12624
1788325449,12625
1789624346,12626
1789630650,12627
1790440725,12628
1790440727,12629
1790440735,12630
1791270153,12631
1791283788,12632
1791283789,12633
1791363231,12634
1791370551,12635
1791370585,12636
1791452281,12637
1791483179,12638
1791483192,12639
1791483217,12640
1791483219,12641
1791483226,12642
1791483277,12643
1791483356,12644
1792134538,12645
1792155289,12646
1792236803,12647
1793406808,12648
1793654386,12649
1793654396,12650
1796192266,12651
1796194826,12652
1796195483,12653
1796197065,12654
1796272772,12655
1796921792,12656
1796921794,12657
1796921796,12658
1796921797,12659
1796921799,12660
1796921800,12661
1797822341,12662
1799088209,12663
1802594621,12664
1803270471,12665
1803270491,12666
1806248342,12667
1806481416,12668
1806525928,12669
1806525939,12670
1806525943,12671
1806866384,12672
1806886360,12673
1806886368,12674
1806886370,12675
1806886374,12676
1806886375,12677
1806886384,12678
1806886393,12679
1806886406,12680
1806886452,12681
1806886460,12682
1806890144,12683
1806940932,12684
1806956729,12685
1806956732,12686
1806956734,12687
1806956736,12688
1806956737,12689
1806961339,12690
1806966155,12691
1806983728,12692
1807018176,12693
1807020854,12694
1807021016,12695
1807024603,12696
1807024604,12697
1807025187,12698
1807046425,12699
1807048999,12700
1807049003,12701
1807049005,12702
1807049010,12703
1807080902,12704
1807080903,12705
1807357162,12706
1807607360,12707
1807607362,12708
1807608201,12709
1807668942,12710
1808541821,12711
1808547542,12712
1808547543,12713
1808551008,12714
1809855004,12715
1809855059,12716
1809855126,12717
1809855265,12718
1809855325,12719
1809855366,12720
1809855700,12721
1809855702,12722
1809883224,12723
1809883225,12724
1810020362,12725
1810020366,12726
1810054267,12727
1810054275,12728
1810054286,12729
1810054312,12730
1810054321,12731
1810054341,12732
1810054346,12733
1810054350,12734
1810054353,12735
1810054359,12736
1810054360,12737
1810054361,12738
1810054369,12739
1810054374,12740
1810054375,12741
1810054378,12742
1810054379,12743
1810054383,12744
1810054385,12745
1810054391,12746
1810054398,12747
1810054399,12748
1810054400,12749
1810054401,12750
1810054408,12751
1810054410,12752
1810054411,12753
1810054415,12754
1810054416,12755
1810054417,12756
1810054420,12757
1810054422,12758
1810054423,12759
1810054427,12760
1810054429,12761
1810054430,12762
1810054437,12763
1810054440,12764
1810054441,12765
1810054444,12766
1810054453,12767
1810054478,12768
1810054481,12769
1810054483,12770
1810054487,12771
1810054491,12772
1810054493,12773
1810054496,12774
1810054498,12775
1810054500,12776
1810054503,12777
1810054505,12778
1810054507,12779
1810054510,12780
1810054512,12781
1810054513,12782
1810054514,12783
1810054520,12784
1810254452,12785
1810285696,12786
1811337909,12787
1811337911,12788
1812126906,12789
1812126907,12790
1812660940,12791
1812668641,12792
1812690376,12793
1812690992,12794
1812743209,12795
1813936629,12796
1813936633,12797
1813936638,12798
1813942955,12799
1814170582,12800
1814170585,12801
1814170587,12802
1814180598,12803
1814180599,12804
1814180601,12805
1814187491,12806
1814187493,12807
1814199661,12808
1814200560,12809
1814200561,12810
1814200563,12811
1814249363,12812
1814269574,12813
1814269575,12814
1814274470,12815
1814315266,12816
1815572400,12817
1815572406,12818
1815572416,12819
1815572918,12820
1818699893,12821
1818699894,12822
1818699896,12823
1818701236,12824
1818717259,12825
1818717261,12826
1818741288,12827
1818780330,12828
1818780332,12829
1818780333,12830
1818805563,12831
1818815456,12832
1818815457,12833
1818832802,12834
1818984455,12835
1818984457,12836
1818984458,12837
1818984459,12838
1818984461,12839
1818984462,12840
1818984463,12841
1819065126,12842
1819065127,12843
1820745542,12844
1820788749,12845
1820788940,12846
1820950245,12847
1820950248,12848
1820953377,12849
1820953617,12850
1822522188,12851
1822522189,12852
1822522190,12853
1822522191,12854
1824672031,12855
1824672044,12856
1824766761,12857
1824776079,12858
1824777337,12859
1825167406,12860
1825168113,12861
1825169023,12862
1825169026,12863
1825169029,12864
1825169032,12865
1825219710,12866
1825219711,12867
1825219712,12868
1825219715,12869
1825219717,12870
1825219718,12871
1825219719,12872
1825221205,12873
1825221206,12874
1825221207,12875
1825221210,12876
1825221211,12877
1825247885,12878
1825252103,12879
1825252104,12880
1825252106,12881
1825255387,12882
1825258848,12883
1825259754,12884
1825259756,12885
1825260207,12886
1825260208,12887
1825260544,12888
1825261738,12889
1825262403,12890
1825262405,12891
1825262506,12892
1825262507,12893
1825263208,12894
1825263209,12895
1825708543,12896
1825708545,12897
1825713718,12898
1825724913,12899
1825724919,12900
1825727266,12901
1825738994,12902
1825739823,12903
1825739824,12904
1825739825,12905
1825783178,12906
1825783179,12907
1825783180,12908
1825783184,12909
1825783186,12910
1825783188,12911
1826288002,12912
1827808797,12913
1828854815,12914
1829784841,12915
1830587714,12916
1830598594,12917
1830598600,12918
1830617384,12919
1830617389,12920
1830617391,12921
1830617393,12922
1830617395,12923
1830617397,12924
1830617413,12925
1830617415,12926
1830617440,12927
1830617474,12928
1831336569,12929
1831337996,12930
1831966104,12931
1831969008,12932
1831969010,12933
1831969012,12934
1831969015,12935
1832203047,12936
1832443160,12937
1832443165,12938
1832802958,12939
1832819536,12940
1832819537,12941
1832819965,12942
1833150615,12943
1833150667,12944
1833443879,12945
1833443880,12946
1833443908,12947
1833443920,12948
1833443980,12949
1834049574,12950
1834049575,12951
1834542792,12952
1834542818,12953
1834583316,12954
1834586200,12955
1834748982,12956
1835657553,12957
1835657599,12958
1835657703,12959
1835657799,12960
1835657881,12961
1835707161,12962
1835774400,12963
1835782111,12964
1835794662,12965
1836425586,12966
1836425593,12967
1836601518,12968
1836601520,12969
1837011253,12970
1838798045,12971
1838798047,12972
1838820539,12973
1838987648,12974
1839122876,12975
1839122877,12976
1839122879,12977
1839124290,12978
1839124292,12979
1839134689,12980
1839147042,12981
1839147288,12982
1839174776,12983
1839174779,12984
1839176470,12985
1839176472,12986
1839176473,12987
1839176475,12988
1839176477,12989
1839178937,12990
1839178938,12991
1839178939,12992
1839182475,12993
1839182477,12994
1840636640,12995
1840636641,12996
1840636642,12997
1840650122,12998
1840650123,12999
1840650801,13000
1840654135,13001
1840654925,13002
1840658760,13003
1840663356,13004
1840689084,13005
1840689793,13006
1840696551,13007
1840696554,13008
1840907973,13009
1840907975,13010
1840907976,13011
1840908315,13012
1840968102,13013
1841099720,13014
1842035786,13015
1842039398,13016
1843181599,13017
1843181600,13018
1843191476,13019
1843217237,13020
1843728351,13021
1843728354,13022
1843992838,13023
1843992895,13024
1844416217,13025
1844416229,13026
1844416231,13027
1844687204,13028
1844687205,13029
1844687206,13030
1847835600,13031
1850257590,13032
1850347027,13033
1850360251,13034
1850360253,13035
1850370403,13036
1850370405,13037
1850370408,13038
1850371210,13039
1850388028,13040
1850388029,13041
1850464566,13042
1850464576,13043
1850464596,13044
1850464597,13045
1850471865,13046
1850471870,13047
1850514633,13048
1850514635,13049
1850553767,13050
1850553769,13051
1850734613,13052
1850734615,13053
1850734616,13054
1851307764,13055
1851307842,13056
1851307890,13057
1852053389,13058
1852586193,13059
1853174444,13060
1853452681,13061
1853971502,13062
1853971525,13063
1853971538,13064
1853971541,13065
1853971787,13066
1853972201,13067
1854315029,13068
1854315030,13069
1854703985,13070
1854703988,13071
1854706331,13072
1856147909,13073
1856147913,13074
1856908956,13075
1856909025,13076
1856909027,13077
1858228452,13078
1858228453,13079
1858228454,13080
1859177763,13081
1859177764,13082
1859266024,13083
1859268096,13084
1859278460,13085
1859282595,13086
1859500177,13087
1859500179,13088
1859530217,13089
1859531686,13090
1859532578,13091
1859533675,13092
1859536672,13093
1859544237,13094
1859544726,13095
1859544728,13096
1860572349,13097
1860636205,13098
1860636207,13099
1861214976,13100
1861243674,13101
1861259065,13102
1861259072,13103
1861259073,13104
1861259074,13105
1861259075,13106
1861260520,13107
1861260526,13108
1861263122,13109
1861263542,13110
1861263544,13111
1861293899,13112
1861295901,13113
1861315727,13114
1861339140,13115
1861362649,13116
1861362653,13117
1861364117,13118
1861365302,13119
1861367018,13120
1861367276,13121
1861373002,13122
1861373875,13123
1861381323,13124
1861381326,13125
1861381330,13126
1861385060,13127
1861385068,13128
1861386034,13129
1861410101,13130
1861410104,13131
1861417521,13132
1861494292,13133
1861494294,13134
1861494295,13135
1861497874,13136
1861707848,13137
1861896927,13138
1861896941,13139
1861951238,13140
1861956917,13141
1861958579,13142
1862627799,13143
1862629098,13144
1862629100,13145
1862656696,13146
1862656697,13147
1862706777,13148
1862715605,13149
1862715607,13150
1863431636,13151
1863433551,13152
1863465093,13153
1863465095,13154
1863465123,13155
1863465156,13156
1863465181,13157
1863465183,13158
1863483897,13159
1863729729,13160
1864283607,13161
1864349789,13162
1864349790,13163
1864350618,13164
1864786746,13165
1864786748,13166
1864889705,13167
1866481556,13168
1866481558,13169
1866481560,13170
1866485015,13171
1867737001,13172
1867786543,13173
1868010025,13174
1868010028,13175
1868023392,13176
1868023393,13177
1869749342,13178
1871054706,13179
1871054707,13180
1871054712,13181
1872330524,13182
1872330528,13183
1872333745,13184
1872333749,13185
1872336994,13186
1872336996,13187
1872337016,13188
1872337019,13189
1872369137,13190
1872381158,13191
1872381160,13192
1872390516,13193
1873169573,13194
1873241113,13195
1873399205,13196
1874257240,13197
1874257244,13198
1874341355,13199
1874394485,13200
1874727221,13201
1874814204,13202
1874818421,13203
1874818427,13204
1874818429,13205
1874819771,13206
1874829292,13207
1874840611,13208
1874844375,13209
1874844376,13210
1874844379,13211
1874909746,13212
1874982841,13213
1874992007,13214
1874996017,13215
1875003582,13216
1875003588,13217
1875029392,13218
1875029393,13219
1875058071,13220
1875058073,13221
1875069246,13222
1875069250,13223
1875069254,13224
1875069256,13225
1875101777,13226
1875158156,13227
1875158165,13228
1875188127,13229
1875188133,13230
1875188138,13231
1875222346,13232
1875222350,13233
1878208504,13234
1878215466,13235
1878215471,13236
1879908647,13237
1881210065,13238
1881210067,13239
1881624833,13240
1882043023,13241
1882094593,13242
1882094594,13243
1882657338,13244
1882657369,13245
1882657370,13246
1882744111,13247
1882895451,13248
1882895455,13249
1883472145,13250
1883477751,13251
1883477752,13252
1883481615,13253
1883534910,13254
1883540780,13255
1883560483,13256
1883560487,13257
1883568057,13258
1883568059,13259
1883569400,13260
1883569402,13261
1883569404,13262
1883570298,13263
1883570299,13264
1883570302,13265
1883570304,13266
1883638070,13267
1883638073,13268
1884561254,13269
1884571915,13270
1884571920,13271
1885382051,13272
1885391810,13273
1885648040,13274
1885648043,13275
1885648056,13276
1885649792,13277
1885649793,13278
1885649794,13279
1885652238,13280
1885653017,13281
1885653018,13282
1885653019,13283
1885653020,13284
1885653021,13285
1885653022,13286
1885653024,13287
1885653026,13288
1885656510,13289
1885663865,13290
1885663868,13291
1885674112,13292
1885689205,13293
1885689211,13294
1885689213,13295
1885691184,13296
1885778030,13297
1885778035,13298
1885932249,13299
1885932251,13300
1885970525,13301
1885973741,13302
1886077727,13303
1886077730,13304
1886511110,13305
1886511115,13306
1886543069,13307
1886590238,13308
1887054529,13309
1887060012,13310
1887128846,13311
1887178657,13312
1887186721,13313
1887186724,13314
1887190412,13315
1887238647,13316
1887264402,13317
1887292670,13318
1887302970,13319
1887310711,13320
1887314675,13321
1887319782,13322
1887319790,13323
1887326519,13324
1887326523,13325
1887326527,13326
1887331484,13327
1887370162,13328
1887384880,13329
1887394933,13330
1887394944,13331
1888654929,13332
1889360165,13333
1889361459,13334
1889361750,13335
1889372230,13336
1890744357,13337
1890750606,13338
1892895443,13339
1892895449,13340
1893097510,13341
1893106403,13342
1893107078,13343
1893108089,13344
1893115150,13345
1893124256,13346
1893124876,13347
1893133906,13348
1893265239,13349
1893275353,13350
1893275361,13351
1893785669,13352
1893805607,13353
1893805609,13354
1893805612,13355
1893805622,13356
1893823600,13357
1893861617,13358
1893861625,13359
1893862357,13360
1893862367,13361
1896966432,13362
1896966436,13363
1896992093,13364
1896997419,13365
1897005932,13366
1898088876,13367
1899013264,13368
1899750336,13369
1899750338,13370
1899750339,13371
1899750340,13372
1899750342,13373
1899750344,13374
1899750345,13375
1899750347,13376
1899750348,13377
1899750349,13378
1899750350,13379
1899750351,13380
1899750352,13381
1899750353,13382
1899750354,13383
1900791244,13384
1900805374,13385
1903122190,13386
1903158501,13387
1904318268,13388
1904793498,13389
1906706911,13390
1907056660,13391
1907056719,13392
1907303583,13393
1907303593,13394
1907303604,13395
1907303615,13396
1907341685,13397
1907387649,13398
1907387657,13399
1907387659,13400
1907387811,13401
1907387819,13402
1907437524,13403
1907437595,13404
1907437600,13405
1907437645,13406
1907437646,13407
1907439003,13408
1907439004,13409
1907439005,13410
1908040380,13411
1908040381,13412
1908048390,13413
1908051158,13414
1908056014,13415
1908095625,13416
1908099989,13417
1908105779,13418
1908423984,13419
1908423986,13420
1908450989,13421
1908451845,13422
1908451847,13423
1908452745,13424
1908491250,13425
1908495971,13426
1908542281,13427
1909830067,13428
1909864218,13429
1909864228,13430
1909993532,13431
1910018126,13432
1910039832,13433
1910039834,13434
1910043213,13435
1910043215,13436
1910059282,13437
1910266983,13438
1911081045,13439
1911101134,13440
1911126641,13441
1911317198,13442
1911317199,13443
1911317200,13444
1911317205,13445
1911474539,13446
1911507648,13447
1911507673,13448
1912025948,13449
1912025981,13450
1912026008,13451
1916846013,13452
1916856372,13453
1917471536,13454
1917549504,13455
1917549516,13456
1917605910,13457
1917611045,13458
1918197380,13459
1918197501,13460
1918197696,13461
1918257366,13462
1918316586,13463
1918316600,13464
1918397909,13465
1918580734,13466
1918692089,13467
1919066557,13468
1919066568,13469
1919125377,13470
1919230168,13471
1920711832,13472
1920711836,13473
1920843207,13474
1922054998,13475
1922324024,13476
1923589625,13477
1924123421,13478
1926868085,13479
1927699046,13480
1927713543,13481
1927740980,13482
1927935265,13483
1928067799,13484
1928081320,13485
1928091228,13486
1928096403,13487
1928517485,13488
1928727700,13489
1930322130,13490
1930541153,13491
1930541154,13492
1930545419,13493
1930545423,13494
1930832035,13495
1931881389,13496
1931881397,13497
1931881414,13498
1932237722,13499
1932530345,13500
1932707829,13501
1934002118,13502
1934160330,13503
1934160331,13504
1937411725,13505
1937831627,13506
1937831629,13507
1937831630,13508
1937837946,13509
1938236813,13510
1938253479,13511
1938253484,13512
1938253488,13513
1938253490,13514
1940677190,13515
1940677192,13516
1940702179,13517
1940702181,13518
1941157125,13519
1941157286,13520
1941157325,13521
1941157332,13522
1941157340,13523
1941172881,13524
1942620983,13525
1942628899,13526
1942634326,13527
1942637888,13528
1942637889,13529
1942637892,13530
1942637893,13531
1942637897,13532
1942637899,13533
1942637914,13534
1942637915,13535
1942637923,13536
1942638738,13537
1942638743,13538
1942641335,13539
1942641336,13540
1942641337,13541
1942643979,13542
1942651066,13543
1942651070,13544
1942651071,13545
1942651072,13546
1942653489,13547
1942653873,13548
1942654873,13549
1942654874,13550
1942654877,13551
1942657699,13552
1942689028,13553
1942689031,13554
1942690358,13555
1942693609,13556
1942697573,13557
1942713666,13558
1942713668,13559
1942717966,13560
1942717972,13561
1942717974,13562
1942720067,13563
1942720069,13564
1942726290,13565
1942726292,13566
1942746558,13567
1942746563,13568
1942746565,13569
1942746566,13570
1942746569,13571
1942746575,13572
1942751619,13573
1943933575,13574
1943933592,13575
1946017834,13576
1949742461,13577
1949761143,13578
1949766677,13579
1950074114,13580
1951478191,13581
1951478192,13582
1951478193,13583
1951627768,13584
1955036311,13585
1955170623,13586
1955202241,13587
1955202242,13588
1956172696,13589
1956172698,13590
1956725958,13591
1956725979,13592
1956725986,13593
1957151160,13594
1959017790,13595
1962329914,13596
1962329916,13597
1962346750,13598
1962346755,13599
1962435942,13600
1974771451,13601
1974798957,13602
1974812767,13603
1974822657,13604
1974827609,13605
1974827611,13606
1974827613,13607
1974827614,13608
1974827615,13609
1974827617,13610
1974845603,13611
1978075231,13612
1978075234,13613
1978141944,13614
1981599125,13615
1981804662,13616
1982590583,13617
1982590585,13618
1982632806,13619
1982759584,13620
1982759586,13621
1982759589,13622
1983393723,13623
1983393784,13624
1983393873,13625
1983393890,13626
1983393953,13627
1983394110,13628
1983394145,13629
1983394239,13630
1983394280,13631
1983394427,13632
1983394453,13633
1983394549,13634
1983394630,13635
1985103510,13636
1985103511,13637
1985793259,13638
1985793260,13639
1985793261,13640
1985796938,13641
1985803461,13642
1985846731,13643
1985864915,13644
1985864917,13645
1985876377,13646
1985876378,13647
1985921614,13648
1985921615,13649
1985950524,13650
1986159983,13651
1986159986,13652
1986173807,13653
1986209169,13654
1986209171,13655
1986237235,13656
1986480613,13657
1986762293,13658
1986762297,13659
1986764712,13660
1986764714,13661
1986766892,13662
1986766893,13663
1987147646,13664
1989402785,13665
1989402786,13666
1990932253,13667
1990932255,13668
1990932256,13669
1993879935,13670
1995749872,13671
1995778980,13672
1997249754,13673
1997512754,13674
1997548871,13675
1997550602,13676
1997550603,13677
1997679808,13678
1998939933,13679
1998939934,13680
2000679592,13681
2000698623,13682
2000698625,13683
2001309126,13684
2001600368,13685
2001600370,13686
2001600372,13687
2001603738,13688
2001603740,13689
2001607601,13690
2001617203,13691
2001617212,13692
2001617214,13693
2001617217,13694
2001617220,13695
2001629643,13696
2001629645,13697
2001629646,13698
2001633056,13699
2001633293,13700
2001634949,13701
2001649832,13702
2001649833,13703
2001649837,13704
2001650024,13705
2001650025,13706
2001656452,13707
2001673583,13708
2001675370,13709
2001675372,13710
2001678897,13711
2001693144,13712
2001697872,13713
2001698976,13714
2001708884,13715
2003713057,13716
2003751502,13717
2004844603,13718
2004998034,13719
2005000445,13720
2005000449,13721
2005164613,13722
2005190169,13723
2005225836,13724
2005355985,13725
2006234003,13726
2006280943,13727
2006330266,13728
2006360799,13729
2006465758,13730
2006482095,13731
2006649634,13732
2006684161,13733
2007228629,13734
2007959387,13735
2007999666,13736
2007999668,13737
2008401732,13738
2008401737,13739
2010625379,13740
2010655360,13741
2010655361,13742
2010689776,13743
2010689778,13744
2010689791,13745
2010694872,13746
2010766289,13747
2010766291,13748
2010826495,13749
2010934955,13750
2011004223,13751
2011028203,13752
2011028204,13753
2014268282,13754
2014268297,13755
2014268322,13756
2014268327,13757
2014274642,13758
2014274654,13759
2014274655,13760
2014295974,13761
2015823787,13762
2016937202,13763
2017712547,13764
2017712551,13765
2017712552,13766
2017723305,13767
2017723307,13768
2017723311,13769
2017723313,13770
2022894441,13771
2023655450,13772
2023800573,13773
2026240546,13774
2026240582,13775
2026240587,13776
2026891941,13777
2026902237,13778
2026902252,13779
2026909371,13780
2027036046,13781
2029618105,13782
2029643046,13783
2036203275,13784
2036207977,13785
2036713195,13786
2036713202,13787
2036713205,13788
2036713206,13789
2036713208,13790
2036713209,13791
2036713210,13792
2036713211,13793
2036713212,13794
2036713213,13795
2036713215,13796
2036713216,13797
2036713217,13798
2036713218,13799
2036713219,13800
2036713220,13801
2036713225,13802
2036713228,13803
2037273659,13804
2037273689,13805
2037344353,13806
2037349125,13807
2037411947,13808
2039084761,13809
2039090087,13810
2039130597,13811
2039130599,13812
2039130600,13813
2039133061,13814
2039159921,13815
2041901687,13816
2042418670,13817
2043043205,13818
2043053278,13819
2048246042,13820
2049162917,13821
2049162923,13822
2049178436,13823
2049192227,13824
2054532654,13825
2054671646,13826
2054671648,13827
2054845333,13828
2054845334,13829
2056994553,13830
2056994570,13831
2056994592,13832
2057003332,13833
2057003344,13834
2057474470,13835
2057874803,13836
2058144610,13837
2058270720,13838
2058403447,13839
2058441658,13840
2058441660,13841
2058441666,13842
2058441668,13843
2058441670,13844
2058509640,13845
2058509643,13846
2058510830,13847
2058510843,13848
2058510850,13849
2060025644,13850
2060025645,13851
2060095588,13852
2060095597,13853
2060104002,13854
2060104019,13855
2061590910,13856
2061590916,13857
2061771531,13858
2063906242,13859
2063906243,13860
2063906244,13861
2063906246,13862
2063906247,13863
2063906251,13864
2063906252,13865
2063909667,13866
2063984709,13867
2063993629,13868
2064007987,13869
2065498985,13870
2065498989,13871
2065498992,13872
2065498998,13873
2065584312,13874
2065695320,13875
2065762243,13876
2065762247,13877
2065762249,13878
2065762250,13879
2066152986,13880
2066152991,13881
2066153031,13882
2066162864,13883
2066188288,13884
2066188293,13885
2066188295,13886
2066241113,13887
2066752391,13888
2066752401,13889
2066752403,13890
2066752411,13891
2066752425,13892
2066752442,13893
2066752454,13894
2066752479,13895
2066752517,13896
2066752521,13897
2066752526,13898
2066924367,13899
2068643909,13900
2068656771,13901
2069574530,13902
2069574533,13903
2069610470,13904
2069643416,13905
2069643419,13906
2069705715,13907
2069705717,13908
2069705718,13909
2069705721,13910
2069717330,13911
2070573818,13912
2070573821,13913
2070573825,13914
2070581765,13915
2070623326,13916
2070623330,13917
2070623331,13918
2070623335,13919
2070623340,13920
2071351854,13921
2071351855,13922
2072549509,13923
2072565702,13924
2072565706,13925
2072743693,13926
2072743696,13927
2073159888,13928
2073159890,13929
2073159892,13930
2073159898,13931
2073159900,13932
2073159901,13933
2074313940,13934
2074390714,13935
2074396394,13936
2074396396,13937
2074396398,13938
2074396400,13939
2074396402,13940
2074396403,13941
2074396404,13942
2074396405,13943
2074530002,13944
2074530004,13945
2074531103,13946
2088314640,13947
2088752360,13948
2088752374,13949
2088934687,13950
2088934689,13951
2088934692,13952
2090852607,13953
2090852626,13954
2093778399,13955
2094925634,13956
2095551246,13957
2095551249,13958
2095551263,13959
2095551270,13960
2095551274,13961
2095551303,13962
2096186959,13963
2096186975,13964
2096188199,13965
2096188204,13966
2096189246,13967
2096189248,13968
2098196537,13969
2098198696,13970
2098269443,13971
2099016286,13972
2100656710,13973
2100659475,13974
2100659477,13975
2103491787,13976
2105919998,13977
2107649192,13978
2107702155,13979
2114831508,13980
2114914283,13981
2116945930,13982
2116960588,13983
2116960593,13984
2119656419,13985
2119656421,13986
2119671142,13987
2119707660,13988
2119707665,13989
2120039582,13990
2120039584,13991
2120554689,13992
2121049837,13993
2121049838,13994
2121049839,13995
2121049840,13996
2121064158,13997
2121064944,13998
2121064945,13999
2121108113,14000
2121115441,14001
2121119119,14002
2121135484,14003
2121135527,14004
2121136249,14005
2121137027,14006
2121139600,14007
2121139601,14008
2121139602,14009
2121143103,14010
2121165231,14011
2121165237,14012
2121174185,14013
2121174189,14014
2121174191,14015
2121186183,14016
2121186187,14017
2121196076,14018
2121196102,14019
2121196107,14020
2126161482,14021
2126161483,14022
2126178377,14023
2126178379,14024
2127353818,14025
2128228041,14026
2128228043,14027
2128228044,14028
2128228049,14029
2128228055,14030
2128228062,14031
2128228064,14032
2130377575,14033
2130394837,14034
2130468030,14035
2130468031,14036
2130479936,14037
2130479942,14038
2130483407,14039
2133616647,14040
2133616673,14041
2135163355,14042
2135163368,14043
2139737525,14044
2139737558,14045
2139737559,14046
2140753940,14047
2140753941,14048
2140753942,14049
2141053289,14050
2141200778,14051
2141200784,14052
2141200790,14053
2141200794,14054
2141392187,14055
2141392220,14056
2142260004,14057
2142260083,14058
2142578382,14059
2142578386,14060
2142578389,14061
2145258641,14062
2145258647,14063
2145258648,14064
2145258652,14065
2145258656,14066
2145263182,14067
2145263208,14068
2145263209,14069
2146440262,14070
2146689223,14071
2146722421,14072
2147489986,14073
2147490333,14074
2150730957,14075
2150730958,14076
2150768396,14077
2150791737,14078
2150791738,14079
2157117304,14080
2157263946,14081
2158649266,14082
2158649328,14083
2159710757,14084
2159710758,14085
2159710760,14086
2159710763,14087
2159710764,14088
2159710766,14089
2159710768,14090
2159710769,14091
2159901100,14092
2163793874,14093
2168173206,14094
2168500328,14095
2168500333,14096
2168500339,14097
2168508167,14098
2168508168,14099
2168550078,14100
2168550082,14101
2168794277,14102
2173844455,14103
2178303124,14104
2180121340,14105
2180125444,14106
2180125446,14107
2180125450,14108
2180152168,14109
2182644918,14110
2183270346,14111
2185592667,14112
2185592670,14113
2185592672,14114
2185592691,14115
2185592694,14116
2185624257,14117
2187067964,14118
2189655814,14119
2189935161,14120
2191188941,14121
2191457930,14122
2191457936,14123
2191457939,14124
2191457941,14125
2193788907,14126
2194333312,14127
2195437256,14128
2197329097,14129
2198606598,14130
2198628025,14131
2198628027,14132
2198628032,14133
2201489404,14134
2201489415,14135
2203112364,14136
2206975596,14137
2206978421,14138
2206978422,14139
2206978427,14140
2206993291,14141
2207468419,14142
2207472816,14143
2207486132,14144
2207486133,14145
2207486134,14146
2207486135,14147
2208155795,14148
2208155802,14149
2208160647,14150
2208160649,14151
2209745449,14152
2209745459,14153
2209745466,14154
2209745487,14155
2209745488,14156
2209745505,14157
2209745508,14158
2211202725,14159
2211202727,14160
2211932987,14161
2211932989,14162
2214557105,14163
2214557108,14164
2216804211,14165
2216959377,14166
2216965403,14167
2216965405,14168
2219074504,14169
2219074517,14170
2223283824,14171
2226380205,14172
2226654767,14173
2228127381,14174
2228405986,14175
2228406040,14176
2232520437,14177
2232523712,14178
2232596888,14179
2235009408,14180
2235009413,14181
2235509440,14182
2238362032,14183
2238362033,14184
2238376795,14185
2238752289,14186
2238752305,14187
2238763332,14188
2239064731,14189
2239064741,14190
2239302946,14191
2239338458,14192
2239361574,14193
2239361575,14194
2239738204,14195
2239738214,14196
2239742526,14197
2245134016,14198
2245134025,14199
2245212668,14200
2245212670,14201
2245241840,14202
2245355247,14203
2249259135,14204
2253354333,14205
2253354334,14206
2253354343,14207
2253354345,14208
2253354358,14209
2253354360,14210
2253354371,14211
2253354441,14212
2253354455,14213
2253354467,14214
2253354468,14215
2253354476,14216
2253354517,14217
2253354588,14218
2253354604,14219
2253570935,14220
2253570937,14221
2253570938,14222
2254935536,14223
2254935541,14224
2254935547,14225
2254935562,14226
2255097723,14227
2260679289,14228
2262023602,14229
2263190502,14230
2263190503,14231
2263240493,14232
2263254592,14233
2263257461,14234
2263260711,14235
2263260712,14236
2264128032,14237
2264128033,14238
2264764853,14239
2264764855,14240
2265927734,14241
2266244946,14242
2266604976,14243
2266604995,14244
2266604998,14245
2266605004,14246
2266638041,14247
2266638045,14248
2267960802,14249
2268010674,14250
2268457275,14251
2268457294,14252
2268522495,14253
2268560143,14254
2269070555,14255
2269070559,14256
2269187418,14257
2270493779,14258
2271073393,14259
2271167560,14260
2273342874,14261
2273342876,14262
2273342946,14263
2273442466,14264
2273623665,14265
2273623666,14266
2277977760,14267
2277977779,14268
2281458378,14269
2282822082,14270
2282822086,14271
2282830593,14272
2282830595,14273
2282830601,14274
2283880800,14275
2284131158,14276
2284131186,14277
2284131332,14278
2284234340,14279
2284615210,14280
2284615212,14281
2285989217,14282
2285989220,14283
2288285318,14284
2288285319,14285
2289090235,14286
2289090236,14287
2289090237,14288
2289090238,14289
2289090239,14290
2293862769,14291
2293862772,14292
2293862773,14293
2294956115,14294
2294956117,14295
2296371504,14296
2296371510,14297
2297324213,14298
2297324217,14299
2297900788,14300
2298679929,14301
2298679934,14302
2298679943,14303
2298679951,14304
2298688753,14305
2298688754,14306
2298688755,14307
2298688756,14308
2299216601,14309
2299219471,14310
2299233737,14311
2299233738,14312
2299236359,14313
2299546900,14314
2299546902,14315
2299546904,14316
2299604374,14317
2300662109,14318
2302357554,14319
2302357559,14320
2302357561,14321
2302357562,14322
2302357563,14323
2302357564,14324
2302420493,14325
2302420498,14326
2305491554,14327
2305559308,14328
2305559316,14329
2305559320,14330
2305559332,14331
2306709286,14332
2306709289,14333
2308603918,14334
2308644081,14335
2308647528,14336
2308657570,14337
2309886964,14338
2309886975,14339
2309886986,14340
2309995937,14341
2310042389,14342
2310086223,14343
2310271259,14344
2310271261,14345
2310271262,14346
2310298298,14347
2310330591,14348
2310330593,14349
2310330595,14350
2310343287,14351
2310343289,14352
2310343290,14353
2310702766,14354
2310705087,14355
2310705089,14356
2310863254,14357
2311588204,14358
2311588293,14359
2317489113,14360
2317701922,14361
2317707649,14362
2317715525,14363
2320038756,14364
2320069110,14365
2320644186,14366
2320644187,14367
2320654621,14368
2320654622,14369
2320715108,14370
2320733731,14371
2320733738,14372
2320748326,14373
2320757435,14374
2320764768,14375
2320764769,14376
2320771821,14377
2320771822,14378
2320771823,14379
2320771824,14380
2320880203,14381
2320887427,14382
2320887432,14383
2320913786,14384
2320980653,14385
2320980665,14386
2320980747,14387
2320984832,14388
2321097764,14389
2321097765,14390
2322311427,14391
2322311428,14392
2322314819,14393
2322314827,14394
2322316877,14395
2322428819,14396
2322428820,14397
2322429153,14398
2322429154,14399
2322555736,14400
2322555738,14401
2322555740,14402
2322555744,14403
2322557930,14404
2322558470,14405
2322558857,14406
2322558858,14407
2322559431,14408
2322561119,14409
2322763781,14410
2322794680,14411
2322794764,14412
2322838484,14413
2323707016,14414
2325900649,14415
2326854946,14416
2326854948,14417
2327048220,14418
2327048227,14419
2327856651,14420
2327856653,14421
2327856654,14422
2328262161,14423
2328262490,14424
2328262502,14425
2328262590,14426
2328262654,14427
2328262674,14428
2328262807,14429
2328262821,14430
2328262959,14431
2328262978,14432
2329298899,14433
2329298900,14434
2329336964,14435
2330909606,14436
2330917597,14437
2330917604,14438
2336819045,14439
2336819047,14440
2337280391,14441
2337849311,14442
2343195995,14443
2343196003,14444
2344322995,14445
2345207728,14446
2345207731,14447
2345308128,14448
2345308202,14449
2345889591,14450
2345889595,14451
2347384205,14452
2350002893,14453
2350002894,14454
2350005281,14455
2350010893,14456
2350010898,14457
2352718188,14458
2352718189,14459
2352718190,14460
2352719305,14461
2352719306,14462
2352719307,14463
2352719308,14464
2352719310,14465
2352719313,14466
2352719314,14467
2352719315,14468
2352719316,14469
2352723811,14470
2352723813,14471
2352723816,14472
2352724725,14473
2352765541,14474
2352768006,14475
2352768007,14476
2352768008,14477
2352795711,14478
2352795714,14479
2352800587,14480
2352800589,14481
2352800964,14482
2352800983,14483
2354037539,14484
2354037541,14485
2354037546,14486
2354037552,14487
2355016310,14488
2355016313,14489
2355016317,14490
2355016318,14491
2355016319,14492
2355084764,14493
2355084782,14494
2355127015,14495
2355132842,14496
2355135231,14497
2355143577,14498
2355143579,14499
2355144506,14500
2355154734,14501
2355154735,14502
2355157420,14503
2355157423,14504
2357280810,14505
2358298915,14506
2358571368,14507
2358571386,14508
2359193896,14509
2359193900,14510
2359193903,14511
2359193906,14512
2359193907,14513
2359193909,14514
2359193917,14515
2359193920,14516
2359193921,14517
2359193923,14518
2362725433,14519
2364276289,14520
2364276296,14521
2365709800,14522
2365709835,14523
2365709916,14524
2366151182,14525
2366151191,14526
2366164558,14527
2366177569,14528
2367180361,14529
2372966024,14530
2372966027,14531
2372966038,14532
2374056182,14533
2374176519,14534
2374176533,14535
2374211865,14536
2374211867,14537
2374211868,14538
2374821362,14539
2374821376,14540
2374832783,14541
2376258865,14542
2376673760,14543
2377029285,14544
2377062591,14545
2377062595,14546
2377063944,14547
2377063983,14548
2377305087,14549
2377305089,14550
2377308242,14551
2378490715,14552
2378606509,14553
2379410915,14554
2379410917,14555
2379446583,14556
2379446584,14557
2379446587,14558
2379446589,14559
2379455833,14560
2379981927,14561
2379981929,14562
2381892411,14563
2381892412,14564
2381892416,14565
2381892425,14566
2381892430,14567
2381892434,14568
2381892443,14569
2381892448,14570
2381892453,14571
2381892455,14572
2381892456,14573
2381892457,14574
2381892460,14575
2381892461,14576
2382441190,14577
2384526985,14578
2385055117,14579
2386824420,14580
2392102995,14581
2392103179,14582
2392683739,14583
2392683740,14584
2392707841,14585
2392707842,14586
2394471553,14587
2394471556,14588
2395503275,14589
2395503276,14590
2397577645,14591
2397649896,14592
2398361338,14593
2398361350,14594
2401271478,14595
2401271482,14596
2402196563,14597
2411558283,14598
2411558284,14599
2412695095,14600
2412695106,14601
2413768355,14602
2413772307,14603
2413775004,14604
2413776519,14605
2413782481,14606
2413782484,14607
2414213664,14608
2414216965,14609
2414219680,14610
2414225277,14611
2414230066,14612
2414235960,14613
2414235963,14614
2414239282,14615
2414260485,14616
2429428881,14617
2429428882,14618
2429431313,14619
2429444057,14620
2429444058,14621
2429448575,14622
2429448581,14623
2429448582,14624
2432163887,14625
2432163889,14626
2432163894,14627
2432163896,14628
2432163899,14629
2432163903,14630
2432163910,14631
2432163914,14632
2432771308,14633
2433704809,14634
2433704821,14635
2433704833,14636
2433718375,14637
2433718376,14638
2433718377,14639
2433747523,14640
2433758373,14641
2433758377,14642
2433771146,14643
2433771149,14644
2434547060,14645
2434547072,14646
2434557113,14647
2434560257,14648
2434566736,14649
2434566738,14650
2434573228,14651
2434573235,14652
2434573421,14653
2434573423,14654
2434573954,14655
2434574990,14656
2434574994,14657
2434574995,14658
2434574996,14659
2434575000,14660
2434575001,14661
2434576309,14662
2434583846,14663
2436881170,14664
2436881174,14665
2436881177,14666
2436881182,14667
2436881183,14668
2436881185,14669
2438950556,14670
2438950568,14671
2439299792,14672
2439302986,14673
2444300427,14674
2446638481,14675
2447442143,14676
2447736340,14677
2447736494,14678
2447736498,14679
2449535663,14680
2449668099,14681
2449668102,14682
2449668104,14683
2449668110,14684
2449699807,14685
2449704670,14686
2449795601,14687
2449795603,14688
2449800962,14689
2449800964,14690
2452066899,14691
2452169477,14692
2452173619,14693
2452173671,14694
2452176722,14695
2452176726,14696
2452195929,14697
2452195930,14698
2452200513,14699
2461454803,14700
2461454808,14701
2461454810,14702
2461454812,14703
2461454818,14704
2461454822,14705
2461454825,14706
2461454828,14707
2461454832,14708
2461454844,14709
2462114116,14710
2462114117,14711
2462114118,14712
2462114119,14713
2462114131,14714
2462114134,14715
2462114145,14716
2462119678,14717
2462119681,14718
2463281852,14719
2463281896,14720
2463281900,14721
2463281957,14722
2464456927,14723
2466692569,14724
2469275647,14725
2469275664,14726
2469275700,14727
2469275708,14728
2469275724,14729
2471746847,14730
2471746848,14731
2471746850,14732
2471746865,14733
2471746869,14734
2471746870,14735
2471746871,14736
2477945258,14737
2477945274,14738
2477945275,14739
2477945290,14740
2477945336,14741
2477945408,14742
2477945426,14743
2477945428,14744
2477945495,14745
2480322567,14746
2480322750,14747
2480322831,14748
2480322838,14749
2480322845,14750
2480572187,14751
2480572210,14752
2480572213,14753
2480572221,14754
2480572537,14755
2480572663,14756
2480602708,14757
2480602739,14758
2480618927,14759
2480618930,14760
2480618938,14761
2480619087,14762
2480619267,14763
2480619271,14764
2480619284,14765
2480619297,14766
2480619400,14767
2480619444,14768
2480948198,14769
2480948200,14770
2480948203,14771
2480948205,14772
2480948208,14773
2480948217,14774
2480948219,14775
2480948232,14776
2480948236,14777
2481284258,14778
2481284260,14779
2481304174,14780
2481304176,14781
2481334856,14782
2481334858,14783
2481338683,14784
2481338684,14785
2483910425,14786
2483910434,14787
2483910445,14788
2483910450,14789
2483910452,14790
2486718139,14791
2486718143,14792
2486718145,14793
2488516411,14794
2489679276,14795
2489794342,14796
2492813769,14797
2494047253,14798
2494047329,14799
2494727938,14800
2494727939,14801
2494727940,14802
2495438579,14803
2495438581,14804
2496042901,14805
2496265898,14806
2496265912,14807
2500900722,14808
2501493175,14809
2508633379,14810
2508633386,14811
2508633921,14812
2509654039,14813
2511784110,14814
2511784112,14815
2513316130,14816
2514176619,14817
2514176621,14818
2515696044,14819
2516451994,14820
2517200987,14821
2517202040,14822
2518375001,14823
2518375002,14824
2518375006,14825
2518375009,14826
2518375010,14827
2518375011,14828
2523666665,14829
2523666674,14830
2524038965,14831
2524038967,14832
2524491542,14833
2524491545,14834
2524491546,14835
2526438018,14836
2526438020,14837
2526438021,14838
2526438025,14839
2526438027,14840
2526439480,14841
2526588447,14842
2526588449,14843
2526588455,14844
2527647426,14845
2528384950,14846
2528390291,14847
2529489531,14848
2529489535,14849
2529489539,14850
2529489546,14851
2530389423,14852
2530389426,14853
2531077566,14854
2531077567,14855
2531077568,14856
2531077569,14857
2531751675,14858
2533526781,14859
2534668384,14860
2534668385,14861
2534668386,14862
2535082690,14863
2535200574,14864
2536038213,14865
2540728310,14866
2540728311,14867
2542265916,14868
2542267906,14869
2543984038,14870
2543984043,14871
2543984048,14872
2545163259,14873
2545163260,14874
2545163262,14875
2547664205,14876
2547664214,14877
2547664216,14878
2547664218,14879
2547691572,14880
2547691575,14881
2547691577,14882
2547691578,14883
2547691579,14884
2547691584,14885
2550235707,14886
2553151199,14887
2553185709,14888
2553299509,14889
2553299511,14890
2553299515,14891
2553299517,14892
2553299519,14893
2553299521,14894
2553321758,14895
2558731981,14896
2558731983,14897
2559690048,14898
2559690050,14899
2560582838,14900
2561158553,14901
2561912917,14902
2566133437,14903
2566972009,14904
2566972016,14905
2567056782,14906
2567329877,14907
2568572841,14908
2568614486,14909
2568614489,14910
2568614491,14911
2568614492,14912
2568614495,14913
2568614499,14914
2568614502,14915
2568833778,14916
2569045883,14917
2569045884,14918
2569045886,14919
2569045888,14920
2569057464,14921
2569057468,14922
2569057476,14923
2569398821,14924
2569398822,14925
2571156533,14926
2571156534,14927
2571349749,14928
2571349752,14929
2571358646,14930
2571358648,14931
2571377260,14932
2571383033,14933
2571387785,14934
2571396072,14935
2571414404,14936
2571414405,14937
2571414406,14938
2571414407,14939
2571414408,14940
2571414410,14941
2572097454,14942
2572331233,14943
2572618780,14944
2572815896,14945
2572929844,14946
2573566877,14947
2573607016,14948
2573890637,14949
2573890641,14950
2573900712,14951
2573900714,14952
2573914987,14953
2573914988,14954
2574316336,14955
2574328740,14956
2574373755,14957
2574373756,14958
2575016408,14959
2575016410,14960
2575043203,14961
2575043207,14962
2575043208,14963
2575453849,14964
2575453850,14965
2575453851,14966
2575453852,14967
2575710940,14968
2575984346,14969
2576992220,14970
2577186200,14971
2577186202,14972
2577186218,14973
2577221409,14974
2577221411,14975
2577221412,14976
2577221413,14977
2577221414,14978
2577221415,14979
2577226928,14980
2577226929,14981
2577226933,14982
2577226935,14983
2577226937,14984
2577226939,14985
2577226941,14986
2577239145,14987
2577245222,14988
2577245223,14989
2577455857,14990
2577455859,14991
2577455860,14992
2577458878,14993
2577458880,14994
2577471419,14995
2578143035,14996
2578143036,14997
2578143037,14998
2578143039,14999
2578155652,15000
2578163257,15001
2578171033,15002
2578208462,15003
2578689818,15004
2578773209,15005
2578818213,15006
2578824764,15007
2578824765,15008
2578824770,15009
2578824771,15010
2578824772,15011
2578825761,15012
2578825768,15013
2578847527,15014
2578873339,15015
2578873344,15016
2579578510,15017
2579578511,15018
2579583393,15019
2579849246,15020
2579849256,15021
2579849590,15022
2579849662,15023
2579849663,15024
2579849694,15025
2579849703,15026
2579849706,15027
2579849752,15028
2579849762,15029
2579849765,15030
2579849774,15031
2579849785,15032
2579849809,15033
2579887449,15034
2579887454,15035
2579887455,15036
2579887459,15037
2579887463,15038
2579887471,15039
2579950937,15040
2579976805,15041
2579976809,15042
2579979406,15043
2579980400,15044
2579980401,15045
2579981443,15046
2579981462,15047
2579985101,15048
2579985102,15049
2580119519,15050
2580119526,15051
2580202483,15052
2580665373,15053
2582185254,15054
2582215528,15055
2583508294,15056
2583622017,15057
2583622020,15058
2584159466,15059
2584245594,15060
2584250565,15061
2584267037,15062
2584267042,15063
2587342344,15064
2587342345,15065
2587860279,15066
2588331305,15067
2588337087,15068
2588337088,15069
2588341345,15070
2589323048,15071
2589323052,15072
2589428519,15073
2589428521,15074
2594093088,15075
2594093090,15076
2594093092,15077
2594093097,15078
2594093110,15079
2594093122,15080
2594093270,15081
2594093285,15082
2594093310,15083
2594476317,15084
2594574405,15085
2595249495,15086
2598343641,15087
2599420497,15088
2599420499,15089
2599429727,15090
2599429729,15091
2599432325,15092
2599436452,15093
2599436554,15094
2599436555,15095
2599502917,15096
2599502918,15097
2599502921,15098
2599502934,15099
2599505444,15100
2600133998,15101
2600149034,15102
2600295421,15103
2600295439,15104
2600544043,15105
2601184414,15106
2601316090,15107
2601676385,15108
2603010422,15109
2603027179,15110
2603027183,15111
2606862282,15112
2606862285,15113
2606924065,15114
2606940956,15115
2606940964,15116
2607221125,15117
2607221128,15118
2607221130,15119
2607221135,15120
2607221137,15121
2607221139,15122
2607221140,15123
2607221997,15124
2607228360,15125
2608452657,15126
2608452662,15127
2608452664,15128
2608582546,15129
2608582548,15130
2608582552,15131
2608582553,15132
2608582555,15133
2608587405,15134
2608587406,15135
2609287371,15136
2609289408,15137
2609292634,15138
2609292635,15139
2610203224,15140
2611030984,15141
2611096983,15142
2611131911,15143
2611210164,15144
2611210165,15145
2611253101,15146
2611253110,15147
2611254925,15148
2611258935,15149
2611459344,15150
2611459345,15151
2611459349,15152
2611459355,15153
2611545421,15154
2611545422,15155
2611555638,15156
2611555642,15157
2611555649,15158
2611579637,15159
2612637894,15160
2612637906,15161
2612640092,15162
2613923420,15163
2614642361,15164
2614642380,15165
2614758173,15166
2615500755,15167
2618944869,15168
2618944870,15169
2619035686,15170
2619223326,15171
2619573053,15172
2621941784,15173
2621941790,15174
2623802086,15175
2623802313,15176
2623802314,15177
2623803223,15178
2626768458,15179
2626768489,15180
2631571620,15181
2634814268,15182
2634984096,15183
2637039620,15184
2637040359,15185
2637042795,15186
2637044015,15187
2637049759,15188
2637055830,15189
2640818128,15190
2640818129,15191
2640832649,15192
2641992292,15193
2641992299,15194
2655862565,15195
2657252020,15196
2661300463,15197
2661300472,15198
2661300497,15199
2661300506,15200
2661300545,15201
2661300564,15202
2661300602,15203
2661300606,15204
2661300642,15205
2661300684,15206
2661300806,15207
2661300813,15208
2661300887,15209
2677949958,15210
2677949959,15211
2684198002,15212
2684199893,15213
2684199899,15214
2684199900,15215
2684199902,15216
2685996991,15217
2688911387,15218
2688911393,15219
2688911431,15220
2696071013,15221
2696163693,15222
2696163694,15223
2696163702,15224
2696163720,15225
2696163721,15226
2696697651,15227
2696697652,15228
2696697653,15229
2696697654,15230
2696697655,15231
2696697657,15232
2696697658,15233
2698083034,15234
2698083036,15235
2698212128,15236
2701543221,15237
2701543766,15238
2701608065,15239
2706750763,15240
2706750765,15241
2709822439,15242
2709822443,15243
2709822512,15244
2709822516,15245
2710065011,15246
2712396742,15247
2714432486,15248
2714510245,15249
2714510246,15250
2717060668,15251
2717331111,15252
2717410755,15253
2717410756,15254
2717410757,15255
2717457083,15256
2717457085,15257
2717457087,15258
2717457089,15259
2718046191,15260
2718184533,15261
2718184537,15262
2718184539,15263
2718184549,15264
2718184558,15265
2718184564,15266
2721192166,15267
2721249215,15268
2728669478,15269
2728669833,15270
2728670099,15271
2728670333,15272
2728670339,15273
2728670364,15274
2728670378,15275
2741634256,15276
2741858221,15277
2741858243,15278
2741858267,15279
2741858379,15280
2741960145,15281
2742016786,15282
2742971683,15283
2743096447,15284
2743096455,15285
2743096457,15286
2743096459,15287
2744200321,15288
2744200329,15289
2744590970,15290
2750402158,15291
2750402161,15292
2752360115,15293
2752360118,15294
2755610063,15295
2756692709,15296
2756965885,15297
2756965888,15298
2758707174,15299
2758707188,15300
2758707189,15301
2758707216,15302
2758707217,15303
2758707219,15304
2760514521,15305
2760514529,15306
2760514538,15307
2760514540,15308
2760514545,15309
2760514547,15310
2763848225,15311
2763848228,15312
2772434776,15313
2772434777,15314
2772443358,15315
2779152074,15316
2779152078,15317
2779152081,15318
2779152084,15319
2781240557,15320
2781240559,15321
2782328049,15322
2783094625,15323
2783094650,15324
2783094654,15325
2783434227,15326
2783434315,15327
2783434340,15328
2785609776,15329
2785609830,15330
2793529879,15331
2797489302,15332
2797489305,15333
2805752759,15334
2807984842,15335
2807984861,15336
2821165968,15337
2834162156,15338
2836198128,15339
2836198129,15340
2838702266,15341
2838702268,15342
2840528063,15343
2848381190,15344
2848381192,15345
2848445370,15346
2848456284,15347
2849080804,15348
2849080808,15349
2856298995,15350
2856300406,15351
2856300413,15352
2856300417,15353
2857570909,15354
2857570911,15355
2859529314,15356
2861872556,15357
2861872584,15358
2862976440,15359
2868021703,15360
2872183072,15361
2872561058,15362
2872561064,15363
2872561066,15364
2872561068,15365
2875769628,15366
2877543643,15367
2877543645,15368
2881485576,15369
2885175336,15370
2887796745,15371
2887796747,15372
2888057034,15373
2888071732,15374
2888097907,15375
2888612609,15376
2890714515,15377
2893407057,15378
2893554108,15379
2893554109,15380
2893807014,15381
2895131122,15382
2895131124,15383
2895131125,15384
2895131126,15385
2895131127,15386
2895131128,15387
2895131129,15388
2895131130,15389
2895131133,15390
2895131134,15391
2895131136,15392
2895131137,15393
2895131140,15394
2895131142,15395
2896957244,15396
2896957266,15397
2908224563,15398
2908224594,15399
2908224595,15400
2908224599,15401
2908224600,15402
2908225604,15403
2916142870,15404
2916142873,15405
2920120285,15406
2920120288,15407
2921169134,15408
2921169144,15409
2921169150,15410
2921813302,15411
2921955093,15412
2921960507,15413
2923615658,15414
2924123463,15415
2924783955,15416
2929218902,15417
2930829061,15418
2930829062,15419
2932940809,15420
2932940825,15421
2932940828,15422
2933492219,15423
2933493765,15424
2933493766,15425
2933494966,15426
2933509282,15427
2934150168,15428
2934150171,15429
2935095020,15430
2935273856,15431
2935284913,15432
2938603533,15433
2938603534,15434
2939317460,15435
2939317465,15436
2939317471,15437
2941441388,15438
2941441389,15439
2943331706,15440
2947592067,15441
2948960778,15442
2949990662,15443
2949993277,15444
2949993278,15445
2953769033,15446
2953769034,15447
2953769039,15448
2956062659,15449
2956062660,15450
2956062661,15451
2956062662,15452
2956066797,15453
2958414909,15454
2959082715,15455
2959082723,15456
2959583884,15457
2959583885,15458
2964197591,15459
2964197592,15460
2964197598,15461
2964197600,15462
2964197610,15463
2964197611,15464
2964197616,15465
2964197618,15466
2964203636,15467
2964203641,15468
2964203642,15469
2966746011,15470
2968541442,15471
2968541443,15472
2968541444,15473
2968630732,15474
2968630834,15475
2968630842,15476
2968630852,15477
2968630857,15478
2972054269,15479
2972054270,15480
2972106492,15481
2972106494,15482
2972106495,15483
2972108593,15484
2972108594,15485
2972108596,15486
2972113897,15487
2972130245,15488
2973664825,15489
2973664828,15490
2973665165,15491
2973665184,15492
2973665185,15493
2973665211,15494
2978733680,15495
2979183547,15496
2980634253,15497
2980634256,15498
2980636553,15499
2980644408,15500
2980794320,15501
2984866815,15502
2985350822,15503
2987496901,15504
2987496902,15505
2987496905,15506
2992140239,15507
2992146673,15508
2992146683,15509
2992150153,15510
2992150156,15511
2992150157,15512
2996788498,15513
2996788499,15514
2998333696,15515
2998335357,15516
2999914528,15517
2999914529,15518
3006930090,15519
3006930091,15520
3006930092,15521
3006930093,15522
3006930094,15523
3006958736,15524
3017075180,15525
3018992015,15526
3018992016,15527
3019019999,15528
3020333964,15529
3020333966,15530
3021203652,15531
3021226118,15532
3021237181,15533
3021237183,15534
3021237184,15535
3021237193,15536
3023174276,15537
3036603432,15538
3036605135,15539
3036606451,15540
3036606452,15541
3036606457,15542
3036614093,15543
3036640215,15544
3036640216,15545
3036656602,15546
3036767818,15547
3036767819,15548
3036953801,15549
3036953803,15550
3037180303,15551
3037180305,15552
3037240466,15553
3037240467,15554
3037240474,15555
3037240475,15556
3039857254,15557
3041447931,15558
3041488804,15559
3041488805,15560
3041536277,15561
3041536278,15562
3041536279,15563
3041536280,15564
3041536281,15565
3051464867,15566
3062739192,15567
3062739204,15568
3062798729,15569
3062798933,15570
3062853169,15571
3062853173,15572
3062853180,15573
3062853193,15574
3062853201,15575
3062853227,15576
3062953497,15577
3088747166,15578
3088747167,15579
3088799397,15580
3089350229,15581
3089382544,15582
3089382545,15583
3089382546,15584
3089401032,15585
3089467564,15586
3089564071,15587
3089577317,15588
3089591309,15589
3089591313,15590
3100152002,15591
3102112757,15592
3102112761,15593
3104290330,15594
3104290331,15595
3104290332,15596
3104290333,15597
3104290334,15598
3104290335,15599
3104290336,15600
3104290337,15601
3104301219,15602
3104301221,15603
3104509058,15604
3105086130,15605
3105086132,15606
3105099753,15607
3105099775,15608
3105099776,15609
3105099778,15610
3105126081,15611
3105126085,15612
3105126086,15613
3105126088,15614
3105483113,15615
3107017975,15616
3107104509,15617
3107951545,15618
3107951548,15619
3107966231,15620
3107966234,15621
3107988414,15622
3108068710,15623
3108202503,15624
3109336087,15625
3110217385,15626
3110217386,15627
3113508517,15628
3121984290,15629
3128087588,15630
3136420190,15631
3136457283,15632
3136457285,15633
3136461100,15634
3136659159,15635
3137212822,15636
3137212824,15637
3137213832,15638
3140600200,15639
3140600201,15640
3140600207,15641
3140600208,15642
3142122339,15643
3142249165,15644
3142249167,15645
3143511190,15646
3143511191,15647
3143581847,15648
3143581852,15649
3144265186,15650
3144265187,15651
3144265189,15652
3147172305,15653
3148116248,15654
3150261774,15655
3150261775,15656
3150484081,15657
3150484089,15658
3150484092,15659
3152019542,15660
3157163352,15661
3157163356,15662
3157674067,15663
3157674068,15664
3157674069,15665
3157678714,15666
3157997385,15667
3158014528,15668
3158137735,15669
3160105628,15670
3168118261,15671
3168118262,15672
3168118263,15673
3168118267,15674
3168118268,15675
3168118270,15676
3170064009,15677
3170812418,15678
3170812427,15679
3170823998,15680
3170823999,15681
3170842948,15682
3170877310,15683
3170877311,15684
3170986206,15685
3171164969,15686
3171164973,15687
3171181571,15688
3185389164,15689
3185389167,15690
3185389168,15691
3200721001,15692
3206605959,15693
3206606261,15694
3207081041,15695
3207086696,15696
3208212958,15697
3208215164,15698
3208887896,15699
3212345438,15700
3212345441,15701
3213685397,15702
3214750327,15703
3215616565,15704
3215616567,15705
3215616568,15706
3215616569,15707
3220009518,15708
3220130668,15709
3220376678,15710
3220453662,15711
3225548149,15712
3226575953,15713
3226578224,15714
3226578248,15715
3226578921,15716
3226578923,15717
3226578925,15718
3226578927,15719
3226578929,15720
3226578988,15721
3226579001,15722
3226579010,15723
3226579016,15724
3226579017,15725
3226587651,15726
3228005867,15727
3228061962,15728
3228061976,15729
3228308732,15730
3228321687,15731
3228321696,15732
3228321699,15733
3228328182,15734
3228338695,15735
3229404010,15736
3229404012,15737
3229418810,15738
3229617247,15739
3229631272,15740
3231402080,15741
3231513964,15742
3231513971,15743
3236266759,15744
3236266869,15745
3236319363,15746
3236319366,15747
3236319367,15748
3236319368,15749
3236319369,15750
3236325323,15751
3236586470,15752
3236586471,15753
3237256230,15754
3237737247,15755
3237737249,15756
3237737255,15757
3237788507,15758
3237788508,15759
3237788509,15760
3237831965,15761
3237831992,15762
3237832528,15763
3237832529,15764
3237834783,15765
3237834784,15766
3237834785,15767
3239200146,15768
3239200148,15769
3239200150,15770
3239200151,15771
3239201763,15772
3239222924,15773
3239222925,15774
3239222926,15775
3239222929,15776
3239222930,15777
3239222931,15778
3239222936,15779
3239267774,15780
3239267776,15781
3239267778,15782
3239267779,15783
3239267780,15784
3239267784,15785
3239394295,15786
3239394296,15787
3240751480,15788
3240751481,15789
3240751489,15790
3242628966,15791
3242628969,15792
3243573080,15793
3243573081,15794
3243573082,15795
3243573084,15796
3243778765,15797
3244149687,15798
3244176822,15799
3244177319,15800
3244193543,15801
3244222864,15802
3244660555,15803
3244660556,15804
3244660557,15805
3245425186,15806
3245429409,15807
3245792212,15808
3245806418,15809
3245813358,15810
3245828198,15811
3245832262,15812
3245838706,15813
3245848686,15814
3245848687,15815
3256303866,15816
3256363287,15817
3256380740,15818
3256380741,15819
3256380742,15820
3266925165,15821
3267034654,15822
3267158670,15823
3267161363,15824
3267205395,15825
3267205396,15826
3267205398,15827
3267309672,15828
3267315167,15829
3267344901,15830
3270448507,15831
3274412307,15832
3274412313,15833
3274448097,15834
3274808132,15835
3276697071,15836
3276697073,15837
3287401902,15838
3287401913,15839
3296536953,15840
3296965864,15841
3297088640,15842
3297088641,15843
3299174949,15844
3304194106,15845
3304314987,15846
3304329873,15847
3304329874,15848
3304897166,15849
3304897708,15850
3305467774,15851
3305467775,15852
3305475103,15853
3305475104,15854
3307348020,15855
3307348022,15856
3307348023,15857
3307348024,15858
3307348026,15859
3307348032,15860
3307348043,15861
3307348047,15862
3307348060,15863
3307348377,15864
3307348383,15865
3307348386,15866
3307348387,15867
3311953751,15868
3311953755,15869
3311953758,15870
3311957409,15871
3311957411,15872
3311963956,15873
3318697422,15874
3318856213,15875
3318856216,15876
3318856219,15877
3318856222,15878
3318856223,15879
3318943761,15880
3318943766,15881
3318943782,15882
3318943783,15883
3318943784,15884
3318943785,15885
3318943786,15886
3318948970,15887
3320763442,15888
3320779433,15889
3320779434,15890
3320779435,15891
3320782105,15892
3320790950,15893
3322954222,15894
3322957257,15895
3324942770,15896
3324942771,15897
3324942775,15898
3324942780,15899
3324942781,15900
3324942782,15901
3325497166,15902
3334923998,15903
3344733512,15904
3345415462,15905
3345415464,15906
3345424894,15907
3345424908,15908
3345424909,15909
3345428435,15910
3345428437,15911
3345428439,15912
3345516899,15913
3345516901,15914
3345516904,15915
3345516913,15916
3345516916,15917
3345519493,15918
3345519495,15919
3347409209,15920
3347450062,15921
3353476925,15922
3353476927,15923
3353476930,15924
3353476947,15925
3353476948,15926
3353497710,15927
3353498834,15928
3353498836,15929
3353498837,15930
3353498838,15931
3355795703,15932
3356661914,15933
3356899182,15934
3356899183,15935
3356899184,15936
3356899185,15937
3356899186,15938
3357675436,15939
3357703727,15940
3357703732,15941
3359514545,15942
3361615541,15943
3361615543,15944
3361625840,15945
3362417188,15946
3377715143,15947
3380954156,15948
3382716956,15949
3382732505,15950
3382832041,15951
3385197191,15952
3385637607,15953
3385637612,15954
3385823025,15955
3385823030,15956
3387697682,15957
3393460718,15958
3393492634,15959
3393667590,15960
3393667902,15961
3394907067,15962
3394907068,15963
3399657534,15964
3399657535,15965
3415520781,15966
3416416180,15967
3417789781,15968
3419165934,15969
3419165938,15970
3419165942,15971
3422148814,15972
3422148825,15973
3423757625,15974
3428245514,15975
3431817180,15976
3431817181,15977
3432089762,15978
3432119020,15979
3432119021,15980
3435410450,15981
3441821224,15982
3441821228,15983
3442358911,15984
3444426179,15985
3444426185,15986
3447415304,15987
3448971800,15988
3455397057,15989
3457831244,15990
3458859462,15991
3460226905,15992
3461121257,15993
3461128031,15994
3461136093,15995
3461136096,15996
3461396755,15997
3461396756,15998
3465537447,15999
3465670888,16000
3476363423,16001
3476376333,16002
3476376335,16003
3476376336,16004
3476390394,16005
3476390395,16006
3476390399,16007
3480132405,16008
3486279044,16009
3486279045,16010
3486279048,16011
3486279049,16012
3486279050,16013
3486279051,16014
3486279054,16015
3486279055,16016
3486279058,16017
3486279059,16018
3486279060,16019
3486279062,16020
3486279063,16021
3487612743,16022
3494551686,16023
3499953026,16024
3499953030,16025
3499953031,16026
3499953032,16027
3499998393,16028
3499998394,16029
3500059665,16030
3500059666,16031
3500807875,16032
3500807880,16033
3500807882,16034
3504831462,16035
3504831463,16036
3504831464,16037
3504831470,16038
3504831473,16039
3504831474,16040
3504831481,16041
3504831484,16042
3505225292,16043
3505226103,16044
3505226104,16045
3505226105,16046
3505226107,16047
3506646637,16048
3506646638,16049
3506649673,16050
3506676354,16051
3506676355,16052
3507321486,16053
3507542017,16054
3507542018,16055
3508971693,16056
3518268478,16057
3518275965,16058
3518275966,16059
3518348707,16060
3518391378,16061
3518391381,16062
3518409327,16063
3518409501,16064
3518422509,16065
3518422510,16066
3518424706,16067
3523946479,16068
3525679643,16069
3527803198,16070
3527820988,16071
3529915070,16072
3529915086,16073
3529915088,16074
3529917596,16075
3530258694,16076
3531323207,16077
3531323212,16078
3531323213,16079
3531396798,16080
3531407112,16081
3532900187,16082
3532903615,16083
3533105763,16084
3533118184,16085
3533145758,16086
3533145786,16087
3533145787,16088
3533557684,16089
3533579577,16090
3535735229,16091
3535735292,16092
3538796149,16093
3542144026,16094
3542320641,16095
3542320649,16096
3542320652,16097
3542403558,16098
3545090002,16099
3545811332,16100
3551914002,16101
3551971605,16102
3553327784,16103
3555406981,16104
3555406984,16105
3555448423,16106
3557801885,16107
3557807527,16108
3563261998,16109
3563262003,16110
3563262007,16111
3563262019,16112
3563324409,16113
3563324410,16114
3563324415,16115
3564234997,16116
3577031517,16117
3577031518,16118
3577034837,16119
3577034842,16120
3591761235,16121
3591761240,16122
3599907324,16123
3600989742,16124
3600989744,16125
3601762611,16126
3604378830,16127
3606661812,16128
3616739726,16129
3616799917,16130
3616799918,16131
3626354020,16132
3630716248,16133
3630716255,16134
3630716262,16135
3630716278,16136
3630716279,16137
3630716282,16138
3630716283,16139
3630716286,16140
3630716290,16141
3630833898,16142
3630833905,16143
3633025909,16144
3633025910,16145
3637810832,16146
3637811034,16147
3637811035,16148
3637811062,16149
3637811065,16150
3637811066,16151
3637811172,16152
3639685288,16153
3641870099,16154
3645231381,16155
3645268395,16156
3646253028,16157
3646253029,16158
3646660591,16159
3649619193,16160
3649619194,16161
3651465845,16162
3655201286,16163
3655201301,16164
3655201322,16165
3656925583,16166
3657805081,16167
3657999237,16168
3658002763,16169
3658002764,16170
3658002765,16171
3658530531,16172
3659780495,16173
3659781131,16174
3662584770,16175
3662584771,16176
3662584773,16177
3664403876,16178
3664803450,16179
3664807525,16180
3664807527,16181
3664813444,16182
3664813445,16183
3665935158,16184
3666492543,16185
3666792518,16186
3666792519,16187
3667080627,16188
3667505672,16189
3668165795,16190
3672453071,16191
3674834463,16192
3674834465,16193
3674884883,16194
3674884885,16195
3674936626,16196
3676085811,16197
3676085814,16198
3676085815,16199
3676150358,16200
3676150359,16201
3676150668,16202
3678726544,16203
3679559144,16204
3679559145,16205
3682702873,16206
3684506207,16207
3684775455,16208
3684775458,16209
3684777817,16210
3684777818,16211
3685910370,16212
3694047846,16213
3696062393,16214
3696416869,16215
3696427830,16216
3700623430,16217
3700989776,16218
3704616934,16219
3714869004,16220
3714869005,16221
3716040069,16222
3716066124,16223
3716478853,16224
3716478854,16225
3727502807,16226
3727502808,16227
3727502810,16228
3727502811,16229
3727766329,16230
3740445396,16231
3741587790,16232
3741594716,16233
3741594717,16234
3741594720,16235
3746354129,16236
3746416251,16237
3747954341,16238
3748761844,16239
3748761866,16240
3748836335,16241
3751336762,16242
3760364739,16243
3760364742,16244
3760530568,16245
3760541700,16246
3760541701,16247
3760545561,16248
3760688279,16249
3760688281,16250
3760688282,16251
3760688283,16252
3760688284,16253
3760688285,16254
3760688286,16255
3760688287,16256
3760688290,16257
3761768603,16258
3766974470,16259
3768671792,16260
3768671797,16261
3768739136,16262
3768739138,16263
3768739140,16264
3768739154,16265
3768739162,16266
3768739176,16267
3769511283,16268
3769511287,16269
3769511288,16270
3780110776,16271
3780110777,16272
3780110779,16273
3781466032,16274
3781472273,16275
3789373398,16276
3789373399,16277
3791078083,16278
3802218850,16279
3802288793,16280
3802288794,16281
3802428177,16282
3802428243,16283
3802428246,16284
3807406203,16285
3807481990,16286
3812570099,16287
3824697212,16288
3827619037,16289
3827667167,16290
3829811207,16291
3829928040,16292
3834013506,16293
3834013507,16294
3834013509,16295
3839668158,16296
3839668159,16297
3839783097,16298
3839783101,16299
3839783104,16300
3839783108,16301
3839783115,16302
3839783117,16303
3839783119,16304
3842351073,16305
3842501019,16306
3842501024,16307
3842506689,16308
3842506690,16309
3842506693,16310
3846404416,16311
3846404419,16312
3846404424,16313
3846445650,16314
3846451561,16315
3846451562,16316
3846551734,16317
3846552078,16318
3847032368,16319
3851748775,16320
3852620195,16321
3854034151,16322
3854034156,16323
3860877548,16324
3860877555,16325
3862353125,16326
3862353129,16327
3862400825,16328
3862403693,16329
3862511699,16330
3862580883,16331
3864597262,16332
3864598522,16333
3865807913,16334
3865815839,16335
3869214912,16336
3869214916,16337
3870544239,16338
3870544246,16339
3870544272,16340
3874821352,16341
3874821356,16342
3875307492,16343
3875307497,16344
3884838205,16345
3884838439,16346
3885109071,16347
3885355217,16348
3885357416,16349
3889064892,16350
3889064895,16351
3890024166,16352
3891403029,16353
3891403031,16354
3891403033,16355
3891403034,16356
3891437194,16357
3891437201,16358
3891437204,16359
3891438219,16360
3891438221,16361
3891591962,16362
3891591963,16363
3891591964,16364
3891591968,16365
3891591971,16366
3891591972,16367
3891658475,16368
3891658477,16369
3893087759,16370
3897879697,16371
3897956958,16372
3897956960,16373
3898526615,16374
3898696926,16375
3898707387,16376
3903537535,16377
3903538959,16378
3904068073,16379
3904068077,16380
3907122312,16381
3907122314,16382
3907142908,16383
3908202954,16384
3908202956,16385
3913711604,16386
3913711609,16387
3914281074,16388
3915107904,16389
3915107912,16390
3915133661,16391
3915133672,16392
3918633255,16393
3920172003,16394
3920303003,16395
3920643913,16396
3920643922,16397
3920643929,16398
3920643930,16399
3920987314,16400
3922812625,16401
3924454028,16402
3925006916,16403
3933244934,16404
3933244941,16405
3933244942,16406
3943576524,16407
3943577781,16408
3951582269,16409
3951582275,16410
3951582279,16411
3951582290,16412
3951582302,16413
3958563492,16414
3961389927,16415
3961436532,16416
3961436534,16417
3963539108,16418
3978537057,16419
3978537058,16420
3979254365,16421
3982563964,16422
3982563965,16423
3984920099,16424
3988877357,16425
3988877362,16426
3991372614,16427
3991372619,16428
3991708295,16429
3991708297,16430
3991872376,16431
3991872377,16432
3991879059,16433
3991971538,16434
3991996251,16435
3991997103,16436
3991997104,16437
3991997105,16438
3994186283,16439
3994186293,16440
3994186295,16441
3994186300,16442
3994186304,16443
3994186305,16444
3994186307,16445
3994186312,16446
3994186313,16447
3994186314,16448
3994186315,16449
3994186316,16450
3994211046,16451
3994230790,16452
4004003094,16453
4004003096,16454
4004003097,16455
4004003098,16456
4004021022,16457
4004137575,16458
4004819973,16459
4006221474,16460
4009886051,16461
4009886052,16462
4012447439,16463
4012447444,16464
4016805620,16465
4016805624,16466
4016805627,16467
4016805628,16468
4016805629,16469
4016805632,16470
4016805635,16471
4017003161,16472
4021455471,16473
4022463235,16474
4022640071,16475
4027736764,16476
4028038321,16477
4028038332,16478
4028059347,16479
4028063812,16480
4028063931,16481
4032403100,16482
4032407034,16483
4032964528,16484
4032964530,16485
4032964533,16486
4032964534,16487
4032964535,16488
4032964536,16489
4032964542,16490
4032964543,16491
4032964546,16492
4033074471,16493
4033076264,16494
4033086217,16495
4033086218,16496
4033091715,16497
4033091718,16498
4033096262,16499
4033106489,16500
4033114728,16501
4033133153,16502
4034328967,16503
4034405133,16504
4034419961,16505
4034775431,16506
4034775432,16507
4034869549,16508
4034869550,16509
4036276692,16510
4036276693,16511
4036276705,16512
4036602946,16513
4036602947,16514
4036641199,16515
4037866879,16516
4037868908,16517
4037945178,16518
4037945179,16519
4037945183,16520
4037945187,16521
4037946290,16522
4038495186,16523
4038495188,16524
4038495756,16525
4039748079,16526
4039824993,16527
4039853816,16528
4039853817,16529
4039853838,16530
4039854304,16531
4039854307,16532
4039854308,16533
4039854309,16534
4039854314,16535
4039854315,16536
4039854316,16537
4039854319,16538
4044436090,16539
4044436110,16540
4045819972,16541
4045819975,16542
4045819976,16543
4045819980,16544
4045819984,16545
4045819987,16546
4045819988,16547
4045820189,16548
4050552919,16549
4050552941,16550
4050552944,16551
4050552948,16552
4050601101,16553
4050601102,16554
4050616505,16555
4054829290,16556
4054829294,16557
4056509060,16558
4057815973,16559
4057860765,16560
4057908485,16561
4057908488,16562
4057910989,16563
4057919734,16564
4058150020,16565
4058157212,16566
4058157213,16567
4058157214,16568
4058157215,16569
4058157216,16570
4058962997,16571
4066975295,16572
4069198942,16573
4069198946,16574
4069198949,16575
4069198954,16576
4069198958,16577
4069198961,16578
4069198963,16579
4069198965,16580
4069198966,16581
4075174143,16582
4075174144,16583
4079299034,16584
4079299036,16585
4079299037,16586
4079299043,16587
4086940876,16588
4086940879,16589
4086940881,16590
4086974375,16591
4086974381,16592
4098871779,16593
4100733273,16594
4100733278,16595
4105864576,16596
4109405274,16597
4109405275,16598
4109405285,16599
4109461621,16600
4109461623,16601
4109461627,16602
4109461628,16603
4111118170,16604
4111572393,16605
4115798509,16606
4127111797,16607
4128477789,16608
4128477790,16609
4128477791,16610
4128513071,16611
4136719707,16612
4136856309,16613
4136856310,16614
4140043991,16615
4140698413,16616
4148523263,16617
4150108089,16618
4150108090,16619
4150108097,16620
4150108098,16621
4150124325,16622
4150217422,16623
4150217423,16624
4156364045,16625
4166010773,16626
4166010774,16627
4166010775,16628
4166010776,16629
4166010778,16630
4166029189,16631
4166029190,16632
4166029191,16633
4166029192,16634
4166029193,16635
4166029195,16636
4179306498,16637
4179306503,16638
4185542705,16639
4186830372,16640
4188992122,16641
4188992126,16642
4189001312,16643
4189843811,16644
4189843813,16645
4190665184,16646
4200309106,16647
4200411770,16648
4200572634,16649
4200981033,16650
4204983517,16651
4204984762,16652
4204984918,16653
4204984998,16654
4208075977,16655
4208075978,16656
4208076500,16657
4209504491,16658
4209647744,16659
4209682848,16660
4209682851,16661
4209723871,16662
4212230872,16663
4213508931,16664
4213508934,16665
4213618290,16666
4213651961,16667
4213693383,16668
4217642232,16669
4222618237,16670
4222705081,16671
4222705082,16672
4234218091,16673
4236397162,16674
4238374190,16675
4238379389,16676
4238379395,16677
4244013710,16678
4246599693,16679
4246599705,16680
4246599731,16681
4246599732,16682
4246599738,16683
4246599751,16684
4246599755,16685
4246599758,16686
4246601705,16687
4246601708,16688
4246601714,16689
4246601732,16690
4246601753,16691
4249204148,16692
4249204151,16693
4259341594,16694
4259341603,16695
4263340267,16696
4265207725,16697
4265207740,16698
4265207746,16699
4265207749,16700
4265207756,16701
4265207759,16702
4266510143,16703
4274075705,16704
4281976489,16705
4281976491,16706
4281976542,16707
4281976546,16708
4281976727,16709
4281976751,16710
4281976755,16711
4281976757,16712
4281976758,16713
4281976769,16714
4281976776,16715
4281976782,16716
4281976792,16717
4284959574,16718
4298753758,16719
4298753768,16720
4305741919,16721
4305752232,16722
4305818346,16723
4305827262,16724
4305841192,16725
4311213719,16726
4311213725,16727
4311213733,16728
4311216179,16729
4311216182,16730
4316692413,16731
4316692414,16732
4316704911,16733
4316704912,16734
4316704913,16735
4316707820,16736
4316977939,16737
4317665126,16738
4318828207,16739
4318828212,16740
4324026086,16741
4324026087,16742
4331368043,16743
4335919512,16744
4339744868,16745
4339744869,16746
4349125795,16747
4363699374,16748
4365316779,16749
4369754451,16750
4375277040,16751
4375277041,16752
4375277042,16753
4375277044,16754
4381928003,16755
4381928005,16756
4383087192,16757
4387071896,16758
4387071898,16759
4388254468,16760
4392507362,16761
4392507365,16762
4392507371,16763
4392507374,16764
4392507380,16765
4392519569,16766
4392519575,16767
4392550612,16768
4392640091,16769
4392685738,16770
4392751226,16771
4395764560,16772
4395764561,16773
4395774838,16774
4395791257,16775
4395791258,16776
4395793378,16777
4395795574,16778
4398059323,16779
4398059329,16780
4398059333,16781
4398218667,16782
4400278230,16783
4400279432,16784
4400279435,16785
4400279439,16786
4404950439,16787
4404950442,16788
4408460085,16789
4408467207,16790
4408467208,16791
4408467210,16792
4408467212,16793
4408487765,16794
4408500306,16795
4408574929,16796
4408626508,16797
4408626510,16798
4408631678,16799
4409329704,16800
4409330026,16801
4409330027,16802
4410275603,16803
4410523873,16804
4410523886,16805
4410524190,16806
4410542072,16807
4410542074,16808
4410542079,16809
4415518384,16810
4415518385,16811
4435766562,16812
4435766694,16813
4435766710,16814
4437952578,16815
4438763530,16816
4441400790,16817
4447131092,16818
4447131093,16819
4450211540,16820
4450623116,16821
4450623119,16822
4460162044,16823
4460167362,16824
4460512897,16825
4460525009,16826
4468331839,16827
4468395217,16828
4468395218,16829
4468653238,16830
4468653239,16831
4468653246,16832
4470512655,16833
4470512656,16834
4471090975,16835
4471111271,16836
4471125662,16837
4474304200,16838
4477452190,16839
4477452191,16840
4477452192,16841
4477452193,16842
4477452195,16843
4477452198,16844
4480429790,16845
4480800599,16846
4480800601,16847
4482292795,16848
4482292797,16849
4482292803,16850
4482316113,16851
4484167142,16852
4484167143,16853
4484201437,16854
4484201984,16855
4484202390,16856
4484217892,16857
4484217894,16858
4487353494,16859
4493282084,16860
4501557105,16861
4502202814,16862
4505149916,16863
4508616979,16864
4510880397,16865
4510880399,16866
4510880400,16867
4512904373,16868
4512908712,16869
4512918287,16870
4512918288,16871
4523656112,16872
4524980140,16873
4525032119,16874
4525032120,16875
4525221102,16876
4525237649,16877
4525239062,16878
4525243949,16879
4525243954,16880
4527155696,16881
4527155697,16882
4527155698,16883
4527155699,16884
4527155722,16885
4527155725,16886
4527184454,16887
4527197987,16888
4527197988,16889
4527198190,16890
4527310853,16891
4538536921,16892
4538619417,16893
4538619420,16894
4540270901,16895
4540270902,16896
4540270907,16897
4540283834,16898
4547007770,16899
4547007771,16900
4547007772,16901
4547007773,16902
4547007774,16903
4547115838,16904
4547148679,16905
4547148680,16906
4547890928,16907
4547890929,16908
4547908485,16909
4547908488,16910
4547912359,16911
4547915241,16912
4547939778,16913
4547939779,16914
4547939780,16915
4547939781,16916
4549288800,16917
4549288828,16918
4549288836,16919
4549288837,16920
4549288863,16921
4549288870,16922
4550884963,16923
4550884964,16924
4551007160,16925
4551073553,16926
4551073555,16927
4556221803,16928
4557783926,16929
4557783927,16930
4558291781,16931
4558291783,16932
4558291784,16933
4561606193,16934
4561606194,16935
4561664468,16936
4561664469,16937
4561680542,16938
4561680552,16939
4561680554,16940
4565358893,16941
4565358894,16942
4565358895,16943
4566982450,16944
4567038901,16945
4567038903,16946
4567153142,16947
4567153143,16948
4567186937,16949
4567186939,16950
4567436782,16951
4567449106,16952
4567484853,16953
4567484854,16954
4569284023,16955
4570533941,16956
4571904209,16957
4586935111,16958
4586935121,16959
4586935124,16960
4592872977,16961
4596553898,16962
4607694939,16963
4607694940,16964
4608830413,16965
4608830414,16966
4608854090,16967
4609322847,16968
4609331031,16969
4609411770,16970
4609437882,16971
4609437883,16972
4609437886,16973
4609442870,16974
4609442872,16975
4609565788,16976
4609580187,16977
4609580188,16978
4615037783,16979
4615037785,16980
4616997830,16981
4617419534,16982
4617419537,16983
4617419541,16984
4619030206,16985
4619030207,16986
4619207331,16987
4619207332,16988
4620526562,16989
4621496653,16990
4621496655,16991
4621712002,16992
4621712011,16993
4621724332,16994
4622593924,16995
4622608646,16996
4622608647,16997
4622609033,16998
4623486200,16999
4623486228,17000
4624002134,17001
4624047066,17002
4632387816,17003
4632387817,17004
4632387820,17005
4632520108,17006
4632520109,17007
4632520110,17008
4632520111,17009
4632520112,17010
4632520114,17011
4632596610,17012
4632906661,17013
4632964326,17014
4632964328,17015
4632964335,17016
4632964336,17017
4632964337,17018
4633259409,17019
4649990992,17020
4657289412,17021
4657289414,17022
4662932231,17023
4663223763,17024
4673406524,17025
4686110494,17026
4687757174,17027
4687786212,17028
4689385620,17029
4689424440,17030
4689424441,17031
4694107973,17032
4694107975,17033
4694107976,17034
4700189712,17035
4700189713,17036
4700189716,17037
4705492624,17038
4706572248,17039
4706572252,17040
4706572253,17041
4706572254,17042
4706572255,17043
4706572257,17044
4706581589,17045
4707268166,17046
4707268169,17047
4709020765,17048
4709020768,17049
4725246968,17050
4742696984,17051
4748925404,17052
4749624201,17053
4755862866,17054
4755898652,17055
4755898659,17056
4755898660,17057
4755898662,17058
4755898663,17059
4755898664,17060
4755898666,17061
4763933860,17062
4763933861,17063
4769316352,17064
4769316353,17065
4769339058,17066
4769339071,17067
4778878132,17068
4778878162,17069
4778878180,17070
4778878213,17071
4778878246,17072
4780722306,17073
4780722308,17074
4784748880,17075
4784748881,17076
4791165946,17077
4808274349,17078
4809631423,17079
4809631424,17080
4809631425,17081
4813527557,17082
4836274238,17083
4861989040,17084
4861989041,17085
4861989042,17086
4863567161,17087
4881211886,17088
4881553353,17089
4881735034,17090
4881735049,17091
4882322481,17092
4882322483,17093
4882322484,17094
4882322485,17095
4882322487,17096
4885853864,17097
4890135930,17098
4890507091,17099
4890563106,17100
4890563108,17101
4890563109,17102
4890563110,17103
4890563114,17104
4890563115,17105
4890563116,17106
4890717286,17107
4890717287,17108
4890745495,17109
4890745500,17110
4895476633,17111
4895483490,17112
4899109091,17113
4899109092,17114
4899268196,17115
4899268198,17116
4899268213,17117
4905601533,17118
4905601543,17119
4905653167,17120
4909196410,17121
4909196414,17122
4909196417,17123
4909196948,17124
4909196989,17125
4916007203,17126
4916007207,17127
4916007208,17128
4917540830,17129
4919176148,17130
4921120970,17131
4921679200,17132
4921817869,17133
4921835337,17134
4932215335,17135
4932215406,17136
4932215408,17137
4932215417,17138
4932239844,17139
4941502830,17140
4941502831,17141
4943726378,17142
4953736040,17143
4953736045,17144
4962714026,17145
5002967892,17146
5005315965,17147
5031055164,17148
5040206539,17149
5040465952,17150
5040466008,17151
5058048709,17152
5060091782,17153
5060715325,17154
5060896303,17155
5064237408,17156
5080799826,17157
5080799829,17158
5080799831,17159
5086837418,17160
5086837420,17161
5087841012,17162
5089744196,17163
5100161215,17164
5100161216,17165
5100186133,17166
5100468657,17167
5101532602,17168
5101532615,17169
5101532652,17170
5101532653,17171
5106172586,17172
5106172592,17173
5106174292,17174
5107472393,17175
5109331992,17176
5109331997,17177
5120084945,17178
5122907087,17179
5122907088,17180
5122907089,17181
5137131250,17182
5137406868,17183
5150101593,17184
5150101599,17185
5153238170,17186
5153238172,17187
5153252260,17188
5153252261,17189
5155103164,17190
5155899263,17191
5156073486,17192
5157559167,17193
5159672936,17194
5180904547,17195
5180904551,17196
5188059314,17197
5189354539,17198
5218685539,17199
5222866976,17200
5222866977,17201
5231499104,17202
5231499107,17203
5231509361,17204
5240215890,17205
5240215891,17206
5246220897,17207
5246220898,17208
5246265821,17209
5246836079,17210
5246836081,17211
5246836084,17212
5246844342,17213
5246870532,17214
5246870534,17215
5248359205,17216
5248359207,17217
5248359216,17218
5248391353,17219
5248391354,17220
5248429537,17221
5249379160,17222
5249379161,17223
5249379162,17224
5256250266,17225
5256250269,17226
5256382595,17227
5256382599,17228
5256445146,17229
5256445150,17230
5256445151,17231
5256445158,17232
5256445161,17233
5256445163,17234
5256482319,17235
5256482921,17236
5256482924,17237
5256495264,17238
5260432818,17239
5264397899,17240
5264397905,17241
5264397906,17242
5264397907,17243
5264485162,17244
5264485169,17245
5272807613,17246
5273244797,17247
5275741001,17248
5275741002,17249
5275833145,17250
5277578893,17251
5277578894,17252
5277578896,17253
5277578897,17254
5285638807,17255
5285685836,17256
5293332637,17257
5293332641,17258
5293332642,17259
5293332643,17260
5294051536,17261
5294183131,17262
5294183138,17263
5294269817,17264
5294453944,17265
5294482512,17266
5294807453,17267
5294807456,17268
5296661594,17269
5296661597,17270
5296661604,17271
5296661605,17272
5298386605,17273
5298386606,17274
5298386607,17275
5298386614,17276
5305357966,17277
5312301300,17278
5316355360,17279
5322584059,17280
5325628945,17281
5325628954,17282
5325628955,17283
5325628963,17284
5325997148,17285
5325997153,17286
5325997156,17287
5325997157,17288
5326010446,17289
5326010448,17290
5326110010,17291
5326110012,17292
5326110013,17293
5326110018,17294
5326112621,17295
5327120424,17296
5327120426,17297
5335759165,17298
5335759166,17299
5336800905,17300
5336822227,17301
5336896257,17302
5336896260,17303
5336987258,17304
5337225111,17305
5344728905,17306
5345611239,17307
5345641348,17308
5345641349,17309
5352282331,17310
5352282338,17311
5359438724,17312
5364409575,17313
5367538933,17314
5367538934,17315
5367538939,17316
5367538940,17317
5387069583,17318
5403539574,17319
5439831957,17320
5440968759,17321
5443913029,17322
5446624624,17323
5446624626,17324
5446624627,17325
5450354641,17326
5450587976,17327
5451166948,17328
5451166955,17329
5453689981,17330
5453762371,17331
5453762373,17332
5453762375,17333
5453762376,17334
5453762378,17335
5453762379,17336
5459073944,17337
5464075684,17338
5464406593,17339
5483244423,17340
5494273724,17341
5494617016,17342
5494617018,17343
5494617325,17344
5498604759,17345
5499308508,17346
5499308510,17347
5499648287,17348
5499648288,17349
5500378636,17350
5500378638,17351
5501238270,17352
5501238272,17353
5501987074,17354
5518036543,17355
5518131390,17356
5518256786,17357
5518256788,17358
5523485310,17359
5534345894,17360
5536677161,17361
5543947460,17362
5546389214,17363
5546407407,17364
5546407408,17365
5546407409,17366
5546479041,17367
5546479042,17368
5546479044,17369
5546479045,17370
5546479054,17371
5548827957,17372
5548919034,17373
5548919035,17374
5548919036,17375
5552018543,17376
5552018544,17377
5552118689,17378
5554930604,17379
5562736983,17380
5567499551,17381
5567499554,17382
5567622883,17383
5568283680,17384
5568292195,17385
5583125136,17386
5583991521,17387
5588363588,17388
5588363589,17389
5596943580,17390
5596943581,17391
5598184171,17392
5598184172,17393
5598184173,17394
5603023195,17395
5603023196,17396
5603023200,17397
5603054848,17398
5611134941,17399
5612174075,17400
5612352923,17401
5614098137,17402
5614098138,17403
5614098141,17404
5614098142,17405
5627534170,17406
5627534171,17407
5627534172,17408
5627534173,17409
5629380843,17410
5635888558,17411
5635888561,17412
5638175636,17413
5643137301,17414
5651265627,17415
5654692924,17416
5654692927,17417
5655762012,17418
5655762017,17419
5659640132,17420
5674439774,17421
5674439775,17422
5679030730,17423
5682827625,17424
5682827626,17425
5682827627,17426
5682827629,17427
5682827631,17428
5682827633,17429
5682827634,17430
5682827635,17431
5682827637,17432
5682827641,17433
5682827643,17434
5682827644,17435
5682827645,17436
5682827646,17437
5682827647,17438
5682827648,17439
5682827649,17440
5682827650,17441
5682827651,17442
5688791276,17443
5688791277,17444
5688791278,17445
5691363420,17446
5693655245,17447
5693733880,17448
5693774346,17449
5693774347,17450
5694268595,17451
5694268598,17452
5694268599,17453
5695877251,17454
5695877253,17455
5709549878,17456
5715728828,17457
5745096269,17458
5745545956,17459
5745546554,17460
5745879584,17461
5745879587,17462
5745904422,17463
5745906870,17464
5745906871,17465
5747663260,17466
5747744129,17467
5747749678,17468
5747796430,17469
5759262561,17470
5759262563,17471
5759314484,17472
5773016283,17473
5792990724,17474
5792990726,17475
5796670465,17476
5796986860,17477
5796986862,17478
5796991380,17479
5796991381,17480
5796994785,17481
5796994787,17482
5796995317,17483
5797090610,17484
5800545369,17485
5800545371,17486
5803637456,17487
5806886550,17488
5809152700,17489
5809152701,17490
5809152704,17491
5809180823,17492
5809180831,17493
5809180838,17494
5809180840,17495
5810627934,17496
5810627935,17497
5810627936,17498
5810627937,17499
5810751871,17500
5810751874,17501
5811610658,17502
5818014695,17503
5818030609,17504
5818030612,17505
5818030615,17506
5818030616,17507
5818030618,17508
5818030623,17509
5818030626,17510
5824026734,17511
5825322441,17512
5835050632,17513
5835050649,17514
5836900569,17515
5836900570,17516
5836900582,17517
5841904460,17518
5844621677,17519
5844621678,17520
5844621679,17521
5844621682,17522
5844621892,17523
5844776175,17524
5844784365,17525
5860226465,17526
5866303007,17527
5870694055,17528
5870694056,17529
5870962003,17530
5870962025,17531
5870962028,17532
5870962031,17533
5870999288,17534
5881559809,17535
5888807466,17536
5891699984,17537
5891700385,17538
5891710857,17539
5891710858,17540
5891716186,17541
5891716187,17542
5894825463,17543
5894825466,17544
5894926015,17545
5902445988,17546
5905892223,17547
5905952886,17548
5905952887,17549
5905952888,17550
5905976515,17551
5905976522,17552
5906075961,17553
5906085899,17554
5906085900,17555
5906085901,17556
5911240547,17557
5911240550,17558
5911300211,17559
5911300266,17560
5911300267,17561
5911300272,17562
5911300273,17563
5911300277,17564
5911300278,17565
5911482209,17566
5911482225,17567
5911482231,17568
5913730276,17569
5915584080,17570
5915584081,17571
5915593637,17572
5915814160,17573
5915814161,17574
5917892773,17575
5917892776,17576
5917913177,17577
5917913180,17578
5919924351,17579
5919960094,17580
5922328901,17581
5922368297,17582
5922373482,17583
5922373786,17584
5923621403,17585
5924137317,17586
5924577337,17587
5924577339,17588
5924577340,17589
5924577341,17590
5924577342,17591
5924577343,17592
5924577344,17593
5926564115,17594
5926564120,17595
5926572904,17596
5926572906,17597
5926635327,17598
5927244732,17599
5927244734,17600
5927453350,17601
5927453351,17602
5927453355,17603
5927453357,17604
5927453358,17605
5928694703,17606
5928694705,17607
5928694707,17608
5928723435,17609
5931361786,17610
5933567250,17611
5934043119,17612
5934043149,17613
5934166867,17614
5934166869,17615
5936218737,17616
5936218738,17617
5936218739,17618
5936222802,17619
5936701296,17620
5948501606,17621
5949212097,17622
5949212098,17623
5951106581,17624
5968670531,17625
5968670533,17626
5968670534,17627
5968670535,17628
5968670556,17629
5968670557,17630
5971628483,17631
5995424518,17632
6004767931,17633
6012918405,17634
6012918406,17635
6012918407,17636
6012918409,17637
6027045508,17638
6028383380,17639
6032363061,17640
6032363062,17641
6033910207,17642
6033910208,17643
6033924910,17644
6044505192,17645
6067523923,17646
6067523947,17647
6067523962,17648
6067523983,17649
6067524420,17650
6067524425,17651
6067524431,17652
6067524437,17653
6067524449,17654
6067524459,17655
6067524461,17656
6067524463,17657
6069511583,17658
6069511686,17659
6069511688,17660
6080593774,17661
6081728654,17662
6081728655,17663
6096373041,17664
6096388450,17665
6096388460,17666
6096388461,17667
6096462501,17668
6096462502,17669
6096462503,17670
6116116843,17671
6116132371,17672
6116134945,17673
6116135300,17674
6116150204,17675
6116150205,17676
6116153905,17677
6141158228,17678
6172746472,17679
6172747190,17680
6173466578,17681
6186802943,17682
6186802946,17683
6191728046,17684
6203072934,17685
6203170554,17686
6203170560,17687
6207438687,17688
6223337589,17689
6223337847,17690
6223338085,17691
6223338093,17692
6241413889,17693
6241413891,17694
6241413892,17695
6241807538,17696
6241807539,17697
6254078498,17698
6254078505,17699
6254078506,17700
6254078507,17701
6254078510,17702
6254078512,17703
6254078513,17704
6259480018,17705
6263654555,17706
6266506168,17707
6266506170,17708
6266506173,17709
6266506175,17710
6266523686,17711
6266576587,17712
6266920255,17713
6266920256,17714
6266937141,17715
6266955162,17716
6266955163,17717
6266955164,17718
6266964051,17719
6266964052,17720
6266964053,17721
6266964054,17722
6266967301,17723
6270908845,17724
6270908847,17725
6282887353,17726
6282887358,17727
6282887363,17728
6282887371,17729
6282888040,17730
6293407782,17731
6297374246,17732
6297389253,17733
6297389254,17734
6297389259,17735
6297628535,17736
6297653010,17737
6297922216,17738
6297922217,17739
6297922221,17740
6297922222,17741
6312491736,17742
6312513503,17743
6312513504,17744
6312513505,17745
6312513508,17746
6312649539,17747
6312649540,17748
6312649542,17749
6312649543,17750
6312774603,17751
6314665897,17752
6314665898,17753
6314719454,17754
6327873081,17755
6330174151,17756
6341589706,17757
6341614941,17758
6341614947,17759
6341626038,17760
6341688388,17761
6341688389,17762
6341688399,17763
6341688403,17764
6341710092,17765
6341710093,17766
6346148206,17767
6353344590,17768
6353344592,17769
6353344594,17770
6353344596,17771
6353344598,17772
6353960645,17773
6353984222,17774
6353984223,17775
6353984224,17776
6371184267,17777
6371257296,17778
6371257300,17779
6384347198,17780
6384347199,17781
6384347200,17782
6384347201,17783
6386638922,17784
6386638923,17785
6388618594,17786
6388618595,17787
6404114200,17788
6404114209,17789
6410801191,17790
6410808667,17791
6412558054,17792
6412558055,17793
6412668556,17794
6412668563,17795
6412668564,17796
6412668574,17797
6412723822,17798
6412723824,17799
6412723830,17800
6416664445,17801
6416664455,17802
6417009464,17803
6418526799,17804
6419084374,17805
6419084380,17806
6434172663,17807
6434172667,17808
6440171034,17809
6440171036,17810
6440220264,17811
6440308347,17812
6440798898,17813
6442002257,17814
6442002260,17815
6442002263,17816
6442008485,17817
6442485817,17818
6442485826,17819
6442485827,17820
6442485831,17821
6448341324,17822
6448464286,17823
6448464287,17824
6448464289,17825
6463164146,17826
6482468023,17827
6482468024,17828
6484038917,17829
6484070141,17830
6484070142,17831
6484070152,17832
6486800267,17833
6498180363,17834
6501703515,17835
6501703516,17836
6501703517,17837
6501703518,17838
6501703521,17839
6501703522,17840
6501703523,17841
6501703524,17842
6501703525,17843
6501703528,17844
6501703529,17845
6501703548,17846
6509375039,17847
6511365887,17848
6511365891,17849
6511444191,17850
6511444192,17851
6516449137,17852
6518963928,17853
6518963931,17854
6541397912,17855
6541397916,17856
6541397920,17857
6543173128,17858
6543173129,17859
6543173131,17860
6547600150,17861
6548968481,17862
6556166853,17863
6556166855,17864
6556166857,17865
6556166859,17866
6556166865,17867
6556166866,17868
6556166868,17869
6556166870,17870
6556191205,17871
6556191208,17872
6556337039,17873
6556380866,17874
6562839302,17875
6562839303,17876
6569794528,17877
6569794549,17878
6595668390,17879
6598114424,17880
6598114425,17881
6598114428,17882
6601908647,17883
6602519486,17884
6604442443,17885
6624792053,17886
6624792054,17887
6624930306,17888
6624972869,17889
6624972871,17890
6624972873,17891
6629654135,17892
6629654140,17893
6633328943,17894
6633328945,17895
6633735697,17896
6633735702,17897
6635553700,17898
6635553708,17899
6649339625,17900
6649339626,17901
6693538155,17902
6693551037,17903
6693551039,17904
6695830275,17905
6710640760,17906
6712584835,17907
6724428850,17908
6724428851,17909
6725784582,17910
6730705468,17911
6731299214,17912
6731299216,17913
6731373426,17914
6731373434,17915
6731373435,17916
6731373436,17917
6731373437,17918
6731373439,17919
6731999224,17920
6736717914,17921
6736717917,17922
6739856462,17923
6767452182,17924
6781164553,17925
6781164554,17926
6781228241,17927
6788887029,17928
6788887030,17929
6788887031,17930
6788887032,17931
6788887034,17932
6788887052,17933
6788887060,17934
6788887061,17935
6788887080,17936
6793502337,17937
6794079294,17938
6804883438,17939
6804914393,17940
6804985345,17941
6804994178,17942
6805092619,17943
6806395686,17944
6807649024,17945
6807713514,17946
6807749261,17947
6810728220,17948
6817464601,17949
6817464607,17950
6819460957,17951
6828553726,17952
6832647485,17953
6832647486,17954
6837583242,17955
6838389013,17956
6838389025,17957
6871500474,17958
6871504572,17959
6872200189,17960
6925505640,17961
6928696061,17962
6928728829,17963
6928728830,17964
6928748409,17965
6935052880,17966
6937677049,17967
6939341821,17968
6965320614,17969
6965320615,17970
6965320627,17971
6965320628,17972
6965320629,17973
6965320630,17974
6965320638,17975
6965320639,17976
6965557679,17977
6965557682,17978
6965682583,17979
6965692690,17980
6965692691,17981
6966046093,17982
6966046102,17983
6966476247,17984
6966476250,17985
6976556406,17986
6976648552,17987
6988228118,17988
6997245132,17989
7001789045,17990
7001789077,17991
7001799807,17992
7001856049,17993
7008462613,17994
7008462625,17995
7008462627,17996
7008462628,17997
7008800137,17998
7008800162,17999
7008822277,18000
7008822278,18001
7008822279,18002
7008822284,18003
7008829185,18004
7008829186,18005
7008829187,18006
7022223568,18007
7028866014,18008
7036597583,18009
7036610085,18010
7045989192,18011
7048917892,18012
7048917893,18013
7053631750,18014
7053631753,18015
7053631756,18016
7055630477,18017
7058365163,18018
7059274546,18019
7059274547,18020
7059274549,18021
7059274551,18022
7059274552,18023
7066764080,18024
7073786264,18025
7073786267,18026
7073786272,18027
7085597309,18028
7086254557,18029
7095289410,18030
7095289413,18031
7095449076,18032
7095837448,18033
7095837459,18034
7098012730,18035
7098012736,18036
7098450978,18037
7104627239,18038
7104627243,18039
7111320036,18040
7113986190,18041
7117106087,18042
7128143037,18043
7128143038,18044
7130369387,18045
7130379144,18046
7130379146,18047
7146855298,18048
7146855301,18049
7156226782,18050
7156283688,18051
7165026038,18052
7165026039,18053
7165026046,18054
7165026049,18055
7165026052,18056
7171717080,18057
7171717082,18058
7171717084,18059
7171720185,18060
7172927061,18061
7172927062,18062
7172927063,18063
7172927068,18064
7172927070,18065
7177737475,18066
7177737476,18067
7177737479,18068
7181072391,18069
7181072396,18070
7182507740,18071
7182507743,18072
7184207695,18073
7187069479,18074
7188882363,18075
7188882365,18076
7188882366,18077
7188925337,18078
7188925341,18079
7190443502,18080
7190648801,18081
7190855326,18082
7190855327,18083
7199532405,18084
7199580140,18085
7201111126,18086
7201111127,18087
7202850020,18088
7202850021,18089
7202954075,18090
7205081600,18091
7205087531,18092
7205087532,18093
7212692622,18094
7212692626,18095
7212692628,18096
7212692629,18097
7212692631,18098
7217799023,18099
7217799024,18100
7217816929,18101
7217816932,18102
7217816933,18103
7217816935,18104
7217907545,18105
7222209981,18106
7222211074,18107
7222211078,18108
7222905500,18109
7222905501,18110
7222905503,18111
7222905505,18112
7233732606,18113
7233732616,18114
7233732626,18115
7233774200,18116
7239096688,18117
7239096694,18118
7242283758,18119
7245035118,18120
7251553231,18121
7260077753,18122
7261546080,18123
7261906124,18124
7261906125,18125
7266491494,18126
7266491496,18127
7273401355,18128
7273401356,18129
7273469412,18130
7273964039,18131
7279310827,18132
7284348553,18133
7284867372,18134
7284924788,18135
7284924795,18136
7290668205,18137
7290668212,18138
7318732314,18139
7334043244,18140
7334043247,18141
7358738255,18142
7358738257,18143
7358738258,18144
7358738262,18145
7358738263,18146
7360143105,18147
7360168500,18148
7360223649,18149
7360223650,18150
7360223651,18151
7360304921,18152
7360304922,18153
7360304923,18154
7360304924,18155
7360304926,18156
7360304927,18157
7364705844,18158
7364705851,18159
7364705853,18160
7369008280,18161
7369019362,18162
7387180853,18163
7401911794,18164
7409941392,18165
7409941395,18166
7409941398,18167
7409941399,18168
7409941401,18169
7412057832,18170
7413593209,18171
7413593211,18172
7413593240,18173
7413593241,18174
7413593242,18175
7413814303,18176
7413814305,18177
7432636764,18178
7432636769,18179
7434268022,18180
7444124121,18181
7444124124,18182
7456676467,18183
7456676468,18184
7477732104,18185
7490859811,18186
7490859812,18187
7490859815,18188
7490859816,18189
7490859818,18190
7504279861,18191
7511477422,18192
7511477423,18193
7520925642,18194
7520925646,18195
7525195555,18196
7525195556,18197
7525195557,18198
7526088856,18199
7526172426,18200
7533735879,18201
7533735880,18202
7551974708,18203
7556102693,18204
7559391752,18205
7559391753,18206
7571570870,18207
7571599242,18208
7571599245,18209
7575272657,18210
7580341887,18211
7589042256,18212
7597463850,18213
7597463852,18214
7601672741,18215
7601672742,18216
7605220277,18217
7606162547,18218
7611977760,18219
7611977761,18220
7621719280,18221
7623117857,18222
7623117872,18223
7623117874,18224
7623117877,18225
7623117878,18226
7635645189,18227
7635645190,18228
7635645191,18229
7635645192,18230
7637918994,18231
7637918995,18232
7637919002,18233
7637919004,18234
7640855943,18235
7641095528,18236
7641095529,18237
7641095530,18238
7641095531,18239
7641095532,18240
7641095534,18241
7641135930,18242
7641135934,18243
7641161102,18244
7641161104,18245
7641161108,18246
7641190706,18247
7643471201,18248
7643471203,18249
7643471204,18250
7643471205,18251
7643471207,18252
7643471209,18253
7643471211,18254
7643625947,18255
7643640064,18256
7644099302,18257
7644099303,18258
7644099307,18259
7644099321,18260
7644099333,18261
7644139890,18262
7645651596,18263
7645651597,18264
7646342239,18265
7647094406,18266
7647094408,18267
7669403437,18268
7673837160,18269
7673837163,18270
7673837169,18271
7681091103,18272
7681242501,18273
7687693233,18274
7687700722,18275
7687895849,18276
7699493265,18277
7699493267,18278
7699583624,18279
7702636290,18280
7717830849,18281
7717830850,18282
7721420159,18283
7725197483,18284
7725240627,18285
7725305835,18286
7725305841,18287
7728668842,18288
7728668849,18289
7729255168,18290
7729313736,18291
7729316522,18292
7777738554,18293
7788511450,18294
7788511452,18295
7788511462,18296
7788511465,18297
7801854143,18298
7801936620,18299
7814983887,18300
7814983889,18301
7848714255,18302
7848714259,18303
7848714260,18304
7848714264,18305
7848714265,18306
7849868484,18307
7853675559,18308
7853675560,18309
7853799421,18310
7853983749,18311
7854158563,18312
7854955721,18313
7855076450,18314
7855076453,18315
7855076454,18316
7859332342,18317
7869889894,18318
7869889906,18319
7869889907,18320
7879983981,18321
7879983983,18322
7879983984,18323
7882829945,18324
7882829960,18325
7887020891,18326
7887933829,18327
7887933830,18328
7887933831,18329
7887933836,18330
7887933837,18331
7899529681,18332
7899529682,18333
7899798703,18334
7912134942,18335
7937440872,18336
7941527406,18337
7941527408,18338
7944323591,18339
7944367518,18340
7944367521,18341
7944367522,18342
7944837239,18343
7945536926,18344
7945648141,18345
7945648144,18346
7950893296,18347
7973156536,18348
7973167881,18349
7973280908,18350
7973280913,18351
7973280914,18352
7975563962,18353
7975563963,18354
7975563964,18355
7975563965,18356
7975563966,18357
7978333450,18358
7978798959,18359
7978905412,18360
7978905413,18361
8017402117,18362
8017405973,18363
8017405974,18364
8017405975,18365
8024776354,18366
8062096460,18367
8065690373,18368
8082847135,18369
8103939308,18370
8104484578,18371
8118862679,18372
8118862682,18373
8119376497,18374
8119389549,18375
8119389550,18376
8119522565,18377
8119529400,18378
8119691474,18379
8119691479,18380
8119691483,18381
8119691484,18382
8119691485,18383
8119691486,18384
8119691487,18385
8119691488,18386
8119691489,18387
8119691490,18388
8119691491,18389
8119691492,18390
8119691493,18391
8119723601,18392
8119723602,18393
8119723603,18394
8119723604,18395
8119752385,18396
8149700522,18397
8149700524,18398
8149700527,18399
8151982546,18400
8151982553,18401
8158205862,18402
8158205876,18403
8158205877,18404
8163121110,18405
8173504886,18406
8173543632,18407
8173543635,18408
8173543637,18409
8173613974,18410
8186383464,18411
8187589323,18412
8187589356,18413
8190655315,18414
8190673817,18415
8191118763,18416
8191118765,18417
8194104340,18418
8198679693,18419
8198679694,18420
8200257144,18421
8200257149,18422
8228180729,18423
8228380838,18424
8235027001,18425
8235027002,18426
8235178056,18427
8235178057,18428
8235178058,18429
8255634665,18430
8255634670,18431
8255634672,18432
8255634673,18433
8255634679,18434
8261607896,18435
8261707547,18436
8261707557,18437
8261707558,18438
8261707559,18439
8261707560,18440
8261707561,18441
8261707562,18442
8261707563,18443
8266024936,18444
8266024950,18445
8266615310,18446
8270652921,18447
8277159739,18448
8277159745,18449
8277786333,18450
8283737640,18451
8283737641,18452
8284018025,18453
8284018030,18454
8284018031,18455
8284018039,18456
8284018043,18457
8296555632,18458
8300200814,18459
8303614010,18460
8303614011,18461
8303645027,18462
8303645030,18463
8303645033,18464
8309663611,18465
8309902896,18466
8310313279,18467
8310313280,18468
8310313281,18469
8310313284,18470
8310347804,18471
8310935776,18472
8310935781,18473
8316386747,18474
8320625367,18475
8320625370,18476
8320625371,18477
8320625372,18478
8320625376,18479
8320625378,18480
8320759822,18481
8320759823,18482
8320922433,18483
8320922439,18484
8321296181,18485
8321296184,18486
8321395524,18487
8321395525,18488
8321395526,18489
8321395527,18490
8322998718,18491
8323109969,18492
8323109970,18493
8333202711,18494
8341121885,18495
8341658602,18496
8341692071,18497
8341692074,18498
8341714810,18499
8343818392,18500
8344466153,18501
8344466155,18502
8344736421,18503
8344736424,18504
8344736425,18505
8344736426,18506
8347716845,18507
8347716850,18508
8347748424,18509
8347748430,18510
8347753984,18511
8348186457,18512
8348186459,18513
8348202536,18514
8348310657,18515
8348310658,18516
8348310660,18517
8348747068,18518
8349173346,18519
8354324368,18520
8354690611,18521
8359565380,18522
8366452886,18523
8366452890,18524
8367101412,18525
8374443686,18526
8374443689,18527
8374443707,18528
8374689301,18529
8375325359,18530
8380890947,18531
8380890948,18532
8381082749,18533
8382160941,18534
8389891618,18535
8391907502,18536
8391907506,18537
8391907511,18538
8392164153,18539
8406845993,18540
8409478442,18541
8417354400,18542
8417354402,18543
8417354403,18544
8417354404,18545
8417379262,18546
8417379263,18547
8417425559,18548
8423648125,18549
8423648127,18550
8427033489,18551
8427033503,18552
8427033504,18553
8427033505,18554
8427033507,18555
8435618156,18556
8435618157,18557
8435618158,18558
8439282307,18559
8439319924,18560
8439319925,18561
8454232003,18562
8464063295,18563
8464063310,18564
8464119361,18565
8464119363,18566
8464657005,18567
8464657006,18568
8483112476,18569
8483112482,18570
8483112484,18571
8483112485,18572
8483113518,18573
8483113519,18574
8483113521,18575
8483113522,18576
8483113534,18577
8483113547,18578
8483113548,18579
8494138799,18580
8494218959,18581
8505642479,18582
8505642484,18583
8513163937,18584
8521652579,18585
8521652613,18586
8521652615,18587
8521652616,18588
8521681717,18589
8532597616,18590
8532624418,18591
8532624419,18592
8537882489,18593
8537953699,18594
8545085889,18595
8545085890,18596
8545102508,18597
8560206951,18598
8560206955,18599
8560206959,18600
8564157118,18601
8564157119,18602
8564622238,18603
8565628334,18604
8565628335,18605
8565628337,18606
8565628338,18607
8592179610,18608
8592179612,18609
8613241922,18610
8617460394,18611
8617460395,18612
8631810811,18613
8631810813,18614
8631845035,18615
8631845036,18616
8631845041,18617
8631845044,18618
8631845045,18619
8645680265,18620
8645685340,18621
8645775427,18622
8645891221,18623
8645891226,18624
8645891227,18625
8645891228,18626
8646147843,18627
8646147844,18628
8646219343,18629
8646219344,18630
8646284350,18631
8646637560,18632
8646763854,18633
8646763855,18634
8647155986,18635
8665202555,18636
8665202556,18637
8665233790,18638
8666766275,18639
8666766292,18640
8666766303,18641
8666766307,18642
8666907656,18643
8666907658,18644
8667048958,18645
8667048959,18646
8670664408,18647
8670664409,18648
8670664412,18649
8670669717,18650
8670669725,18651
8670704492,18652
8673015153,18653
8673015154,18654
8684521806,18655
8684521808,18656
8684521809,18657
8684521810,18658
8684521815,18659
8684521816,18660
8684692031,18661
8684692032,18662
8684692034,18663
8684692035,18664
8684699672,18665
8691789709,18666
8691789711,18667
8707654900,18668
8738884580,18669
8739028151,18670
8743440092,18671
8743440098,18672
8743440099,18673
8749027016,18674
8757555389,18675
8767016672,18676
8775548180,18677
8794489657,18678
8808800494,18679
8811721434,18680
8812013119,18681
8812013120,18682
8812013121,18683
8812013122,18684
8812013123,18685
8812013126,18686
8821187420,18687
8829438580,18688
8829438581,18689
8833484720,18690
8833484721,18691
8833484722,18692
8833484723,18693
8833484724,18694
8833484726,18695
8837945615,18696
8839348375,18697
8839348377,18698
8839967794,18699
8843940949,18700
8849814515,18701
8856157754,18702
8861707960,18703
8861769356,18704
8863029435,18705
8863029437,18706
8864679119,18707
8864724588,18708
8864793041,18709
8864793042,18710
8864793043,18711
8865151922,18712
8865151955,18713
8865151962,18714
8865151964,18715
8865151965,18716
8868397183,18717
8870766200,18718
8870766201,18719
8870766207,18720
8870967094,18721
8870967100,18722
8870973517,18723
8870973520,18724
8870973521,18725
8871086304,18726
8872779616,18727
8872811519,18728
8872811526,18729
8872908915,18730
8873504654,18731
8880219537,18732
8880219538,18733
8887084479,18734
8887084480,18735
8887084481,18736
8888992608,18737
8902326539,18738
8902326542,18739
8930550269,18740
8933501649,18741
8933501652,18742
8935326700,18743
8935326708,18744
8935810076,18745
8935810077,18746
8935810078,18747
8938428146,18748
8938497807,18749
8938497811,18750
8938497812,18751
8938497813,18752
8950935593,18753
8951904052,18754
8951904056,18755
8953372957,18756
8953468978,18757
8954204720,18758
8954204722,18759
8954204728,18760
8954204729,18761
8954746141,18762
8954746148,18763
8955822578,18764
8956642940,18765
8956642942,18766
8958444238,18767
8960809939,18768
8962085318,18769
8963826923,18770
8974013445,18771
8974243929,18772
8974243933,18773
8979441796,18774
8984345009,18775
8986012159,18776
9003382521,18777
9003382524,18778
9003382526,18779
9008009560,18780
9009737196,18781
9009767017,18782
9009767063,18783
9009767064,18784
9009767065,18785
9009767071,18786
9009767074,18787
9009767076,18788
9009767078,18789
9010072641,18790
9010072642,18791
9013365553,18792
9013365562,18793
9013365563,18794
9013365564,18795
9013365567,18796
9013365569,18797
9013365572,18798
9013365575,18799
9013365576,18800
9013748241,18801
9013748242,18802
9013748245,18803
9013748247,18804
9013748249,18805
9013748250,18806
9013748251,18807
9013748253,18808
9013748255,18809
9013748257,18810
9013748259,18811
9013748260,18812
9013748261,18813
9013748263,18814
9013748265,18815
9013748266,18816
9013748267,18817
9013748269,18818
9031564981,18819
9062089595,18820
9063205331,18821
9063205339,18822
9063205347,18823
9063205351,18824
9063205353,18825
9063205357,18826
9063205372,18827
9063883864,18828
9063883866,18829
9063883871,18830
9106933601,18831
9119768210,18832
9120118309,18833
9120118310,18834
9120118312,18835
9120899499,18836
9120899500,18837
9120962065,18838
9121060150,18839
9121060151,18840
9121060153,18841
9121060156,18842
9121060162,18843
9121060163,18844
9121060166,18845
9121060167,18846
9121060168,18847
9121060171,18848
9121060172,18849
9121108688,18850
9121170607,18851
9121170608,18852
9121194017,18853
9121212754,18854
9123974872,18855
9123974874,18856
9123974879,18857
9124068009,18858
9124070445,18859
9124070448,18860
9124073562,18861
9124073565,18862
9124366448,18863
9124499442,18864
9124499481,18865
9124499484,18866
9142534615,18867
9142633964,18868
9142633965,18869
9142633979,18870
9142633980,18871
9143240697,18872
9168680389,18873
9168680390,18874
9168685022,18875
9188038386,18876
9188038390,18877
9205050031,18878
9214627803,18879
9214627805,18880
9214627806,18881
9214627807,18882
9223009649,18883
9223009652,18884
9223009653,18885
9224947986,18886
9224947987,18887
9224947988,18888
9229593022,18889
9229593024,18890
9248062754,18891
9248107584,18892
9248107585,18893
9248931030,18894
9269358490,18895
9271425447,18896
9271946959,18897
9271946977,18898
9278272164,18899
9278272165,18900
9278272183,18901
9278272186,18902
9278272187,18903
9278385151,18904
9278677737,18905
9283783146,18906
9283783147,18907
9285956132,18908
9288976708,18909
9288976709,18910
9289091920,18911
9289091941,18912
9289091965,18913
9307982658,18914
9311424565,18915
9311424566,18916
9312735155,18917
9312814340,18918
9312814341,18919
9312814344,18920
9312846193,18921
9313163372,18922
9317062364,18923
9317918604,18924
9317918605,18925
9318004647,18926
9318084552,18927
9318084555,18928
9318632243,18929
9318632244,18930
9330951178,18931
9330951180,18932
9344168480,18933
9344705473,18934
9346053175,18935
9350769536,18936
9350769537,18937
9353415077,18938
9353778557,18939
9353778558,18940
9354078760,18941
9357789286,18942
9357789287,18943
9358055265,18944
9358055270,18945
9358055277,18946
9358083092,18947
9358112149,18948
9358138376,18949
9362792330,18950
9362792339,18951
9362792407,18952
9362792409,18953
9362792419,18954
9362792494,18955
9362792525,18956
9362792587,18957
9362792598,18958
9364441230,18959
9364441254,18960
9364482705,18961
9364482707,18962
9364564246,18963
9365780234,18964
9365800804,18965
9365800807,18966
9365800811,18967
9365822124,18968
9365822125,18969
9365822129,18970
9366040601,18971
9366040602,18972
9366077445,18973
9366077452,18974
9366077454,18975
9366077455,18976
9366077456,18977
9366077457,18978
9366077462,18979
9366077463,18980
9366179384,18981
9366179387,18982
9369658096,18983
9369658097,18984
9369658100,18985
9369658101,18986
9396823152,18987
9396964552,18988
9396964553,18989
9397975122,18990
9398010530,18991
9398059672,18992
9398059674,18993
9398079410,18994
9398079411,18995
9399089713,18996
9399165461,18997
9399165462,18998
9399165464,18999
9399182105,19000
9399182107,19001
9402359427,19002
9402359434,19003
9402359439,19004
9402418820,19005
9408579583,19006
9408673986,19007
9408673989,19008
9408673993,19009
9408673994,19010
9411367089,19011
9413826593,19012
9413826594,19013
9413826595,19014
9416668991,19015
9420270106,19016
9420270111,19017
9421494435,19018
9421494533,19019
9421494535,19020
9421507752,19021
9421507754,19022
9421507757,19023
9421507759,19024
9425358465,19025
9433429765,19026
9433429766,19027
9433429769,19028
9434529429,19029
9445315642,19030
9445315643,19031
9445315645,19032
9445315646,19033
9448629822,19034
9460234057,19035
9460234058,19036
9460234072,19037
9460264405,19038
9460451502,19039
9460603310,19040
9460603313,19041
9460692270,19042
9460692271,19043
9460692333,19044
9460788416,19045
9460794817,19046
9461284281,19047
9461284302,19048
9461284304,19049
9461284307,19050
9461284310,19051
9461670628,19052
9463691053,19053
9463691054,19054
9469222460,19055
9469222461,19056
9469229469,19057
9469229470,19058
9477070552,19059
9477070556,19060
9477070564,19061
9477070566,19062
9477219449,19063
9483016429,19064
9483016430,19065
9483016431,19066
9486094530,19067
9487922196,19068
9489784225,19069
9492841317,19070
9492841319,19071
9492841322,19072
9492885333,19073
9492956994,19074
9497472240,19075
9501544262,19076
9501553858,19077
9501704179,19078
9501704180,19079
9501704182,19080
9503013470,19081
9503116346,19082
9503116347,19083
9503292770,19084
9511325192,19085
9518834564,19086
9518834566,19087
9518834570,19088
9518834575,19089
9518834576,19090
9518834581,19091
9518858651,19092
9518858652,19093
9521713160,19094
9521713161,19095
9521713165,19096
9527306409,19097
9529259580,19098
9533356092,19099
9536862842,19100
9536862853,19101
9536979190,19102
9537793244,19103
9537793246,19104
9537793247,19105
9537793248,19106
9537793249,19107
9537793250,19108
9545572512,19109
9545821898,19110
9545821903,19111
9545821906,19112
9545821907,19113
9545825811,19114
9546092937,19115
9546093096,19116
9546093098,19117
9548203296,19118
9556423321,19119
9557385471,19120
9563651087,19121
9566500137,19122
9566500139,19123
9566500141,19124
9567101346,19125
9567101347,19126
9567647918,19127
9567647920,19128
9569806156,19129
9569806160,19130
9572789674,19131
9576461919,19132
9576548514,19133
9596939088,19134
9598490094,19135
9604018367,19136
9604018371,19137
9604018378,19138
9627156766,19139
9644362497,19140
9644372432,19141
9680590472,19142
9693617107,19143
9741302776,19144
9741302779,19145
9741302787,19146
9741302796,19147
9741334860,19148
9741334861,19149
9741334865,19150
9758102853,19151
9769092816,19152
9769099317,19153
9769099319,19154
9769136375,19155
9772213609,19156
9774415897,19157
9774415900,19158
9774415901,19159
9774415904,19160
9774415905,19161
9774415906,19162
9775646155,19163
9775646162,19164
9780236994,19165
9780237008,19166
9780828206,19167
9780828208,19168
9780828212,19169
9782100075,19170
9782100076,19171
9796128209,19172
9802473423,19173
9811796617,19174
9811796626,19175
9811796627,19176
9815589150,19177
9815589158,19178
9824965952,19179
9830951739,19180
9846383192,19181
9846383193,19182
9859022400,19183
9861788546,19184
9862694879,19185
9863029422,19186
9879532216,19187
9879585868,19188
9880290822,19189
9880290823,19190
9897812993,19191
9900145576,19192
9910904107,19193
9915204414,19194
9915204415,19195
9915204416,19196
9915209318,19197
9915240946,19198
9917701055,19199
9921466185,19200
9921466186,19201
9923329405,19202
9923329406,19203
9923361223,19204
9923361224,19205
9931023762,19206
9933937912,19207
9933937913,19208
9953219754,19209
9972902214,19210
10016664704,19211
10039127596,19212
10059483880,19213
10059483893,19214
10062245202,19215
10062261171,19216
10064326060,19217
10068574421,19218
10069082773,19219
10069082774,19220
10102036470,19221
10102036471,19222
10107266782,19223
10107266810,19224
10128639304,19225
10128639306,19226
10128639307,19227
10141377562,19228
10144746834,19229
10171476549,19230
10175578345,19231
10175578356,19232
10175588777,19233
10175634198,19234
10175634202,19235
10175634203,19236
10175642942,19237
10175775713,19238
10177359313,19239
10197988719,19240
10197988723,19241
10202023207,19242
10202327847,19243
10216008199,19244
10223026012,19245
10223026013,19246
10252737301,19247
10252737303,19248
10252783614,19249
10252834010,19250
10252894978,19251
10252894981,19252
10252923577,19253
10252923579,19254
10252947558,19255
10253120625,19256
10253132565,19257
10253132571,19258
10253132572,19259
10266960583,19260
10270156319,19261
10275782575,19262
10285630688,19263
10294109704,19264
10294109705,19265
10294109706,19266
10294114224,19267
10295433968,19268
10295433970,19269
10295433971,19270
10295433973,19271
10295433974,19272
10295433976,19273
10295433978,19274
10295433979,19275
10295433981,19276
10295433982,19277
10295433984,19278
10295434002,19279
10296096938,19280
10296096960,19281
10296110596,19282
10296110597,19283
10297984142,19284
10298109172,19285
10311879759,19286
10312145294,19287
10312145295,19288
10314973698,19289
10435617372,19290
10435617388,19291
10435617394,19292
10435617395,19293
10436720829,19294
10436720830,19295
10436720837,19296
10436720838,19297
10537075370,19298
10537075373,19299
10537075378,19300
10537075379,19301
10537177171,19302
10537177172,19303
10537177185,19304
10537177191,19305
10537202018,19306
10537202107,19307
10537202110,19308
10537356463,19309
10539003680,19310
10540078392,19311
10542047760,19312
10559862253,19313
10559862260,19314
10559862261,19315
10563087057,19316
10563569174,19317
10564410580,19318
10564410583,19319
10564688684,19320
10566226727,19321
10566226728,19322
10567038985,19323
10585035244,19324
10585035249,19325
10589646672,19326
10604827638,19327
10604827639,19328
10609207850,19329
10609207855,19330
10612668604,19331
10612690807,19332
10635694878,19333
10635694879,19334
10635743752,19335
10635743753,19336
10648249354,19337
10648254744,19338
10648254752,19339
10648330903,19340
10648606868,19341
10675706879,19342
10700513898,19343
10700513899,19344
10709245286,19345
10709245288,19346
10712456255,19347
10712456256,19348
10712456257,19349
10712456264,19350
10712585676,19351
10713013110,19352
10713217869,19353
10713217872,19354
10719581890,19355
10735876305,19356
10744347247,19357
10744356104,19358
10744394309,19359
10744394329,19360
10744412367,19361
10749412898,19362
10765636841,19363
10765636843,19364
10765636845,19365
10773760539,19366
10773760542,19367
10773760543,19368
10774012207,19369
10776636380,19370
10776636381,19371
10776636388,19372
10776704707,19373
10776704713,19374
10776923045,19375
10776923046,19376
10780591762,19377
10780591765,19378
10780591768,19379
10780591769,19380
10782034627,19381
10795148367,19382
10796669974,19383
10796669975,19384
10796669976,19385
10811778428,19386
10820329653,19387
10821127748,19388
10824177376,19389
10824246330,19390
10824246331,19391
10824309940,19392
10824802804,19393
10825027318,19394
10825027320,19395
10825027338,19396
10826845148,19397
10827093828,19398
10837310915,19399
10839407928,19400
10856582160,19401
10857437453,19402
10857437461,19403
10857437462,19404
10857437468,19405
10858686364,19406
10858686365,19407
10858686366,19408
10858795860,19409
10861709317,19410
10861709325,19411
10862012558,19412
10865670585,19413
10865710674,19414
10865886742,19415
10867000739,19416
10867000740,19417
10868335621,19418
10868955391,19419
10870379799,19420
10870394512,19421
10870394513,19422
10870394530,19423
10870545826,19424
10870545827,19425
10870545833,19426
10876125705,19427
10877100286,19428
10879529436,19429
10882591541,19430
10882591542,19431
10886589027,19432
10889049383,19433
10889311927,19434
10893902043,19435
10914991677,19436
10914991680,19437
10914991684,19438
10915198851,19439
10915198852,19440
10915198910,19441
10915198911,19442
10921244716,19443
10921348334,19444
10921348338,19445
10921373445,19446
10921373447,19447
10921409817,19448
10925655653,19449
10931077512,19450
10944067495,19451
10944067498,19452
10944078411,19453
10945017730,19454
10945125549,19455
10945181792,19456
10945181793,19457
10945181796,19458
10945181800,19459
10945181801,19460
10945181802,19461
10945182209,19462
10945182221,19463
10945182224,19464
10945182226,19465
10945182228,19466
10945182230,19467
10945182231,19468
10945182232,19469
10960355454,19470
10960481026,19471
10964360397,19472
10964360398,19473
10964360400,19474
10964360401,19475
10964360402,19476
10964360404,19477
10965591681,19478
10965591685,19479
10966459053,19480
10966459054,19481
10967784224,19482
10969939313,19483
10969939315,19484
10969939316,19485
10971993773,19486
10971993774,19487
10971993775,19488
10971993780,19489
10971993784,19490
10971993788,19491
10972013210,19492
10977805388,19493
10981825066,19494
10981825067,19495
10983623522,19496
10983623523,19497
10983929603,19498
10984414789,19499
10996509862,19500
10996509863,19501
11012848180,19502
11012848186,19503
11012859630,19504
11038698488,19505
11038698491,19506
11038736846,19507
11038736888,19508
11038736955,19509
11038736963,19510
11038736975,19511
11038736977,19512
11038737008,19513
11039841319,19514
11051171327,19515
11051171390,19516
11051171400,19517
11052600532,19518
11052600533,19519
11052745313,19520
11052745315,19521
11052745334,19522
11052745335,19523
11052745337,19524
11054364442,19525
11077694536,19526
11088750150,19527
11088750151,19528
11088750153,19529
11108770134,19530
11108770144,19531
11108823035,19532
11108824988,19533
11108884488,19534
11109089724,19535
11109089725,19536
11111690877,19537
11113003114,19538
11113003116,19539
11113003117,19540
11131952873,19541
11131952876,19542
11131952878,19543
11135757917,19544
11135757918,19545
11135757920,19546
11135757921,19547
11152146697,19548
11176043207,19549
11178575742,19550
11187709867,19551
11201051857,19552
11208785764,19553
11211798075,19554
11211798083,19555
11220951666,19556
11223193302,19557
11223193303,19558
11223193306,19559
11223193307,19560
11223193308,19561
11224314094,19562
11224314098,19563
11227886326,19564
11235353942,19565
11243575746,19566
11245883305,19567
11245883306,19568
11245883307,19569
11245883309,19570
11253559166,19571
11253611732,19572
11253849427,19573
11254655277,19574
11254655287,19575
11254726226,19576
11263210177,19577
11263270917,19578
11263791576,19579
11263813881,19580
11263846040,19581
11265869614,19582
11265910477,19583
11266123591,19584
11266150670,19585
11266150671,19586
11268387663,19587
11268457256,19588
11268457259,19589
11278971612,19590
11279023440,19591
11279449441,19592
11279449443,19593
11279449444,19594
11279449455,19595
11279449460,19596
11289369680,19597
11289369682,19598
11289746284,19599
11290168284,19600
11296291880,19601
11296291881,19602
11301165164,19603
11301601190,19604
11302985947,19605
11302988584,19606
11303100205,19607
11304097143,19608
11304097147,19609
11331279840,19610
11331476715,19611
11331868886,19612
11331868887,19613
11342981719,19614
11346395134,19615
11346404179,19616
11350426444,19617
11350426445,19618
11350538058,19619
11350555776,19620
11350661378,19621
11350661380,19622
11350741939,19623
11350741940,19624
11350759378,19625
11352244776,19626
11353490804,19627
11353490825,19628
11353494038,19629
11353605379,19630
11353605380,19631
11353605381,19632
11353713122,19633
11353713123,19634
11353713149,19635
11353731382,19636
11353731387,19637
11353731402,19638
11353731403,19639
11360336114,19640
11363107927,19641
11363107944,19642
11364924435,19643
11364924437,19644
11368373630,19645
11368373633,19646
11371809674,19647
11371809676,19648
11375823345,19649
11405549451,19650
11425555059,19651
11425573569,19652
11431719796,19653
11431719798,19654
11459237516,19655
11459237517,19656
11459237519,19657
11459237520,19658
11459279556,19659
11459356211,19660
11463289500,19661
11463289502,19662
11463521265,19663
11470584909,19664
11470584930,19665
11481833242,19666
11482132027,19667
11482132030,19668
11482132033,19669
11509658884,19670
11510237139,19671
11544801218,19672
11544801220,19673
11544801223,19674
11544801224,19675
11556645443,19676
11556645446,19677
11557070530,19678
11557070532,19679
11557070533,19680
11557142089,19681
11577722336,19682
11577843763,19683
11577843766,19684
11577877787,19685
11577877790,19686
11577877791,19687
11577901773,19688
11577901774,19689
11577920718,19690
11577920721,19691
11577942192,19692
11581466333,19693
11581466334,19694
11581471129,19695
11581589834,19696
11581775051,19697
11581826290,19698
11582540091,19699
11584485589,19700
11584986894,19701
11632426981,19702
11635026993,19703
11677965414,19704
11694908381,19705
11711796532,19706
11711796533,19707
11737522009,19708
11737522015,19709
11762296051,19710
11769704995,19711
11769717240,19712
11769720805,19713
11801470863,19714
11801691142,19715
11813673727,19716
11820123605,19717
11826600734,19718
11826600752,19719
11831031944,19720
11835797542,19721
11845777916,19722
11845788319,19723
11847383438,19724
11865259009,19725
11865259010,19726
11877157775,19727
11877264596,19728
11877264597,19729
11879371944,19730
11880601751,19731
11880601752,19732
11896512613,19733
11910240510,19734
11910240511,19735
11926218009,19736
11926218010,19737
11929086967,19738
11929086968,19739
11929102773,19740
11947842396,19741
11947842399,19742
11947842402,19743
11947849600,19744
11947849604,19745
11948006095,19746
11948006096,19747
11948006098,19748
11948006099,19749
11948006103,19750
11948258349,19751
11948279128,19752
11948279129,19753
11948279133,19754
11949650850,19755
11949650855,19756
11949684457,19757
11949684458,19758
11950533378,19759
11950533380,19760
11957701248,19761
11959574644,19762
11963644557,19763
11963644563,19764
11963644565,19765
11964399267,19766
11966064227,19767
11967679285,19768
11973720709,19769
11973720710,19770
11973720711,19771
11981194992,19772
11985247128,19773
11987304383,19774
11990360619,19775
11990750476,19776
11991575503,19777
11997565528,19778
11997719734,19779
11999742613,19780
11999742614,19781
11999742615,19782
11999742616,19783
12000826932,19784
12000830427,19785
12001590962,19786
12001590966,19787
12001590967,19788
12001590968,19789
12001607047,19790
12001607049,19791
12001607050,19792
12001958267,19793
12002159969,19794
12002447501,19795
12002447503,19796
12002447504,19797
12002447507,19798
12002614557,19799
12002614560,19800
12002614561,19801
12002614565,19802
12002614566,19803
12004376636,19804
12009942170,19805
12009942174,19806
12010079132,19807
12015266370,19808
12015357850,19809
12015357855,19810
12015357856,19811
12018265170,19812
12020331758,19813
12020331759,19814
12020437887,19815
12020437888,19816
12020718824,19817
12023026777,19818
12023026779,19819
12032056312,19820
12032056314,19821
12035960181,19822
12035960185,19823
12035960209,19824
12042153735,19825
12044082842,19826
12044098827,19827
12047292000,19828
12047292046,19829
12047301320,19830
12047301346,19831
12047301348,19832
12047307180,19833
12050611852,19834
12050611853,19835
12050611855,19836
12050737890,19837
12050737891,19838
12052670928,19839
12052670929,19840
12052670930,19841
12059954290,19842
12059954292,19843
12060642632,19844
12074186315,19845
12075812150,19846
12075812156,19847
12075812159,19848
12076795056,19849
12078431231,19850
12094849167,19851
12094849168,19852
12094849169,19853
12094849174,19854
12094849175,19855
12094849177,19856
12094849178,19857
12094914345,19858
12094914346,19859
12094963179,19860
12113232917,19861
12113232919,19862
12133888551,19863
12137134234,19864
12137673614,19865
12141355410,19866
12141355414,19867
12141355420,19868
12141355427,19869
12141355431,19870
12141355434,19871
12143599349,19872
12143599351,19873
12143599352,19874
12155623919,19875
12155623921,19876
12155623922,19877
12157212366,19878
12157286622,19879
12157286627,19880
12157286628,19881
12179827405,19882
12179827406,19883
12198890505,19884
12198890506,19885
12219209825,19886
12232867361,19887
12246189001,19888
12246189002,19889
12246189004,19890
12258600465,19891
12258600468,19892
12279508576,19893
12284745139,19894
12286255698,19895
12286257802,19896
12286257814,19897
12287502056,19898
12287741844,19899
12287741856,19900
12287801670,19901
12287801683,19902
12287801712,19903
12287801728,19904
12290195604,19905
12295915364,19906
12304615848,19907
12307878375,19908
12319427430,19909
12319427431,19910
12323256899,19911
12323305701,19912
12323858286,19913
12330763376,19914
12331583913,19915
12331583921,19916
12334674224,19917
12334687105,19918
12334687110,19919
12334687113,19920
12335131922,19921
12335131935,19922
12335131940,19923
12335131948,19924
12335131950,19925
12335131954,19926
12337727449,19927
12338027657,19928
12338966863,19929
12343195265,19930
12367859132,19931
12367859133,19932
12367859173,19933
12368058442,19934
12368130120,19935
12368130121,19936
12368130123,19937
12381933868,19938
12381933870,19939
12381933879,19940
12381933881,19941
12381933890,19942
12381933896,19943
12381977502,19944
12397933040,19945
12397933042,19946
12397933044,19947
12416012995,19948
12422362604,19949
12422579079,19950
12422579096,19951
12422590001,19952
12437786819,19953
12444318184,19954
12459694590,19955
12459694591,19956
12485148007,19957
12485148011,19958
12505425368,19959
12532136956,19960
12532208148,19961
12534284037,19962
12536788863,19963
12557339353,19964
12566254468,19965
12579518586,19966
12599180178,19967
12599225164,19968
12628028578,19969
12628028580,19970
12628063590,19971
12628063592,19972
12628065412,19973
12628065414,19974
12628083475,19975
12628083476,19976
12639186462,19977
12645098715,19978
12645098716,19979
12645098718,19980
12645098719,19981
12645098723,19982
12645098726,19983
12645098928,19984
12645098947,19985
12658534856,19986
12659341202,19987
12659341216,19988
12663252724,19989
12668959931,19990
12688942521,19991
12688942538,19992
12688942540,19993
12688942547,19994
12697473586,19995
12705052774,19996
12712739048,19997
12712739051,19998
12712739052,19999
12714031460,20000
12714031464,20001
12717074369,20002
12722683961,20003
12722683962,20004
12734392936,20005
12734392937,20006
12749413068,20007
12749413070,20008
12749413071,20009
12749413073,20010
12749627420,20011
12750363587,20012
12753491959,20013
12753673124,20014
12760213154,20015
12765836176,20016
12777125868,20017
12777125870,20018
12777786857,20019
12777793437,20020
12777796316,20021
12777796317,20022
12777796320,20023
12777796322,20024
12777796323,20025
12788414188,20026
12788636824,20027
12788636826,20028
12788636829,20029
12788636831,20030
12788636833,20031
12790510383,20032
12790510384,20033
12797176370,20034
12797231458,20035
12800950295,20036
12800950296,20037
12800950297,20038
12800973907,20039
12820863291,20040
12832239249,20041
12832239255,20042
12839261785,20043
12847679248,20044
12847679249,20045
12847679250,20046
12847679254,20047
12847679255,20048
12847755009,20049
12847794017,20050
12847794025,20051
12847794031,20052
12861339999,20053
12861372759,20054
12884048121,20055
12898445450,20056
12898445455,20057
12898445477,20058
12898460821,20059
12901357163,20060
12901380578,20061
12901380580,20062
12901413884,20063
12902347359,20064
12902347381,20065
12902347398,20066
12906110894,20067
12906110898,20068
12906110900,20069
12906121719,20070
12906121747,20071
12908838876,20072
12912780508,20073
12943675460,20074
12944545159,20075
12945813755,20076
12948684375,20077
12955199241,20078
12955221567,20079
12955221568,20080
12955221574,20081
12955221577,20082
12971367091,20083
12971367092,20084
12971367098,20085
12977053702,20086
12977053703,20087
12978198449,20088
12978198450,20089
12978198456,20090
12978660130,20091
12980192315,20092
12980221031,20093
12980221034,20094
12980221036,20095
12980236949,20096
12980236953,20097
12980236956,20098
12980236957,20099
12980236960,20100
12980236962,20101
12980236964,20102
12980236965,20103
12984995486,20104
12989998672,20105
12989998674,20106
12997660668,20107
12997660669,20108
13003600990,20109
13003600992,20110
13003607164,20111
13005254224,20112
13005254226,20113
13005254227,20114
13005254228,20115
13005254229,20116
13005910683,20117
13005910833,20118
13005987856,20119
13005987862,20120
13005987867,20121
13006833583,20122
13006833584,20123
13007383990,20124
13008669911,20125
13008669913,20126
13008673780,20127
13008680726,20128
13008680727,20129
13008680770,20130
13009414649,20131
13009414652,20132
13009414653,20133
13009414655,20134
13009414657,20135
13011708694,20136
13013018280,20137
13015474974,20138
13015892934,20139
13016969260,20140
13030497480,20141
13030497482,20142
13030811754,20143
13030841319,20144
13030841320,20145
13034628876,20146
13034628878,20147
13034668710,20148
13034668712,20149
13037364490,20150
13037516797,20151
13038772107,20152
13063397272,20153
13063397281,20154
13063654327,20155
13067480047,20156
13067480048,20157
13067480063,20158
13068077853,20159
13068077861,20160
13069622860,20161
13069622862,20162
13069648841,20163
13069648842,20164
13069648864,20165
13069648869,20166
13069648887,20167
13073676959,20168
13073676960,20169
13075011670,20170
13075011792,20171
13075011793,20172
13075011794,20173
13075058663,20174
13075058667,20175
13075058669,20176
13075058690,20177
13075060801,20178
13075060806,20179
13078548923,20180
13081718575,20181
13097028004,20182
13104341827,20183
13107818000,20184
13107818001,20185
13107818012,20186
13107818013,20187
13107901785,20188
13107901798,20189
13108409333,20190
13108409334,20191
13108486276,20192
13108486277,20193
13108495807,20194
13108495821,20195
13109354483,20196
13109354484,20197
13109354488,20198
13110540224,20199
13110540225,20200
13110540228,20201
13110540235,20202
13110540236,20203
13110540237,20204
13113144692,20205
13113144699,20206
13113172705,20207
13113172717,20208
13113172718,20209
13115206886,20210
13118723932,20211
13118723933,20212
13118723935,20213
13118723938,20214
13118729827,20215
13118729828,20216
13119225619,20217
13119225626,20218
13119236789,20219
13120870818,20220
13122999374,20221
13123280431,20222
13123280434,20223
13140970057,20224
13140970058,20225
13140970068,20226
13140970069,20227
13140970070,20228
13143885392,20229
13143888809,20230
13146841250,20231
13148128649,20232
13148172017,20233
13148172022,20234
13148172023,20235
13148172024,20236
13148260159,20237
13148368687,20238
13152214660,20239
13152214661,20240
13152277935,20241
13152615299,20242
13152625801,20243
13161569645,20244
13161569654,20245
13164974918,20246
13164974920,20247
13165964170,20248
13167735135,20249
13167735136,20250
13167735137,20251
13167735138,20252
13167735162,20253
13167735163,20254
13167752721,20255
13167752730,20256
13167752731,20257
13167823453,20258
13167823462,20259
13172600094,20260
13174146748,20261
13174146749,20262
13174146750,20263
13174195765,20264
13174195779,20265
13174833578,20266
13174833579,20267
13174837778,20268
13174837783,20269
13181624420,20270
13205434901,20271
13205434908,20272
13205611876,20273
13206775688,20274
13206790804,20275
13244043909,20276
13245964893,20277
13245964894,20278
13246010608,20279
13246010611,20280
13246010612,20281
13247840690,20282
13247844188,20283
13251888026,20284
13253541167,20285
13253541176,20286
13253569605,20287
13253569608,20288
13256739908,20289
13261694753,20290
13261997700,20291
13264546320,20292
13264546321,20293
13264546331,20294
13264546332,20295
13264546394,20296
13264546398,20297
13264547528,20298
13264586004,20299
13264657488,20300
13265870290,20301
13265870292,20302
13266972151,20303
13272167134,20304
13272167135,20305
13272167154,20306
13272167156,20307
13272220378,20308
13272225305,20309
13273488578,20310
13277135309,20311
13277135311,20312
13277527236,20313
13277527244,20314
13277527249,20315
13277527251,20316
13277527257,20317
13277555617,20318
13277590897,20319
13277603302,20320
13277603303,20321
13279322496,20322
13279339701,20323
13279478412,20324
13279482539,20325
13279482543,20326
13279770117,20327
13279770118,20328
13279770119,20329
13279770120,20330
13279770121,20331
13279770122,20332
13280032567,20333
13283104305,20334
13283215541,20335
13289646811,20336
13296035234,20337
13296035239,20338
13296035245,20339
13296035246,20340
13299193729,20341
13299685684,20342
13313521745,20343
13316351661,20344
13316351686,20345
13316351694,20346
13317633700,20347
13317663402,20348
13317663403,20349
13317663404,20350
13324411762,20351
13324461735,20352
13325602848,20353
13333455752,20354
13333455761,20355
13333463132,20356
13333529863,20357
13338106139,20358
13338106141,20359
13338106142,20360
13338106143,20361
13338106145,20362
13338136081,20363
13338136082,20364
13338161253,20365
13341408350,20366
13341408352,20367
13343422631,20368
13343422632,20369
13343422637,20370
13343422641,20371
13348052849,20372
13348052852,20373
13348052860,20374
13375907953,20375
13375907954,20376
13383628946,20377
13383628950,20378
13383628968,20379
13383628970,20380
13383628974,20381
13383628979,20382
13389211312,20383
13389217637,20384
13389237524,20385
13389237528,20386
13389255788,20387
13389255789,20388
13389306282,20389
13393018575,20390
13395143102,20391
13395143105,20392
13395143109,20393
13395143110,20394
13395143229,20395
13396428776,20396
13411393583,20397
13411393590,20398
13415362926,20399
13415362927,20400
13417707069,20401
13417707076,20402
13417707077,20403
13417707083,20404
13417707084,20405
13418993219,20406
13418993220,20407
13418993229,20408
13418993237,20409
13418993239,20410
13418993247,20411
13418993257,20412
13418993261,20413
13418993269,20414
13418993270,20415
13418993274,20416
13418993279,20417
13418993282,20418
13418993288,20419
13418993292,20420
13418993296,20421
13419003803,20422
13419003817,20423
13419003824,20424
13419003831,20425
13419003836,20426
13419003844,20427
13419003848,20428
13419003850,20429
13419003868,20430
13421712018,20431
13421712024,20432
13421712045,20433
13421712048,20434
13421712086,20435
13421712088,20436
13421712099,20437
13424123407,20438
13424123414,20439
13424123423,20440
13424123425,20441
13424123458,20442
13424123460,20443
13424340342,20444
13424340345,20445
13424340347,20446
13424340350,20447
13424340352,20448
13424340354,20449
13424340361,20450
13424340362,20451
13424345124,20452
13424345126,20453
13424345127,20454
13424345129,20455
13424345130,20456
13424345132,20457
13424345133,20458
13424345135,20459
13424345136,20460
13424345138,20461
13424345139,20462
13424345141,20463
13424345145,20464
13424345146,20465
13424345147,20466
13424345148,20467
13424345149,20468
13424345150,20469
13432335221,20470
13435791704,20471
13435857639,20472
13435857640,20473
13435881081,20474
13435881082,20475
13436182193,20476
13436196618,20477
13446917266,20478
13446917272,20479
13446917273,20480
13460907121,20481
13462169381,20482
13462169385,20483
13463973735,20484
13464020647,20485
13464044315,20486
13464055851,20487
13468952060,20488
13469014388,20489
13509376870,20490
13514083533,20491
13514123382,20492
13514316349,20493
13514316355,20494
13514316357,20495
13514316359,20496
13516650528,20497
13516650529,20498
13516713012,20499
13516713013,20500
13516775812,20501
13527282863,20502
13530208976,20503
13532959723,20504
13532959727,20505
13533186773,20506
13533186774,20507
13534157613,20508
13534275303,20509
13534275306,20510
13535086685,20511
13535086687,20512
13535318369,20513
13537051231,20514
13538806713,20515
13538806714,20516
13538806719,20517
13538806724,20518
13538806729,20519
13538806733,20520
13538806760,20521
13538806771,20522
13538806778,20523
13538806781,20524
13543242256,20525
13543242258,20526
13543242266,20527
13543242271,20528
13544594680,20529
13544594681,20530
13544594682,20531
13544594683,20532
13544594685,20533
13544594687,20534
13544594691,20535
13544594694,20536
13547068365,20537
13564123389,20538
13564123390,20539
13564145474,20540
13564145479,20541
13566143206,20542
13566143664,20543
13566143701,20544
13566164750,20545
13566164751,20546
13566164753,20547
13567157887,20548
13569864935,20549
13574036173,20550
13574475329,20551
13574475330,20552
13579764666,20553
13579882204,20554
13579894518,20555
13580083270,20556
13580083271,20557
13580139221,20558
13580139224,20559
13581764418,20560
13581764423,20561
13584606174,20562
13584606175,20563
13586347366,20564
13586463393,20565
13586463395,20566
13587244347,20567
13587244349,20568
13587244350,20569
13587397967,20570
13589493497,20571
13590748050,20572
13590819033,20573
13595885443,20574
13595933511,20575
13595987309,20576
13596071187,20577
13596144405,20578
13596144409,20579
13598000826,20580
13598354717,20581
13598368044,20582
13602114100,20583
13602528113,20584
13603595805,20585
13603595806,20586
13603595808,20587
13603595811,20588
13603921853,20589
13603968815,20590
13603988168,20591
13603988169,20592
13603988172,20593
13603988173,20594
13603988174,20595
13605776593,20596
13607539388,20597
13607612301,20598
13609551327,20599
13609551328,20600
13609619865,20601
13609619867,20602
13609619868,20603
13610447862,20604
13612091145,20605
13612151999,20606
13612208917,20607
13614340009,20608
13615043462,20609
13619512134,20610
13619512143,20611
13619512147,20612
13619512148,20613
13619575205,20614
13623680485,20615
13624497243,20616
13624835462,20617
13624913127,20618
13624913131,20619
13630498009,20620
13630498010,20621
13630508440,20622
13635057543,20623
13635064192,20624
13635074017,20625
13639055286,20626
13644624064,20627
13647139583,20628
13651419338,20629
13651493374,20630
13656022320,20631
13656022368,20632
13664123882,20633
13667453557,20634
13667453565,20635
13670942868,20636
13671094694,20637
13677222453,20638
13680282010,20639
13684800173,20640
13686643750,20641
13686679483,20642
13686773111,20643
13686827027,20644
13687219536,20645
13687219546,20646
13687219554,20647
13689385297,20648
13690465734,20649
13690465735,20650
13706715946,20651
13706715951,20652
13715411840,20653
13715411842,20654
